experiment,solution_id,obj_1,obj_2,obj_3,breakfast_ids,lunch_ids
algo_spea2,0,-69.50335217499999,33.386647825,43.69664782499999,"[30, 61, 91, 21, 89, 80, 6, 14, 77, 62, 66, 24, 93, 57, 18, 44, 53, 83, 74, 73, 43, 64, 17, 42, 81, 36, 20, 9, 70, 49, 67, 12, 46, 90, 5, 71, 47, 23, 40, 22, 58, 86, 92, 56, 16, 33, 34, 76, 60, 19, 11, 25, 1, 54, 94, 72, 27, 35, 10, 32, 41, 75, 68, 87, 69, 28, 59, 8, 39, 84, 51, 2, 3, 13, 31, 65, 55, 88, 38, 29, 52, 50, 48, 37, 4, 15, 85, 78, 63, 82, 45, 26, 7, 79]","[334, 160, 310, 362, 121, 249, 399, 360, 172, 296, 254, 100, 271, 369, 401, 198, 374, 337, 167, 155, 291, 127, 113, 324, 393, 111, 137, 328, 187, 239, 322, 274, 379, 403, 358, 208, 354, 391, 101, 237, 269, 388, 349, 300, 346, 202, 282, 144, 106, 357, 290, 270, 103, 387, 305, 233, 205, 129, 314, 152, 266, 395, 174, 136, 234, 228, 288, 140, 398, 141, 348, 287, 359, 227, 199, 102, 345, 223, 366, 329, 320, 350, 230, 284, 378, 306, 116, 169, 303, 173, 135, 335, 389, 184, 213, 355, 361, 301, 149, 373, 392, 292, 304, 386, 264, 368, 175, 315, 222, 400, 261, 166, 404, 383, 181, 347, 339, 219, 295, 402, 168, 323, 119, 278, 188, 375, 126, 203, 115, 256, 170, 133, 253, 258, 189, 131, 390, 201, 298, 330, 165, 211, 224, 380, 394, 325, 279, 319, 112, 332, 146, 257, 252, 302, 159, 384, 134, 130, 376, 192, 235, 99, 297, 143, 382, 171, 163, 232, 214, 377, 246, 225, 180, 341, 340, 294, 145, 280, 104, 240, 263, 236, 109, 331, 245, 344, 108, 231, 178, 276, 283, 197, 182, 124, 183, 259, 370, 218, 120, 128, 321, 177, 195, 243, 238, 363, 342, 193, 385, 311, 381, 138, 161, 125, 309, 207, 157, 190, 107, 262, 371, 204, 154, 336, 215, 405, 212, 122, 356, 95, 289, 158, 139, 150, 267, 110, 242, 96, 397, 226, 123, 156, 333, 248, 98, 105, 132, 194, 255, 299, 229, 308, 367, 338, 142, 293, 353, 185, 191, 364, 179, 260, 147, 351, 151, 210, 217, 286, 97, 164, 285, 365, 162, 196, 396, 343, 186, 272, 277, 251, 265, 200, 372, 281, 317, 316, 313, 216, 307, 247, 327, 275, 244, 176, 273, 312, 148, 318, 221, 326, 352, 118, 114, 241, 250, 220, 268, 206, 209, 117, 153]"
algo_spea2,1,-91.30564368747622,28.3243563125238,76.2943563125238,"[92, 91, 68, 87, 44, 23, 69, 66, 42, 25, 16, 17, 59, 11, 49, 37, 8, 36, 65, 54, 39, 28, 13, 27, 35, 10, 45, 83, 50, 34, 82, 90, 24, 94, 2, 80, 86, 12, 52, 78, 33, 57, 62, 40, 46, 3, 89, 7, 43, 31, 47, 48, 26, 38, 1, 14, 29, 77, 84, 79, 22, 74, 76, 60, 21, 4, 70, 58, 51, 64, 30, 61, 93, 88, 6, 41, 73, 20, 75, 67, 18, 85, 5, 81, 9, 56, 72, 55, 53, 19, 32, 63, 71, 15]","[267, 231, 336, 152, 307, 166, 142, 247, 197, 327, 363, 107, 188, 275, 278, 134, 244, 177, 105, 122, 284, 246, 279, 161, 323, 293, 176, 315, 273, 312, 339, 102, 325, 265, 375, 110, 295, 148, 98, 318, 196, 221, 191, 192, 128, 326, 286, 345, 304, 262, 352, 201, 118, 340, 200, 204, 281, 361, 297, 108, 141, 232, 404, 114, 164, 292, 158, 398, 241, 213, 129, 321, 294, 171, 157, 378, 309, 250, 174, 220, 366, 140, 268, 272, 351, 206, 335, 350, 209, 381, 150, 248, 288, 342, 117, 120, 95, 138, 367, 396, 380, 156, 255, 159, 123, 153, 178, 228, 203, 334, 277, 306, 261, 260, 194, 160, 257, 212, 343, 310, 317, 395, 240, 214, 329, 109, 362, 121, 230, 233, 249, 223, 115, 399, 360, 172, 341, 276, 143, 184, 296, 125, 397, 254, 100, 124, 190, 112, 371, 271, 96, 215, 218, 251, 183, 394, 369, 401, 283, 382, 198, 374, 302, 285, 280, 170, 173, 402, 353, 163, 219, 390, 97, 337, 179, 167, 149, 210, 319, 146, 155, 132, 103, 227, 127, 347, 119, 113, 226, 405, 324, 99, 393, 111, 389, 193, 137, 356, 332, 328, 187, 186, 311, 238, 222, 180, 199, 301, 372, 305, 239, 266, 322, 104, 175, 383, 274, 245, 348, 379, 207, 299, 385, 359, 403, 147, 358, 181, 205, 208, 355, 354, 391, 264, 235, 236, 344, 101, 131, 133, 368, 377, 338, 237, 168, 269, 388, 349, 370, 145, 300, 346, 400, 202, 169, 386, 282, 384, 258, 252, 189, 211, 144, 106, 308, 154, 263, 139, 224, 136, 376, 243, 242, 357, 225, 290, 270, 291, 130, 333, 185, 234, 387, 303, 316, 135, 116, 256, 392, 320, 162, 229, 289, 151, 287, 364, 373, 365, 314, 126, 259, 217, 216, 253, 298, 330, 165, 313, 182, 195, 331]"
algo_spea2,2,-101.40258520306234,34.02741479693768,88.19741479693768,"[92, 91, 68, 87, 44, 78, 69, 42, 25, 16, 59, 11, 49, 37, 8, 36, 65, 54, 39, 28, 13, 27, 10, 45, 83, 50, 34, 82, 90, 24, 94, 2, 80, 86, 12, 52, 22, 33, 57, 62, 40, 46, 3, 89, 7, 43, 32, 47, 48, 26, 38, 1, 14, 29, 77, 84, 79, 23, 74, 76, 60, 21, 4, 70, 58, 51, 64, 30, 61, 93, 88, 6, 41, 73, 20, 67, 18, 5, 81, 9, 56, 72, 55, 53, 19, 31, 66, 35, 17, 75, 85, 63, 71, 15]","[231, 336, 152, 307, 166, 142, 197, 327, 363, 107, 244, 177, 122, 284, 279, 161, 323, 315, 339, 102, 265, 110, 295, 148, 98, 318, 196, 221, 192, 326, 286, 345, 304, 352, 201, 118, 340, 200, 204, 281, 297, 108, 232, 404, 114, 292, 158, 398, 241, 213, 129, 321, 171, 157, 378, 309, 250, 174, 220, 366, 140, 268, 272, 351, 206, 335, 350, 209, 381, 150, 342, 117, 120, 95, 138, 367, 396, 255, 159, 123, 153, 178, 203, 334, 277, 261, 194, 212, 343, 310, 317, 395, 240, 214, 362, 121, 249, 223, 115, 399, 360, 172, 276, 184, 296, 124, 271, 215, 251, 183, 401, 283, 382, 374, 285, 170, 173, 402, 219, 167, 149, 301, 380, 325, 337, 109, 329, 105, 128, 125, 210, 341, 156, 141, 160, 191, 306, 397, 198, 289, 312, 273, 218, 390, 164, 294, 288, 176, 254, 248, 260, 97, 302, 143, 361, 394, 246, 257, 112, 319, 146, 155, 132, 291, 227, 127, 347, 113, 226, 405, 324, 99, 393, 111, 389, 193, 137, 356, 332, 280, 293, 233, 163, 119, 278, 190, 369, 262, 371, 188, 100, 375, 134, 230, 275, 228, 353, 179, 247, 328, 187, 186, 311, 238, 222, 180, 199, 96, 372, 305, 239, 266, 322, 104, 175, 383, 274, 245, 348, 379, 207, 299, 385, 359, 403, 147, 358, 181, 205, 208, 355, 354, 391, 264, 235, 236, 344, 101, 131, 133, 368, 377, 338, 237, 168, 269, 388, 349, 370, 145, 300, 346, 400, 202, 169, 386, 282, 384, 258, 252, 189, 211, 144, 106, 308, 154, 263, 139, 224, 136, 376, 243, 242, 357, 225, 290, 270, 103, 130, 333, 185, 234, 387, 303, 316, 135, 116, 256, 392, 320, 162, 229, 151, 287, 364, 373, 365, 314, 126, 259, 217, 216, 253, 298, 330, 165, 313, 182, 195, 331, 267]"
algo_spea2,3,-59.06555547499999,15.554444525,46.434444524999996,"[54, 65, 9, 84, 63, 37, 11, 67, 69, 27, 4, 49, 8, 45, 71, 52, 87, 25, 80, 15, 56, 16, 76, 90, 2, 53, 12, 58, 36, 33, 57, 51, 62, 89, 43, 32, 47, 38, 72, 81, 94, 19, 20, 82, 3, 86, 10, 88, 40, 46, 61, 48, 26, 6, 7, 74, 31, 24, 1, 14, 29, 77, 83, 23, 22, 60, 21, 30, 70, 93, 41, 39, 50, 91, 5, 68, 55, 18, 79, 42, 73, 66, 35, 44, 75, 85, 34, 13, 92, 78, 28, 17, 59, 64]","[161, 326, 151, 399, 123, 162, 231, 172, 178, 232, 276, 401, 221, 206, 310, 250, 318, 366, 167, 174, 129, 320, 279, 265, 117, 283, 244, 307, 397, 95, 102, 360, 249, 159, 336, 396, 374, 343, 158, 272, 277, 110, 382, 166, 334, 212, 286, 345, 304, 352, 201, 118, 340, 200, 204, 223, 183, 96, 240, 251, 362, 207, 122, 152, 196, 149, 381, 215, 309, 203, 255, 153, 214, 140, 177, 114, 327, 142, 124, 157, 350, 342, 284, 378, 297, 116, 303, 173, 392, 135, 192, 335, 363, 184, 315, 271, 213, 107, 398, 261, 404, 220, 383, 296, 339, 219, 295, 402, 281, 171, 170, 323, 120, 150, 148, 115, 138, 317, 241, 292, 209, 268, 121, 194, 321, 380, 325, 337, 109, 394, 105, 128, 125, 210, 341, 156, 141, 160, 191, 306, 313, 198, 229, 289, 312, 273, 218, 390, 164, 294, 288, 176, 254, 248, 260, 97, 302, 143, 361, 329, 246, 257, 112, 319, 146, 155, 132, 291, 227, 127, 347, 113, 226, 405, 324, 99, 393, 111, 389, 193, 351, 356, 332, 328, 187, 186, 311, 238, 222, 180, 199, 301, 372, 169, 239, 322, 104, 175, 280, 274, 245, 348, 379, 293, 299, 385, 359, 103, 266, 233, 163, 119, 278, 190, 369, 262, 371, 188, 100, 375, 305, 134, 230, 275, 403, 147, 358, 181, 205, 208, 355, 354, 391, 264, 235, 236, 344, 101, 131, 133, 368, 377, 338, 237, 168, 269, 388, 349, 370, 145, 300, 346, 400, 202, 386, 282, 384, 258, 252, 189, 211, 144, 106, 308, 154, 263, 139, 224, 136, 376, 243, 242, 357, 225, 290, 270, 130, 333, 185, 234, 387, 364, 373, 331, 316, 259, 253, 126, 287, 216, 195, 365, 298, 165, 267, 217, 314, 182, 256, 330, 228, 353, 179, 247, 367, 395, 98, 197, 137, 285, 108]"
algo_spea2,4,-24.780916549999997,6.929083449999999,32.019083450000004,"[66, 24, 93, 57, 18, 44, 83, 74, 73, 41, 64, 17, 42, 81, 20, 9, 70, 51, 12, 46, 90, 5, 71, 23, 40, 22, 58, 86, 92, 56, 16, 34, 76, 25, 1, 94, 72, 19, 68, 87, 11, 53, 33, 49, 37, 8, 36, 65, 54, 39, 43, 29, 77, 28, 60, 75, 47, 13, 27, 35, 10, 32, 69, 59, 84, 67, 2, 3, 31, 55, 88, 38, 52, 50, 48, 4, 15, 45, 30, 7, 79, 78, 26, 82, 63, 91, 61, 85, 21, 89, 80, 6, 14, 62]","[198, 291, 354, 312, 155, 241, 369, 101, 316, 247, 391, 305, 233, 205, 129, 314, 266, 395, 136, 234, 228, 288, 348, 287, 359, 227, 102, 366, 329, 320, 355, 361, 373, 292, 304, 386, 368, 400, 383, 168, 119, 278, 375, 126, 115, 133, 253, 258, 189, 131, 390, 165, 211, 224, 380, 394, 325, 279, 319, 112, 332, 146, 257, 252, 302, 159, 384, 134, 130, 376, 99, 143, 382, 171, 163, 232, 246, 225, 180, 341, 340, 294, 145, 280, 104, 263, 236, 109, 331, 245, 344, 108, 231, 178, 276, 283, 197, 182, 393, 259, 370, 218, 188, 345, 377, 388, 277, 160, 223, 183, 201, 96, 240, 195, 251, 362, 207, 122, 152, 111, 149, 381, 311, 100, 215, 309, 229, 405, 203, 153, 402, 214, 140, 301, 177, 200, 256, 132, 324, 174, 327, 148, 156, 330, 208, 157, 190, 397, 350, 230, 342, 235, 124, 121, 284, 378, 297, 306, 116, 169, 303, 173, 392, 262, 135, 192, 335, 363, 389, 184, 141, 264, 199, 114, 175, 315, 271, 213, 107, 398, 222, 261, 166, 404, 239, 220, 349, 296, 181, 347, 339, 219, 295, 113, 281, 286, 170, 323, 120, 128, 321, 243, 238, 193, 385, 138, 161, 125, 371, 204, 154, 336, 212, 356, 95, 289, 158, 139, 150, 267, 110, 242, 226, 123, 333, 248, 98, 105, 194, 255, 299, 308, 367, 338, 142, 293, 353, 185, 191, 364, 179, 260, 147, 351, 151, 210, 217, 187, 326, 346, 176, 313, 97, 285, 399, 365, 162, 172, 352, 401, 221, 403, 360, 265, 396, 374, 343, 186, 272, 196, 372, 328, 317, 300, 337, 275, 282, 144, 106, 290, 270, 103, 387, 322, 127, 334, 318, 164, 209, 268, 202, 273, 118, 254, 357, 358, 206, 310, 250, 237, 137, 379, 167, 298, 269, 274, 249, 117, 244, 307, 216]"
algo_spea2,5,-87.39179825591242,24.128201744087587,77.00820174408759,"[28, 17, 59, 64, 15, 10, 65, 9, 83, 63, 20, 37, 51, 11, 67, 18, 72, 69, 27, 82, 4, 49, 8, 45, 58, 52, 87, 25, 80, 54, 56, 19, 16, 90, 24, 94, 2, 53, 86, 12, 71, 76, 33, 57, 81, 62, 40, 46, 3, 48, 26, 89, 7, 43, 32, 47, 38, 1, 23, 74, 14, 29, 77, 84, 79, 22, 60, 21, 30, 61, 70, 93, 88, 6, 41, 31, 39, 50, 36, 91, 5, 68, 55, 42, 73, 66, 35, 44, 75, 85, 34, 13, 92, 78]","[162, 231, 110, 152, 307, 166, 142, 247, 197, 327, 363, 107, 188, 275, 278, 134, 244, 177, 105, 122, 284, 246, 279, 161, 323, 293, 176, 315, 273, 312, 339, 102, 325, 265, 375, 336, 295, 148, 98, 318, 196, 221, 191, 192, 128, 326, 286, 345, 304, 262, 352, 201, 118, 340, 200, 204, 281, 361, 297, 108, 141, 232, 404, 114, 164, 292, 158, 398, 241, 213, 129, 321, 294, 171, 157, 378, 309, 250, 174, 220, 366, 140, 268, 272, 351, 206, 335, 350, 209, 381, 150, 248, 288, 342, 117, 120, 95, 138, 367, 396, 380, 156, 255, 159, 123, 153, 178, 228, 203, 334, 277, 306, 261, 260, 194, 160, 257, 212, 343, 310, 317, 395, 240, 214, 329, 109, 362, 121, 230, 233, 249, 223, 115, 399, 360, 172, 341, 276, 143, 184, 195, 125, 397, 254, 100, 124, 190, 112, 371, 271, 96, 215, 218, 251, 183, 394, 369, 401, 283, 382, 198, 374, 302, 285, 280, 170, 173, 402, 353, 163, 219, 390, 97, 337, 179, 167, 149, 210, 319, 146, 155, 132, 291, 227, 127, 347, 119, 113, 226, 405, 324, 99, 393, 111, 389, 193, 137, 356, 332, 328, 187, 186, 311, 238, 222, 180, 199, 301, 372, 305, 239, 266, 322, 104, 175, 383, 274, 245, 348, 379, 207, 299, 385, 359, 403, 147, 358, 181, 205, 208, 355, 354, 391, 264, 235, 236, 344, 101, 131, 133, 368, 377, 338, 237, 168, 269, 388, 349, 370, 145, 300, 346, 400, 202, 169, 386, 282, 384, 258, 252, 189, 211, 144, 333, 308, 154, 263, 139, 224, 136, 376, 243, 242, 357, 225, 290, 270, 103, 130, 106, 185, 234, 387, 364, 373, 331, 316, 259, 253, 126, 287, 313, 216, 296, 365, 298, 165, 267, 217, 314, 182, 256, 330, 229, 151, 116, 303, 392, 289, 320, 135]"
algo_spea2,6,-58.1551577625,23.454842237499992,28.5448422375,"[36, 70, 64, 74, 93, 8, 20, 9, 81, 11, 17, 87, 25, 53, 54, 83, 4, 94, 7, 30, 35, 84, 44, 66, 1, 92, 89, 68, 18, 46, 37, 78, 76, 75, 41, 28, 29, 71, 23, 40, 22, 58, 86, 63, 56, 16, 33, 62, 91, 52, 15, 48, 69, 14, 60, 13, 10, 32, 45, 3, 12, 34, 57, 82, 31, 80, 19, 67, 2, 24, 88, 38, 85, 61, 72, 26, 55, 21, 50, 39, 59, 43, 49, 27, 65, 90, 5, 77, 51, 47, 79, 6, 73, 42]","[379, 391, 267, 290, 376, 139, 232, 161, 263, 285, 287, 234, 321, 349, 341, 293, 176, 236, 164, 310, 300, 268, 204, 316, 270, 312, 246, 163, 340, 128, 193, 385, 125, 375, 134, 104, 126, 129, 252, 106, 401, 346, 395, 247, 206, 259, 361, 136, 399, 353, 273, 192, 314, 291, 102, 403, 360, 265, 171, 202, 228, 357, 112, 196, 368, 179, 272, 400, 154, 332, 275, 182, 387, 304, 255, 191, 197, 210, 109, 358, 318, 355, 370, 147, 114, 120, 326, 159, 336, 396, 374, 343, 158, 186, 371, 188, 345, 377, 388, 277, 160, 223, 183, 201, 96, 240, 195, 251, 362, 207, 122, 152, 111, 149, 381, 311, 100, 215, 309, 229, 405, 203, 153, 113, 214, 140, 301, 177, 200, 256, 132, 324, 174, 327, 148, 124, 330, 208, 157, 190, 397, 350, 230, 342, 235, 393, 121, 284, 378, 297, 306, 116, 169, 303, 173, 392, 262, 135, 372, 335, 363, 389, 184, 141, 264, 199, 298, 175, 315, 271, 213, 107, 398, 222, 261, 166, 404, 239, 220, 383, 296, 181, 347, 339, 219, 295, 402, 281, 286, 170, 323, 359, 101, 344, 328, 150, 168, 142, 115, 205, 138, 317, 97, 137, 384, 212, 226, 123, 217, 280, 365, 143, 156, 218, 95, 98, 305, 105, 216, 249, 253, 348, 103, 278, 282, 198, 352, 356, 189, 131, 329, 386, 209, 322, 167, 394, 266, 325, 279, 250, 221, 319, 238, 337, 269, 144, 333, 146, 258, 233, 294, 367, 133, 288, 248, 354, 390, 117, 165, 254, 313, 211, 187, 172, 119, 224, 373, 380, 155, 110, 289, 257, 242, 118, 364, 274, 244, 331, 245, 108, 231, 292, 227, 178, 276, 283, 237, 241, 194, 299, 382, 308, 366, 338, 99, 130, 260, 151, 127, 351, 320, 334, 145, 307, 180, 302, 185, 225, 162, 243, 369]"
algo_spea2,7,-26.128883,9.691117000000002,18.171117000000002,"[73, 59, 11, 49, 37, 93, 65, 54, 29, 77, 28, 60, 13, 27, 45, 58, 52, 19, 25, 80, 15, 56, 16, 90, 2, 53, 12, 71, 76, 33, 57, 51, 18, 89, 43, 32, 47, 38, 72, 81, 94, 87, 20, 82, 3, 86, 10, 88, 40, 46, 61, 48, 83, 34, 4, 31, 64, 67, 23, 63, 24, 22, 14, 39, 50, 36, 91, 5, 68, 55, 62, 8, 17, 66, 35, 44, 75, 85, 9, 42, 26, 74, 21, 84, 1, 30, 92, 6, 79, 70, 7, 78, 69, 41]","[255, 172, 197, 318, 114, 120, 326, 159, 336, 396, 374, 343, 158, 345, 277, 223, 183, 201, 96, 240, 251, 362, 122, 152, 149, 381, 215, 309, 203, 153, 214, 140, 177, 200, 174, 327, 148, 124, 157, 350, 342, 121, 284, 378, 297, 116, 303, 173, 392, 135, 192, 335, 363, 184, 315, 271, 213, 107, 398, 261, 166, 404, 220, 296, 339, 219, 295, 402, 281, 286, 170, 323, 150, 142, 115, 138, 317, 212, 123, 95, 98, 249, 352, 117, 209, 167, 279, 250, 221, 110, 118, 244, 108, 231, 292, 178, 276, 283, 241, 382, 366, 367, 351, 320, 334, 233, 163, 119, 278, 190, 369, 262, 371, 188, 100, 375, 134, 230, 275, 228, 353, 179, 247, 194, 321, 380, 325, 337, 109, 394, 105, 128, 125, 210, 341, 156, 141, 160, 191, 306, 397, 198, 229, 289, 312, 273, 218, 390, 164, 294, 288, 176, 254, 248, 260, 97, 302, 143, 361, 329, 246, 257, 112, 319, 146, 155, 132, 291, 227, 127, 347, 113, 226, 405, 324, 99, 393, 111, 389, 193, 137, 356, 332, 328, 187, 186, 311, 238, 222, 180, 199, 301, 372, 169, 239, 322, 104, 175, 280, 274, 245, 348, 379, 293, 299, 385, 359, 103, 266, 305, 383, 207, 403, 147, 358, 181, 205, 208, 355, 354, 391, 264, 235, 236, 344, 101, 131, 133, 368, 377, 338, 237, 168, 269, 388, 349, 370, 145, 300, 346, 400, 202, 386, 282, 384, 258, 252, 189, 211, 144, 106, 308, 154, 263, 139, 224, 136, 376, 243, 242, 357, 225, 290, 270, 130, 333, 185, 234, 387, 364, 373, 331, 316, 259, 253, 126, 287, 313, 216, 195, 365, 298, 165, 267, 217, 314, 182, 256, 330, 151, 307, 162, 232, 285, 310, 268, 204, 340, 129, 401, 395, 206, 399, 102, 360, 265, 171, 161, 196, 272, 304]"
algo_spea2,8,-7.1795436710052645,10.880456328994736,6.420456328994735,"[9, 49, 46, 71, 23, 27, 58, 86, 56, 16, 33, 76, 1, 51, 94, 67, 55, 19, 68, 87, 69, 59, 57, 4, 62, 40, 21, 89, 6, 13, 52, 20, 14, 17, 35, 70, 15, 32, 37, 72, 66, 3, 24, 47, 61, 83, 7, 44, 34, 82, 60, 75, 92, 11, 5, 10, 25, 93, 28, 38, 85, 53, 54, 90, 2, 81, 12, 31, 65, 39, 43, 29, 22, 50, 48, 45, 30, 88, 8, 79, 84, 78, 26, 63, 91, 80, 77, 18, 74, 73, 41, 64, 42, 36]","[249, 117, 283, 244, 291, 354, 165, 102, 403, 265, 159, 396, 374, 395, 211, 106, 224, 322, 380, 329, 209, 119, 254, 349, 228, 186, 188, 327, 397, 158, 222, 239, 336, 307, 253, 145, 198, 217, 352, 97, 302, 147, 191, 351, 348, 151, 123, 365, 289, 216, 95, 360, 383, 142, 299, 105, 114, 185, 364, 304, 260, 170, 98, 343, 355, 371, 272, 345, 377, 388, 277, 223, 96, 240, 195, 251, 362, 207, 122, 152, 111, 196, 149, 100, 309, 229, 203, 255, 113, 214, 301, 177, 200, 256, 132, 324, 174, 148, 124, 208, 157, 190, 350, 230, 235, 393, 372, 378, 385, 297, 306, 169, 303, 392, 135, 192, 335, 363, 389, 184, 141, 264, 134, 368, 175, 315, 271, 213, 107, 398, 400, 261, 404, 238, 347, 339, 219, 402, 281, 171, 323, 359, 101, 344, 328, 150, 205, 317, 300, 292, 338, 319, 121, 194, 305, 321, 337, 332, 146, 109, 218, 99, 394, 356, 391, 125, 227, 341, 156, 236, 312, 282, 384, 296, 252, 189, 144, 298, 308, 154, 263, 139, 136, 376, 242, 225, 290, 270, 103, 234, 262, 127, 342, 110, 382, 153, 267, 366, 259, 375, 166, 140, 334, 212, 318, 325, 201, 130, 143, 164, 268, 320, 295, 129, 330, 226, 202, 273, 118, 181, 115, 278, 333, 168, 266, 405, 243, 163, 183, 357, 215, 220, 311, 245, 116, 284, 275, 381, 160, 128, 199, 131, 340, 173, 258, 233, 294, 367, 247, 138, 120, 257, 241, 293, 353, 246, 108, 373, 179, 187, 326, 346, 176, 316, 204, 193, 288, 287, 313, 126, 248, 361, 386, 286, 104, 133, 390, 279, 112, 331, 387, 197, 210, 358, 182, 180, 161, 285, 370, 369, 399, 155, 162, 231, 314, 172, 178, 280, 232, 276, 401, 221, 206, 310, 250, 237, 137, 379, 167, 269, 274]"
algo_spea2,9,-52.44739012499999,10.622609874999997,37.85260987499999,"[37, 11, 67, 69, 27, 4, 49, 8, 45, 52, 87, 25, 54, 24, 9, 58, 13, 77, 48, 80, 15, 56, 16, 90, 2, 53, 12, 71, 76, 33, 57, 51, 62, 89, 43, 32, 47, 38, 72, 81, 94, 19, 20, 82, 3, 86, 10, 88, 40, 46, 61, 26, 7, 1, 14, 29, 84, 92, 74, 22, 60, 21, 30, 93, 6, 41, 31, 39, 50, 36, 91, 5, 68, 55, 18, 79, 42, 73, 66, 35, 44, 75, 85, 34, 23, 78, 28, 17, 59, 64, 65, 83, 63, 70]","[285, 108, 151, 399, 123, 162, 172, 178, 232, 276, 401, 221, 206, 310, 250, 318, 366, 167, 114, 129, 320, 279, 249, 117, 283, 244, 109, 307, 95, 102, 360, 265, 159, 336, 396, 374, 343, 158, 272, 277, 110, 382, 166, 334, 212, 286, 345, 304, 352, 201, 118, 340, 200, 204, 223, 183, 96, 240, 251, 362, 207, 122, 152, 196, 149, 381, 215, 309, 203, 255, 153, 214, 140, 177, 174, 327, 142, 124, 157, 350, 342, 284, 378, 297, 116, 303, 173, 392, 135, 192, 335, 363, 184, 315, 271, 213, 107, 398, 261, 404, 220, 383, 296, 339, 219, 295, 402, 281, 171, 170, 323, 120, 150, 148, 115, 138, 317, 241, 292, 209, 268, 121, 194, 321, 380, 325, 337, 394, 105, 128, 125, 210, 341, 156, 141, 160, 191, 306, 397, 198, 229, 289, 312, 273, 218, 390, 164, 294, 288, 176, 254, 248, 260, 97, 302, 143, 361, 329, 246, 257, 112, 319, 146, 155, 132, 291, 287, 313, 227, 127, 347, 113, 226, 405, 324, 99, 393, 111, 389, 193, 137, 356, 332, 328, 187, 186, 311, 238, 222, 180, 199, 301, 372, 169, 239, 322, 104, 175, 280, 274, 245, 348, 379, 293, 299, 385, 359, 103, 266, 233, 163, 119, 278, 190, 369, 262, 371, 188, 100, 375, 305, 134, 230, 275, 403, 147, 358, 181, 205, 208, 355, 354, 391, 264, 235, 236, 344, 101, 131, 133, 368, 377, 338, 237, 168, 269, 388, 349, 370, 145, 300, 346, 400, 202, 386, 282, 384, 258, 252, 189, 211, 144, 106, 308, 154, 263, 139, 224, 136, 376, 243, 242, 357, 225, 290, 270, 130, 333, 185, 234, 387, 364, 373, 331, 316, 259, 253, 126, 216, 195, 365, 298, 165, 267, 217, 314, 182, 256, 330, 228, 353, 179, 197, 326, 98, 231, 161, 247, 367, 395, 351]"
algo_spea2,10,-65.22365195384616,15.296348046153847,51.17634804615385,"[14, 54, 26, 9, 84, 63, 37, 11, 67, 69, 27, 4, 49, 8, 45, 58, 52, 87, 25, 80, 15, 56, 16, 90, 2, 53, 12, 71, 36, 33, 57, 51, 62, 89, 43, 32, 47, 38, 72, 81, 94, 19, 20, 82, 3, 86, 10, 88, 40, 46, 61, 48, 65, 6, 7, 74, 31, 24, 1, 64, 29, 77, 83, 23, 22, 60, 21, 30, 70, 93, 41, 39, 50, 76, 91, 5, 68, 55, 18, 79, 42, 73, 66, 35, 44, 75, 85, 34, 13, 92, 78, 28, 17, 59]","[108, 161, 326, 151, 399, 123, 162, 231, 172, 178, 232, 276, 401, 221, 206, 310, 250, 318, 366, 167, 174, 129, 320, 279, 265, 117, 283, 244, 307, 95, 102, 360, 249, 159, 336, 396, 374, 343, 158, 272, 277, 110, 382, 166, 334, 212, 286, 345, 304, 352, 201, 118, 340, 200, 204, 223, 183, 96, 240, 251, 362, 207, 122, 152, 196, 149, 381, 215, 309, 203, 255, 153, 214, 140, 177, 114, 327, 142, 124, 157, 350, 342, 284, 378, 297, 116, 303, 173, 392, 135, 192, 335, 363, 184, 315, 271, 213, 107, 398, 261, 404, 220, 383, 296, 339, 219, 295, 402, 281, 171, 170, 323, 120, 150, 148, 115, 138, 317, 241, 292, 209, 268, 121, 194, 321, 380, 325, 337, 109, 394, 105, 128, 125, 210, 341, 156, 141, 160, 191, 306, 313, 198, 229, 289, 312, 273, 218, 390, 164, 294, 288, 176, 254, 248, 260, 97, 302, 143, 361, 329, 246, 257, 112, 319, 146, 155, 132, 291, 227, 127, 347, 113, 226, 405, 324, 99, 393, 111, 389, 193, 137, 356, 332, 328, 187, 186, 311, 238, 222, 180, 199, 301, 372, 169, 239, 322, 104, 175, 280, 274, 245, 348, 379, 293, 299, 385, 359, 103, 266, 233, 163, 119, 278, 190, 369, 262, 371, 188, 100, 375, 305, 134, 230, 275, 403, 147, 358, 181, 205, 208, 355, 354, 391, 264, 235, 236, 344, 101, 131, 133, 368, 377, 338, 237, 168, 269, 388, 349, 370, 145, 300, 376, 400, 202, 386, 282, 384, 258, 252, 189, 211, 144, 106, 308, 154, 263, 139, 224, 136, 346, 243, 242, 357, 225, 290, 270, 130, 333, 185, 234, 387, 364, 373, 331, 316, 259, 253, 126, 287, 397, 216, 195, 365, 298, 165, 267, 217, 314, 182, 256, 330, 228, 353, 179, 247, 367, 395, 98, 197, 351, 285]"
algo_spea2,11,-9.26268667568779,8.027313324312209,8.23731332431221,"[43, 17, 9, 49, 14, 7, 68, 64, 57, 20, 31, 45, 12, 33, 85, 29, 63, 70, 42, 77, 81, 21, 69, 22, 87, 23, 1, 53, 37, 93, 72, 36, 39, 51, 46, 90, 5, 71, 35, 47, 40, 58, 86, 92, 56, 16, 34, 76, 60, 19, 11, 3, 25, 10, 54, 94, 2, 41, 75, 28, 59, 8, 84, 67, 65, 55, 88, 38, 52, 50, 48, 4, 15, 30, 79, 78, 26, 82, 91, 61, 13, 89, 80, 6, 27, 32, 62, 66, 24, 18, 44, 83, 74, 73]","[254, 100, 362, 113, 340, 360, 403, 307, 401, 399, 239, 327, 374, 160, 326, 358, 346, 393, 388, 176, 153, 139, 148, 118, 275, 156, 309, 328, 167, 138, 103, 357, 352, 271, 220, 111, 106, 242, 387, 237, 312, 206, 155, 241, 296, 369, 336, 324, 101, 316, 247, 391, 305, 233, 205, 183, 129, 105, 204, 244, 314, 193, 152, 266, 123, 395, 174, 136, 172, 234, 310, 228, 288, 140, 398, 141, 250, 348, 287, 359, 122, 313, 267, 227, 199, 117, 114, 102, 345, 223, 366, 329, 320, 350, 230, 342, 269, 284, 378, 385, 306, 116, 169, 303, 173, 262, 135, 335, 363, 389, 184, 213, 355, 361, 301, 149, 373, 392, 292, 304, 386, 264, 368, 175, 315, 222, 400, 261, 166, 404, 383, 181, 347, 339, 219, 295, 402, 168, 323, 119, 278, 188, 375, 126, 203, 115, 259, 370, 218, 120, 293, 353, 191, 179, 260, 147, 210, 217, 164, 365, 162, 221, 354, 396, 343, 272, 128, 256, 274, 198, 154, 215, 405, 216, 356, 381, 289, 158, 150, 110, 397, 226, 333, 248, 170, 133, 249, 253, 258, 189, 131, 390, 201, 195, 298, 330, 165, 211, 224, 380, 394, 325, 279, 319, 112, 332, 146, 257, 252, 302, 159, 384, 134, 130, 376, 212, 192, 235, 137, 379, 207, 99, 297, 243, 143, 382, 171, 163, 95, 132, 232, 98, 214, 377, 157, 246, 96, 225, 238, 371, 180, 341, 107, 187, 294, 145, 280, 104, 240, 263, 236, 109, 331, 245, 344, 108, 231, 178, 276, 283, 197, 182, 124, 194, 255, 299, 229, 308, 367, 338, 142, 151, 127, 351, 334, 277, 185, 97, 161, 321, 196, 285, 186, 281, 265, 349, 290, 121, 286, 200, 291, 270, 251, 125, 364, 337, 144, 177, 190, 372, 317, 300, 282, 322, 318, 209, 268, 202, 273, 311, 208]"
algo_spea2,12,-72.91099645,15.57900355,51.28900355,"[64, 54, 65, 9, 84, 63, 37, 11, 67, 69, 27, 4, 49, 8, 45, 58, 52, 87, 25, 80, 15, 56, 16, 90, 2, 53, 12, 71, 76, 33, 57, 51, 62, 89, 43, 32, 47, 38, 72, 81, 94, 19, 20, 82, 3, 86, 10, 88, 40, 46, 61, 48, 26, 6, 7, 74, 31, 24, 1, 14, 29, 77, 83, 23, 22, 60, 21, 30, 70, 93, 41, 39, 50, 36, 91, 5, 68, 55, 18, 79, 42, 73, 66, 35, 44, 75, 85, 34, 13, 92, 78, 28, 17, 59]","[108, 161, 326, 151, 399, 123, 162, 231, 172, 178, 232, 276, 401, 221, 206, 310, 250, 318, 366, 167, 174, 129, 320, 279, 265, 117, 283, 244, 307, 95, 102, 360, 249, 159, 336, 396, 374, 343, 158, 272, 277, 110, 382, 166, 334, 212, 286, 345, 304, 352, 201, 118, 340, 200, 204, 223, 183, 96, 240, 251, 362, 207, 122, 152, 196, 149, 381, 215, 309, 203, 255, 153, 214, 140, 177, 114, 327, 142, 124, 157, 350, 342, 284, 378, 297, 116, 303, 173, 392, 135, 192, 335, 363, 184, 315, 271, 213, 107, 398, 261, 404, 220, 383, 296, 339, 219, 295, 402, 281, 171, 170, 323, 120, 150, 148, 115, 138, 317, 241, 292, 209, 268, 121, 194, 321, 380, 325, 337, 109, 394, 105, 128, 125, 210, 341, 156, 141, 160, 191, 306, 397, 198, 229, 289, 312, 273, 218, 390, 164, 294, 288, 176, 254, 248, 260, 97, 302, 143, 361, 329, 246, 257, 112, 319, 146, 155, 132, 291, 227, 127, 347, 113, 226, 405, 324, 99, 393, 111, 389, 193, 137, 356, 332, 328, 187, 186, 311, 238, 222, 180, 199, 301, 372, 169, 239, 322, 104, 175, 280, 274, 245, 348, 379, 293, 299, 385, 359, 103, 266, 233, 163, 119, 278, 190, 369, 262, 371, 188, 100, 375, 305, 134, 230, 275, 403, 147, 358, 181, 205, 208, 355, 354, 391, 264, 235, 236, 344, 101, 131, 133, 368, 377, 338, 237, 168, 269, 388, 349, 370, 145, 300, 346, 400, 202, 386, 282, 384, 258, 252, 189, 211, 144, 106, 308, 154, 263, 139, 224, 136, 376, 243, 242, 357, 225, 290, 270, 130, 333, 185, 234, 387, 364, 373, 331, 316, 259, 253, 126, 287, 313, 216, 195, 365, 298, 165, 267, 217, 314, 182, 256, 330, 228, 353, 179, 247, 367, 395, 98, 197, 351, 285]"
algo_spea2,13,-79.70114607063834,29.878853929361657,44.99885392936166,"[28, 81, 9, 46, 54, 17, 70, 72, 52, 53, 19, 93, 80, 20, 35, 86, 32, 49, 76, 47, 83, 42, 60, 75, 56, 16, 33, 10, 71, 94, 90, 15, 63, 84, 12, 68, 69, 41, 74, 36, 27, 50, 48, 40, 4, 58, 30, 45, 26, 87, 65, 21, 66, 55, 1, 85, 44, 43, 24, 57, 62, 31, 51, 64, 73, 23, 2, 34, 22, 89, 18, 14, 88, 38, 77, 7, 6, 29, 59, 67, 3, 13, 25, 79, 37, 11, 8, 39, 78, 82, 92, 91, 5, 61]","[127, 153, 334, 318, 164, 209, 268, 202, 273, 118, 254, 357, 220, 160, 358, 111, 242, 155, 241, 296, 314, 289, 172, 178, 352, 232, 276, 401, 221, 206, 310, 250, 237, 137, 379, 145, 167, 114, 269, 369, 324, 316, 151, 247, 391, 305, 233, 205, 183, 129, 204, 193, 152, 266, 123, 395, 174, 320, 234, 288, 140, 130, 398, 287, 359, 122, 340, 313, 267, 199, 165, 100, 126, 213, 248, 355, 361, 301, 149, 373, 392, 292, 235, 386, 299, 360, 356, 280, 142, 194, 159, 405, 124, 117, 249, 389, 143, 134, 347, 294, 231, 286, 256, 229, 188, 186, 208, 262, 341, 125, 371, 345, 110, 185, 284, 306, 201, 382, 218, 277, 298, 396, 175, 337, 265, 372, 378, 385, 297, 169, 303, 173, 317, 135, 192, 335, 363, 184, 141, 264, 368, 315, 271, 107, 222, 400, 261, 238, 383, 181, 339, 295, 402, 168, 136, 388, 323, 163, 119, 278, 375, 104, 252, 115, 259, 370, 120, 274, 154, 354, 216, 381, 404, 239, 336, 308, 215, 219, 156, 189, 307, 253, 99, 198, 146, 338, 217, 97, 302, 147, 191, 351, 212, 348, 95, 158, 139, 150, 96, 397, 226, 333, 98, 105, 132, 170, 133, 258, 131, 390, 203, 330, 211, 224, 380, 394, 325, 279, 319, 112, 332, 257, 240, 263, 236, 109, 331, 245, 344, 108, 283, 197, 182, 255, 367, 180, 377, 225, 243, 161, 207, 321, 196, 285, 281, 121, 171, 200, 291, 384, 244, 251, 157, 364, 365, 214, 312, 210, 300, 101, 353, 293, 228, 343, 179, 177, 311, 260, 162, 190, 272, 362, 113, 187, 403, 399, 327, 374, 227, 326, 246, 102, 223, 329, 350, 230, 342, 304, 166, 346, 393, 176, 376, 195, 366, 148, 309, 328, 128, 138, 116, 349, 275, 282, 144, 106, 290, 270, 103, 387, 322]"
algo_spea2,14,-35.95291984230769,17.617080157692307,9.047080157692308,"[61, 9, 46, 93, 56, 72, 55, 40, 74, 19, 21, 58, 80, 67, 86, 15, 84, 1, 30, 6, 79, 91, 70, 68, 87, 47, 7, 44, 78, 69, 52, 41, 75, 25, 16, 17, 59, 53, 33, 49, 37, 8, 60, 65, 54, 66, 24, 39, 43, 29, 77, 28, 13, 27, 81, 35, 10, 32, 45, 83, 50, 3, 48, 12, 34, 57, 82, 62, 4, 51, 64, 11, 26, 76, 31, 42, 36, 71, 73, 20, 85, 94, 23, 2, 63, 92, 22, 89, 18, 90, 14, 88, 38, 5]","[400, 334, 275, 182, 387, 172, 191, 210, 109, 358, 355, 147, 114, 120, 239, 337, 144, 296, 333, 146, 155, 110, 389, 372, 175, 257, 242, 127, 118, 364, 274, 101, 331, 308, 328, 244, 307, 216, 227, 354, 165, 360, 336, 396, 374, 343, 186, 272, 188, 377, 277, 223, 183, 201, 96, 240, 195, 207, 122, 304, 152, 111, 196, 149, 381, 311, 100, 215, 309, 203, 255, 393, 288, 326, 95, 102, 248, 161, 291, 318, 246, 129, 193, 176, 221, 352, 179, 251, 403, 206, 332, 367, 230, 197, 342, 171, 238, 237, 269, 388, 273, 370, 294, 267, 254, 245, 153, 113, 214, 140, 177, 200, 256, 132, 324, 174, 327, 148, 124, 330, 208, 359, 263, 344, 369, 391, 293, 281, 236, 265, 164, 160, 402, 310, 300, 233, 108, 231, 268, 312, 341, 234, 178, 303, 276, 204, 283, 378, 316, 323, 220, 345, 270, 321, 325, 241, 194, 299, 135, 192, 229, 168, 382, 163, 366, 306, 116, 383, 121, 338, 350, 376, 99, 130, 260, 289, 392, 142, 128, 351, 320, 154, 145, 180, 292, 302, 151, 185, 97, 225, 162, 243, 363, 385, 379, 138, 125, 157, 190, 107, 262, 371, 375, 169, 134, 219, 335, 284, 104, 126, 297, 252, 106, 199, 401, 346, 395, 247, 115, 404, 259, 361, 136, 399, 353, 158, 139, 314, 317, 150, 261, 137, 384, 212, 397, 226, 232, 287, 123, 217, 280, 235, 159, 365, 143, 205, 184, 156, 218, 339, 213, 271, 141, 315, 98, 305, 105, 170, 133, 347, 285, 166, 249, 173, 253, 348, 103, 301, 258, 405, 278, 282, 198, 362, 398, 356, 295, 189, 131, 390, 117, 181, 298, 290, 340, 264, 329, 313, 211, 187, 222, 119, 349, 386, 224, 373, 380, 209, 322, 167, 394, 266, 279, 250, 319, 286, 202, 228, 357, 112, 368]"
algo_spea2,15,-54.7,12.420000000000002,52.199999999999996,"[47, 44, 23, 16, 70, 72, 25, 10, 75, 4, 27, 30, 13, 6, 50, 93, 57, 18, 76, 53, 83, 74, 73, 41, 64, 17, 42, 81, 52, 12, 26, 55, 36, 19, 34, 21, 56, 29, 8, 7, 77, 58, 82, 33, 62, 66, 87, 91, 15, 38, 51, 48, 84, 46, 63, 9, 11, 71, 78, 59, 14, 68, 31, 79, 89, 20, 3, 92, 22, 37, 61, 28, 88, 69, 49, 54, 2, 86, 40, 43, 1, 60, 39, 35, 80, 45, 85, 94, 67, 5, 24, 32, 90, 65]","[96, 240, 304, 152, 111, 149, 215, 203, 95, 102, 248, 161, 318, 221, 352, 179, 251, 403, 332, 197, 237, 269, 294, 267, 254, 245, 153, 113, 140, 200, 327, 124, 330, 159, 303, 173, 262, 184, 368, 271, 213, 398, 400, 261, 166, 296, 347, 339, 295, 402, 281, 170, 323, 359, 101, 344, 328, 119, 150, 168, 205, 293, 300, 209, 305, 380, 325, 226, 146, 131, 394, 356, 391, 105, 156, 236, 384, 189, 144, 263, 224, 242, 357, 270, 130, 333, 234, 373, 331, 253, 313, 390, 164, 322, 160, 319, 306, 211, 397, 258, 198, 278, 289, 349, 218, 118, 235, 393, 372, 378, 385, 297, 265, 321, 139, 362, 250, 341, 141, 345, 324, 401, 192, 220, 137, 247, 128, 127, 148, 232, 154, 214, 223, 176, 282, 280, 283, 257, 290, 195, 143, 163, 110, 208, 103, 183, 104, 337, 225, 174, 175, 396, 369, 316, 132, 233, 315, 193, 180, 222, 204, 138, 346, 126, 376, 371, 311, 155, 329, 228, 301, 374, 268, 287, 366, 136, 334, 386, 312, 241, 194, 255, 299, 135, 229, 246, 382, 308, 343, 116, 210, 367, 120, 383, 121, 338, 350, 99, 291, 260, 256, 392, 142, 151, 351, 320, 145, 389, 171, 307, 277, 326, 292, 377, 302, 185, 97, 365, 162, 364, 243, 238, 363, 342, 379, 381, 196, 125, 158, 207, 157, 190, 107, 239, 188, 100, 375, 169, 134, 230, 219, 275, 335, 284, 122, 388, 201, 129, 252, 106, 199, 395, 115, 206, 404, 259, 370, 361, 114, 353, 309, 288, 273, 109, 314, 191, 317, 336, 387, 405, 264, 285, 108, 181, 187, 147, 212, 279, 217, 112, 286, 355, 340, 98, 182, 202, 348, 298, 133, 399, 123, 177, 231, 172, 178, 276, 310, 266, 167, 358, 274, 249, 117, 244, 216, 227, 354, 165, 360, 186, 272]"
algo_spea2,16,-2.061346126821775,7.038653873178225,13.838653873178224,"[56, 20, 49, 66, 42, 75, 11, 71, 31, 67, 63, 68, 87, 69, 41, 37, 8, 36, 65, 54, 39, 28, 13, 27, 35, 10, 45, 83, 50, 34, 94, 90, 24, 82, 2, 80, 86, 12, 52, 22, 33, 57, 62, 40, 46, 3, 89, 7, 43, 32, 47, 48, 26, 38, 1, 14, 29, 77, 84, 79, 23, 74, 76, 60, 21, 4, 70, 58, 51, 64, 30, 61, 93, 88, 6, 15, 78, 92, 91, 85, 5, 81, 59, 9, 44, 17, 16, 72, 25, 55, 18, 53, 19, 73]","[176, 376, 195, 366, 148, 118, 275, 309, 328, 167, 128, 138, 116, 103, 357, 111, 242, 387, 155, 241, 324, 316, 151, 247, 391, 305, 205, 129, 204, 193, 152, 266, 123, 395, 174, 320, 234, 310, 288, 140, 130, 398, 250, 164, 287, 359, 122, 340, 313, 267, 199, 165, 126, 213, 248, 355, 361, 301, 149, 373, 392, 292, 304, 386, 299, 356, 273, 280, 142, 268, 194, 159, 354, 117, 389, 134, 347, 294, 231, 286, 256, 229, 188, 186, 208, 317, 345, 110, 185, 284, 306, 201, 277, 298, 396, 175, 337, 265, 372, 378, 385, 297, 169, 303, 173, 262, 135, 192, 335, 363, 141, 264, 368, 315, 107, 222, 400, 261, 238, 383, 181, 339, 295, 402, 168, 136, 362, 121, 230, 233, 249, 223, 115, 399, 360, 172, 341, 276, 143, 184, 296, 125, 397, 254, 100, 124, 190, 112, 371, 271, 96, 215, 218, 251, 183, 394, 369, 401, 283, 382, 198, 374, 302, 285, 388, 323, 163, 119, 278, 375, 104, 252, 106, 206, 259, 370, 120, 274, 154, 405, 216, 381, 404, 239, 220, 336, 308, 219, 156, 189, 307, 253, 145, 99, 146, 338, 217, 352, 358, 97, 147, 191, 351, 212, 348, 95, 289, 158, 139, 150, 226, 333, 98, 105, 132, 170, 133, 258, 131, 390, 203, 153, 330, 211, 224, 380, 325, 279, 221, 319, 332, 257, 240, 263, 236, 109, 331, 245, 344, 108, 178, 197, 182, 255, 367, 127, 334, 180, 377, 225, 243, 312, 207, 321, 232, 196, 281, 349, 290, 171, 200, 291, 384, 244, 270, 157, 364, 144, 365, 214, 161, 210, 282, 314, 300, 101, 322, 209, 353, 202, 293, 228, 343, 318, 179, 177, 311, 260, 379, 269, 162, 272, 137, 113, 187, 403, 327, 160, 227, 326, 246, 237, 114, 102, 329, 350, 342, 235, 166, 346, 393]"
algo_spea2,17,-50.94081664602164,24.659183353978353,21.059183353978355,"[61, 81, 9, 46, 93, 56, 72, 26, 55, 71, 74, 21, 58, 94, 40, 86, 15, 84, 1, 30, 92, 6, 79, 76, 91, 70, 68, 87, 7, 44, 78, 69, 52, 41, 66, 42, 25, 16, 17, 59, 11, 53, 33, 49, 37, 8, 36, 65, 54, 39, 43, 29, 77, 28, 60, 75, 47, 13, 27, 35, 10, 32, 45, 83, 50, 3, 48, 12, 34, 57, 82, 62, 4, 31, 51, 80, 19, 64, 73, 20, 67, 23, 2, 63, 24, 22, 89, 18, 90, 14, 88, 38, 85, 5]","[379, 161, 287, 321, 232, 285, 234, 349, 341, 290, 372, 376, 263, 267, 369, 391, 293, 176, 236, 164, 310, 300, 233, 268, 204, 316, 270, 312, 246, 163, 340, 294, 128, 193, 385, 125, 375, 134, 104, 126, 129, 252, 106, 401, 346, 395, 247, 206, 259, 361, 136, 399, 353, 273, 139, 314, 291, 354, 165, 124, 102, 403, 360, 265, 171, 202, 228, 357, 112, 196, 368, 179, 272, 400, 154, 332, 275, 182, 387, 304, 255, 172, 191, 197, 210, 109, 358, 318, 355, 370, 147, 114, 120, 326, 159, 336, 396, 374, 343, 158, 186, 371, 188, 345, 377, 388, 277, 160, 223, 183, 201, 96, 240, 195, 251, 362, 207, 122, 152, 111, 149, 381, 311, 100, 215, 309, 229, 405, 203, 153, 113, 214, 140, 301, 177, 200, 256, 132, 324, 174, 327, 148, 156, 330, 208, 157, 190, 397, 350, 230, 342, 235, 393, 121, 284, 378, 297, 306, 116, 169, 303, 173, 392, 262, 135, 192, 335, 363, 389, 184, 141, 264, 199, 298, 175, 315, 271, 213, 107, 398, 222, 261, 166, 404, 239, 220, 383, 296, 181, 347, 339, 219, 295, 402, 281, 286, 170, 323, 359, 101, 344, 328, 119, 150, 168, 142, 115, 205, 138, 317, 97, 137, 384, 212, 226, 123, 217, 280, 365, 143, 218, 248, 95, 98, 305, 105, 133, 216, 249, 253, 348, 103, 258, 278, 282, 198, 352, 356, 189, 131, 390, 117, 329, 254, 313, 211, 187, 386, 224, 373, 380, 209, 322, 167, 394, 266, 325, 279, 250, 221, 319, 238, 337, 269, 144, 333, 146, 155, 110, 289, 257, 242, 118, 364, 274, 244, 288, 331, 245, 108, 231, 292, 227, 178, 276, 283, 237, 241, 194, 299, 382, 308, 366, 367, 338, 99, 130, 260, 151, 127, 351, 320, 334, 145, 307, 180, 302, 185, 225, 162, 243]"
algo_spea2,18,-53.026638337499996,22.823361662499995,26.0733616625,"[18, 74, 41, 42, 81, 9, 70, 46, 90, 5, 71, 40, 22, 58, 86, 56, 91, 52, 15, 69, 14, 88, 38, 85, 61, 72, 26, 55, 21, 94, 84, 1, 92, 6, 79, 76, 25, 16, 17, 59, 11, 53, 33, 49, 37, 8, 36, 65, 54, 39, 43, 29, 77, 28, 60, 75, 47, 13, 27, 35, 10, 32, 45, 83, 50, 3, 48, 12, 34, 57, 82, 62, 4, 31, 51, 80, 19, 64, 73, 20, 67, 23, 2, 63, 24, 68, 87, 7, 44, 78, 66, 30, 89, 93]","[161, 287, 321, 232, 285, 234, 349, 341, 290, 139, 376, 263, 267, 369, 391, 293, 176, 236, 164, 310, 300, 268, 204, 316, 270, 312, 246, 163, 340, 128, 193, 385, 125, 375, 134, 104, 126, 129, 252, 106, 401, 346, 395, 247, 206, 259, 361, 136, 399, 353, 273, 372, 314, 291, 102, 403, 360, 265, 171, 202, 228, 357, 112, 196, 368, 179, 272, 400, 154, 332, 275, 182, 387, 304, 255, 191, 197, 210, 109, 358, 318, 355, 370, 147, 114, 120, 326, 159, 336, 396, 374, 343, 158, 186, 371, 188, 345, 377, 388, 277, 160, 223, 183, 201, 96, 240, 195, 251, 362, 207, 122, 152, 111, 149, 381, 311, 100, 215, 309, 229, 405, 203, 153, 113, 214, 140, 301, 177, 200, 256, 132, 324, 174, 327, 148, 330, 208, 157, 190, 397, 350, 230, 342, 235, 393, 121, 284, 378, 297, 306, 116, 169, 303, 173, 392, 262, 135, 192, 335, 363, 389, 184, 141, 264, 199, 298, 175, 315, 271, 213, 107, 398, 222, 261, 166, 404, 239, 220, 383, 296, 181, 347, 339, 219, 295, 402, 281, 286, 170, 323, 359, 101, 344, 328, 150, 168, 142, 115, 205, 138, 317, 97, 137, 384, 212, 226, 123, 217, 280, 365, 156, 233, 294, 354, 165, 172, 119, 302, 185, 143, 124, 218, 248, 95, 98, 305, 105, 133, 216, 249, 253, 348, 103, 258, 278, 282, 198, 352, 356, 189, 131, 390, 117, 329, 254, 313, 211, 187, 386, 224, 373, 380, 209, 322, 167, 394, 266, 325, 279, 250, 221, 319, 238, 337, 269, 144, 333, 146, 155, 110, 289, 257, 242, 118, 364, 274, 244, 288, 331, 245, 108, 231, 292, 227, 178, 276, 283, 237, 241, 194, 299, 382, 308, 366, 367, 338, 99, 130, 260, 151, 127, 351, 320, 334, 145, 307, 180, 225, 162, 243, 379]"
algo_spea2,19,-10.375643812040092,8.134356187959908,12.724356187959907,"[20, 9, 70, 49, 51, 46, 90, 5, 71, 35, 23, 40, 22, 58, 56, 16, 33, 91, 26, 36, 18, 57, 34, 73, 8, 82, 50, 4, 80, 11, 3, 39, 47, 62, 63, 69, 43, 86, 84, 74, 60, 2, 83, 76, 78, 54, 10, 64, 92, 52, 15, 48, 14, 68, 19, 45, 87, 65, 21, 66, 55, 1, 85, 44, 12, 77, 7, 6, 29, 59, 67, 24, 13, 88, 38, 37, 25, 79, 32, 31, 61, 28, 72, 94, 75, 27, 30, 89, 93, 53, 41, 17, 42, 81]","[106, 401, 346, 395, 247, 361, 399, 353, 314, 232, 287, 220, 154, 214, 282, 290, 110, 208, 337, 174, 175, 369, 159, 285, 349, 228, 186, 188, 327, 397, 158, 222, 239, 336, 307, 253, 145, 198, 217, 352, 358, 97, 302, 147, 191, 351, 348, 151, 123, 365, 289, 216, 95, 360, 383, 142, 226, 105, 114, 185, 364, 304, 260, 170, 98, 343, 355, 371, 272, 345, 377, 388, 277, 223, 96, 240, 195, 251, 362, 207, 122, 152, 111, 196, 149, 100, 309, 229, 203, 255, 113, 301, 177, 200, 256, 132, 324, 148, 124, 157, 190, 350, 230, 235, 393, 372, 378, 385, 297, 306, 135, 303, 392, 169, 192, 335, 363, 389, 184, 141, 264, 134, 368, 315, 271, 213, 107, 398, 400, 261, 404, 238, 347, 339, 219, 402, 281, 171, 323, 359, 101, 344, 328, 150, 205, 317, 300, 292, 338, 319, 121, 194, 305, 321, 332, 146, 109, 218, 99, 394, 356, 391, 125, 275, 210, 341, 156, 236, 312, 384, 296, 252, 189, 144, 298, 308, 263, 139, 136, 376, 242, 225, 270, 103, 234, 387, 262, 127, 342, 382, 153, 267, 366, 259, 375, 166, 140, 334, 212, 318, 325, 201, 130, 143, 164, 268, 320, 295, 129, 330, 241, 202, 273, 118, 181, 115, 278, 333, 168, 266, 405, 243, 163, 183, 357, 215, 311, 245, 116, 284, 227, 381, 160, 128, 199, 131, 340, 173, 258, 233, 294, 367, 133, 288, 248, 354, 390, 117, 165, 254, 313, 211, 187, 172, 119, 224, 373, 380, 209, 322, 167, 279, 221, 331, 108, 244, 178, 182, 274, 237, 112, 231, 249, 286, 269, 276, 250, 137, 280, 283, 257, 379, 396, 180, 138, 155, 329, 374, 386, 299, 120, 326, 102, 161, 291, 246, 193, 176, 179, 403, 206, 197, 370, 293, 265, 310, 204, 316, 162, 104, 126]"
algo_spea2,20,-56.29865271153846,18.42134728846154,29.701347288461537,"[42, 78, 54, 10, 75, 4, 27, 30, 50, 93, 76, 53, 83, 74, 41, 17, 94, 81, 36, 20, 9, 70, 49, 12, 46, 90, 5, 71, 35, 47, 40, 58, 86, 63, 56, 16, 33, 82, 91, 52, 15, 48, 69, 60, 68, 80, 19, 45, 26, 87, 65, 21, 66, 55, 1, 85, 44, 43, 24, 57, 62, 31, 51, 64, 73, 23, 2, 34, 22, 89, 18, 14, 88, 38, 77, 7, 6, 29, 59, 67, 3, 13, 25, 79, 37, 11, 8, 39, 84, 32, 92, 61, 28, 72]","[197, 182, 351, 348, 285, 298, 133, 180, 204, 161, 326, 346, 151, 370, 369, 399, 155, 365, 162, 231, 314, 289, 172, 178, 352, 232, 276, 401, 221, 206, 310, 250, 237, 137, 379, 145, 167, 114, 269, 239, 274, 249, 117, 283, 244, 307, 216, 95, 198, 291, 354, 165, 102, 403, 360, 265, 159, 336, 396, 374, 343, 158, 186, 371, 272, 345, 377, 388, 277, 223, 96, 240, 195, 251, 362, 207, 122, 152, 111, 196, 149, 100, 309, 229, 203, 255, 113, 214, 301, 177, 200, 256, 132, 324, 174, 148, 124, 208, 157, 190, 350, 230, 235, 393, 372, 378, 385, 297, 306, 169, 303, 392, 135, 192, 335, 363, 389, 184, 141, 264, 134, 368, 175, 315, 271, 213, 107, 398, 222, 400, 261, 404, 238, 347, 339, 219, 402, 281, 171, 323, 359, 101, 344, 328, 150, 205, 317, 300, 292, 338, 319, 121, 194, 305, 321, 337, 332, 146, 109, 218, 349, 99, 394, 356, 391, 125, 275, 210, 341, 156, 236, 312, 282, 258, 252, 189, 211, 144, 106, 308, 154, 263, 139, 224, 136, 384, 226, 123, 217, 280, 376, 242, 225, 290, 270, 103, 234, 387, 262, 342, 127, 322, 110, 380, 382, 153, 267, 366, 259, 375, 166, 140, 334, 212, 318, 329, 325, 201, 130, 143, 164, 209, 268, 320, 295, 129, 330, 241, 202, 273, 118, 181, 115, 278, 119, 333, 168, 266, 405, 254, 243, 163, 183, 357, 215, 220, 311, 245, 116, 284, 227, 381, 160, 128, 199, 131, 340, 173, 296, 233, 294, 355, 138, 105, 358, 120, 257, 397, 188, 299, 383, 293, 170, 353, 304, 246, 327, 142, 185, 191, 228, 108, 364, 373, 331, 316, 253, 126, 287, 313, 390, 288, 176, 248, 260, 97, 187, 193, 302, 147, 279, 361, 112, 286, 104, 247, 386, 179, 367, 395, 98]"
algo_spea2,21,-47.576118375,10.953881625000001,25.423881625,"[30, 41, 39, 35, 81, 45, 83, 85, 94, 67, 5, 24, 32, 90, 65, 10, 13, 47, 75, 44, 23, 17, 16, 70, 72, 25, 52, 12, 26, 55, 36, 18, 57, 53, 19, 42, 73, 21, 93, 56, 29, 8, 7, 77, 58, 82, 50, 33, 62, 6, 66, 87, 91, 15, 38, 51, 48, 84, 46, 63, 9, 11, 71, 78, 59, 14, 68, 31, 79, 89, 27, 20, 3, 92, 22, 64, 37, 61, 28, 88, 69, 76, 34, 80, 54, 4, 49, 2, 86, 40, 43, 1, 74, 60]","[403, 237, 254, 153, 113, 327, 372, 271, 296, 101, 328, 205, 293, 209, 305, 391, 156, 242, 357, 160, 118, 362, 324, 401, 220, 247, 148, 176, 208, 103, 183, 396, 369, 316, 233, 138, 346, 311, 155, 374, 268, 312, 241, 343, 260, 307, 326, 162, 190, 239, 100, 275, 388, 129, 106, 206, 353, 309, 273, 139, 191, 393, 317, 336, 387, 187, 147, 217, 202, 399, 177, 167, 105, 204, 244, 314, 193, 152, 266, 123, 395, 174, 136, 172, 234, 310, 228, 288, 140, 398, 141, 250, 348, 164, 287, 359, 122, 313, 267, 227, 199, 117, 114, 102, 345, 223, 366, 329, 320, 350, 230, 342, 269, 284, 378, 385, 306, 116, 169, 303, 173, 262, 135, 335, 363, 389, 184, 213, 355, 361, 301, 240, 373, 392, 292, 304, 386, 264, 368, 175, 315, 222, 400, 261, 166, 404, 383, 181, 347, 339, 219, 295, 402, 168, 323, 119, 278, 188, 375, 126, 203, 115, 259, 370, 218, 120, 128, 256, 274, 198, 154, 215, 405, 216, 356, 381, 289, 158, 150, 110, 397, 226, 333, 248, 170, 133, 249, 253, 258, 189, 131, 390, 201, 195, 298, 330, 165, 211, 224, 380, 394, 325, 279, 319, 112, 332, 146, 257, 252, 302, 159, 384, 134, 130, 376, 212, 192, 235, 137, 379, 207, 99, 297, 243, 143, 382, 171, 163, 95, 132, 232, 98, 214, 377, 157, 246, 96, 225, 238, 371, 180, 341, 107, 340, 294, 145, 280, 104, 149, 263, 236, 109, 331, 245, 344, 108, 231, 178, 276, 283, 197, 182, 124, 194, 255, 299, 229, 308, 367, 338, 142, 151, 127, 351, 334, 277, 185, 97, 161, 321, 196, 285, 186, 281, 265, 349, 290, 121, 286, 200, 291, 270, 251, 125, 364, 337, 144, 365, 210, 282, 300, 322, 358, 354, 360, 272, 111, 318, 221, 352, 179]"
algo_spea2,22,-90.33222693366719,42.87777306633281,71.96777306633282,"[85, 13, 5, 61, 28, 81, 59, 9, 65, 46, 44, 54, 17, 70, 72, 25, 52, 55, 18, 53, 19, 73, 21, 93, 29, 8, 89, 80, 6, 20, 14, 35, 86, 77, 32, 62, 49, 76, 24, 47, 83, 42, 60, 75, 11, 56, 16, 33, 34, 64, 3, 1, 10, 38, 23, 71, 31, 51, 94, 2, 67, 22, 90, 88, 58, 63, 84, 12, 66, 68, 87, 69, 41, 74, 36, 39, 43, 27, 50, 48, 57, 37, 40, 4, 15, 45, 30, 7, 79, 78, 26, 82, 92, 91]","[349, 275, 282, 144, 106, 290, 270, 103, 387, 322, 127, 153, 334, 318, 164, 209, 268, 202, 273, 118, 254, 357, 220, 160, 358, 206, 310, 250, 237, 137, 379, 167, 114, 269, 111, 242, 155, 241, 296, 369, 324, 316, 151, 247, 391, 305, 233, 205, 183, 129, 204, 193, 152, 266, 123, 395, 174, 320, 172, 234, 288, 140, 130, 398, 287, 359, 122, 340, 313, 267, 199, 165, 100, 126, 213, 248, 355, 361, 301, 149, 373, 392, 292, 304, 386, 299, 360, 356, 280, 142, 194, 159, 405, 124, 117, 249, 389, 143, 134, 347, 294, 231, 286, 256, 229, 188, 186, 208, 317, 341, 125, 371, 345, 110, 185, 284, 306, 201, 382, 218, 277, 298, 396, 175, 337, 265, 372, 378, 385, 297, 169, 303, 173, 262, 135, 192, 335, 363, 184, 141, 264, 368, 315, 271, 107, 222, 400, 261, 238, 383, 181, 339, 295, 402, 168, 136, 388, 323, 163, 119, 278, 375, 104, 252, 115, 259, 370, 120, 274, 154, 354, 216, 381, 404, 239, 336, 308, 215, 219, 156, 189, 307, 253, 145, 99, 198, 146, 338, 217, 352, 97, 302, 147, 191, 351, 212, 348, 95, 289, 158, 139, 150, 96, 397, 226, 333, 98, 105, 132, 170, 133, 258, 131, 390, 203, 330, 211, 224, 380, 394, 325, 279, 221, 319, 112, 332, 257, 240, 263, 236, 109, 331, 245, 344, 108, 178, 276, 283, 197, 182, 255, 367, 180, 377, 225, 243, 161, 207, 321, 232, 196, 285, 281, 121, 171, 200, 291, 384, 244, 251, 157, 364, 365, 214, 312, 210, 314, 300, 101, 353, 293, 228, 343, 179, 177, 311, 260, 162, 190, 272, 362, 113, 187, 403, 401, 399, 327, 374, 227, 326, 246, 102, 223, 329, 350, 230, 342, 235, 166, 346, 393, 176, 376, 195, 366, 148, 309, 328, 128, 138, 116]"
algo_spea2,23,-87.94782131843434,37.70217868156566,69.35217868156566,"[69, 61, 85, 21, 89, 80, 6, 14, 77, 32, 62, 66, 24, 93, 57, 18, 44, 53, 83, 74, 73, 41, 64, 17, 42, 81, 36, 20, 9, 70, 49, 51, 12, 46, 90, 5, 71, 35, 47, 23, 40, 22, 58, 86, 92, 56, 16, 33, 34, 76, 60, 75, 11, 25, 1, 10, 54, 94, 72, 19, 2, 87, 91, 28, 59, 43, 27, 8, 39, 84, 67, 68, 3, 13, 31, 65, 55, 88, 38, 29, 52, 50, 48, 37, 4, 15, 45, 30, 7, 79, 78, 26, 82, 63]","[349, 275, 282, 144, 106, 290, 270, 103, 387, 322, 127, 153, 334, 318, 164, 209, 268, 202, 273, 118, 254, 357, 220, 160, 358, 206, 310, 250, 237, 137, 379, 167, 114, 269, 239, 274, 249, 117, 244, 307, 216, 198, 291, 354, 312, 155, 241, 296, 369, 324, 101, 316, 247, 391, 305, 233, 205, 129, 314, 152, 266, 395, 174, 136, 234, 228, 288, 140, 398, 141, 348, 287, 359, 227, 199, 102, 345, 223, 366, 329, 320, 350, 230, 284, 378, 306, 116, 169, 303, 173, 135, 335, 389, 184, 213, 355, 361, 301, 149, 373, 392, 292, 304, 386, 264, 368, 175, 315, 222, 400, 261, 166, 404, 383, 181, 347, 339, 219, 295, 402, 168, 323, 119, 278, 188, 375, 126, 203, 115, 256, 170, 133, 253, 258, 189, 131, 390, 201, 298, 330, 165, 211, 224, 380, 394, 325, 279, 319, 112, 332, 146, 257, 252, 302, 159, 384, 134, 130, 376, 192, 235, 99, 297, 143, 382, 171, 163, 232, 214, 377, 246, 225, 180, 341, 340, 294, 145, 280, 104, 240, 263, 236, 109, 331, 245, 344, 108, 231, 178, 276, 283, 197, 182, 124, 183, 259, 370, 218, 120, 128, 321, 177, 195, 243, 238, 363, 342, 193, 385, 311, 381, 138, 161, 125, 309, 207, 157, 190, 107, 262, 371, 204, 154, 336, 215, 405, 212, 122, 356, 95, 289, 158, 139, 150, 267, 110, 242, 96, 397, 226, 123, 156, 333, 248, 98, 105, 132, 194, 286, 299, 229, 308, 367, 338, 142, 293, 353, 185, 191, 364, 179, 260, 147, 351, 151, 210, 217, 327, 187, 326, 346, 176, 313, 255, 97, 285, 399, 365, 162, 172, 352, 401, 221, 403, 360, 265, 396, 374, 343, 186, 272, 388, 277, 251, 362, 111, 196, 100, 113, 200, 148, 208, 393, 372, 271, 281, 328, 317, 300, 121, 337]"
algo_spea2,24,-35.4106317,8.389368300000001,24.5893683,"[59, 16, 41, 33, 8, 36, 39, 29, 45, 48, 4, 6, 13, 20, 14, 17, 35, 15, 32, 37, 24, 47, 83, 7, 44, 92, 28, 53, 54, 90, 2, 81, 73, 23, 91, 57, 51, 62, 72, 60, 75, 9, 11, 64, 3, 25, 68, 52, 61, 78, 12, 34, 89, 42, 82, 10, 70, 94, 49, 40, 27, 55, 5, 19, 38, 85, 93, 67, 31, 87, 65, 21, 66, 50, 22, 18, 79, 88, 46, 58, 63, 56, 26, 74, 80, 71, 86, 77, 84, 1, 30, 76, 43, 69]","[332, 275, 152, 172, 197, 114, 337, 144, 146, 110, 389, 175, 242, 364, 274, 359, 288, 263, 267, 369, 164, 300, 108, 231, 303, 276, 378, 323, 208, 220, 124, 214, 343, 340, 338, 376, 171, 180, 292, 97, 177, 162, 238, 385, 125, 207, 107, 100, 375, 134, 219, 104, 201, 297, 395, 361, 399, 158, 314, 317, 322, 139, 268, 313, 272, 387, 391, 350, 173, 209, 381, 147, 150, 248, 155, 131, 390, 342, 117, 120, 126, 294, 256, 367, 255, 356, 318, 325, 130, 320, 202, 168, 405, 254, 163, 183, 215, 284, 128, 199, 296, 105, 257, 226, 353, 246, 327, 142, 185, 228, 149, 308, 302, 379, 261, 186, 251, 230, 96, 232, 287, 329, 212, 315, 235, 236, 383, 122, 335, 217, 157, 283, 135, 245, 156, 377, 249, 393, 151, 394, 178, 203, 159, 115, 239, 121, 401, 182, 352, 372, 309, 206, 200, 241, 307, 402, 339, 330, 240, 176, 138, 221, 167, 247, 358, 140, 333, 374, 222, 328, 266, 334, 388, 396, 133, 349, 344, 271, 348, 291, 225, 243, 193, 234, 250, 210, 386, 304, 269, 355, 129, 233, 326, 123, 127, 357, 316, 380, 153, 398, 145, 195, 280, 305, 277, 310, 404, 244, 148, 169, 143, 204, 106, 373, 237, 279, 112, 160, 331, 336, 102, 223, 227, 345, 103, 301, 258, 278, 282, 189, 354, 181, 111, 298, 290, 165, 264, 211, 187, 119, 224, 319, 368, 179, 400, 154, 194, 299, 192, 229, 382, 306, 99, 260, 392, 161, 321, 384, 289, 293, 295, 109, 311, 166, 113, 346, 366, 118, 116, 312, 351, 324, 101, 137, 205, 174, 136, 141, 196, 285, 281, 265, 341, 286, 270, 347, 363, 365, 360, 273, 190, 262, 371, 188, 252, 259, 370, 218, 198, 216, 95, 191, 397, 403, 184, 213, 98, 132, 170, 253, 362]"
algo_spea2,25,-27.3,9.02,22.700000000000003,"[59, 19, 21, 58, 24, 71, 86, 15, 84, 30, 6, 79, 76, 91, 70, 68, 87, 44, 78, 69, 52, 41, 66, 25, 16, 17, 74, 11, 53, 33, 49, 37, 8, 36, 60, 65, 55, 75, 67, 39, 29, 77, 51, 62, 40, 42, 61, 48, 26, 89, 7, 43, 80, 47, 38, 1, 14, 28, 13, 27, 81, 35, 10, 32, 45, 83, 50, 3, 12, 34, 57, 82, 4, 31, 64, 73, 20, 85, 94, 23, 2, 63, 92, 22, 18, 90, 5, 88, 9, 46, 93, 56, 72, 54]","[318, 179, 311, 354, 260, 372, 162, 191, 190, 272, 147, 396, 246, 100, 362, 113, 187, 360, 403, 307, 401, 399, 239, 327, 374, 160, 326, 358, 346, 393, 388, 176, 153, 139, 148, 118, 275, 156, 309, 328, 167, 138, 103, 357, 352, 271, 220, 111, 106, 242, 387, 237, 312, 206, 155, 241, 296, 369, 336, 324, 101, 316, 247, 391, 305, 233, 205, 183, 129, 105, 204, 244, 314, 193, 152, 266, 123, 395, 174, 136, 172, 234, 310, 228, 288, 140, 398, 141, 250, 348, 164, 287, 359, 313, 267, 227, 199, 117, 114, 102, 345, 223, 366, 329, 320, 350, 230, 342, 269, 378, 385, 306, 116, 169, 173, 262, 135, 335, 363, 389, 184, 213, 355, 361, 301, 149, 373, 392, 292, 304, 386, 264, 368, 175, 315, 222, 400, 261, 166, 404, 383, 181, 347, 339, 219, 295, 402, 168, 178, 303, 323, 119, 278, 375, 126, 203, 115, 259, 370, 218, 120, 128, 256, 274, 198, 154, 215, 405, 216, 356, 381, 289, 158, 150, 110, 397, 226, 333, 248, 170, 133, 249, 253, 258, 189, 131, 390, 201, 195, 298, 330, 165, 211, 224, 380, 394, 325, 319, 112, 332, 146, 257, 252, 302, 159, 384, 134, 130, 376, 212, 192, 235, 137, 379, 207, 99, 297, 243, 143, 382, 240, 163, 95, 132, 232, 98, 214, 377, 157, 208, 96, 225, 238, 188, 254, 177, 122, 284, 279, 371, 180, 341, 107, 340, 294, 145, 280, 104, 171, 263, 236, 109, 331, 245, 344, 108, 231, 276, 283, 197, 182, 124, 194, 255, 299, 229, 308, 367, 338, 142, 151, 127, 351, 334, 277, 185, 97, 161, 321, 196, 285, 186, 281, 265, 349, 290, 121, 286, 200, 291, 270, 251, 125, 364, 337, 144, 365, 210, 282, 300, 322, 221, 209, 268, 353, 202, 317, 293, 217, 273, 343]"
algo_spea2,26,-62.261429877884616,16.958570122115386,45.838570122115385,"[61, 92, 11, 5, 93, 7, 44, 78, 69, 41, 66, 49, 37, 8, 65, 27, 81, 42, 17, 59, 33, 36, 39, 43, 45, 58, 52, 19, 25, 80, 54, 56, 87, 16, 90, 24, 94, 2, 53, 86, 12, 71, 82, 29, 77, 28, 60, 75, 47, 13, 35, 10, 34, 83, 50, 3, 48, 32, 57, 62, 4, 51, 64, 38, 85, 31, 73, 23, 91, 22, 18, 79, 88, 46, 72, 26, 55, 63, 84, 1, 30, 76, 68, 74, 67, 9, 40, 21, 89, 15, 6, 20, 14, 70]","[319, 318, 342, 325, 374, 293, 109, 399, 97, 135, 372, 311, 307, 283, 402, 158, 394, 113, 393, 176, 366, 148, 118, 275, 309, 328, 167, 128, 138, 116, 352, 220, 111, 106, 312, 206, 351, 241, 296, 369, 324, 151, 247, 137, 183, 129, 204, 193, 152, 266, 123, 395, 174, 320, 378, 232, 172, 196, 186, 281, 265, 341, 239, 121, 286, 171, 219, 291, 107, 251, 125, 157, 337, 363, 144, 250, 361, 214, 210, 114, 322, 199, 261, 209, 268, 297, 317, 284, 310, 303, 360, 273, 294, 343, 304, 323, 163, 190, 262, 371, 188, 100, 375, 134, 230, 335, 390, 201, 401, 115, 404, 120, 246, 215, 272, 327, 212, 122, 381, 95, 389, 191, 150, 110, 149, 96, 397, 226, 233, 248, 132, 231, 203, 153, 254, 380, 279, 221, 112, 179, 332, 146, 240, 140, 164, 160, 336, 102, 108, 223, 292, 197, 178, 276, 227, 345, 124, 396, 194, 255, 192, 229, 382, 306, 367, 350, 99, 260, 383, 379, 207, 299, 385, 359, 403, 147, 358, 162, 175, 208, 355, 354, 391, 236, 370, 145, 300, 346, 400, 202, 169, 386, 384, 252, 295, 154, 263, 139, 224, 136, 376, 243, 357, 225, 270, 130, 333, 185, 234, 387, 373, 316, 259, 126, 287, 216, 195, 165, 280, 235, 159, 344, 101, 131, 133, 368, 377, 338, 237, 168, 269, 388, 349, 365, 143, 205, 184, 156, 155, 289, 257, 242, 364, 274, 244, 288, 331, 245, 218, 339, 213, 271, 141, 315, 98, 305, 105, 170, 347, 285, 166, 249, 173, 253, 348, 103, 301, 258, 405, 278, 282, 198, 362, 398, 356, 308, 189, 104, 117, 181, 298, 290, 340, 264, 329, 313, 211, 187, 222, 119, 267, 217, 314, 182, 256, 330, 228, 353, 392, 142, 127, 334, 180, 277, 326, 302, 177, 238, 161, 321, 200]"
algo_spea2,27,-81.39791443451922,38.08208556548078,54.602085565480785,"[91, 85, 13, 5, 61, 28, 81, 59, 9, 65, 46, 44, 23, 17, 16, 70, 72, 25, 52, 55, 18, 53, 19, 73, 21, 93, 56, 29, 8, 89, 80, 6, 20, 14, 35, 86, 77, 32, 62, 49, 66, 24, 47, 83, 42, 34, 60, 75, 11, 64, 3, 1, 10, 38, 54, 71, 31, 51, 94, 2, 67, 22, 90, 88, 58, 63, 84, 12, 76, 68, 87, 69, 41, 74, 33, 36, 39, 43, 27, 50, 48, 57, 37, 40, 4, 15, 45, 30, 7, 79, 78, 26, 82, 92]","[401, 399, 327, 374, 160, 227, 326, 246, 237, 114, 102, 223, 329, 350, 230, 342, 235, 166, 346, 393, 176, 376, 195, 366, 148, 118, 275, 309, 328, 167, 128, 138, 116, 103, 357, 111, 242, 387, 155, 241, 296, 369, 324, 316, 151, 247, 391, 305, 233, 205, 183, 129, 204, 193, 152, 266, 123, 395, 174, 320, 172, 234, 310, 288, 140, 130, 398, 250, 164, 287, 359, 122, 340, 313, 267, 199, 165, 100, 126, 213, 248, 355, 361, 301, 149, 373, 392, 292, 304, 386, 299, 360, 356, 273, 280, 142, 268, 194, 159, 354, 124, 117, 249, 389, 143, 134, 347, 294, 231, 286, 256, 229, 188, 186, 208, 317, 341, 125, 371, 254, 345, 110, 185, 284, 306, 201, 382, 218, 277, 298, 396, 175, 337, 265, 372, 378, 385, 297, 169, 303, 173, 262, 135, 192, 335, 363, 184, 141, 264, 368, 315, 271, 107, 222, 400, 261, 238, 383, 181, 339, 295, 402, 168, 136, 388, 323, 163, 119, 278, 375, 104, 252, 106, 115, 206, 259, 370, 120, 274, 154, 405, 216, 381, 404, 239, 220, 336, 308, 215, 219, 156, 189, 307, 253, 145, 99, 198, 146, 338, 217, 352, 358, 97, 302, 147, 191, 351, 212, 348, 95, 289, 158, 139, 150, 96, 397, 226, 333, 98, 105, 132, 170, 133, 258, 131, 390, 203, 153, 330, 211, 224, 380, 394, 325, 279, 221, 319, 112, 332, 257, 240, 263, 236, 109, 331, 245, 344, 108, 178, 276, 283, 197, 182, 255, 367, 127, 334, 180, 377, 225, 243, 161, 207, 321, 232, 196, 285, 281, 349, 290, 121, 171, 200, 291, 384, 244, 270, 251, 157, 364, 144, 365, 214, 312, 210, 282, 314, 300, 101, 322, 209, 353, 202, 293, 228, 343, 318, 179, 177, 311, 260, 379, 269, 162, 190, 272, 137, 362, 113, 187, 403]"
algo_spea2,28,-16.39115875,9.808841249999999,11.50884125,"[33, 32, 68, 37, 48, 61, 28, 45, 51, 9, 46, 75, 23, 70, 72, 25, 52, 12, 26, 36, 18, 57, 34, 73, 8, 82, 50, 4, 80, 11, 3, 39, 47, 62, 63, 69, 43, 86, 84, 74, 60, 2, 83, 76, 78, 54, 10, 64, 92, 79, 20, 7, 24, 22, 89, 90, 14, 94, 49, 40, 27, 55, 5, 19, 38, 85, 93, 67, 31, 87, 65, 21, 66, 1, 44, 77, 6, 29, 13, 17, 81, 16, 42, 35, 56, 58, 71, 15, 30, 91, 41, 59, 53, 88]","[166, 400, 262, 113, 265, 368, 267, 340, 286, 276, 341, 220, 154, 214, 282, 290, 110, 208, 337, 174, 175, 369, 132, 376, 311, 366, 343, 338, 99, 260, 389, 171, 364, 196, 275, 114, 288, 180, 292, 97, 177, 162, 238, 385, 125, 207, 107, 100, 375, 134, 219, 104, 201, 297, 395, 361, 399, 158, 314, 317, 322, 139, 268, 313, 272, 387, 391, 350, 173, 209, 381, 147, 150, 248, 155, 131, 390, 342, 117, 120, 126, 294, 256, 367, 255, 356, 318, 325, 130, 320, 202, 168, 405, 254, 163, 183, 215, 284, 128, 199, 296, 105, 257, 226, 353, 246, 327, 142, 185, 228, 149, 308, 302, 379, 261, 186, 251, 230, 96, 232, 287, 329, 212, 315, 235, 236, 383, 122, 335, 217, 157, 283, 135, 245, 156, 377, 249, 393, 151, 394, 178, 203, 159, 115, 239, 121, 401, 182, 352, 372, 309, 206, 200, 241, 307, 402, 339, 330, 240, 176, 138, 221, 167, 247, 358, 140, 333, 374, 222, 328, 266, 334, 388, 396, 133, 349, 344, 271, 348, 291, 225, 243, 193, 234, 250, 210, 386, 304, 269, 355, 129, 233, 326, 123, 127, 357, 316, 380, 153, 398, 145, 195, 280, 305, 277, 310, 404, 244, 148, 169, 143, 204, 106, 373, 237, 336, 270, 382, 116, 223, 293, 324, 170, 102, 194, 295, 363, 351, 371, 141, 160, 191, 319, 306, 346, 211, 397, 258, 198, 229, 345, 259, 278, 289, 103, 312, 273, 301, 218, 370, 192, 137, 188, 165, 224, 264, 362, 161, 281, 392, 190, 299, 227, 331, 279, 136, 252, 321, 118, 242, 384, 403, 365, 205, 184, 213, 95, 98, 216, 347, 285, 360, 146, 253, 144, 152, 189, 332, 354, 181, 111, 179, 298, 187, 172, 119, 101, 263, 164, 109, 300, 108, 303, 378, 197, 323, 274, 124, 112, 231, 359]"
algo_spea2,29,-77.17963589999998,14.310364100000001,61.7203641,"[78, 28, 17, 59, 64, 15, 10, 65, 83, 63, 70, 37, 11, 67, 69, 27, 82, 4, 49, 8, 45, 52, 87, 25, 80, 54, 19, 16, 24, 90, 81, 56, 9, 72, 58, 94, 13, 2, 77, 86, 12, 71, 76, 33, 57, 51, 62, 40, 46, 3, 48, 26, 89, 7, 43, 32, 47, 38, 1, 14, 29, 53, 84, 92, 74, 22, 60, 21, 30, 61, 20, 93, 88, 6, 41, 31, 39, 50, 36, 91, 5, 68, 55, 18, 79, 42, 73, 66, 35, 44, 75, 85, 34, 23]","[285, 108, 151, 399, 123, 162, 172, 178, 232, 276, 401, 221, 206, 310, 250, 318, 366, 167, 114, 129, 320, 279, 249, 117, 283, 244, 109, 266, 307, 95, 102, 360, 265, 159, 336, 396, 374, 343, 158, 272, 277, 110, 382, 166, 334, 212, 286, 345, 304, 352, 201, 118, 340, 200, 204, 223, 183, 96, 240, 251, 362, 207, 122, 152, 196, 149, 381, 215, 309, 203, 255, 153, 214, 140, 177, 174, 327, 142, 124, 157, 350, 342, 284, 378, 297, 116, 303, 173, 392, 135, 192, 335, 363, 184, 315, 271, 213, 107, 398, 261, 404, 220, 383, 296, 339, 219, 295, 402, 281, 171, 170, 323, 120, 150, 148, 115, 138, 317, 241, 292, 209, 268, 121, 194, 321, 380, 325, 337, 394, 105, 128, 125, 210, 341, 156, 141, 160, 191, 306, 397, 198, 229, 289, 312, 273, 218, 390, 164, 294, 288, 176, 254, 248, 260, 97, 302, 143, 361, 329, 246, 257, 112, 319, 146, 155, 132, 291, 227, 127, 347, 113, 226, 405, 324, 99, 393, 111, 389, 193, 137, 356, 332, 328, 187, 186, 311, 238, 222, 180, 199, 301, 372, 305, 239, 322, 104, 175, 280, 274, 245, 144, 379, 293, 299, 385, 359, 103, 233, 163, 119, 278, 190, 369, 262, 371, 188, 100, 375, 169, 134, 230, 275, 403, 147, 358, 181, 205, 208, 355, 354, 391, 264, 235, 236, 344, 101, 131, 133, 368, 377, 338, 237, 168, 269, 388, 349, 370, 145, 300, 346, 400, 202, 386, 282, 384, 258, 252, 189, 211, 348, 106, 308, 154, 263, 139, 224, 136, 376, 243, 242, 357, 225, 290, 270, 130, 333, 185, 234, 387, 364, 373, 331, 316, 259, 253, 126, 287, 313, 216, 195, 365, 298, 165, 267, 217, 314, 182, 256, 330, 228, 353, 179, 197, 326, 98, 231, 161, 247, 367, 395, 351]"
algo_spea2,30,-64.98045484430604,23.759545155693978,33.11954515569398,"[91, 61, 85, 13, 89, 53, 6, 52, 20, 14, 17, 36, 37, 33, 48, 40, 35, 70, 32, 49, 66, 24, 16, 44, 34, 75, 9, 5, 64, 25, 10, 38, 81, 51, 94, 23, 22, 18, 42, 73, 21, 93, 56, 29, 8, 31, 67, 58, 82, 50, 4, 80, 11, 3, 39, 47, 62, 63, 69, 71, 43, 86, 15, 84, 74, 60, 2, 83, 76, 1, 30, 78, 54, 27, 77, 87, 90, 88, 46, 72, 55, 19, 12, 68, 41, 28, 59, 45, 7, 57, 65, 79, 26, 92]","[293, 305, 217, 273, 318, 179, 354, 191, 272, 147, 254, 164, 362, 187, 360, 403, 159, 310, 327, 149, 160, 227, 358, 117, 114, 102, 118, 304, 235, 393, 372, 303, 173, 184, 264, 271, 213, 398, 261, 404, 296, 181, 347, 339, 402, 168, 266, 119, 278, 115, 206, 259, 370, 313, 198, 336, 215, 405, 212, 216, 356, 167, 95, 289, 288, 123, 150, 133, 226, 139, 242, 397, 156, 333, 218, 248, 98, 105, 170, 146, 253, 348, 378, 197, 323, 182, 387, 274, 237, 270, 321, 124, 112, 231, 359, 306, 166, 400, 262, 161, 113, 294, 265, 140, 399, 130, 368, 295, 249, 328, 96, 267, 340, 286, 269, 276, 250, 341, 141, 345, 324, 401, 192, 220, 385, 137, 247, 128, 127, 148, 232, 154, 214, 223, 176, 282, 280, 283, 257, 290, 195, 143, 163, 110, 208, 103, 183, 104, 337, 225, 174, 175, 396, 369, 316, 132, 233, 315, 193, 180, 222, 204, 138, 346, 126, 376, 371, 311, 155, 329, 228, 301, 374, 268, 287, 366, 136, 334, 386, 312, 241, 194, 255, 299, 135, 229, 246, 382, 308, 343, 116, 210, 367, 120, 383, 121, 338, 350, 99, 291, 260, 256, 392, 142, 151, 351, 320, 145, 389, 171, 307, 277, 326, 292, 377, 302, 185, 97, 177, 162, 364, 243, 238, 363, 342, 379, 381, 196, 125, 158, 207, 157, 190, 107, 239, 188, 100, 375, 169, 134, 230, 219, 275, 335, 284, 122, 388, 201, 297, 129, 252, 106, 199, 395, 258, 352, 189, 131, 332, 390, 111, 203, 153, 298, 330, 165, 211, 172, 224, 240, 380, 394, 325, 279, 221, 200, 384, 244, 251, 144, 365, 319, 357, 263, 391, 236, 109, 331, 245, 344, 178, 108, 205, 285, 186, 281, 234, 349, 152, 309, 373, 361, 314, 300, 101, 322, 355, 209, 353, 202, 317]"
algo_spea2,31,-83.10916791875,26.280832081249997,69.79083208125,"[21, 6, 79, 91, 44, 78, 66, 53, 77, 13, 27, 32, 57, 82, 62, 80, 63, 24, 89, 18, 83, 74, 73, 43, 64, 17, 42, 81, 36, 20, 9, 70, 49, 51, 12, 46, 90, 5, 71, 35, 47, 23, 40, 22, 58, 86, 92, 56, 16, 33, 34, 76, 60, 19, 11, 3, 25, 1, 10, 54, 31, 94, 2, 72, 41, 75, 68, 87, 69, 28, 59, 8, 39, 84, 67, 65, 55, 88, 38, 29, 52, 50, 48, 37, 4, 15, 45, 30, 7, 14, 85, 61, 93, 26]","[232, 285, 234, 349, 341, 290, 220, 376, 263, 267, 369, 391, 293, 176, 236, 164, 310, 300, 233, 268, 204, 316, 270, 312, 246, 163, 340, 294, 193, 385, 125, 134, 104, 129, 252, 106, 401, 346, 395, 247, 206, 361, 136, 399, 353, 273, 139, 314, 291, 354, 165, 102, 403, 360, 265, 171, 202, 228, 357, 112, 196, 368, 179, 272, 400, 332, 275, 182, 387, 304, 255, 172, 191, 197, 210, 109, 358, 318, 355, 147, 114, 326, 159, 336, 396, 374, 343, 158, 186, 371, 345, 377, 388, 277, 160, 223, 183, 201, 96, 240, 195, 251, 362, 207, 122, 152, 111, 149, 381, 311, 100, 215, 309, 229, 271, 153, 113, 214, 140, 301, 177, 200, 132, 324, 174, 327, 148, 124, 330, 208, 157, 190, 397, 350, 230, 342, 235, 393, 121, 284, 378, 297, 306, 116, 169, 303, 173, 392, 262, 135, 192, 335, 363, 389, 184, 141, 278, 188, 375, 126, 203, 115, 259, 370, 218, 120, 128, 256, 274, 198, 154, 264, 199, 298, 175, 315, 405, 213, 107, 398, 222, 261, 166, 404, 239, 372, 383, 296, 181, 347, 339, 219, 295, 402, 281, 286, 170, 323, 359, 101, 344, 328, 119, 150, 168, 142, 205, 138, 317, 97, 137, 384, 212, 226, 123, 217, 280, 365, 143, 156, 248, 95, 98, 305, 105, 133, 216, 249, 253, 348, 103, 258, 282, 352, 356, 189, 131, 390, 117, 329, 254, 313, 211, 187, 386, 224, 373, 380, 209, 322, 167, 394, 266, 325, 279, 250, 221, 319, 238, 337, 269, 144, 333, 146, 155, 242, 289, 257, 110, 118, 364, 244, 288, 331, 245, 108, 231, 292, 227, 178, 276, 283, 237, 241, 194, 299, 382, 308, 366, 367, 338, 99, 130, 260, 151, 127, 351, 320, 334, 145, 307, 180, 302, 185, 225, 162, 243, 379, 161, 287, 321]"
algo_spea2,32,-47.592850375000005,14.577149625,33.10714962499999,"[18, 74, 73, 41, 64, 17, 42, 81, 20, 9, 70, 49, 51, 12, 46, 90, 5, 71, 35, 47, 40, 22, 58, 86, 92, 56, 16, 33, 34, 76, 75, 11, 10, 54, 94, 84, 87, 69, 28, 29, 23, 1, 53, 89, 8, 83, 37, 93, 72, 36, 65, 39, 43, 91, 52, 15, 48, 14, 60, 68, 80, 19, 45, 26, 66, 55, 44, 7, 6, 59, 67, 2, 3, 13, 31, 25, 88, 24, 79, 38, 27, 50, 4, 30, 78, 82, 63, 61, 85, 21, 77, 32, 62, 57]","[197, 367, 161, 285, 370, 369, 399, 123, 155, 365, 162, 314, 289, 172, 352, 401, 221, 206, 310, 250, 237, 137, 379, 167, 114, 269, 239, 274, 249, 117, 244, 307, 216, 198, 291, 354, 165, 102, 403, 360, 265, 159, 336, 396, 374, 343, 158, 186, 272, 345, 277, 223, 195, 251, 362, 152, 111, 196, 149, 100, 309, 229, 230, 395, 326, 346, 351, 151, 204, 348, 203, 255, 113, 301, 177, 200, 256, 324, 174, 148, 124, 208, 190, 350, 182, 235, 393, 372, 378, 385, 306, 169, 303, 392, 135, 192, 335, 363, 389, 184, 141, 264, 134, 368, 175, 315, 271, 213, 398, 222, 400, 261, 404, 347, 339, 219, 402, 281, 323, 359, 101, 328, 150, 205, 317, 300, 292, 338, 319, 121, 194, 305, 321, 337, 332, 146, 218, 349, 394, 356, 125, 275, 210, 156, 282, 384, 258, 252, 189, 211, 144, 308, 154, 139, 224, 376, 242, 290, 270, 103, 234, 387, 262, 322, 127, 342, 110, 380, 153, 267, 366, 259, 375, 166, 334, 212, 318, 329, 325, 201, 130, 164, 209, 268, 320, 295, 330, 241, 202, 273, 118, 181, 115, 278, 119, 333, 168, 266, 405, 254, 357, 215, 220, 311, 116, 284, 227, 381, 160, 128, 199, 131, 173, 296, 233, 247, 138, 105, 358, 120, 257, 397, 226, 188, 299, 383, 293, 170, 353, 304, 327, 142, 185, 191, 228, 364, 373, 316, 253, 126, 287, 313, 390, 288, 176, 248, 260, 97, 187, 193, 302, 147, 279, 361, 217, 112, 286, 122, 207, 99, 136, 388, 297, 243, 143, 382, 171, 163, 95, 312, 132, 232, 98, 214, 377, 106, 157, 246, 183, 96, 225, 238, 371, 180, 341, 107, 340, 294, 145, 280, 129, 104, 240, 140, 263, 391, 236, 109, 331, 245, 344, 108, 231, 178, 276, 283, 355, 386, 179, 298, 133]"
algo_spea2,33,-41.69999032458163,19.70000967541838,13.90000967541838,"[61, 64, 46, 93, 56, 72, 55, 40, 74, 19, 21, 58, 80, 67, 86, 15, 84, 1, 30, 6, 79, 91, 70, 68, 87, 47, 7, 44, 78, 69, 52, 41, 66, 25, 16, 17, 59, 53, 33, 49, 37, 8, 60, 65, 54, 75, 24, 39, 43, 29, 77, 28, 13, 27, 81, 35, 10, 73, 45, 83, 50, 3, 48, 12, 34, 57, 82, 62, 4, 51, 9, 11, 26, 76, 31, 42, 36, 71, 32, 20, 85, 94, 23, 2, 63, 92, 22, 89, 18, 90, 14, 88, 38, 5]","[400, 154, 275, 182, 387, 172, 191, 210, 109, 358, 355, 147, 114, 120, 239, 337, 144, 296, 333, 146, 155, 110, 389, 372, 175, 257, 242, 127, 118, 364, 274, 101, 331, 308, 328, 244, 307, 216, 227, 354, 165, 360, 336, 396, 374, 343, 186, 272, 188, 377, 277, 223, 183, 201, 96, 240, 195, 207, 122, 304, 152, 111, 196, 149, 381, 311, 100, 215, 309, 203, 255, 393, 288, 326, 95, 102, 248, 161, 291, 318, 246, 129, 193, 176, 221, 352, 179, 251, 403, 206, 332, 367, 230, 197, 342, 171, 238, 237, 269, 388, 273, 370, 294, 267, 254, 245, 153, 113, 214, 140, 177, 200, 256, 132, 324, 174, 327, 148, 124, 330, 208, 359, 263, 344, 369, 391, 293, 281, 236, 265, 164, 160, 402, 310, 300, 233, 108, 231, 268, 312, 341, 234, 178, 303, 276, 204, 283, 378, 316, 323, 220, 345, 270, 321, 325, 241, 194, 299, 135, 192, 229, 168, 382, 163, 366, 306, 116, 383, 121, 338, 350, 376, 99, 130, 260, 289, 392, 142, 128, 351, 320, 334, 145, 180, 292, 302, 151, 185, 97, 225, 162, 243, 363, 385, 379, 138, 125, 157, 190, 107, 262, 371, 375, 169, 134, 219, 335, 284, 104, 126, 297, 252, 106, 199, 401, 346, 395, 247, 115, 404, 259, 361, 136, 399, 353, 158, 139, 314, 317, 150, 261, 137, 384, 212, 397, 226, 232, 287, 123, 217, 280, 235, 159, 365, 143, 205, 184, 156, 218, 339, 213, 271, 141, 315, 98, 305, 105, 170, 133, 347, 285, 166, 249, 173, 253, 348, 103, 301, 258, 405, 278, 282, 198, 362, 398, 356, 295, 189, 131, 390, 117, 181, 298, 290, 340, 264, 329, 313, 211, 187, 222, 119, 349, 386, 224, 373, 380, 209, 322, 167, 394, 266, 279, 250, 319, 286, 202, 228, 357, 112, 368]"
algo_spea2,34,-17.62933975,7.09066025,13.670660250000001,"[66, 25, 93, 56, 72, 55, 40, 74, 19, 21, 17, 59, 11, 49, 37, 8, 36, 75, 39, 28, 13, 81, 35, 10, 34, 31, 64, 20, 85, 63, 92, 16, 90, 24, 94, 2, 53, 86, 12, 71, 82, 33, 57, 51, 1, 46, 3, 48, 87, 89, 7, 43, 32, 47, 38, 62, 14, 29, 77, 84, 23, 22, 60, 30, 42, 70, 88, 6, 41, 18, 5, 61, 9, 58, 80, 15, 54, 27, 73, 45, 4, 50, 83, 67, 65, 79, 76, 91, 68, 26, 44, 78, 69, 52]","[177, 311, 354, 260, 162, 118, 190, 272, 153, 309, 328, 138, 357, 111, 387, 312, 155, 241, 101, 316, 391, 305, 205, 129, 244, 193, 152, 174, 172, 234, 228, 288, 140, 250, 359, 269, 355, 361, 301, 373, 292, 386, 178, 203, 189, 131, 390, 211, 224, 186, 394, 325, 279, 112, 332, 257, 384, 130, 376, 379, 99, 243, 143, 382, 171, 232, 214, 377, 157, 225, 180, 340, 294, 145, 280, 240, 263, 236, 109, 331, 245, 344, 108, 231, 276, 283, 197, 124, 194, 255, 299, 308, 367, 338, 142, 127, 176, 147, 396, 137, 208, 254, 100, 164, 362, 113, 187, 360, 403, 307, 159, 310, 399, 324, 239, 327, 302, 374, 160, 227, 326, 246, 358, 237, 117, 114, 148, 102, 345, 223, 366, 191, 304, 329, 350, 230, 342, 235, 393, 372, 132, 378, 119, 306, 169, 173, 262, 192, 335, 363, 389, 184, 141, 264, 134, 368, 175, 315, 271, 213, 107, 398, 222, 400, 261, 166, 404, 238, 220, 296, 181, 347, 339, 219, 295, 402, 168, 136, 388, 323, 103, 266, 233, 163, 385, 278, 369, 371, 188, 375, 275, 201, 247, 115, 206, 183, 259, 370, 120, 128, 274, 204, 198, 154, 284, 104, 126, 297, 252, 106, 199, 401, 346, 395, 336, 215, 405, 212, 122, 356, 381, 95, 110, 123, 158, 96, 150, 133, 226, 139, 242, 397, 156, 333, 218, 248, 98, 105, 341, 170, 249, 146, 253, 348, 258, 352, 351, 334, 277, 185, 97, 161, 321, 196, 285, 380, 281, 265, 349, 290, 121, 286, 200, 291, 270, 251, 125, 364, 337, 144, 282, 300, 322, 287, 313, 216, 195, 365, 298, 165, 267, 217, 314, 182, 256, 330, 229, 151, 116, 303, 392, 289, 320, 135, 207, 383, 179, 167, 149, 210, 319, 221, 209, 268, 353, 202, 317, 293, 273, 343, 318]"
algo_spea2,35,-21.206802211538463,6.823197788461538,23.493197788461536,"[20, 66, 45, 85, 63, 42, 81, 69, 87, 37, 4, 30, 83, 49, 67, 65, 59, 55, 44, 13, 11, 75, 17, 36, 9, 35, 34, 25, 80, 54, 56, 19, 16, 90, 24, 94, 2, 53, 86, 12, 71, 76, 33, 57, 51, 62, 40, 46, 3, 48, 26, 89, 7, 43, 32, 47, 38, 1, 23, 74, 14, 29, 77, 84, 79, 22, 60, 21, 5, 61, 70, 93, 88, 6, 41, 31, 91, 68, 18, 58, 78, 8, 10, 82, 64, 39, 52, 15, 50, 28, 92, 72, 27, 73]","[339, 219, 344, 205, 319, 305, 321, 332, 146, 211, 394, 391, 156, 322, 299, 170, 360, 356, 280, 142, 268, 194, 159, 354, 257, 302, 124, 117, 249, 389, 134, 347, 404, 215, 188, 186, 208, 317, 341, 125, 371, 345, 110, 230, 118, 206, 396, 337, 113, 304, 323, 150, 222, 355, 266, 353, 251, 254, 203, 264, 210, 183, 383, 138, 379, 318, 184, 166, 310, 171, 143, 213, 380, 368, 335, 374, 196, 342, 361, 193, 393, 238, 102, 402, 295, 340, 177, 172, 301, 309, 173, 131, 326, 363, 359, 180, 260, 273, 329, 320, 303, 262, 167, 232, 328, 227, 240, 140, 294, 245, 121, 161, 261, 244, 223, 343, 123, 366, 312, 285, 111, 100, 201, 236, 178, 231, 274, 397, 293, 233, 306, 214, 277, 281, 175, 401, 108, 101, 286, 114, 129, 226, 99, 284, 382, 218, 265, 307, 207, 127, 153, 375, 334, 212, 325, 164, 209, 241, 181, 115, 278, 119, 405, 163, 220, 311, 116, 381, 160, 199, 296, 247, 105, 358, 120, 246, 327, 191, 228, 122, 292, 128, 276, 200, 390, 288, 176, 248, 97, 187, 147, 279, 275, 112, 104, 179, 197, 351, 348, 133, 204, 255, 369, 399, 155, 162, 289, 352, 221, 250, 137, 239, 283, 95, 198, 291, 403, 336, 158, 272, 96, 362, 152, 149, 132, 324, 174, 148, 157, 190, 350, 235, 372, 378, 385, 297, 392, 135, 192, 141, 315, 377, 338, 237, 168, 269, 388, 349, 370, 145, 300, 346, 400, 202, 169, 386, 282, 384, 258, 252, 189, 109, 144, 106, 308, 154, 263, 139, 224, 136, 376, 243, 242, 357, 225, 290, 270, 103, 130, 333, 185, 234, 387, 364, 373, 331, 316, 259, 253, 126, 287, 313, 216, 195, 365, 298, 165, 267, 217, 314, 182, 256, 330, 229, 151, 367, 395, 98, 271, 107, 398]"
algo_spea2,36,-66.13646479335104,19.72353520664896,47.763535206648974,"[76, 91, 68, 87, 44, 78, 69, 52, 66, 25, 17, 59, 11, 49, 37, 8, 36, 55, 75, 39, 28, 13, 81, 35, 10, 83, 31, 64, 20, 85, 63, 92, 19, 16, 90, 24, 94, 2, 53, 86, 12, 71, 82, 33, 57, 51, 1, 40, 46, 3, 48, 26, 89, 7, 43, 32, 47, 38, 62, 14, 29, 77, 84, 23, 74, 22, 60, 21, 30, 42, 70, 93, 88, 6, 41, 18, 5, 61, 9, 56, 72, 58, 80, 15, 54, 27, 73, 45, 4, 50, 34, 67, 65, 79]","[177, 311, 354, 260, 162, 191, 190, 272, 346, 153, 309, 328, 138, 357, 111, 387, 312, 155, 241, 101, 316, 391, 305, 205, 129, 244, 193, 152, 174, 172, 234, 228, 288, 140, 250, 359, 269, 284, 355, 361, 301, 373, 292, 386, 178, 203, 189, 131, 390, 211, 224, 186, 394, 325, 279, 112, 332, 257, 384, 130, 376, 379, 99, 243, 143, 382, 171, 232, 214, 377, 157, 225, 180, 340, 294, 145, 280, 240, 263, 236, 109, 331, 245, 344, 108, 231, 276, 283, 197, 124, 194, 255, 299, 308, 367, 338, 142, 127, 176, 395, 147, 396, 137, 208, 254, 100, 164, 362, 113, 187, 360, 403, 307, 159, 310, 401, 399, 324, 239, 327, 302, 374, 160, 227, 326, 246, 358, 237, 117, 114, 148, 102, 345, 223, 366, 118, 304, 329, 350, 230, 342, 235, 393, 372, 132, 378, 119, 297, 306, 169, 173, 262, 192, 335, 363, 389, 184, 141, 264, 199, 134, 368, 175, 315, 271, 213, 107, 398, 222, 400, 261, 166, 404, 238, 220, 296, 181, 347, 339, 219, 295, 402, 168, 136, 388, 323, 103, 266, 233, 163, 385, 278, 369, 371, 188, 375, 275, 104, 126, 201, 252, 106, 247, 115, 206, 183, 259, 370, 120, 128, 274, 204, 198, 154, 336, 215, 405, 212, 122, 356, 381, 95, 110, 123, 158, 96, 150, 133, 226, 139, 242, 397, 156, 333, 218, 248, 98, 105, 341, 170, 249, 146, 253, 348, 258, 352, 351, 334, 277, 185, 97, 161, 321, 196, 285, 380, 281, 265, 349, 290, 121, 286, 200, 291, 270, 251, 125, 364, 337, 144, 282, 300, 322, 287, 313, 216, 195, 365, 298, 165, 267, 217, 314, 182, 256, 330, 229, 151, 116, 303, 392, 289, 320, 135, 207, 383, 179, 167, 149, 210, 319, 221, 209, 268, 353, 202, 317, 293, 273, 343, 318]"
algo_spea2,37,-37.0702972625,14.009702737500001,17.329702737500003,"[24, 94, 7, 67, 30, 55, 62, 82, 52, 3, 26, 14, 19, 38, 84, 32, 44, 53, 83, 74, 73, 41, 64, 17, 42, 81, 36, 20, 9, 70, 49, 51, 12, 46, 90, 5, 71, 35, 47, 23, 40, 22, 58, 86, 92, 56, 16, 33, 34, 76, 60, 75, 61, 66, 1, 10, 89, 68, 18, 80, 57, 37, 78, 28, 29, 85, 21, 50, 39, 63, 2, 59, 43, 27, 65, 77, 91, 88, 79, 6, 45, 13, 72, 15, 31, 93, 8, 48, 11, 87, 25, 54, 69, 4]","[354, 403, 360, 396, 158, 334, 385, 106, 266, 118, 183, 96, 251, 362, 152, 268, 325, 337, 109, 394, 255, 113, 200, 174, 208, 350, 144, 392, 264, 134, 271, 220, 344, 150, 138, 338, 105, 125, 275, 210, 156, 252, 308, 242, 191, 319, 211, 185, 387, 364, 316, 98, 299, 322, 176, 254, 248, 97, 217, 104, 355, 386, 353, 225, 184, 300, 310, 171, 212, 267, 224, 213, 380, 290, 291, 374, 196, 342, 361, 193, 393, 238, 102, 314, 340, 177, 172, 301, 309, 373, 173, 131, 326, 363, 391, 359, 180, 260, 376, 273, 329, 139, 320, 303, 262, 368, 175, 315, 222, 400, 261, 166, 404, 383, 181, 347, 339, 219, 295, 402, 168, 323, 119, 278, 188, 375, 126, 203, 115, 256, 170, 133, 253, 258, 189, 202, 232, 328, 227, 240, 140, 294, 245, 130, 367, 121, 161, 244, 223, 365, 343, 123, 366, 263, 312, 285, 111, 269, 100, 331, 333, 103, 201, 236, 178, 231, 274, 397, 293, 233, 270, 136, 306, 214, 277, 281, 401, 108, 101, 286, 114, 129, 226, 99, 327, 198, 305, 297, 371, 160, 332, 205, 382, 296, 287, 167, 229, 345, 282, 164, 162, 384, 169, 265, 107, 243, 304, 197, 179, 234, 317, 352, 321, 110, 146, 135, 349, 190, 357, 279, 112, 246, 235, 330, 122, 341, 247, 257, 127, 159, 377, 346, 259, 137, 230, 163, 221, 187, 186, 228, 165, 395, 147, 120, 128, 313, 195, 204, 378, 154, 336, 311, 157, 215, 272, 405, 143, 280, 117, 216, 356, 372, 335, 388, 284, 381, 95, 289, 389, 239, 141, 155, 199, 218, 153, 149, 116, 209, 148, 192, 132, 390, 237, 241, 288, 207, 194, 142, 124, 292, 302, 398, 324, 182, 351, 348, 298, 151, 370, 369, 399, 276, 206, 250, 379, 318, 145, 358, 249, 283, 307]"
algo_spea2,38,-93.19547570750001,26.7745242925,81.10452429249999,"[92, 78, 28, 17, 59, 64, 15, 10, 65, 9, 83, 63, 20, 37, 81, 11, 67, 18, 72, 69, 27, 82, 4, 49, 8, 45, 58, 71, 87, 25, 53, 54, 56, 19, 16, 90, 24, 94, 2, 80, 86, 12, 52, 22, 33, 57, 51, 62, 40, 46, 3, 48, 26, 89, 7, 43, 32, 47, 38, 1, 14, 29, 77, 84, 79, 23, 74, 76, 60, 21, 30, 61, 70, 93, 88, 6, 41, 31, 39, 50, 36, 91, 5, 68, 55, 42, 73, 66, 35, 44, 75, 85, 34, 13]","[162, 231, 110, 364, 307, 166, 142, 247, 197, 327, 363, 107, 336, 275, 278, 134, 244, 177, 105, 122, 284, 246, 279, 161, 323, 293, 176, 315, 273, 312, 339, 102, 325, 265, 375, 188, 295, 148, 98, 318, 196, 221, 191, 192, 128, 326, 286, 345, 304, 262, 352, 201, 118, 340, 200, 204, 281, 361, 297, 108, 141, 232, 404, 172, 164, 292, 158, 398, 241, 213, 129, 321, 294, 171, 157, 378, 309, 250, 174, 220, 366, 140, 268, 272, 351, 206, 335, 350, 209, 381, 150, 248, 288, 342, 117, 120, 95, 138, 367, 396, 380, 156, 255, 159, 123, 153, 178, 228, 203, 334, 277, 306, 261, 260, 194, 160, 257, 212, 343, 310, 317, 395, 240, 214, 329, 109, 362, 121, 230, 233, 249, 223, 115, 399, 360, 114, 341, 276, 143, 184, 296, 125, 397, 254, 100, 124, 190, 112, 371, 271, 96, 215, 218, 251, 183, 394, 369, 401, 283, 382, 198, 374, 302, 285, 280, 170, 173, 402, 353, 163, 219, 390, 97, 337, 179, 167, 149, 210, 319, 146, 155, 132, 291, 227, 127, 347, 119, 113, 226, 405, 324, 99, 393, 111, 389, 193, 137, 356, 332, 328, 187, 186, 311, 238, 222, 180, 199, 301, 372, 305, 239, 266, 322, 104, 175, 383, 274, 245, 348, 379, 207, 299, 385, 359, 403, 147, 358, 181, 205, 208, 355, 354, 391, 264, 235, 236, 344, 101, 131, 133, 368, 377, 338, 237, 168, 269, 388, 349, 370, 145, 300, 346, 400, 202, 169, 386, 282, 384, 258, 252, 189, 211, 144, 106, 308, 154, 263, 139, 224, 136, 376, 243, 242, 357, 225, 290, 270, 103, 130, 333, 185, 234, 387, 152, 373, 331, 316, 259, 253, 126, 287, 313, 216, 195, 365, 298, 165, 267, 217, 314, 182, 256, 330, 229, 151, 116, 303, 392, 289, 320, 135]"
algo_spea2,39,-95.54493593111096,37.915064068889045,77.85506406888904,"[91, 61, 85, 21, 89, 80, 6, 14, 77, 32, 62, 66, 24, 93, 57, 18, 44, 53, 83, 74, 73, 41, 64, 17, 42, 81, 36, 20, 9, 70, 49, 51, 12, 46, 90, 5, 71, 35, 47, 23, 40, 22, 58, 86, 92, 56, 16, 33, 34, 76, 60, 75, 11, 25, 1, 10, 54, 94, 72, 19, 68, 87, 69, 28, 59, 43, 27, 8, 39, 84, 67, 2, 3, 13, 31, 65, 55, 88, 38, 29, 52, 50, 48, 37, 4, 15, 45, 30, 7, 79, 78, 26, 82, 63]","[349, 275, 282, 144, 106, 290, 270, 103, 387, 322, 127, 153, 334, 318, 164, 209, 268, 202, 273, 118, 254, 357, 220, 160, 358, 206, 310, 250, 237, 137, 379, 167, 114, 269, 239, 274, 249, 117, 244, 307, 216, 198, 291, 354, 312, 155, 241, 296, 369, 324, 101, 316, 247, 391, 305, 233, 205, 129, 314, 152, 266, 395, 174, 136, 234, 228, 288, 140, 398, 141, 348, 287, 359, 227, 199, 102, 345, 223, 366, 329, 320, 350, 230, 284, 378, 306, 116, 169, 303, 173, 135, 335, 389, 184, 213, 355, 361, 301, 149, 373, 392, 292, 304, 386, 264, 368, 175, 315, 222, 400, 261, 166, 404, 383, 181, 347, 339, 219, 295, 402, 168, 323, 119, 278, 188, 375, 126, 203, 115, 256, 170, 133, 253, 258, 189, 131, 390, 201, 298, 330, 165, 211, 224, 380, 394, 325, 279, 319, 112, 332, 146, 257, 252, 302, 159, 384, 134, 130, 376, 192, 235, 99, 297, 143, 382, 171, 163, 232, 214, 377, 246, 225, 180, 341, 340, 294, 145, 280, 104, 240, 263, 236, 109, 331, 245, 344, 108, 231, 178, 276, 283, 197, 182, 124, 183, 259, 370, 218, 120, 128, 321, 177, 195, 243, 238, 363, 342, 193, 385, 311, 381, 138, 161, 125, 309, 207, 157, 190, 107, 262, 371, 204, 154, 336, 215, 405, 212, 122, 356, 95, 289, 158, 139, 150, 267, 110, 242, 96, 397, 226, 123, 156, 333, 248, 98, 105, 132, 194, 255, 299, 229, 308, 367, 338, 142, 293, 353, 185, 191, 364, 179, 260, 147, 351, 151, 210, 217, 327, 187, 326, 346, 176, 313, 286, 97, 285, 399, 365, 162, 172, 352, 401, 221, 403, 360, 265, 396, 374, 343, 186, 272, 388, 277, 251, 362, 111, 196, 100, 113, 200, 148, 208, 393, 372, 271, 281, 328, 317, 300, 121, 337]"
algo_spea2,40,-40.78776242698051,15.882237573019495,19.112237573019495,"[37, 8, 65, 54, 39, 43, 29, 77, 28, 75, 4, 27, 30, 89, 50, 93, 18, 53, 83, 74, 73, 41, 64, 17, 42, 81, 36, 20, 9, 70, 49, 51, 46, 90, 5, 71, 35, 47, 23, 40, 22, 58, 86, 63, 56, 16, 33, 62, 91, 52, 15, 48, 69, 14, 60, 13, 10, 32, 45, 3, 12, 34, 57, 82, 31, 80, 19, 67, 2, 24, 88, 38, 85, 61, 72, 26, 55, 21, 94, 84, 1, 92, 6, 79, 76, 68, 87, 7, 44, 78, 66, 25, 59, 11]","[161, 287, 321, 232, 285, 234, 349, 341, 290, 139, 376, 263, 267, 369, 391, 293, 176, 236, 164, 310, 300, 268, 204, 316, 270, 312, 246, 163, 340, 128, 193, 385, 125, 375, 134, 104, 126, 129, 252, 106, 401, 346, 395, 247, 206, 259, 361, 136, 399, 353, 273, 372, 314, 291, 102, 403, 360, 265, 171, 202, 228, 357, 112, 196, 368, 179, 272, 400, 154, 332, 275, 182, 387, 304, 255, 191, 197, 210, 109, 358, 318, 355, 370, 147, 114, 120, 326, 159, 336, 396, 374, 343, 158, 186, 371, 188, 345, 377, 388, 277, 160, 223, 183, 201, 96, 240, 195, 251, 362, 207, 122, 152, 111, 149, 381, 311, 100, 215, 309, 229, 405, 203, 153, 113, 214, 140, 301, 177, 200, 256, 132, 324, 174, 327, 148, 124, 330, 208, 157, 190, 397, 350, 230, 342, 235, 393, 121, 284, 378, 297, 306, 116, 169, 303, 173, 392, 262, 135, 192, 335, 363, 389, 184, 141, 264, 199, 298, 175, 315, 271, 213, 107, 398, 222, 261, 166, 404, 239, 220, 383, 296, 181, 347, 339, 219, 295, 402, 281, 286, 170, 323, 359, 101, 344, 328, 150, 168, 142, 115, 205, 138, 317, 97, 137, 384, 212, 226, 123, 217, 280, 365, 143, 156, 218, 95, 98, 305, 105, 216, 249, 253, 348, 103, 278, 282, 198, 352, 356, 189, 131, 329, 386, 209, 322, 167, 394, 266, 325, 279, 250, 221, 319, 238, 337, 269, 144, 333, 146, 258, 233, 294, 367, 133, 288, 248, 354, 390, 117, 165, 254, 313, 211, 187, 172, 119, 224, 373, 380, 155, 110, 289, 257, 242, 118, 364, 274, 244, 331, 245, 108, 231, 292, 227, 178, 276, 283, 237, 241, 194, 299, 382, 308, 366, 338, 99, 130, 260, 151, 127, 351, 320, 334, 145, 307, 180, 302, 185, 225, 162, 243, 379]"
algo_spea2,41,-21.6,11.059999999999999,12.8,"[8, 36, 65, 39, 43, 29, 37, 40, 15, 30, 93, 7, 79, 78, 26, 92, 91, 61, 85, 21, 89, 80, 53, 6, 52, 20, 14, 17, 86, 70, 77, 49, 66, 56, 24, 47, 16, 42, 44, 60, 75, 9, 11, 5, 64, 25, 1, 38, 54, 71, 51, 73, 94, 23, 2, 67, 22, 18, 13, 27, 81, 35, 10, 32, 45, 83, 50, 3, 48, 12, 34, 57, 82, 62, 4, 31, 90, 88, 46, 72, 55, 58, 63, 84, 19, 76, 68, 87, 69, 41, 28, 59, 74, 33]","[318, 179, 177, 311, 354, 260, 372, 162, 191, 190, 272, 147, 396, 208, 254, 100, 362, 113, 187, 360, 403, 307, 401, 399, 239, 327, 374, 160, 326, 358, 346, 393, 388, 176, 153, 139, 148, 118, 275, 156, 309, 328, 167, 138, 103, 357, 352, 271, 220, 111, 106, 242, 387, 237, 312, 206, 155, 241, 296, 369, 336, 324, 101, 316, 247, 391, 305, 233, 205, 183, 129, 105, 204, 244, 314, 193, 152, 266, 123, 395, 174, 136, 172, 234, 310, 228, 288, 140, 398, 141, 250, 348, 164, 287, 359, 122, 313, 267, 227, 199, 117, 114, 102, 345, 223, 366, 329, 320, 350, 230, 342, 269, 284, 378, 385, 306, 116, 169, 173, 262, 135, 335, 363, 389, 184, 213, 355, 361, 301, 149, 373, 392, 292, 304, 386, 264, 368, 175, 315, 222, 400, 261, 166, 404, 383, 181, 347, 339, 219, 295, 402, 168, 178, 303, 323, 119, 278, 188, 375, 126, 203, 115, 259, 370, 218, 120, 128, 256, 274, 198, 154, 215, 405, 216, 356, 365, 289, 158, 150, 110, 397, 226, 333, 248, 170, 133, 249, 253, 258, 189, 131, 390, 201, 195, 298, 330, 165, 211, 224, 380, 394, 325, 279, 319, 112, 332, 146, 257, 252, 302, 159, 384, 134, 130, 376, 212, 192, 235, 137, 379, 207, 99, 297, 243, 143, 382, 171, 163, 95, 132, 232, 98, 214, 377, 157, 246, 96, 225, 238, 371, 180, 341, 107, 340, 294, 145, 280, 104, 240, 263, 236, 109, 331, 245, 344, 108, 231, 276, 283, 197, 182, 124, 194, 255, 299, 229, 308, 367, 338, 142, 151, 127, 351, 334, 277, 185, 97, 161, 321, 196, 285, 186, 281, 265, 349, 290, 121, 286, 200, 291, 270, 251, 125, 364, 337, 144, 381, 210, 282, 300, 322, 221, 209, 268, 353, 202, 273, 217, 317, 293, 343]"
algo_spea2,42,-48.172291202500006,24.9877087975,15.7277087975,"[85, 5, 61, 81, 59, 9, 65, 46, 44, 23, 17, 16, 70, 72, 25, 52, 18, 53, 19, 73, 21, 93, 56, 29, 8, 40, 58, 43, 6, 7, 1, 14, 79, 84, 22, 89, 27, 69, 30, 86, 63, 54, 67, 20, 49, 35, 3, 92, 74, 60, 75, 47, 32, 45, 83, 50, 2, 48, 12, 34, 57, 82, 62, 4, 51, 64, 11, 26, 76, 31, 42, 36, 71, 39, 80, 66, 55, 88, 38, 28, 78, 77, 24, 90, 10, 13, 87, 91, 15, 33, 94, 41, 68, 37]","[391, 293, 300, 233, 268, 312, 204, 316, 270, 162, 103, 125, 106, 401, 346, 395, 247, 136, 399, 353, 139, 314, 357, 388, 160, 183, 251, 362, 152, 111, 311, 100, 242, 309, 153, 113, 177, 200, 324, 174, 327, 148, 208, 190, 393, 121, 271, 239, 220, 336, 156, 307, 217, 352, 358, 147, 191, 123, 365, 118, 360, 296, 305, 105, 144, 364, 275, 260, 205, 343, 317, 210, 354, 254, 187, 209, 101, 322, 167, 266, 272, 372, 221, 172, 234, 310, 228, 288, 140, 398, 141, 250, 348, 164, 287, 359, 122, 313, 267, 227, 199, 117, 114, 102, 345, 223, 366, 329, 320, 350, 230, 342, 269, 284, 378, 385, 306, 116, 169, 303, 173, 262, 135, 335, 363, 389, 184, 213, 355, 361, 301, 149, 373, 392, 292, 304, 386, 264, 368, 175, 315, 222, 400, 261, 166, 404, 383, 181, 347, 339, 219, 295, 402, 168, 323, 119, 278, 188, 375, 126, 203, 115, 259, 370, 218, 120, 128, 256, 274, 198, 154, 215, 405, 216, 356, 381, 289, 158, 150, 110, 397, 226, 333, 248, 170, 133, 249, 253, 258, 189, 131, 390, 201, 195, 298, 330, 165, 211, 224, 380, 394, 325, 279, 319, 112, 332, 146, 257, 252, 302, 159, 384, 134, 130, 376, 212, 192, 235, 137, 379, 207, 99, 297, 243, 143, 382, 171, 163, 95, 132, 232, 98, 214, 377, 157, 246, 96, 225, 238, 371, 180, 341, 107, 340, 294, 145, 280, 104, 240, 263, 236, 109, 331, 245, 344, 108, 231, 178, 276, 283, 197, 182, 124, 194, 255, 299, 229, 308, 367, 338, 142, 151, 127, 351, 334, 277, 185, 97, 161, 321, 196, 285, 186, 281, 265, 349, 290, 244, 387, 237, 328, 286, 282, 337, 396, 138, 155, 374, 241, 326, 291, 318, 129, 193, 176, 179, 403, 206, 202, 273, 369]"
algo_spea2,43,-95.40753274173792,30.212467258262073,72.89246725826207,"[91, 61, 85, 21, 89, 80, 6, 14, 77, 62, 66, 24, 93, 57, 18, 44, 53, 83, 74, 73, 43, 64, 17, 42, 81, 36, 20, 9, 70, 49, 51, 12, 46, 90, 5, 71, 47, 23, 40, 22, 58, 86, 92, 56, 16, 33, 34, 76, 60, 19, 11, 25, 1, 54, 94, 72, 27, 35, 10, 32, 41, 75, 68, 87, 69, 28, 59, 8, 39, 84, 67, 2, 3, 13, 31, 65, 55, 88, 38, 29, 52, 50, 48, 37, 4, 15, 45, 30, 7, 79, 78, 26, 82, 63]","[327, 374, 160, 326, 358, 346, 393, 388, 176, 153, 148, 118, 275, 328, 103, 357, 271, 220, 111, 106, 387, 172, 352, 401, 221, 206, 310, 250, 237, 137, 379, 167, 114, 269, 239, 274, 249, 117, 244, 307, 216, 198, 291, 354, 312, 155, 241, 296, 369, 324, 101, 316, 247, 391, 305, 233, 205, 129, 314, 152, 266, 395, 174, 136, 234, 228, 288, 140, 398, 141, 348, 287, 359, 227, 199, 102, 345, 223, 366, 329, 320, 350, 230, 284, 378, 306, 116, 169, 303, 173, 135, 335, 389, 184, 213, 355, 361, 301, 149, 373, 392, 292, 304, 386, 264, 368, 175, 315, 222, 400, 261, 166, 404, 383, 181, 347, 339, 219, 295, 402, 168, 323, 119, 278, 188, 375, 126, 203, 115, 256, 170, 133, 253, 258, 189, 131, 390, 201, 298, 330, 165, 211, 224, 380, 394, 325, 279, 319, 112, 332, 146, 257, 252, 302, 159, 384, 134, 130, 376, 192, 235, 99, 297, 143, 382, 171, 163, 232, 214, 377, 246, 225, 180, 341, 340, 294, 145, 280, 104, 240, 263, 236, 109, 331, 245, 344, 108, 231, 178, 276, 283, 197, 182, 124, 183, 259, 370, 218, 120, 128, 321, 177, 195, 243, 238, 363, 342, 193, 385, 311, 381, 138, 161, 125, 309, 207, 157, 190, 107, 262, 371, 204, 154, 336, 215, 405, 212, 122, 356, 95, 289, 158, 139, 150, 267, 110, 242, 96, 397, 226, 123, 156, 333, 248, 98, 105, 132, 194, 255, 299, 229, 308, 367, 338, 142, 293, 353, 185, 191, 364, 179, 260, 147, 351, 151, 210, 217, 286, 97, 164, 285, 365, 162, 196, 396, 343, 186, 272, 277, 251, 265, 200, 372, 281, 317, 300, 121, 313, 337, 349, 282, 144, 290, 270, 322, 127, 334, 318, 209, 268, 202, 273, 208, 254, 100, 362, 113, 187, 360, 403, 399]"
algo_spea2,44,-84.26706526875,26.82293473125,58.732934731250005,"[91, 61, 85, 21, 89, 80, 6, 52, 14, 77, 32, 62, 66, 93, 57, 18, 44, 53, 83, 74, 73, 41, 64, 17, 42, 81, 36, 20, 9, 70, 49, 51, 12, 46, 90, 5, 71, 35, 47, 23, 40, 27, 58, 86, 92, 56, 16, 33, 3, 76, 60, 75, 11, 34, 1, 10, 54, 31, 94, 67, 72, 55, 19, 68, 87, 69, 28, 59, 65, 39, 43, 29, 22, 50, 48, 4, 15, 45, 30, 7, 2, 24, 13, 88, 38, 37, 25, 8, 79, 84, 78, 26, 82, 63]","[274, 249, 117, 283, 244, 291, 354, 165, 102, 403, 265, 159, 396, 374, 395, 211, 106, 224, 322, 380, 329, 209, 119, 254, 349, 228, 186, 188, 327, 397, 158, 222, 239, 336, 307, 253, 145, 198, 217, 352, 358, 97, 302, 147, 191, 351, 348, 151, 123, 365, 289, 216, 95, 360, 383, 142, 299, 105, 114, 185, 364, 304, 260, 170, 98, 343, 355, 371, 272, 345, 377, 388, 277, 223, 96, 240, 195, 251, 362, 207, 122, 152, 111, 196, 149, 100, 309, 229, 203, 255, 113, 214, 301, 177, 200, 256, 132, 324, 174, 148, 124, 208, 157, 190, 350, 230, 235, 393, 372, 378, 385, 297, 306, 169, 303, 392, 135, 192, 335, 363, 389, 184, 141, 264, 134, 368, 175, 315, 271, 213, 107, 398, 400, 261, 404, 238, 347, 339, 219, 402, 281, 171, 323, 359, 101, 344, 328, 150, 205, 317, 300, 292, 338, 319, 121, 194, 305, 321, 337, 332, 146, 109, 218, 99, 394, 356, 391, 125, 227, 210, 341, 156, 236, 312, 282, 384, 296, 252, 189, 144, 298, 308, 154, 263, 139, 136, 376, 242, 225, 290, 270, 103, 234, 387, 262, 127, 342, 110, 382, 153, 267, 366, 259, 375, 166, 140, 334, 212, 318, 325, 201, 130, 143, 164, 268, 320, 295, 129, 330, 241, 202, 273, 118, 181, 115, 278, 333, 168, 266, 405, 243, 163, 183, 357, 215, 220, 311, 245, 116, 284, 275, 381, 160, 128, 199, 131, 340, 173, 258, 233, 294, 367, 247, 138, 120, 257, 226, 293, 353, 246, 108, 373, 179, 187, 326, 346, 176, 316, 204, 193, 288, 287, 313, 126, 248, 361, 386, 286, 104, 133, 390, 279, 112, 331, 197, 182, 180, 161, 285, 370, 369, 399, 155, 162, 231, 314, 172, 178, 280, 232, 276, 401, 221, 206, 310, 250, 237, 137, 379, 167, 269]"
algo_spea2,45,-96.27011677250002,30.1298832275,79.6298832275,"[92, 91, 68, 87, 44, 78, 69, 66, 42, 25, 16, 17, 59, 11, 49, 37, 8, 36, 65, 54, 39, 28, 13, 27, 35, 10, 45, 83, 50, 34, 82, 90, 24, 94, 2, 80, 86, 12, 52, 22, 33, 57, 62, 40, 46, 3, 89, 7, 43, 32, 47, 48, 26, 38, 1, 14, 29, 77, 84, 79, 23, 74, 76, 60, 21, 4, 70, 58, 51, 64, 30, 61, 93, 88, 6, 41, 73, 20, 75, 67, 18, 85, 5, 81, 9, 56, 72, 55, 53, 19, 31, 63, 71, 15]","[267, 231, 336, 152, 307, 166, 142, 247, 197, 327, 363, 107, 188, 275, 278, 134, 244, 177, 105, 122, 284, 246, 279, 161, 323, 293, 176, 315, 273, 312, 339, 102, 325, 265, 375, 110, 295, 148, 98, 318, 196, 221, 191, 192, 128, 326, 286, 345, 304, 262, 352, 201, 118, 340, 200, 204, 281, 361, 297, 108, 141, 232, 404, 114, 164, 292, 158, 398, 241, 213, 129, 321, 294, 171, 157, 378, 309, 250, 174, 220, 366, 140, 268, 272, 351, 206, 335, 350, 209, 381, 150, 248, 288, 342, 117, 120, 95, 138, 367, 396, 380, 156, 255, 159, 123, 153, 178, 228, 203, 334, 277, 306, 261, 260, 194, 160, 257, 212, 343, 310, 317, 395, 240, 214, 329, 109, 362, 121, 230, 233, 249, 223, 115, 399, 360, 172, 341, 276, 143, 184, 296, 125, 397, 254, 100, 124, 190, 112, 371, 271, 96, 215, 218, 251, 183, 394, 369, 401, 283, 382, 198, 374, 302, 285, 280, 170, 173, 402, 353, 163, 219, 390, 97, 337, 179, 167, 149, 210, 319, 146, 155, 132, 291, 227, 127, 347, 119, 113, 226, 405, 324, 99, 393, 111, 389, 193, 137, 356, 332, 328, 187, 186, 311, 238, 222, 180, 199, 301, 372, 305, 239, 266, 322, 104, 175, 383, 274, 245, 348, 379, 207, 299, 385, 359, 403, 147, 358, 181, 205, 208, 355, 354, 391, 264, 235, 236, 344, 101, 131, 133, 368, 377, 338, 237, 168, 269, 388, 349, 370, 145, 300, 346, 400, 202, 169, 386, 282, 384, 258, 252, 189, 211, 144, 106, 308, 154, 263, 139, 224, 136, 376, 243, 242, 357, 225, 290, 270, 103, 130, 333, 185, 234, 387, 303, 316, 135, 116, 256, 392, 320, 162, 229, 289, 151, 287, 364, 373, 365, 314, 126, 259, 217, 216, 253, 298, 330, 165, 313, 182, 195, 331]"
algo_spea2,46,-51.333057354238896,14.246942645761099,35.8669426457611,"[30, 6, 79, 76, 91, 87, 7, 44, 78, 69, 17, 52, 21, 10, 37, 60, 24, 92, 68, 49, 5, 23, 53, 70, 16, 89, 27, 83, 35, 42, 46, 65, 41, 66, 25, 59, 11, 33, 8, 36, 54, 39, 43, 29, 77, 28, 75, 47, 13, 32, 45, 50, 3, 48, 12, 34, 57, 82, 62, 4, 31, 51, 80, 19, 64, 73, 20, 67, 2, 63, 22, 18, 90, 14, 88, 38, 85, 61, 81, 56, 93, 9, 72, 26, 55, 71, 74, 58, 94, 40, 86, 15, 84, 1]","[383, 347, 339, 323, 101, 168, 97, 123, 217, 95, 305, 198, 352, 386, 122, 105, 226, 402, 357, 209, 165, 109, 393, 205, 212, 126, 356, 125, 285, 225, 244, 394, 254, 129, 108, 291, 121, 116, 208, 153, 191, 100, 389, 259, 202, 337, 131, 142, 216, 167, 157, 274, 170, 234, 351, 210, 321, 235, 237, 133, 213, 330, 320, 239, 102, 138, 158, 392, 203, 236, 144, 263, 110, 119, 182, 375, 278, 260, 151, 229, 381, 181, 360, 246, 355, 201, 348, 319, 332, 367, 180, 365, 196, 187, 230, 382, 317, 199, 273, 373, 362, 197, 326, 397, 342, 255, 228, 171, 159, 284, 363, 312, 243, 238, 379, 150, 224, 118, 184, 114, 115, 271, 152, 143, 301, 304, 242, 258, 318, 106, 388, 384, 98, 211, 169, 297, 149, 227, 277, 200, 233, 174, 218, 296, 405, 241, 251, 270, 112, 231, 334, 359, 306, 248, 166, 400, 262, 161, 113, 294, 265, 140, 399, 130, 368, 315, 295, 249, 328, 96, 267, 292, 340, 286, 269, 276, 195, 341, 204, 141, 261, 345, 324, 401, 192, 220, 380, 385, 137, 247, 128, 127, 103, 325, 148, 232, 154, 214, 223, 176, 282, 371, 280, 283, 222, 303, 257, 193, 290, 250, 313, 120, 344, 155, 369, 390, 370, 336, 354, 186, 117, 308, 329, 310, 215, 396, 179, 219, 135, 387, 136, 309, 391, 156, 189, 307, 322, 331, 293, 207, 134, 300, 374, 372, 281, 377, 403, 253, 145, 398, 327, 266, 279, 221, 333, 146, 289, 364, 288, 245, 178, 299, 366, 338, 99, 302, 185, 162, 287, 349, 376, 164, 268, 316, 163, 104, 252, 346, 395, 206, 361, 353, 139, 314, 272, 275, 172, 358, 147, 343, 188, 194, 160, 183, 240, 111, 311, 177, 256, 132, 124, 190, 350, 378, 173, 335, 264, 298, 175, 107, 404]"
algo_spea2,47,-83.96419593912968,22.51580406087033,71.03580406087033,"[18, 78, 28, 17, 54, 64, 15, 10, 80, 9, 83, 63, 20, 37, 81, 11, 67, 72, 69, 27, 76, 4, 49, 8, 45, 14, 52, 87, 25, 65, 59, 56, 19, 16, 90, 24, 94, 2, 53, 86, 12, 71, 82, 33, 57, 51, 1, 40, 46, 3, 48, 26, 89, 7, 43, 32, 47, 38, 62, 58, 29, 77, 84, 23, 74, 22, 60, 21, 30, 42, 70, 93, 88, 6, 41, 31, 39, 5, 68, 50, 36, 91, 55, 92, 79, 61, 73, 66, 35, 44, 75, 85, 34, 13]","[162, 231, 110, 152, 307, 166, 142, 247, 197, 327, 363, 107, 188, 275, 278, 134, 244, 177, 105, 122, 284, 246, 279, 161, 323, 293, 176, 315, 273, 312, 339, 102, 325, 265, 375, 336, 295, 148, 98, 318, 196, 221, 191, 192, 128, 326, 286, 345, 304, 262, 352, 201, 118, 340, 200, 204, 281, 361, 297, 108, 141, 232, 404, 114, 164, 292, 158, 398, 241, 213, 129, 321, 294, 171, 157, 378, 309, 250, 174, 220, 366, 302, 268, 272, 351, 206, 335, 350, 209, 381, 150, 248, 288, 342, 117, 120, 95, 138, 367, 396, 225, 156, 255, 159, 123, 153, 178, 228, 203, 334, 277, 306, 261, 260, 194, 160, 257, 212, 343, 310, 317, 395, 240, 214, 329, 109, 362, 121, 230, 233, 249, 223, 115, 399, 360, 172, 341, 276, 143, 184, 296, 125, 397, 254, 100, 124, 190, 112, 371, 271, 96, 215, 218, 251, 183, 394, 369, 401, 283, 382, 198, 374, 140, 285, 280, 173, 170, 402, 353, 163, 219, 390, 97, 337, 324, 99, 393, 111, 389, 193, 137, 356, 332, 328, 187, 186, 311, 238, 222, 180, 199, 301, 372, 305, 239, 322, 104, 175, 274, 245, 348, 379, 299, 385, 359, 103, 266, 119, 169, 403, 147, 358, 181, 205, 208, 355, 354, 391, 264, 235, 236, 344, 101, 131, 133, 368, 377, 338, 237, 168, 269, 388, 349, 370, 145, 300, 346, 400, 202, 386, 282, 384, 258, 252, 189, 211, 144, 106, 308, 154, 263, 139, 224, 136, 376, 243, 242, 357, 380, 290, 270, 130, 316, 185, 234, 387, 364, 373, 331, 333, 259, 253, 126, 287, 313, 216, 195, 365, 298, 165, 267, 217, 314, 182, 256, 330, 229, 151, 116, 303, 392, 289, 320, 135, 207, 383, 179, 167, 149, 210, 319, 146, 155, 132, 291, 227, 127, 347, 113, 226, 405]"
algo_spea2,48,-77.21298757615385,20.167012423846156,53.987012423846146,"[78, 28, 27, 59, 64, 15, 10, 65, 9, 83, 63, 20, 37, 81, 11, 67, 72, 69, 44, 68, 4, 49, 8, 45, 58, 52, 87, 25, 80, 54, 56, 19, 16, 90, 24, 94, 2, 53, 86, 12, 71, 76, 33, 57, 51, 62, 40, 46, 3, 48, 26, 89, 7, 43, 32, 47, 38, 1, 23, 74, 14, 29, 77, 84, 79, 22, 60, 21, 30, 61, 70, 93, 88, 6, 41, 31, 39, 50, 36, 91, 5, 82, 55, 18, 42, 73, 66, 35, 17, 75, 85, 34, 13, 92]","[108, 161, 326, 399, 123, 162, 231, 172, 178, 232, 276, 401, 221, 206, 310, 250, 318, 366, 167, 114, 129, 320, 279, 249, 117, 283, 244, 307, 95, 102, 360, 265, 159, 336, 396, 374, 343, 158, 272, 277, 110, 382, 166, 334, 212, 286, 345, 304, 352, 201, 118, 340, 200, 204, 223, 183, 301, 240, 251, 362, 122, 152, 196, 149, 381, 215, 309, 203, 255, 153, 214, 140, 177, 174, 327, 142, 124, 157, 350, 342, 284, 378, 297, 116, 303, 173, 392, 135, 192, 335, 363, 184, 315, 271, 213, 107, 398, 261, 404, 220, 296, 339, 219, 295, 402, 281, 171, 170, 323, 120, 150, 148, 115, 138, 317, 241, 292, 209, 268, 121, 194, 321, 380, 325, 337, 109, 329, 105, 128, 125, 210, 341, 156, 141, 160, 191, 306, 397, 198, 289, 312, 273, 218, 390, 164, 294, 288, 176, 254, 248, 260, 97, 302, 143, 361, 394, 246, 257, 112, 319, 146, 155, 132, 291, 227, 127, 347, 113, 226, 405, 324, 99, 393, 111, 389, 193, 137, 356, 332, 280, 293, 233, 163, 119, 278, 190, 369, 262, 371, 188, 100, 375, 134, 230, 275, 228, 353, 179, 247, 328, 187, 186, 311, 238, 222, 180, 199, 96, 372, 305, 239, 266, 322, 104, 175, 383, 274, 245, 348, 379, 207, 299, 385, 359, 403, 147, 358, 181, 205, 208, 355, 354, 391, 264, 235, 236, 344, 101, 131, 133, 368, 377, 338, 237, 168, 269, 388, 349, 370, 145, 300, 346, 400, 202, 169, 386, 282, 384, 258, 252, 189, 211, 144, 106, 308, 154, 263, 139, 224, 136, 376, 243, 242, 357, 225, 290, 270, 103, 130, 333, 185, 234, 387, 364, 373, 331, 316, 259, 253, 126, 287, 313, 216, 195, 365, 298, 165, 267, 217, 314, 182, 256, 330, 229, 151, 367, 395, 98, 197, 351, 285]"
algo_spea2,49,-82.491751725,24.218248274999997,63.708248274999995,"[91, 70, 68, 7, 44, 78, 41, 66, 28, 9, 40, 63, 20, 37, 81, 11, 67, 72, 69, 27, 82, 4, 49, 8, 45, 58, 52, 87, 25, 80, 54, 56, 19, 16, 90, 42, 17, 59, 53, 33, 36, 39, 43, 29, 77, 65, 60, 75, 47, 13, 35, 10, 32, 83, 50, 3, 48, 12, 34, 57, 62, 31, 51, 64, 73, 23, 2, 24, 22, 89, 18, 14, 88, 38, 85, 5, 61, 46, 93, 26, 55, 71, 74, 21, 94, 86, 15, 84, 1, 30, 92, 6, 79, 76]","[126, 129, 252, 401, 346, 395, 247, 206, 259, 361, 136, 399, 353, 273, 139, 314, 291, 354, 165, 102, 171, 202, 283, 357, 112, 196, 368, 179, 400, 154, 332, 275, 182, 387, 255, 172, 191, 197, 210, 109, 358, 318, 355, 370, 147, 114, 120, 326, 403, 360, 265, 159, 336, 396, 374, 343, 158, 272, 188, 377, 388, 277, 110, 382, 267, 375, 166, 334, 212, 286, 345, 304, 241, 106, 352, 338, 266, 201, 236, 118, 340, 119, 200, 204, 223, 183, 96, 240, 195, 251, 362, 207, 122, 152, 186, 371, 160, 111, 149, 381, 311, 100, 215, 309, 229, 405, 203, 153, 113, 214, 140, 301, 177, 256, 132, 324, 174, 327, 148, 124, 330, 208, 157, 190, 397, 350, 230, 342, 235, 393, 121, 284, 378, 297, 306, 116, 169, 303, 173, 392, 135, 192, 335, 363, 389, 184, 141, 264, 305, 298, 175, 315, 271, 213, 107, 398, 222, 261, 404, 239, 220, 383, 296, 181, 347, 339, 219, 295, 402, 281, 170, 323, 359, 101, 344, 328, 150, 168, 142, 115, 205, 366, 317, 97, 137, 384, 226, 123, 217, 280, 365, 143, 156, 218, 248, 95, 98, 199, 105, 133, 216, 249, 253, 348, 103, 258, 278, 282, 369, 356, 189, 131, 390, 117, 329, 254, 313, 211, 187, 386, 224, 373, 380, 209, 322, 167, 394, 325, 279, 250, 221, 319, 238, 337, 269, 144, 333, 146, 155, 289, 257, 242, 364, 274, 244, 288, 331, 245, 108, 231, 292, 227, 178, 276, 228, 237, 262, 194, 299, 308, 138, 367, 99, 130, 260, 151, 127, 351, 320, 145, 307, 180, 302, 185, 225, 162, 243, 379, 161, 287, 321, 232, 285, 234, 349, 341, 290, 372, 376, 263, 198, 391, 293, 176, 164, 310, 300, 233, 268, 316, 270, 312, 246, 163, 294, 128, 193, 385, 125, 134, 104]"
algo_spea2,50,-81.355847895768,32.35415210423201,57.24415210423203,"[91, 61, 85, 13, 21, 89, 80, 6, 27, 14, 77, 32, 62, 66, 24, 93, 57, 18, 44, 53, 83, 74, 73, 43, 64, 17, 42, 81, 36, 20, 9, 70, 49, 51, 12, 46, 90, 5, 71, 35, 47, 23, 40, 22, 58, 86, 92, 56, 16, 33, 34, 76, 60, 19, 11, 3, 25, 1, 10, 54, 31, 94, 2, 72, 41, 75, 68, 87, 69, 28, 59, 8, 39, 84, 67, 65, 55, 88, 38, 29, 52, 50, 48, 37, 4, 15, 45, 30, 7, 79, 78, 26, 82, 63]","[125, 282, 144, 290, 270, 322, 127, 334, 318, 209, 268, 202, 273, 311, 208, 254, 100, 362, 113, 187, 360, 403, 307, 401, 399, 239, 327, 374, 160, 326, 358, 346, 393, 388, 176, 153, 139, 148, 118, 275, 156, 309, 328, 167, 138, 103, 357, 352, 271, 220, 111, 106, 242, 387, 237, 312, 206, 155, 241, 296, 369, 336, 324, 101, 316, 247, 391, 305, 233, 205, 183, 129, 105, 204, 244, 314, 193, 152, 266, 123, 395, 174, 136, 172, 234, 310, 228, 288, 140, 398, 141, 250, 348, 161, 287, 359, 122, 313, 267, 227, 199, 117, 114, 102, 345, 223, 366, 329, 320, 350, 230, 342, 269, 284, 378, 385, 306, 116, 169, 303, 173, 262, 135, 335, 363, 389, 184, 213, 355, 361, 301, 149, 373, 392, 292, 304, 386, 264, 368, 175, 315, 222, 400, 261, 166, 404, 383, 181, 347, 339, 219, 295, 402, 168, 323, 119, 278, 188, 375, 126, 203, 115, 259, 370, 218, 120, 128, 256, 274, 198, 154, 215, 405, 216, 356, 381, 289, 158, 150, 110, 397, 226, 333, 248, 170, 133, 249, 253, 258, 189, 131, 390, 201, 195, 298, 330, 165, 211, 224, 380, 394, 325, 279, 319, 112, 332, 146, 257, 252, 302, 159, 384, 134, 130, 376, 212, 192, 235, 137, 379, 207, 99, 297, 243, 143, 382, 171, 163, 95, 132, 232, 98, 214, 377, 157, 246, 96, 225, 238, 371, 180, 341, 107, 340, 294, 145, 280, 104, 240, 263, 236, 109, 331, 245, 344, 108, 231, 178, 276, 283, 197, 182, 124, 194, 255, 299, 229, 308, 367, 338, 142, 293, 353, 185, 191, 364, 179, 260, 147, 351, 151, 210, 217, 286, 97, 164, 285, 365, 162, 221, 291, 354, 265, 396, 343, 186, 272, 277, 251, 196, 177, 200, 190, 372, 281, 317, 300, 121, 321, 337, 349]"
algo_spea2,51,-70.95813946749999,20.861860532500003,45.541860532499996,"[15, 86, 6, 20, 14, 70, 61, 92, 11, 5, 93, 7, 44, 78, 69, 41, 66, 49, 37, 8, 65, 24, 27, 81, 45, 58, 52, 87, 25, 80, 54, 56, 19, 16, 90, 42, 17, 59, 53, 33, 36, 39, 43, 29, 77, 28, 60, 75, 47, 13, 35, 10, 34, 83, 50, 3, 48, 12, 32, 57, 82, 62, 4, 51, 64, 38, 85, 71, 2, 31, 73, 94, 23, 91, 22, 18, 79, 88, 46, 72, 26, 55, 63, 84, 1, 30, 76, 68, 74, 67, 9, 40, 21, 89]","[161, 321, 200, 319, 318, 342, 325, 374, 293, 109, 399, 97, 135, 372, 311, 307, 283, 402, 158, 394, 113, 393, 176, 366, 148, 118, 275, 309, 328, 167, 128, 138, 116, 352, 220, 111, 106, 312, 206, 351, 241, 296, 369, 324, 151, 247, 137, 183, 129, 204, 193, 152, 266, 123, 395, 174, 320, 378, 232, 172, 196, 186, 281, 265, 341, 239, 121, 286, 171, 219, 291, 107, 251, 125, 157, 337, 363, 144, 250, 361, 214, 210, 114, 322, 199, 261, 209, 268, 297, 317, 284, 310, 303, 360, 273, 294, 343, 304, 323, 163, 190, 262, 371, 188, 100, 375, 134, 230, 335, 104, 201, 401, 115, 404, 120, 246, 215, 272, 327, 212, 122, 381, 95, 389, 191, 150, 110, 149, 96, 397, 226, 233, 248, 132, 231, 203, 153, 254, 380, 279, 221, 112, 179, 332, 146, 240, 140, 164, 160, 336, 102, 108, 223, 292, 197, 178, 276, 227, 345, 124, 396, 194, 255, 192, 229, 382, 306, 367, 350, 99, 260, 383, 379, 207, 299, 385, 359, 403, 147, 358, 162, 175, 208, 355, 354, 391, 236, 344, 101, 368, 377, 338, 237, 168, 269, 388, 370, 145, 300, 346, 400, 202, 169, 386, 384, 252, 308, 154, 263, 139, 224, 136, 376, 243, 357, 225, 270, 130, 333, 185, 234, 387, 373, 316, 259, 126, 287, 216, 195, 165, 280, 235, 159, 365, 143, 205, 184, 156, 155, 289, 257, 242, 364, 274, 244, 288, 331, 245, 218, 339, 213, 271, 141, 315, 98, 305, 105, 170, 133, 347, 285, 166, 249, 173, 253, 348, 103, 301, 258, 405, 278, 282, 198, 362, 398, 356, 295, 189, 131, 390, 117, 181, 298, 290, 340, 264, 329, 313, 211, 187, 222, 119, 349, 267, 217, 314, 182, 256, 330, 228, 353, 392, 142, 127, 334, 180, 277, 326, 302, 177, 238]"
algo_spea2,52,-15.974017500000002,6.9259825,23.3259825,"[66, 80, 3, 2, 54, 76, 71, 12, 36, 69, 17, 52, 21, 10, 37, 60, 24, 92, 68, 49, 5, 23, 53, 70, 16, 89, 27, 83, 35, 42, 46, 65, 22, 85, 25, 39, 34, 74, 90, 30, 86, 63, 67, 20, 75, 47, 32, 45, 50, 48, 57, 82, 62, 4, 51, 64, 11, 26, 31, 77, 13, 87, 91, 15, 88, 33, 38, 94, 41, 61, 28, 81, 59, 9, 44, 72, 55, 18, 19, 73, 93, 56, 29, 8, 40, 58, 43, 6, 7, 1, 14, 79, 78, 84]","[129, 179, 403, 206, 202, 197, 171, 273, 263, 391, 293, 236, 164, 310, 300, 233, 268, 312, 234, 316, 321, 163, 376, 225, 162, 243, 125, 375, 134, 104, 126, 252, 106, 346, 395, 259, 361, 136, 353, 284, 139, 314, 287, 159, 285, 349, 332, 228, 357, 186, 188, 377, 388, 277, 160, 183, 201, 240, 362, 207, 122, 152, 111, 149, 381, 311, 100, 242, 309, 229, 405, 203, 153, 301, 177, 200, 256, 132, 174, 327, 124, 330, 208, 157, 190, 397, 350, 230, 342, 235, 393, 121, 158, 378, 297, 116, 169, 173, 392, 135, 335, 363, 389, 184, 264, 199, 298, 175, 271, 213, 107, 398, 404, 239, 308, 215, 219, 156, 189, 307, 253, 145, 99, 198, 146, 338, 217, 352, 358, 97, 302, 147, 191, 351, 212, 348, 151, 123, 365, 382, 289, 118, 216, 95, 360, 196, 251, 270, 112, 231, 334, 359, 306, 248, 166, 400, 262, 161, 113, 294, 265, 140, 399, 130, 368, 315, 295, 249, 328, 96, 267, 292, 340, 286, 269, 276, 195, 341, 204, 141, 261, 345, 324, 401, 192, 220, 380, 385, 137, 247, 128, 127, 103, 325, 148, 232, 154, 214, 223, 176, 282, 371, 280, 283, 222, 303, 257, 193, 290, 250, 313, 120, 344, 155, 369, 390, 370, 336, 354, 238, 383, 296, 347, 339, 150, 142, 305, 226, 278, 356, 105, 114, 384, 144, 185, 364, 275, 131, 258, 333, 304, 260, 170, 320, 98, 205, 218, 343, 355, 317, 115, 210, 367, 133, 288, 117, 181, 165, 254, 211, 187, 172, 119, 224, 373, 209, 101, 322, 167, 394, 266, 272, 372, 279, 221, 319, 281, 109, 331, 168, 402, 245, 108, 244, 227, 178, 323, 182, 387, 274, 237, 143, 110, 379, 337, 396, 180, 138, 329, 374, 366, 386, 241, 194, 299, 255, 326, 102, 291, 318, 246]"
algo_spea2,53,-64.10329258692308,19.256707413076928,37.19670741307692,"[45, 51, 91, 9, 42, 92, 79, 13, 36, 70, 64, 72, 15, 80, 31, 93, 8, 20, 76, 48, 40, 81, 11, 17, 87, 25, 53, 54, 69, 83, 4, 46, 94, 29, 67, 30, 35, 22, 55, 86, 16, 62, 21, 52, 3, 26, 14, 19, 38, 23, 32, 44, 61, 66, 1, 33, 58, 47, 50, 12, 89, 68, 18, 74, 57, 24, 37, 60, 78, 6, 75, 41, 28, 7, 84, 71, 85, 82, 10, 39, 63, 2, 59, 43, 49, 27, 65, 90, 5, 56, 73, 34, 77, 88]","[381, 199, 120, 228, 292, 128, 276, 379, 318, 145, 358, 249, 283, 307, 354, 403, 360, 396, 158, 375, 334, 304, 106, 273, 118, 183, 96, 251, 362, 152, 268, 325, 337, 109, 394, 203, 255, 113, 200, 174, 208, 350, 230, 392, 264, 134, 271, 222, 220, 383, 347, 339, 219, 323, 344, 150, 168, 138, 391, 105, 125, 275, 210, 398, 252, 308, 242, 191, 319, 211, 278, 185, 387, 364, 316, 253, 126, 299, 322, 176, 254, 248, 97, 217, 104, 355, 386, 353, 225, 184, 166, 300, 310, 171, 212, 267, 224, 213, 380, 290, 368, 291, 374, 196, 342, 361, 193, 393, 238, 258, 102, 402, 295, 314, 340, 177, 172, 301, 309, 373, 173, 131, 326, 363, 338, 359, 180, 260, 376, 266, 329, 139, 320, 303, 262, 202, 232, 352, 227, 240, 400, 140, 294, 245, 130, 367, 121, 161, 261, 244, 223, 365, 343, 123, 366, 263, 312, 285, 111, 269, 100, 331, 333, 103, 201, 236, 178, 231, 274, 397, 293, 233, 270, 136, 306, 214, 277, 281, 175, 401, 108, 101, 286, 114, 129, 226, 99, 327, 198, 305, 297, 371, 160, 332, 115, 205, 382, 119, 296, 287, 167, 229, 345, 282, 164, 162, 181, 384, 169, 265, 107, 243, 385, 197, 179, 234, 317, 328, 321, 110, 146, 135, 349, 190, 357, 279, 112, 246, 235, 330, 122, 341, 247, 313, 390, 288, 187, 147, 395, 388, 182, 351, 348, 133, 204, 346, 370, 369, 399, 155, 289, 221, 250, 237, 137, 239, 216, 95, 165, 336, 272, 98, 195, 149, 132, 324, 148, 157, 372, 378, 192, 141, 315, 151, 280, 143, 117, 159, 186, 188, 377, 215, 256, 389, 404, 142, 298, 156, 356, 124, 144, 194, 335, 302, 170, 206, 189, 154, 257, 284, 218, 207, 127, 153, 259, 209, 241, 405, 163, 311, 116]"
algo_spea2,54,-42.61002077083333,10.119979229166667,30.989979229166664,"[15, 24, 30, 54, 27, 73, 45, 4, 84, 7, 19, 57, 67, 65, 43, 1, 79, 76, 70, 87, 47, 69, 52, 42, 25, 16, 17, 59, 11, 53, 33, 49, 37, 8, 60, 29, 77, 28, 81, 10, 32, 83, 3, 48, 12, 2, 82, 62, 51, 64, 20, 94, 23, 63, 92, 22, 89, 18, 90, 14, 38, 61, 9, 56, 72, 26, 40, 74, 55, 46, 66, 93, 88, 6, 41, 31, 39, 50, 36, 91, 5, 68, 35, 44, 75, 85, 34, 13, 78, 21, 58, 80, 71, 86]","[395, 240, 214, 310, 362, 233, 249, 223, 115, 399, 360, 276, 143, 184, 397, 134, 100, 124, 190, 371, 271, 96, 215, 218, 183, 401, 113, 382, 198, 374, 302, 285, 280, 402, 353, 163, 219, 112, 196, 368, 179, 272, 400, 154, 182, 255, 172, 191, 197, 347, 339, 171, 323, 119, 150, 142, 138, 209, 121, 305, 321, 226, 337, 332, 162, 394, 278, 356, 105, 114, 125, 384, 211, 144, 106, 139, 167, 242, 357, 159, 185, 234, 275, 110, 263, 225, 131, 258, 349, 333, 304, 260, 224, 208, 170, 273, 236, 320, 319, 312, 98, 173, 246, 210, 109, 358, 318, 355, 147, 120, 326, 239, 269, 296, 146, 155, 389, 175, 289, 257, 195, 127, 118, 352, 101, 156, 244, 277, 365, 308, 328, 324, 288, 230, 140, 267, 344, 369, 386, 193, 256, 251, 231, 189, 102, 390, 266, 336, 217, 229, 107, 317, 220, 202, 187, 377, 315, 232, 398, 166, 363, 174, 97, 133, 164, 341, 376, 149, 132, 291, 227, 283, 405, 99, 393, 111, 137, 186, 311, 222, 180, 325, 301, 372, 322, 104, 383, 274, 245, 348, 379, 207, 299, 385, 359, 403, 181, 205, 354, 206, 264, 238, 338, 237, 168, 388, 188, 375, 126, 201, 252, 247, 259, 370, 128, 313, 204, 212, 122, 216, 381, 95, 123, 158, 248, 253, 351, 334, 161, 281, 265, 290, 286, 200, 270, 364, 282, 300, 221, 268, 293, 343, 177, 346, 153, 309, 387, 241, 316, 391, 129, 314, 152, 228, 250, 287, 284, 361, 373, 292, 178, 203, 298, 330, 165, 380, 279, 130, 243, 157, 340, 294, 145, 331, 108, 194, 367, 151, 176, 396, 254, 307, 327, 160, 117, 148, 345, 366, 329, 350, 342, 235, 378, 297, 306, 116, 169, 303, 392, 262, 135, 192, 335, 141, 199, 213, 261, 404, 295, 136, 103]"
algo_spea2,55,-36.8,15.39,13.300000000000002,"[9, 46, 93, 56, 72, 55, 40, 74, 19, 21, 58, 67, 86, 84, 1, 30, 6, 79, 70, 68, 47, 7, 44, 78, 69, 52, 41, 25, 16, 17, 59, 53, 33, 49, 37, 8, 60, 65, 54, 75, 43, 29, 36, 27, 81, 35, 73, 20, 85, 94, 23, 2, 63, 92, 22, 89, 18, 32, 45, 83, 50, 3, 48, 12, 34, 57, 82, 62, 4, 51, 64, 11, 26, 76, 31, 42, 28, 71, 39, 80, 66, 77, 24, 90, 10, 13, 87, 91, 15, 88, 14, 38, 5, 61]","[400, 154, 275, 182, 387, 172, 191, 109, 358, 147, 114, 120, 239, 337, 144, 296, 333, 146, 155, 110, 389, 372, 175, 257, 242, 127, 118, 364, 274, 101, 331, 308, 328, 244, 307, 216, 227, 354, 165, 360, 336, 396, 374, 186, 272, 188, 377, 277, 223, 183, 201, 96, 240, 195, 207, 122, 304, 152, 111, 196, 149, 381, 311, 100, 215, 309, 203, 255, 393, 288, 326, 95, 102, 248, 161, 291, 318, 246, 129, 193, 176, 221, 352, 179, 251, 403, 206, 332, 367, 230, 197, 342, 171, 238, 237, 269, 388, 273, 370, 294, 267, 254, 245, 153, 113, 214, 140, 177, 200, 256, 132, 324, 174, 327, 148, 124, 330, 208, 359, 263, 344, 369, 391, 293, 281, 236, 265, 164, 160, 402, 310, 300, 233, 108, 231, 268, 312, 341, 234, 178, 303, 276, 204, 283, 378, 316, 323, 220, 345, 270, 321, 325, 241, 194, 299, 135, 192, 229, 168, 382, 163, 366, 306, 116, 383, 121, 338, 350, 376, 99, 130, 260, 289, 392, 142, 128, 351, 320, 334, 145, 180, 292, 302, 151, 185, 97, 225, 162, 243, 363, 385, 379, 138, 125, 157, 190, 107, 262, 371, 375, 169, 134, 219, 335, 284, 104, 126, 297, 252, 106, 199, 401, 346, 395, 247, 404, 259, 361, 136, 399, 353, 158, 139, 314, 150, 261, 137, 384, 212, 397, 226, 232, 287, 123, 217, 280, 235, 159, 365, 143, 205, 184, 156, 339, 213, 271, 218, 343, 355, 317, 115, 210, 141, 315, 98, 305, 105, 170, 133, 347, 285, 166, 249, 173, 253, 348, 103, 301, 258, 405, 278, 282, 198, 362, 398, 356, 295, 189, 131, 390, 117, 181, 298, 290, 340, 264, 329, 313, 211, 187, 222, 119, 349, 386, 224, 373, 380, 209, 322, 167, 394, 266, 279, 250, 319, 286, 202, 228, 357, 112, 368]"
algo_spea2,56,-78.88270636617297,27.367293633827032,49.01729363382705,"[39, 92, 61, 28, 72, 94, 78, 54, 10, 75, 4, 27, 30, 89, 50, 93, 18, 53, 83, 74, 73, 41, 64, 17, 42, 81, 36, 20, 9, 70, 49, 51, 46, 90, 5, 71, 35, 47, 23, 40, 22, 58, 86, 63, 56, 16, 33, 62, 91, 52, 15, 48, 69, 14, 60, 68, 80, 19, 45, 26, 87, 65, 21, 66, 55, 1, 85, 44, 43, 12, 34, 57, 76, 82, 77, 7, 6, 29, 59, 67, 2, 24, 13, 88, 38, 37, 25, 8, 79, 84, 32, 3, 11, 31]","[197, 370, 369, 293, 265, 310, 204, 316, 162, 104, 126, 106, 401, 346, 395, 247, 361, 399, 353, 314, 232, 287, 159, 285, 349, 228, 186, 188, 327, 397, 158, 222, 239, 336, 307, 253, 145, 198, 217, 352, 358, 97, 302, 147, 191, 351, 348, 151, 123, 365, 289, 216, 95, 360, 383, 142, 226, 105, 114, 185, 364, 304, 260, 170, 98, 343, 355, 371, 272, 345, 377, 388, 277, 223, 96, 240, 195, 251, 362, 207, 122, 152, 111, 196, 149, 100, 309, 229, 203, 255, 113, 214, 301, 177, 200, 256, 132, 324, 174, 148, 124, 208, 157, 190, 350, 230, 235, 393, 372, 378, 385, 297, 306, 169, 303, 392, 135, 192, 335, 363, 389, 184, 141, 264, 134, 368, 175, 315, 271, 213, 107, 398, 400, 261, 404, 238, 347, 339, 219, 402, 281, 171, 323, 359, 101, 344, 328, 150, 205, 317, 300, 292, 338, 319, 121, 194, 305, 321, 337, 332, 146, 109, 218, 99, 394, 356, 391, 125, 275, 210, 341, 156, 236, 312, 282, 384, 296, 252, 189, 144, 298, 308, 154, 263, 139, 136, 376, 242, 225, 290, 270, 103, 234, 387, 262, 127, 342, 110, 382, 153, 267, 366, 259, 375, 166, 140, 334, 212, 318, 325, 201, 130, 143, 164, 268, 320, 295, 129, 330, 241, 202, 273, 118, 181, 115, 278, 333, 168, 266, 405, 243, 163, 183, 357, 215, 220, 311, 245, 116, 284, 227, 381, 160, 128, 199, 131, 340, 173, 258, 233, 294, 367, 133, 288, 248, 354, 390, 117, 165, 254, 313, 211, 187, 172, 119, 224, 373, 380, 209, 322, 167, 279, 221, 331, 108, 244, 178, 182, 274, 237, 112, 231, 249, 286, 269, 276, 250, 137, 280, 283, 257, 379, 396, 180, 138, 155, 329, 374, 386, 299, 120, 326, 102, 161, 291, 246, 193, 176, 179, 403, 206]"
algo_spea2,57,-48.695523249999994,22.29447675,23.10447675,"[81, 9, 46, 42, 56, 72, 26, 71, 74, 21, 58, 94, 40, 19, 15, 84, 1, 30, 92, 6, 79, 76, 70, 87, 7, 78, 69, 52, 41, 25, 16, 73, 59, 11, 53, 33, 49, 37, 8, 65, 54, 43, 29, 77, 28, 60, 47, 13, 27, 10, 32, 45, 83, 3, 48, 12, 34, 57, 82, 62, 4, 31, 51, 80, 86, 64, 20, 67, 23, 2, 63, 24, 22, 89, 90, 14, 39, 50, 36, 91, 5, 68, 55, 18, 93, 17, 66, 35, 44, 75, 88, 38, 85, 61]","[285, 341, 176, 164, 310, 268, 204, 312, 246, 340, 294, 128, 125, 129, 401, 395, 206, 361, 399, 273, 291, 102, 360, 265, 171, 161, 196, 272, 304, 255, 172, 191, 197, 210, 109, 318, 114, 120, 326, 159, 336, 396, 374, 343, 158, 345, 277, 160, 223, 183, 201, 96, 240, 251, 362, 122, 152, 149, 381, 215, 309, 203, 153, 214, 140, 177, 200, 132, 174, 327, 148, 124, 157, 397, 350, 342, 121, 284, 378, 297, 306, 116, 303, 173, 392, 135, 192, 335, 363, 184, 141, 315, 271, 213, 107, 398, 261, 166, 404, 220, 296, 339, 219, 295, 402, 281, 286, 170, 323, 150, 142, 115, 138, 317, 97, 212, 123, 143, 156, 218, 248, 95, 98, 105, 249, 198, 352, 390, 117, 329, 254, 380, 209, 167, 394, 325, 279, 250, 221, 319, 337, 146, 155, 110, 289, 257, 118, 244, 288, 108, 231, 292, 178, 276, 283, 241, 194, 382, 366, 367, 260, 351, 320, 334, 227, 127, 347, 113, 226, 405, 324, 99, 393, 111, 389, 193, 137, 356, 332, 280, 293, 233, 163, 119, 278, 190, 369, 262, 371, 188, 100, 375, 134, 230, 275, 228, 353, 179, 247, 328, 187, 186, 311, 238, 222, 180, 199, 301, 372, 305, 239, 266, 322, 104, 175, 383, 274, 245, 348, 379, 207, 299, 385, 359, 403, 147, 358, 181, 205, 208, 355, 354, 391, 264, 235, 236, 344, 101, 131, 133, 368, 377, 338, 237, 168, 269, 388, 349, 370, 145, 300, 346, 400, 202, 169, 386, 282, 384, 258, 252, 189, 211, 144, 106, 308, 154, 263, 139, 224, 136, 376, 243, 242, 357, 225, 290, 270, 103, 130, 333, 185, 234, 387, 364, 373, 331, 316, 259, 253, 126, 287, 313, 216, 195, 365, 298, 165, 267, 217, 314, 182, 256, 330, 229, 151, 307, 302, 162, 112, 321, 232]"
algo_spea2,58,-87.39567538,34.40432462,65.70432462000001,"[68, 37, 85, 5, 61, 28, 81, 59, 9, 65, 46, 44, 23, 17, 16, 70, 72, 25, 52, 55, 18, 53, 19, 73, 21, 93, 56, 29, 8, 40, 58, 43, 6, 7, 1, 14, 79, 78, 84, 22, 89, 27, 69, 30, 86, 63, 54, 67, 20, 49, 35, 2, 92, 74, 60, 75, 47, 32, 45, 83, 50, 3, 48, 12, 34, 57, 82, 62, 4, 51, 64, 11, 26, 76, 31, 42, 36, 71, 39, 80, 66, 77, 24, 90, 10, 13, 87, 91, 15, 88, 33, 38, 94, 41]","[250, 137, 127, 154, 282, 280, 283, 257, 143, 110, 379, 337, 396, 180, 138, 155, 329, 374, 366, 334, 386, 241, 194, 299, 120, 255, 326, 102, 161, 291, 318, 246, 129, 193, 176, 179, 403, 206, 202, 197, 171, 273, 370, 294, 267, 263, 369, 391, 293, 236, 265, 164, 310, 300, 233, 268, 312, 341, 234, 204, 316, 270, 321, 163, 376, 128, 225, 162, 243, 385, 103, 125, 375, 134, 104, 126, 252, 106, 401, 346, 395, 247, 259, 361, 136, 399, 353, 284, 139, 314, 232, 287, 159, 285, 290, 340, 349, 332, 228, 357, 186, 371, 188, 345, 377, 388, 277, 160, 223, 183, 201, 96, 240, 195, 251, 362, 207, 122, 152, 111, 149, 381, 311, 100, 242, 309, 229, 405, 203, 153, 113, 214, 140, 301, 177, 200, 256, 132, 324, 174, 327, 148, 124, 330, 208, 157, 190, 397, 350, 230, 342, 235, 393, 121, 158, 378, 297, 306, 116, 169, 303, 173, 392, 262, 135, 192, 335, 363, 389, 184, 141, 264, 199, 298, 175, 315, 271, 213, 107, 398, 222, 261, 166, 404, 239, 220, 336, 308, 215, 219, 156, 189, 307, 253, 145, 99, 198, 146, 338, 217, 352, 358, 97, 302, 147, 191, 351, 212, 348, 151, 123, 365, 382, 289, 118, 216, 95, 360, 196, 238, 383, 296, 347, 339, 150, 142, 305, 226, 278, 356, 105, 114, 384, 144, 185, 364, 275, 131, 258, 333, 304, 260, 170, 320, 98, 205, 218, 343, 355, 317, 115, 210, 367, 133, 288, 248, 292, 354, 390, 117, 181, 165, 254, 313, 211, 187, 172, 119, 224, 373, 380, 209, 101, 322, 167, 394, 266, 272, 372, 325, 279, 221, 319, 281, 109, 331, 168, 402, 245, 344, 108, 244, 227, 178, 323, 182, 387, 274, 237, 112, 231, 359, 400, 130, 368, 295, 249, 328, 286, 269, 276]"
algo_spea2,59,-26.479864675961537,11.57013532403846,6.620135324038462,"[50, 30, 27, 93, 45, 4, 7, 57, 65, 43, 79, 78, 26, 82, 92, 91, 61, 85, 13, 21, 89, 80, 53, 6, 52, 20, 14, 17, 36, 37, 33, 48, 29, 8, 40, 39, 15, 35, 86, 70, 77, 32, 62, 49, 66, 56, 24, 47, 16, 83, 42, 44, 34, 60, 75, 9, 11, 5, 64, 3, 25, 1, 10, 38, 54, 71, 81, 31, 51, 73, 94, 23, 2, 67, 22, 18, 90, 88, 46, 72, 55, 58, 63, 84, 19, 12, 76, 68, 87, 69, 41, 28, 59, 74]","[283, 197, 182, 359, 124, 241, 194, 255, 299, 229, 308, 367, 338, 99, 108, 142, 151, 127, 351, 334, 145, 180, 277, 377, 185, 97, 225, 243, 138, 161, 287, 207, 321, 205, 232, 196, 285, 186, 281, 234, 265, 349, 341, 290, 376, 286, 152, 110, 125, 337, 309, 301, 373, 193, 280, 155, 250, 361, 314, 300, 101, 322, 355, 209, 268, 353, 387, 202, 346, 317, 293, 228, 305, 340, 217, 129, 143, 316, 273, 294, 343, 318, 179, 177, 311, 382, 354, 260, 379, 269, 162, 191, 190, 272, 176, 395, 147, 396, 137, 208, 254, 100, 164, 362, 113, 187, 360, 403, 307, 159, 310, 401, 399, 324, 239, 327, 149, 302, 374, 160, 227, 326, 246, 358, 237, 117, 114, 148, 102, 345, 223, 366, 118, 304, 329, 320, 350, 230, 342, 235, 393, 372, 284, 378, 385, 297, 306, 116, 169, 303, 173, 392, 262, 135, 192, 335, 363, 389, 184, 141, 264, 199, 134, 368, 175, 315, 271, 213, 107, 398, 222, 400, 261, 166, 404, 238, 220, 383, 296, 181, 347, 339, 219, 295, 402, 168, 136, 388, 323, 103, 266, 233, 163, 119, 278, 369, 371, 188, 375, 275, 104, 126, 201, 252, 106, 247, 115, 206, 183, 259, 370, 120, 128, 256, 313, 274, 195, 204, 198, 154, 336, 215, 405, 212, 122, 216, 356, 167, 381, 95, 289, 288, 123, 158, 96, 150, 133, 226, 139, 242, 397, 156, 333, 218, 248, 98, 105, 132, 170, 267, 249, 146, 253, 348, 258, 352, 189, 131, 332, 390, 111, 203, 153, 298, 330, 165, 211, 172, 386, 224, 240, 380, 257, 140, 394, 325, 279, 221, 121, 171, 200, 291, 384, 244, 270, 251, 157, 364, 144, 365, 214, 312, 210, 282, 319, 112, 174, 328, 357, 263, 391, 236, 109, 331, 245, 344, 130, 231, 292, 178, 276]"
algo_spea2,60,-27.799999999999997,11.25,13.700000000000001,"[15, 24, 30, 54, 27, 73, 93, 45, 4, 84, 50, 7, 19, 57, 34, 67, 65, 43, 1, 6, 79, 76, 91, 70, 68, 87, 47, 44, 78, 69, 52, 41, 66, 42, 25, 16, 17, 59, 11, 53, 33, 49, 37, 8, 36, 60, 55, 75, 39, 29, 77, 28, 13, 81, 35, 10, 32, 83, 3, 48, 12, 2, 82, 62, 31, 51, 64, 20, 85, 94, 23, 63, 92, 22, 89, 18, 90, 14, 5, 88, 38, 61, 9, 46, 56, 72, 26, 40, 74, 21, 58, 80, 71, 86]","[318, 179, 177, 311, 354, 260, 162, 191, 190, 272, 346, 153, 309, 328, 138, 357, 111, 387, 312, 155, 241, 101, 316, 391, 305, 205, 129, 244, 314, 193, 152, 174, 172, 234, 228, 288, 140, 250, 287, 359, 269, 284, 355, 361, 301, 373, 292, 386, 178, 203, 189, 131, 390, 298, 330, 165, 211, 224, 380, 394, 325, 279, 319, 112, 332, 257, 384, 130, 376, 379, 207, 99, 243, 143, 382, 171, 232, 214, 377, 157, 225, 180, 340, 294, 145, 280, 240, 263, 236, 109, 331, 245, 344, 108, 231, 276, 283, 197, 182, 124, 194, 255, 299, 229, 308, 367, 338, 142, 151, 127, 176, 395, 147, 396, 137, 208, 254, 100, 164, 362, 113, 187, 360, 403, 307, 159, 310, 401, 399, 324, 239, 327, 149, 302, 374, 160, 227, 326, 246, 358, 237, 117, 114, 148, 102, 345, 223, 366, 118, 304, 329, 320, 350, 230, 342, 235, 393, 372, 132, 378, 119, 297, 306, 116, 169, 303, 173, 392, 262, 135, 192, 335, 363, 389, 184, 141, 264, 199, 134, 368, 175, 315, 271, 213, 107, 398, 222, 400, 261, 166, 404, 238, 220, 383, 296, 181, 347, 339, 219, 295, 402, 168, 136, 388, 323, 103, 266, 233, 163, 385, 278, 369, 371, 188, 375, 275, 104, 126, 201, 252, 106, 247, 115, 206, 183, 259, 370, 120, 128, 256, 313, 274, 195, 204, 198, 154, 336, 215, 405, 212, 122, 216, 356, 167, 381, 95, 289, 110, 123, 158, 96, 150, 133, 226, 139, 242, 397, 156, 333, 218, 248, 98, 105, 341, 170, 267, 249, 146, 253, 348, 258, 352, 351, 334, 277, 185, 97, 161, 321, 196, 285, 186, 281, 265, 349, 290, 121, 286, 200, 291, 270, 251, 125, 364, 337, 144, 365, 210, 282, 300, 322, 221, 209, 268, 353, 202, 317, 293, 217, 273, 343]"
algo_spea2,61,-44.499990324581624,20.930009675418376,7.900009675418379,"[61, 9, 46, 93, 65, 72, 55, 40, 74, 19, 21, 58, 80, 67, 86, 15, 84, 1, 30, 6, 79, 91, 70, 68, 87, 7, 44, 78, 69, 52, 41, 66, 25, 16, 17, 59, 53, 33, 49, 37, 8, 56, 54, 24, 39, 43, 29, 77, 28, 13, 27, 81, 35, 10, 60, 75, 47, 32, 45, 83, 50, 3, 48, 12, 34, 57, 82, 62, 4, 51, 64, 11, 26, 76, 31, 42, 36, 71, 73, 20, 85, 94, 23, 2, 63, 92, 22, 89, 18, 90, 14, 88, 38, 5]","[400, 154, 275, 182, 387, 172, 191, 210, 109, 358, 355, 147, 114, 120, 372, 354, 165, 360, 336, 396, 374, 343, 272, 304, 196, 255, 326, 102, 161, 291, 318, 246, 129, 193, 176, 179, 403, 206, 202, 197, 171, 273, 370, 294, 267, 263, 369, 391, 293, 236, 265, 164, 310, 300, 233, 268, 312, 341, 234, 204, 316, 270, 321, 163, 376, 128, 225, 162, 243, 385, 379, 125, 375, 134, 104, 126, 252, 106, 401, 346, 395, 247, 259, 361, 136, 399, 353, 158, 139, 314, 232, 287, 159, 285, 290, 340, 349, 332, 228, 357, 186, 371, 188, 345, 377, 388, 277, 160, 223, 183, 201, 96, 240, 195, 251, 362, 207, 122, 152, 111, 149, 381, 311, 100, 242, 309, 229, 405, 203, 153, 113, 214, 140, 301, 177, 200, 256, 132, 324, 174, 327, 148, 124, 330, 208, 157, 190, 397, 350, 230, 342, 235, 393, 121, 284, 378, 297, 306, 116, 169, 303, 173, 392, 262, 135, 192, 335, 363, 389, 184, 141, 264, 199, 298, 175, 315, 271, 213, 107, 398, 222, 261, 166, 404, 239, 220, 383, 296, 181, 347, 339, 219, 295, 402, 281, 286, 170, 323, 359, 101, 344, 328, 119, 150, 168, 142, 115, 205, 138, 317, 97, 137, 384, 212, 226, 123, 217, 280, 365, 143, 156, 218, 248, 95, 98, 305, 105, 133, 216, 249, 253, 348, 103, 258, 278, 282, 198, 352, 356, 189, 131, 390, 117, 329, 254, 313, 211, 187, 386, 224, 373, 380, 209, 322, 167, 394, 266, 325, 279, 250, 221, 319, 238, 337, 269, 144, 333, 146, 155, 110, 289, 257, 215, 118, 364, 274, 244, 288, 331, 245, 108, 231, 292, 227, 178, 276, 283, 237, 241, 194, 299, 382, 308, 366, 367, 338, 99, 130, 260, 151, 127, 351, 320, 334, 145, 307, 180, 302, 185, 112, 368]"
algo_spea2,62,-75.299263,18.150737,59.500737,"[78, 28, 17, 59, 64, 15, 10, 65, 9, 83, 63, 20, 37, 81, 11, 67, 72, 69, 27, 82, 4, 49, 8, 45, 58, 52, 87, 25, 80, 54, 56, 19, 16, 90, 24, 94, 2, 53, 86, 12, 71, 76, 33, 57, 51, 62, 40, 46, 3, 48, 26, 89, 7, 43, 32, 47, 38, 1, 23, 74, 14, 29, 77, 84, 79, 22, 60, 21, 30, 61, 70, 93, 88, 6, 41, 31, 39, 50, 36, 91, 5, 68, 55, 18, 42, 73, 66, 35, 44, 75, 85, 34, 13, 92]","[108, 161, 326, 399, 123, 162, 231, 172, 178, 232, 276, 401, 221, 206, 310, 250, 318, 366, 167, 114, 129, 320, 279, 249, 117, 283, 244, 307, 95, 102, 360, 265, 159, 336, 396, 374, 343, 158, 272, 277, 110, 382, 166, 334, 212, 286, 345, 304, 352, 201, 118, 340, 200, 204, 223, 183, 96, 240, 251, 362, 122, 152, 196, 149, 381, 215, 309, 203, 255, 153, 214, 140, 177, 174, 327, 142, 124, 157, 350, 342, 284, 378, 297, 116, 303, 173, 392, 135, 192, 335, 363, 184, 315, 271, 213, 107, 398, 261, 404, 220, 296, 339, 219, 295, 402, 281, 171, 170, 323, 120, 150, 148, 115, 138, 317, 241, 292, 209, 268, 121, 194, 321, 380, 325, 337, 109, 329, 105, 128, 125, 210, 341, 156, 141, 160, 191, 306, 397, 198, 289, 312, 273, 218, 390, 164, 294, 288, 176, 254, 248, 260, 97, 302, 143, 361, 394, 246, 257, 112, 319, 146, 155, 132, 291, 227, 127, 347, 113, 226, 405, 324, 99, 393, 111, 389, 193, 137, 356, 332, 280, 293, 233, 163, 119, 278, 190, 369, 262, 371, 188, 100, 375, 134, 230, 275, 228, 353, 179, 247, 328, 187, 186, 311, 238, 222, 180, 199, 301, 372, 305, 239, 266, 322, 104, 175, 383, 274, 245, 348, 379, 207, 299, 385, 359, 403, 147, 358, 181, 205, 208, 355, 354, 391, 264, 235, 236, 344, 101, 131, 133, 368, 377, 338, 237, 168, 269, 388, 349, 370, 145, 300, 346, 400, 202, 169, 386, 282, 384, 258, 252, 189, 211, 144, 106, 308, 154, 263, 139, 224, 136, 376, 243, 242, 357, 225, 290, 270, 103, 130, 333, 185, 234, 387, 364, 373, 331, 316, 259, 253, 126, 287, 313, 216, 195, 365, 298, 165, 267, 217, 314, 182, 256, 330, 229, 151, 367, 395, 98, 197, 351, 285]"
algo_spea2,63,-42.599994210461965,8.60000578953803,34.800005789538034,"[65, 91, 74, 18, 63, 9, 11, 25, 53, 16, 90, 1, 80, 72, 22, 26, 33, 51, 62, 43, 60, 2, 77, 79, 13, 75, 73, 44, 88, 41, 66, 47, 59, 93, 56, 29, 8, 67, 7, 30, 5, 28, 24, 14, 85, 81, 58, 68, 52, 31, 6, 61, 78, 89, 15, 70, 94, 49, 40, 27, 55, 64, 10, 32, 45, 83, 50, 3, 48, 12, 34, 57, 76, 82, 86, 35, 54, 20, 4, 38, 19, 92, 39, 84, 71, 36, 69, 17, 21, 37, 87, 23, 42, 46]","[374, 96, 207, 152, 196, 149, 255, 113, 214, 256, 174, 148, 378, 297, 303, 184, 134, 368, 107, 222, 261, 347, 323, 359, 101, 150, 205, 317, 319, 349, 394, 356, 282, 158, 211, 144, 224, 322, 380, 267, 166, 212, 318, 329, 325, 130, 209, 320, 330, 202, 119, 168, 266, 254, 183, 357, 220, 311, 284, 128, 131, 340, 294, 105, 120, 257, 188, 170, 353, 327, 185, 179, 272, 400, 154, 332, 275, 290, 369, 390, 354, 186, 296, 215, 219, 189, 281, 253, 395, 146, 338, 172, 350, 361, 164, 104, 177, 190, 314, 343, 288, 111, 376, 125, 208, 100, 389, 142, 213, 263, 163, 132, 308, 97, 251, 147, 199, 331, 95, 391, 360, 381, 226, 268, 173, 110, 201, 292, 385, 315, 235, 236, 383, 122, 335, 341, 217, 157, 283, 135, 245, 156, 377, 249, 393, 151, 178, 203, 159, 115, 239, 121, 252, 401, 182, 352, 372, 309, 206, 200, 241, 307, 402, 339, 240, 176, 138, 247, 358, 140, 333, 227, 328, 161, 334, 124, 136, 133, 344, 271, 299, 348, 291, 225, 243, 193, 234, 210, 304, 355, 298, 129, 233, 326, 123, 127, 316, 153, 398, 195, 280, 305, 277, 310, 404, 244, 143, 204, 106, 392, 336, 270, 382, 116, 223, 293, 324, 117, 102, 194, 295, 363, 351, 371, 141, 160, 191, 306, 397, 258, 198, 229, 345, 259, 278, 289, 103, 312, 273, 301, 218, 118, 192, 265, 366, 321, 99, 109, 362, 260, 387, 405, 139, 302, 175, 285, 337, 108, 384, 375, 181, 246, 367, 230, 197, 342, 171, 238, 237, 264, 388, 370, 145, 300, 346, 169, 114, 242, 98, 262, 399, 228, 364, 373, 126, 287, 313, 248, 187, 279, 112, 286, 386, 180, 155, 365, 162, 231, 232, 276, 221, 250, 137, 379, 167, 269, 274, 216, 165, 403, 396]"
algo_spea2,64,-62.60407754999999,23.74592245,36.19592245,"[54, 4, 30, 13, 50, 93, 18, 76, 53, 83, 74, 73, 64, 42, 81, 36, 20, 79, 70, 51, 46, 5, 71, 47, 23, 40, 10, 56, 34, 91, 15, 48, 80, 45, 87, 85, 77, 7, 29, 59, 67, 2, 31, 25, 88, 24, 9, 35, 22, 55, 86, 16, 92, 62, 6, 82, 52, 63, 69, 3, 26, 84, 60, 68, 19, 37, 38, 14, 32, 44, 61, 39, 21, 49, 75, 66, 27, 89, 43, 1, 57, 41, 17, 33, 58, 12, 65, 90, 11, 8, 28, 72, 94, 78]","[348, 285, 298, 180, 204, 161, 326, 151, 369, 399, 123, 155, 365, 162, 231, 314, 289, 232, 178, 352, 280, 172, 276, 401, 221, 206, 310, 250, 137, 167, 114, 239, 274, 249, 117, 283, 244, 331, 216, 95, 198, 291, 165, 102, 360, 265, 159, 336, 396, 374, 343, 158, 186, 371, 272, 345, 277, 223, 96, 240, 195, 251, 362, 122, 152, 111, 196, 149, 100, 309, 229, 203, 255, 113, 214, 301, 177, 200, 256, 132, 324, 174, 148, 124, 208, 157, 190, 350, 230, 235, 393, 372, 378, 385, 297, 306, 169, 303, 392, 135, 192, 335, 363, 389, 184, 141, 134, 175, 315, 271, 213, 107, 398, 222, 261, 404, 238, 347, 339, 219, 402, 281, 171, 323, 328, 150, 317, 292, 319, 121, 194, 305, 321, 337, 332, 146, 109, 218, 99, 394, 356, 125, 275, 210, 341, 156, 312, 282, 154, 225, 290, 234, 387, 262, 322, 127, 342, 110, 380, 382, 153, 267, 366, 259, 375, 166, 140, 334, 318, 329, 325, 201, 143, 164, 209, 268, 320, 295, 129, 330, 241, 273, 118, 115, 278, 119, 266, 405, 254, 163, 183, 215, 220, 311, 245, 116, 284, 227, 381, 160, 128, 199, 340, 173, 296, 233, 294, 247, 138, 105, 120, 257, 397, 379, 207, 299, 359, 403, 147, 358, 181, 205, 355, 354, 391, 264, 236, 344, 101, 131, 133, 368, 377, 338, 237, 168, 269, 388, 349, 370, 145, 300, 346, 400, 202, 386, 384, 258, 252, 189, 211, 144, 106, 308, 263, 139, 224, 136, 376, 243, 242, 357, 212, 270, 103, 130, 333, 185, 226, 188, 383, 293, 170, 353, 304, 246, 327, 142, 191, 228, 108, 364, 373, 307, 316, 253, 126, 287, 313, 390, 288, 176, 248, 260, 97, 187, 193, 302, 279, 361, 217, 112, 286, 104, 179, 367, 395, 98, 197, 182, 351]"
algo_spea2,65,-87.70751330000002,29.0324867,70.59248670000001,"[92, 91, 68, 87, 44, 78, 69, 66, 42, 25, 16, 17, 59, 11, 49, 37, 8, 36, 65, 54, 39, 28, 13, 27, 35, 10, 45, 83, 50, 34, 82, 90, 24, 94, 2, 80, 86, 12, 52, 22, 33, 57, 62, 40, 46, 3, 48, 26, 89, 7, 43, 32, 47, 38, 1, 14, 29, 77, 84, 79, 23, 74, 76, 60, 21, 4, 70, 58, 51, 64, 30, 61, 93, 88, 6, 41, 73, 20, 75, 67, 18, 85, 5, 81, 9, 56, 72, 55, 53, 19, 31, 63, 71, 15]","[292, 177, 162, 363, 161, 107, 262, 188, 375, 134, 335, 284, 198, 325, 299, 229, 338, 99, 130, 289, 142, 145, 180, 377, 151, 185, 97, 225, 243, 207, 139, 226, 287, 205, 232, 196, 285, 186, 281, 234, 265, 349, 341, 290, 121, 376, 286, 171, 152, 288, 200, 291, 384, 244, 270, 251, 125, 157, 364, 337, 309, 301, 373, 193, 280, 155, 144, 365, 250, 361, 214, 312, 210, 282, 314, 300, 101, 122, 126, 201, 297, 129, 247, 206, 404, 259, 136, 209, 381, 150, 248, 342, 117, 120, 95, 138, 367, 396, 380, 156, 255, 159, 123, 153, 178, 228, 203, 334, 277, 306, 261, 260, 194, 160, 257, 212, 343, 310, 317, 395, 240, 329, 109, 362, 230, 233, 249, 223, 115, 399, 360, 172, 276, 143, 184, 296, 397, 254, 100, 124, 190, 112, 371, 271, 96, 215, 218, 183, 394, 369, 401, 283, 382, 374, 302, 170, 173, 402, 353, 163, 219, 390, 179, 167, 149, 319, 146, 132, 227, 127, 347, 119, 113, 405, 324, 393, 111, 389, 137, 356, 332, 328, 187, 311, 238, 222, 199, 372, 305, 239, 266, 326, 104, 175, 383, 274, 245, 348, 379, 385, 359, 403, 147, 358, 181, 208, 355, 354, 391, 264, 235, 236, 344, 131, 133, 368, 237, 168, 269, 388, 370, 346, 400, 202, 169, 386, 258, 252, 189, 211, 106, 158, 273, 336, 217, 339, 213, 141, 315, 98, 105, 216, 166, 253, 103, 327, 278, 352, 398, 295, 298, 330, 165, 313, 224, 279, 148, 221, 174, 357, 272, 154, 275, 182, 387, 304, 191, 197, 318, 114, 322, 333, 110, 242, 195, 118, 331, 308, 140, 263, 267, 293, 176, 164, 102, 108, 231, 268, 303, 204, 378, 316, 323, 220, 345, 321, 241, 135, 192, 246, 366, 116, 340, 350, 294, 256, 392, 128, 351, 320, 307]"
algo_spea2,66,-21.968641874999996,6.411358125,30.431358125000003,"[60, 30, 41, 39, 35, 81, 80, 45, 83, 85, 94, 67, 5, 24, 32, 90, 65, 10, 13, 47, 75, 44, 23, 17, 16, 70, 72, 25, 52, 12, 26, 55, 36, 18, 57, 53, 19, 34, 42, 73, 21, 93, 56, 29, 8, 7, 77, 58, 82, 50, 33, 62, 6, 66, 87, 91, 15, 38, 51, 48, 84, 46, 63, 9, 11, 76, 71, 78, 59, 14, 68, 31, 79, 89, 27, 20, 3, 92, 22, 64, 37, 61, 28, 88, 69, 4, 49, 54, 2, 86, 40, 43, 1, 74]","[360, 186, 272, 96, 240, 304, 152, 111, 149, 215, 203, 95, 102, 248, 161, 318, 221, 352, 179, 251, 403, 332, 197, 237, 269, 294, 267, 254, 245, 153, 113, 140, 200, 327, 124, 330, 235, 159, 372, 378, 303, 173, 262, 184, 368, 271, 213, 398, 400, 261, 166, 296, 347, 339, 295, 402, 281, 170, 323, 359, 101, 344, 328, 119, 150, 168, 205, 293, 300, 209, 305, 380, 325, 226, 146, 131, 394, 356, 391, 105, 156, 236, 384, 189, 144, 263, 224, 242, 357, 270, 130, 333, 234, 373, 331, 253, 313, 390, 164, 322, 160, 319, 306, 211, 397, 258, 198, 278, 289, 349, 218, 118, 265, 321, 109, 362, 250, 341, 141, 345, 324, 401, 192, 220, 385, 137, 247, 128, 127, 148, 232, 154, 214, 223, 176, 282, 280, 283, 257, 290, 195, 143, 163, 110, 208, 103, 183, 104, 337, 225, 174, 175, 396, 369, 316, 132, 233, 315, 193, 180, 222, 204, 138, 346, 126, 376, 371, 311, 155, 329, 228, 301, 374, 268, 287, 366, 136, 334, 386, 312, 241, 194, 255, 299, 135, 229, 246, 382, 308, 343, 116, 210, 367, 120, 383, 121, 338, 350, 99, 291, 260, 256, 392, 142, 151, 351, 320, 145, 389, 171, 307, 277, 326, 292, 377, 302, 185, 97, 365, 162, 364, 243, 238, 363, 342, 379, 381, 196, 125, 158, 207, 157, 190, 107, 239, 188, 100, 375, 169, 134, 230, 219, 275, 335, 284, 122, 388, 201, 297, 129, 252, 106, 199, 395, 115, 206, 404, 259, 370, 361, 114, 353, 309, 288, 273, 139, 314, 191, 393, 317, 336, 387, 405, 264, 285, 108, 181, 187, 147, 212, 279, 217, 112, 286, 355, 340, 98, 182, 202, 348, 298, 133, 399, 123, 177, 231, 172, 178, 276, 310, 266, 167, 358, 274, 249, 117, 244, 216, 227, 354, 165]"
algo_spea2,67,-41.54054711538462,18.949452884615386,7.659452884615385,"[61, 9, 46, 93, 56, 72, 55, 40, 74, 19, 21, 58, 80, 67, 86, 15, 84, 1, 30, 6, 79, 91, 70, 68, 87, 47, 7, 44, 78, 69, 52, 41, 66, 25, 16, 17, 59, 53, 33, 49, 37, 8, 60, 65, 54, 75, 24, 39, 43, 29, 77, 28, 13, 27, 81, 35, 10, 32, 45, 83, 50, 3, 48, 12, 34, 57, 82, 62, 4, 51, 64, 11, 26, 76, 31, 42, 36, 71, 73, 20, 85, 94, 23, 2, 63, 92, 22, 89, 18, 90, 14, 88, 38, 5]","[400, 154, 275, 182, 387, 172, 191, 210, 109, 358, 355, 147, 114, 120, 239, 337, 144, 296, 333, 146, 155, 110, 389, 372, 175, 257, 242, 127, 118, 364, 274, 101, 331, 308, 328, 244, 307, 216, 227, 354, 165, 360, 336, 396, 374, 343, 186, 272, 188, 377, 277, 223, 183, 201, 96, 240, 195, 207, 122, 304, 152, 111, 196, 149, 381, 311, 100, 215, 309, 203, 255, 393, 288, 326, 95, 102, 248, 161, 291, 318, 246, 129, 193, 176, 221, 352, 179, 251, 403, 206, 332, 367, 230, 197, 342, 171, 238, 237, 269, 388, 273, 370, 294, 267, 254, 245, 153, 113, 214, 140, 177, 200, 256, 132, 324, 174, 327, 148, 124, 330, 208, 359, 263, 344, 369, 391, 293, 281, 236, 265, 164, 160, 402, 310, 300, 233, 108, 231, 268, 312, 341, 234, 178, 303, 276, 204, 283, 378, 316, 323, 220, 345, 270, 321, 325, 241, 194, 299, 135, 192, 229, 168, 382, 163, 366, 306, 116, 383, 121, 338, 350, 376, 99, 130, 260, 289, 392, 142, 128, 351, 320, 334, 145, 180, 292, 302, 151, 185, 97, 225, 162, 243, 363, 385, 379, 138, 125, 157, 190, 107, 262, 371, 375, 169, 134, 219, 335, 284, 104, 126, 297, 252, 106, 199, 401, 346, 395, 247, 115, 404, 259, 361, 136, 399, 353, 158, 139, 314, 317, 150, 261, 137, 384, 212, 397, 226, 232, 287, 123, 217, 280, 235, 159, 365, 143, 205, 184, 156, 218, 339, 213, 271, 141, 315, 98, 305, 105, 170, 133, 347, 285, 166, 249, 173, 253, 348, 103, 301, 258, 405, 278, 282, 198, 362, 398, 356, 295, 189, 131, 390, 117, 181, 298, 290, 340, 264, 329, 313, 211, 187, 222, 119, 349, 386, 224, 373, 380, 209, 322, 167, 394, 266, 279, 250, 319, 286, 202, 228, 357, 112, 368]"
algo_spea2,68,-78.98706295000001,21.162937049999996,62.41293705,"[91, 70, 68, 7, 44, 78, 41, 66, 65, 9, 40, 63, 20, 37, 81, 11, 67, 72, 69, 27, 82, 4, 49, 8, 45, 58, 52, 87, 25, 80, 54, 56, 19, 16, 90, 42, 17, 59, 53, 33, 36, 39, 43, 29, 77, 28, 60, 75, 47, 13, 35, 10, 32, 83, 50, 3, 48, 12, 34, 57, 62, 31, 51, 64, 73, 23, 2, 24, 22, 89, 18, 14, 88, 38, 85, 5, 61, 46, 93, 26, 55, 71, 74, 21, 94, 86, 15, 84, 1, 30, 92, 6, 79, 76]","[126, 129, 252, 401, 346, 395, 247, 206, 259, 361, 136, 399, 353, 273, 139, 314, 291, 354, 165, 102, 171, 202, 283, 357, 112, 196, 368, 179, 400, 154, 332, 275, 182, 387, 255, 172, 191, 197, 210, 109, 358, 318, 355, 370, 147, 114, 120, 326, 403, 360, 265, 159, 336, 396, 374, 343, 158, 272, 188, 377, 388, 277, 110, 382, 267, 375, 166, 334, 212, 286, 345, 304, 241, 106, 352, 338, 266, 201, 236, 118, 340, 119, 200, 204, 223, 183, 96, 240, 195, 251, 362, 207, 122, 152, 186, 371, 160, 111, 149, 381, 311, 100, 215, 309, 229, 405, 203, 153, 113, 214, 140, 301, 177, 256, 132, 324, 174, 327, 148, 124, 330, 208, 157, 190, 397, 350, 230, 342, 235, 393, 121, 284, 378, 297, 306, 116, 169, 303, 173, 392, 135, 192, 335, 363, 389, 184, 141, 264, 199, 298, 175, 315, 271, 213, 107, 398, 222, 261, 404, 239, 220, 383, 296, 181, 347, 339, 219, 295, 402, 281, 170, 323, 359, 101, 344, 328, 150, 168, 142, 115, 205, 366, 317, 97, 137, 384, 226, 123, 217, 280, 365, 143, 156, 218, 248, 95, 98, 305, 105, 133, 216, 249, 253, 348, 103, 258, 278, 282, 369, 356, 189, 131, 390, 117, 329, 254, 313, 211, 187, 386, 224, 373, 380, 209, 322, 167, 394, 325, 279, 250, 221, 319, 238, 337, 269, 144, 333, 146, 155, 289, 257, 242, 364, 274, 244, 288, 331, 245, 108, 231, 292, 227, 178, 276, 228, 237, 262, 194, 299, 308, 138, 367, 99, 130, 260, 151, 127, 351, 320, 145, 307, 180, 302, 185, 225, 162, 243, 379, 161, 287, 321, 232, 285, 234, 349, 341, 290, 372, 376, 263, 198, 391, 293, 176, 164, 310, 300, 233, 268, 316, 270, 312, 246, 163, 294, 128, 193, 385, 125, 134, 104]"
algo_spea2,69,-69.289063125,26.700936875,43.810936875,"[92, 61, 28, 72, 94, 78, 54, 10, 75, 4, 27, 30, 13, 6, 50, 93, 57, 18, 76, 53, 83, 74, 73, 41, 64, 17, 42, 81, 36, 20, 9, 70, 49, 51, 12, 46, 90, 5, 71, 35, 47, 23, 40, 22, 58, 86, 63, 56, 16, 33, 34, 62, 82, 91, 52, 15, 48, 69, 14, 60, 68, 80, 19, 45, 26, 87, 65, 21, 66, 55, 1, 85, 44, 43, 77, 7, 29, 59, 67, 2, 3, 89, 31, 25, 88, 24, 79, 37, 38, 11, 8, 39, 84, 32]","[395, 98, 197, 182, 351, 348, 285, 298, 133, 180, 204, 161, 326, 346, 151, 370, 369, 399, 123, 155, 365, 162, 231, 314, 289, 232, 178, 352, 280, 172, 276, 401, 221, 206, 310, 250, 237, 137, 379, 145, 167, 114, 269, 239, 274, 249, 117, 283, 244, 331, 216, 95, 198, 291, 354, 165, 102, 403, 360, 265, 159, 336, 396, 374, 343, 158, 186, 371, 272, 345, 377, 388, 277, 223, 96, 240, 195, 251, 362, 207, 122, 152, 111, 196, 149, 100, 309, 229, 203, 255, 113, 214, 301, 177, 200, 256, 132, 324, 174, 148, 124, 208, 157, 190, 350, 230, 235, 393, 372, 378, 385, 297, 306, 169, 303, 392, 135, 192, 335, 363, 389, 184, 141, 264, 134, 368, 175, 315, 271, 213, 107, 398, 222, 400, 261, 404, 238, 347, 339, 219, 402, 281, 171, 323, 359, 101, 344, 328, 150, 205, 317, 300, 292, 338, 319, 121, 194, 305, 321, 337, 332, 146, 109, 218, 349, 99, 394, 356, 391, 125, 275, 210, 341, 156, 236, 312, 282, 384, 258, 252, 189, 211, 144, 106, 308, 154, 263, 139, 224, 136, 376, 242, 225, 290, 270, 103, 234, 387, 262, 322, 127, 342, 110, 380, 382, 153, 267, 366, 259, 375, 166, 140, 334, 212, 318, 329, 325, 201, 130, 143, 164, 209, 268, 320, 295, 129, 330, 241, 202, 273, 118, 181, 115, 278, 119, 333, 168, 266, 405, 254, 243, 163, 183, 357, 215, 220, 311, 245, 116, 284, 227, 381, 160, 128, 199, 131, 340, 173, 296, 233, 294, 247, 138, 105, 358, 120, 257, 397, 226, 188, 299, 383, 293, 170, 353, 304, 246, 327, 142, 185, 191, 228, 108, 364, 373, 307, 316, 253, 126, 287, 313, 390, 288, 176, 248, 260, 97, 187, 193, 302, 147, 279, 361, 217, 112, 286, 104, 355, 386, 179, 367]"
algo_spea2,70,-62.846003299999985,26.603996699999996,24.9539967,"[61, 81, 9, 46, 93, 56, 72, 26, 55, 71, 74, 21, 58, 94, 40, 86, 15, 84, 1, 30, 92, 6, 79, 76, 91, 70, 68, 87, 7, 44, 78, 69, 52, 41, 66, 42, 25, 16, 17, 59, 11, 53, 33, 49, 37, 8, 36, 65, 54, 39, 43, 29, 77, 28, 60, 75, 47, 13, 27, 35, 10, 32, 45, 83, 50, 3, 48, 12, 34, 57, 82, 62, 4, 31, 51, 80, 19, 64, 73, 20, 67, 23, 2, 63, 24, 22, 89, 18, 90, 14, 88, 38, 85, 5]","[243, 379, 161, 287, 321, 232, 285, 234, 383, 341, 290, 372, 376, 263, 267, 369, 391, 293, 176, 236, 164, 310, 300, 233, 268, 204, 316, 270, 312, 246, 163, 340, 294, 128, 193, 385, 125, 375, 134, 104, 126, 129, 252, 106, 401, 346, 395, 247, 206, 259, 361, 136, 399, 353, 273, 139, 314, 291, 354, 165, 102, 403, 360, 265, 171, 202, 228, 357, 112, 196, 368, 179, 272, 400, 154, 332, 275, 182, 387, 304, 255, 172, 191, 197, 210, 109, 358, 318, 355, 370, 147, 114, 120, 326, 159, 336, 396, 374, 343, 158, 186, 371, 188, 345, 377, 388, 277, 160, 223, 183, 201, 96, 240, 195, 251, 362, 207, 122, 152, 111, 149, 381, 311, 100, 215, 309, 229, 405, 203, 153, 113, 214, 140, 301, 177, 200, 256, 132, 324, 174, 327, 148, 156, 330, 208, 157, 190, 397, 350, 230, 342, 235, 393, 121, 284, 378, 297, 306, 116, 169, 303, 173, 392, 262, 135, 192, 335, 363, 389, 184, 141, 264, 199, 298, 175, 315, 271, 213, 107, 398, 222, 261, 166, 404, 239, 220, 349, 296, 181, 347, 339, 219, 295, 402, 281, 286, 170, 323, 359, 101, 344, 328, 119, 150, 168, 142, 115, 205, 138, 317, 97, 137, 384, 212, 226, 123, 217, 280, 365, 143, 124, 218, 248, 95, 98, 305, 105, 133, 216, 249, 253, 348, 103, 258, 278, 282, 198, 352, 356, 189, 131, 390, 117, 329, 254, 313, 211, 187, 386, 224, 373, 380, 209, 322, 167, 394, 266, 325, 279, 250, 221, 319, 238, 337, 269, 144, 333, 146, 155, 110, 289, 257, 242, 118, 364, 274, 244, 288, 331, 245, 108, 231, 292, 227, 178, 276, 283, 237, 241, 194, 299, 382, 308, 366, 367, 338, 99, 130, 260, 151, 127, 351, 320, 334, 145, 307, 180, 302, 185, 225, 162]"
algo_spea2,71,-86.20218762063298,27.257812379367024,64.39781237936701,"[28, 64, 85, 9, 37, 11, 67, 72, 69, 27, 82, 4, 58, 87, 25, 56, 19, 90, 24, 94, 53, 12, 33, 57, 92, 62, 40, 46, 3, 48, 26, 22, 71, 86, 15, 8, 2, 83, 63, 78, 54, 52, 80, 18, 10, 20, 34, 49, 17, 81, 16, 45, 59, 89, 7, 43, 32, 47, 38, 1, 14, 29, 77, 84, 79, 23, 74, 76, 60, 21, 30, 61, 70, 93, 88, 6, 41, 31, 39, 50, 36, 91, 5, 68, 55, 42, 73, 66, 35, 44, 75, 65, 13, 51]","[387, 391, 110, 152, 307, 166, 142, 247, 197, 327, 363, 107, 188, 275, 278, 134, 244, 177, 105, 122, 284, 246, 279, 161, 323, 293, 176, 315, 273, 312, 339, 102, 325, 265, 375, 336, 295, 148, 98, 318, 196, 221, 191, 192, 128, 326, 286, 345, 304, 262, 352, 201, 118, 340, 200, 204, 281, 361, 297, 108, 141, 232, 404, 114, 164, 292, 158, 398, 241, 213, 129, 321, 294, 171, 157, 378, 309, 250, 174, 220, 366, 140, 268, 272, 351, 206, 335, 350, 209, 381, 150, 248, 288, 342, 117, 120, 95, 138, 367, 396, 380, 156, 255, 159, 123, 153, 178, 228, 203, 334, 277, 306, 261, 260, 194, 160, 257, 212, 343, 310, 317, 395, 240, 214, 329, 109, 362, 121, 230, 233, 249, 223, 115, 399, 360, 172, 341, 276, 143, 184, 296, 125, 397, 254, 100, 124, 190, 112, 371, 271, 96, 215, 218, 251, 183, 394, 369, 401, 283, 382, 198, 374, 302, 285, 280, 170, 173, 402, 167, 211, 270, 243, 147, 99, 333, 155, 131, 291, 390, 355, 225, 103, 126, 256, 330, 370, 349, 354, 356, 258, 328, 130, 320, 202, 168, 405, 163, 311, 116, 227, 199, 358, 226, 299, 353, 185, 149, 308, 305, 151, 388, 379, 252, 113, 346, 135, 392, 145, 97, 179, 132, 238, 372, 274, 385, 403, 208, 235, 377, 386, 242, 253, 162, 359, 331, 237, 264, 231, 289, 186, 234, 239, 376, 324, 219, 384, 364, 337, 301, 347, 373, 193, 144, 365, 368, 210, 222, 298, 282, 389, 300, 101, 269, 111, 348, 303, 187, 344, 169, 165, 127, 267, 259, 106, 338, 266, 236, 119, 133, 393, 181, 104, 195, 137, 154, 224, 287, 400, 136, 207, 175, 245, 216, 383, 189, 290, 180, 146, 205, 229, 314, 263, 332, 316, 217, 322, 319, 182, 139, 313, 357]"
algo_spea2,72,-37.443611,7.466388999999999,31.156388999999997,"[9, 73, 63, 81, 11, 67, 18, 72, 69, 27, 82, 4, 49, 8, 45, 58, 71, 87, 25, 53, 20, 37, 54, 74, 92, 83, 70, 28, 56, 19, 16, 90, 24, 94, 2, 32, 86, 15, 52, 22, 33, 57, 51, 62, 40, 42, 61, 48, 26, 89, 7, 43, 80, 47, 38, 1, 14, 29, 77, 84, 79, 23, 76, 60, 21, 30, 3, 65, 55, 46, 66, 93, 88, 6, 41, 31, 39, 50, 36, 91, 5, 68, 35, 44, 75, 85, 34, 13, 78, 17, 59, 64, 12, 10]","[395, 240, 214, 310, 362, 233, 249, 223, 115, 399, 360, 276, 143, 184, 397, 134, 100, 124, 190, 371, 271, 96, 215, 218, 183, 401, 113, 382, 198, 374, 302, 285, 280, 402, 353, 163, 219, 112, 196, 368, 179, 272, 400, 154, 182, 255, 172, 191, 197, 347, 339, 171, 323, 119, 150, 142, 138, 209, 121, 305, 321, 226, 337, 332, 162, 394, 278, 356, 105, 114, 125, 384, 211, 144, 106, 139, 376, 242, 357, 159, 185, 234, 275, 110, 263, 225, 131, 258, 349, 333, 304, 260, 224, 208, 170, 273, 236, 320, 319, 312, 98, 173, 246, 210, 109, 358, 318, 355, 147, 120, 326, 239, 269, 296, 146, 155, 389, 175, 289, 257, 195, 127, 118, 352, 101, 156, 244, 277, 365, 308, 328, 324, 288, 230, 140, 267, 344, 369, 386, 193, 256, 251, 231, 189, 102, 390, 266, 336, 217, 229, 107, 317, 220, 202, 187, 377, 315, 232, 398, 166, 363, 174, 97, 133, 164, 341, 167, 149, 132, 291, 227, 283, 405, 99, 393, 111, 137, 186, 311, 222, 180, 325, 301, 372, 322, 104, 383, 274, 245, 348, 379, 207, 299, 385, 359, 403, 181, 205, 354, 206, 264, 238, 338, 237, 168, 388, 370, 145, 300, 346, 169, 282, 252, 136, 243, 290, 270, 103, 130, 298, 165, 314, 330, 151, 116, 303, 135, 235, 152, 307, 392, 247, 327, 188, 254, 177, 122, 284, 279, 161, 293, 176, 199, 265, 375, 295, 148, 221, 192, 128, 286, 345, 262, 201, 340, 200, 204, 281, 361, 297, 108, 141, 404, 292, 158, 241, 213, 129, 294, 157, 378, 309, 250, 366, 268, 351, 391, 335, 350, 381, 387, 364, 373, 331, 316, 259, 253, 126, 287, 313, 216, 248, 342, 117, 95, 367, 396, 380, 123, 153, 178, 228, 203, 334, 306, 261, 194, 160, 212, 343, 329]"
algo_spea2,73,-43.6438967826923,11.16610321730769,24.05610321730769,"[82, 92, 91, 85, 53, 56, 83, 42, 41, 33, 36, 65, 45, 50, 48, 57, 4, 62, 9, 40, 21, 80, 19, 6, 52, 20, 14, 17, 35, 70, 32, 37, 49, 66, 24, 47, 61, 44, 34, 26, 11, 5, 51, 25, 18, 54, 39, 43, 29, 77, 28, 13, 1, 10, 38, 71, 81, 12, 31, 64, 89, 86, 15, 8, 84, 74, 60, 2, 73, 94, 23, 67, 22, 90, 88, 46, 72, 55, 58, 63, 3, 30, 76, 68, 27, 87, 69, 16, 59, 93, 7, 79, 78, 75]","[311, 162, 191, 190, 176, 395, 147, 100, 164, 362, 113, 187, 310, 401, 399, 324, 374, 227, 358, 237, 114, 148, 102, 118, 342, 393, 372, 378, 303, 173, 335, 363, 184, 141, 264, 199, 368, 315, 271, 213, 398, 222, 400, 261, 166, 220, 296, 181, 339, 219, 295, 402, 168, 323, 103, 266, 233, 278, 369, 375, 275, 126, 247, 206, 370, 313, 274, 195, 204, 198, 154, 336, 405, 167, 381, 289, 158, 139, 150, 267, 242, 123, 156, 333, 133, 253, 389, 317, 390, 111, 153, 330, 165, 211, 224, 380, 394, 325, 279, 319, 174, 357, 172, 328, 384, 248, 355, 361, 301, 149, 373, 304, 386, 170, 360, 356, 273, 280, 268, 252, 159, 354, 257, 223, 124, 117, 249, 143, 134, 217, 110, 347, 231, 286, 263, 404, 215, 240, 188, 189, 208, 352, 125, 371, 254, 345, 284, 201, 218, 298, 396, 175, 337, 265, 329, 243, 225, 207, 282, 202, 216, 146, 182, 232, 385, 259, 403, 343, 160, 203, 262, 115, 104, 161, 272, 95, 364, 157, 332, 186, 269, 258, 194, 255, 299, 135, 192, 229, 246, 214, 382, 308, 163, 366, 306, 270, 116, 340, 210, 367, 120, 383, 121, 338, 350, 376, 294, 99, 130, 379, 341, 260, 256, 392, 142, 151, 127, 351, 320, 334, 145, 348, 171, 307, 180, 277, 326, 292, 377, 302, 128, 185, 97, 397, 144, 230, 209, 131, 119, 196, 291, 169, 109, 226, 327, 221, 96, 108, 112, 251, 98, 321, 239, 212, 309, 105, 235, 137, 314, 122, 136, 388, 297, 312, 132, 106, 183, 238, 107, 129, 140, 391, 236, 331, 245, 344, 178, 276, 283, 197, 359, 241, 138, 287, 205, 285, 281, 234, 349, 290, 152, 288, 200, 244, 193, 155, 365, 250, 300, 101, 322, 353, 387, 346, 293, 228, 305, 316, 318, 179, 177]"
algo_spea2,74,-32.599235,10.090765000000001,19.500764999999998,"[81, 11, 67, 72, 69, 27, 82, 4, 49, 45, 58, 87, 25, 56, 19, 16, 94, 33, 57, 62, 40, 3, 48, 26, 7, 43, 32, 47, 38, 14, 29, 77, 22, 61, 70, 36, 91, 71, 89, 24, 90, 53, 65, 12, 10, 13, 66, 51, 23, 21, 75, 46, 63, 9, 93, 76, 31, 50, 86, 15, 8, 84, 74, 60, 2, 83, 1, 30, 78, 54, 52, 80, 88, 6, 41, 39, 5, 68, 55, 18, 42, 73, 35, 44, 85, 34, 92, 28, 17, 59, 64, 79, 20, 37]","[276, 378, 197, 316, 323, 182, 387, 345, 237, 270, 312, 396, 241, 255, 135, 192, 229, 262, 308, 366, 306, 340, 367, 275, 376, 294, 341, 260, 256, 392, 142, 151, 138, 317, 146, 298, 219, 118, 398, 102, 124, 194, 318, 300, 106, 170, 251, 344, 206, 321, 109, 264, 337, 332, 230, 171, 238, 349, 232, 110, 257, 217, 355, 353, 177, 172, 173, 326, 363, 338, 359, 180, 329, 320, 303, 167, 267, 328, 227, 240, 400, 140, 121, 161, 261, 244, 223, 365, 343, 285, 111, 269, 100, 236, 178, 231, 274, 293, 233, 214, 277, 175, 401, 202, 114, 226, 284, 382, 265, 307, 207, 127, 153, 334, 212, 325, 209, 330, 181, 115, 119, 168, 405, 163, 220, 311, 116, 199, 296, 247, 358, 120, 246, 327, 228, 122, 351, 145, 292, 128, 185, 225, 364, 243, 342, 164, 213, 310, 191, 302, 280, 211, 402, 390, 97, 179, 149, 210, 319, 288, 132, 291, 187, 186, 222, 301, 372, 305, 239, 322, 104, 245, 348, 379, 299, 385, 103, 266, 278, 169, 134, 403, 147, 205, 208, 354, 391, 235, 131, 133, 368, 377, 388, 370, 101, 386, 282, 384, 189, 144, 154, 139, 136, 242, 357, 130, 253, 287, 216, 314, 395, 123, 162, 221, 250, 129, 279, 117, 283, 159, 158, 272, 166, 286, 352, 201, 200, 362, 152, 196, 381, 309, 203, 174, 157, 297, 184, 315, 107, 404, 375, 339, 295, 150, 380, 105, 125, 160, 397, 289, 176, 254, 248, 143, 347, 324, 99, 393, 389, 193, 137, 356, 190, 112, 371, 96, 215, 183, 369, 374, 95, 155, 141, 335, 126, 373, 198, 361, 360, 394, 165, 252, 113, 148, 350, 313, 263, 290, 258, 333, 304, 224, 249, 281, 259, 98, 188, 195, 336, 218, 156, 399, 346, 271, 383, 273, 331, 204, 108, 268, 234]"
algo_spea2,75,-55.18168648672211,12.578313513277886,56.41831351327789,"[88, 47, 79, 6, 73, 42, 45, 13, 36, 70, 64, 72, 15, 74, 31, 93, 8, 20, 9, 48, 40, 81, 11, 17, 87, 25, 53, 54, 69, 83, 4, 24, 94, 7, 67, 30, 35, 22, 55, 86, 16, 62, 82, 52, 3, 26, 14, 19, 38, 84, 32, 44, 61, 66, 1, 33, 58, 92, 10, 12, 89, 68, 18, 80, 57, 46, 37, 60, 78, 76, 75, 41, 28, 29, 23, 71, 85, 21, 50, 39, 63, 2, 59, 43, 49, 27, 65, 90, 5, 77, 91, 34, 51, 56]","[151, 370, 369, 399, 276, 206, 250, 379, 318, 145, 358, 249, 283, 307, 354, 403, 360, 396, 158, 375, 334, 385, 106, 266, 118, 183, 96, 251, 362, 152, 268, 325, 337, 109, 394, 203, 255, 113, 200, 174, 208, 350, 230, 392, 264, 134, 271, 222, 220, 383, 347, 339, 219, 323, 344, 150, 168, 138, 391, 105, 125, 275, 210, 156, 252, 308, 242, 191, 319, 211, 278, 185, 387, 364, 316, 253, 98, 299, 322, 176, 254, 248, 97, 217, 104, 355, 386, 353, 225, 184, 166, 300, 310, 171, 212, 267, 224, 213, 380, 290, 368, 291, 374, 196, 342, 361, 193, 393, 238, 258, 102, 402, 295, 314, 340, 177, 172, 301, 309, 373, 173, 131, 326, 363, 338, 359, 180, 260, 376, 273, 329, 139, 320, 303, 262, 202, 232, 328, 227, 240, 400, 140, 294, 245, 130, 367, 121, 161, 261, 244, 223, 365, 343, 123, 366, 263, 312, 285, 111, 269, 100, 331, 333, 103, 201, 236, 178, 231, 274, 397, 293, 233, 270, 136, 306, 214, 277, 281, 175, 401, 108, 101, 286, 114, 129, 226, 99, 327, 198, 305, 297, 371, 160, 332, 115, 205, 382, 119, 296, 287, 167, 229, 345, 282, 164, 162, 181, 384, 169, 265, 107, 243, 304, 197, 179, 234, 317, 352, 321, 110, 146, 135, 349, 190, 357, 279, 112, 246, 235, 330, 122, 341, 247, 257, 127, 159, 377, 346, 259, 137, 144, 163, 221, 187, 189, 186, 228, 165, 126, 395, 147, 120, 128, 256, 313, 195, 204, 378, 154, 336, 311, 157, 215, 272, 405, 143, 280, 117, 216, 356, 372, 335, 388, 284, 381, 95, 289, 389, 239, 141, 155, 199, 218, 153, 149, 116, 209, 188, 148, 192, 132, 390, 237, 241, 288, 170, 207, 315, 194, 142, 124, 292, 404, 302, 398, 324, 182, 351, 348, 298, 133]"
algo_spea2,76,-53.19367503499999,10.626324965000002,49.006324965,"[32, 92, 61, 28, 72, 94, 78, 54, 10, 75, 4, 27, 30, 89, 50, 93, 18, 53, 83, 74, 73, 41, 64, 17, 42, 81, 36, 20, 9, 70, 49, 51, 46, 90, 5, 71, 35, 47, 23, 40, 22, 58, 86, 63, 56, 16, 33, 62, 91, 52, 15, 48, 69, 14, 60, 68, 80, 19, 45, 26, 87, 65, 21, 66, 55, 1, 85, 44, 43, 12, 34, 57, 76, 82, 77, 7, 6, 29, 59, 67, 2, 3, 13, 31, 25, 88, 24, 79, 37, 38, 11, 8, 39, 84]","[151, 370, 369, 399, 123, 155, 365, 162, 231, 314, 289, 172, 178, 352, 280, 232, 276, 401, 221, 206, 310, 250, 237, 137, 379, 145, 167, 114, 269, 239, 274, 249, 117, 283, 244, 307, 216, 95, 198, 291, 329, 254, 313, 211, 187, 222, 119, 349, 386, 224, 373, 380, 209, 322, 354, 165, 102, 403, 360, 265, 159, 336, 396, 374, 343, 158, 186, 371, 272, 345, 377, 388, 277, 223, 96, 240, 195, 251, 362, 207, 122, 152, 111, 196, 149, 100, 309, 229, 203, 255, 113, 214, 301, 177, 200, 256, 132, 324, 174, 148, 124, 208, 157, 190, 350, 230, 235, 393, 372, 378, 385, 297, 306, 169, 303, 392, 135, 192, 335, 363, 389, 184, 141, 264, 134, 368, 175, 315, 271, 213, 107, 398, 400, 261, 404, 238, 347, 339, 219, 402, 281, 171, 323, 359, 101, 344, 328, 150, 205, 317, 300, 292, 338, 319, 121, 194, 305, 321, 337, 332, 146, 109, 218, 99, 394, 356, 391, 125, 275, 210, 341, 156, 236, 312, 282, 384, 296, 252, 189, 144, 298, 308, 154, 263, 139, 136, 376, 242, 225, 290, 270, 103, 234, 387, 262, 127, 342, 110, 382, 153, 267, 366, 259, 375, 166, 140, 334, 212, 318, 325, 201, 130, 143, 164, 268, 320, 295, 129, 330, 241, 202, 273, 118, 181, 115, 278, 333, 168, 266, 405, 243, 163, 183, 357, 215, 220, 311, 245, 116, 284, 227, 381, 160, 128, 199, 131, 340, 173, 258, 233, 294, 247, 138, 105, 358, 120, 257, 397, 226, 188, 299, 383, 293, 170, 353, 304, 246, 327, 142, 185, 191, 228, 108, 364, 331, 316, 253, 126, 287, 390, 288, 176, 248, 260, 97, 193, 302, 147, 279, 361, 217, 112, 286, 104, 355, 179, 367, 395, 98, 197, 182, 351, 348, 285, 106, 133, 180, 204, 161, 326, 346]"
algo_spea2,77,-13.299190941666666,5.4808090583333335,16.600809058333333,"[33, 8, 36, 65, 39, 43, 29, 27, 50, 48, 57, 37, 40, 4, 15, 45, 30, 93, 7, 79, 78, 26, 82, 92, 91, 61, 85, 13, 21, 89, 80, 53, 6, 52, 20, 14, 17, 35, 86, 70, 77, 32, 62, 49, 66, 56, 24, 47, 16, 83, 42, 44, 34, 60, 75, 9, 11, 5, 64, 3, 25, 1, 10, 38, 54, 71, 81, 31, 51, 73, 94, 23, 2, 67, 22, 18, 90, 88, 46, 72, 55, 58, 63, 84, 19, 12, 76, 68, 87, 69, 41, 28, 59, 74]","[162, 191, 190, 272, 147, 137, 362, 113, 187, 403, 307, 401, 399, 239, 327, 374, 160, 227, 326, 246, 358, 237, 114, 102, 223, 329, 350, 230, 342, 235, 166, 346, 393, 176, 376, 195, 366, 148, 118, 275, 156, 309, 328, 167, 128, 138, 116, 103, 357, 352, 220, 111, 242, 387, 351, 155, 241, 296, 369, 336, 324, 316, 151, 247, 391, 305, 233, 205, 183, 129, 204, 193, 152, 266, 123, 395, 174, 320, 172, 234, 310, 288, 140, 130, 398, 250, 348, 164, 287, 359, 122, 340, 313, 267, 199, 165, 100, 126, 213, 248, 355, 361, 301, 149, 373, 392, 292, 304, 386, 299, 360, 356, 273, 280, 142, 268, 194, 159, 354, 302, 124, 117, 249, 389, 143, 134, 217, 347, 294, 231, 286, 256, 215, 229, 188, 186, 208, 317, 341, 125, 371, 254, 345, 110, 185, 284, 306, 201, 382, 218, 277, 298, 396, 175, 337, 265, 372, 378, 385, 297, 169, 303, 173, 262, 135, 192, 335, 363, 184, 141, 264, 368, 315, 271, 107, 222, 400, 261, 404, 238, 383, 181, 339, 219, 295, 402, 168, 136, 388, 323, 163, 119, 278, 375, 104, 252, 106, 115, 206, 259, 370, 120, 274, 198, 154, 405, 212, 216, 381, 95, 289, 158, 139, 150, 96, 397, 226, 333, 98, 105, 132, 170, 133, 253, 258, 189, 131, 390, 203, 153, 330, 211, 224, 380, 394, 325, 279, 221, 319, 112, 332, 146, 257, 240, 263, 236, 109, 331, 245, 344, 108, 178, 276, 283, 197, 182, 255, 308, 367, 338, 99, 127, 334, 145, 180, 377, 97, 225, 243, 161, 207, 321, 232, 196, 285, 281, 349, 290, 121, 171, 200, 291, 384, 244, 270, 251, 157, 364, 144, 365, 214, 312, 210, 282, 314, 300, 101, 322, 209, 353, 202, 293, 228, 343, 318, 179, 177, 311, 260, 379, 269]"
algo_spea2,78,-50.35103062499999,15.348969375000001,29.848969375,"[86, 28, 92, 30, 27, 73, 80, 2, 20, 54, 70, 67, 22, 49, 35, 40, 34, 16, 64, 41, 25, 87, 17, 33, 55, 4, 18, 1, 77, 88, 74, 81, 45, 83, 85, 29, 94, 44, 57, 24, 90, 53, 65, 12, 10, 13, 66, 51, 23, 21, 75, 46, 63, 9, 93, 76, 31, 50, 36, 91, 5, 62, 6, 82, 52, 15, 48, 3, 26, 14, 60, 68, 19, 37, 38, 11, 84, 32, 61, 39, 72, 42, 71, 47, 79, 58, 56, 69, 59, 43, 7, 78, 8, 89]","[354, 360, 159, 374, 186, 188, 377, 183, 304, 196, 215, 203, 113, 256, 208, 393, 389, 184, 134, 368, 271, 107, 222, 166, 383, 347, 339, 402, 323, 150, 142, 205, 138, 317, 146, 298, 219, 118, 398, 102, 124, 194, 318, 300, 106, 170, 251, 344, 206, 321, 109, 264, 337, 332, 230, 171, 238, 349, 232, 110, 257, 217, 355, 353, 177, 172, 173, 326, 363, 338, 359, 180, 329, 320, 303, 167, 267, 328, 227, 240, 400, 140, 121, 161, 261, 244, 223, 365, 343, 285, 111, 269, 100, 236, 178, 231, 274, 293, 233, 214, 277, 175, 401, 101, 114, 226, 284, 382, 265, 307, 207, 127, 153, 334, 212, 325, 209, 330, 181, 115, 119, 168, 405, 163, 220, 311, 116, 199, 296, 247, 358, 120, 246, 327, 228, 122, 276, 147, 279, 112, 104, 386, 179, 395, 388, 197, 182, 348, 133, 255, 370, 369, 399, 155, 162, 352, 237, 137, 145, 202, 239, 283, 291, 165, 403, 336, 272, 98, 96, 195, 362, 152, 149, 132, 324, 174, 190, 235, 372, 375, 295, 148, 221, 192, 286, 345, 262, 201, 340, 200, 204, 281, 361, 297, 108, 404, 292, 158, 241, 213, 129, 157, 378, 309, 250, 366, 268, 351, 335, 350, 381, 301, 259, 99, 131, 394, 356, 391, 105, 128, 125, 275, 210, 341, 156, 282, 384, 252, 189, 263, 308, 154, 144, 139, 224, 136, 376, 243, 242, 371, 141, 160, 191, 319, 306, 346, 211, 397, 258, 198, 229, 278, 289, 103, 312, 273, 218, 357, 225, 290, 270, 130, 333, 185, 234, 387, 364, 373, 331, 316, 253, 126, 287, 313, 299, 390, 164, 322, 294, 288, 176, 305, 254, 248, 245, 260, 97, 187, 193, 302, 216, 342, 117, 95, 367, 396, 380, 123, 385, 169, 392, 135, 315, 151, 314, 280, 310, 266, 379, 143, 249]"
algo_spea2,79,-72.23553900200193,25.094460997998066,46.66446099799807,"[30, 76, 68, 87, 42, 78, 69, 59, 16, 41, 33, 8, 36, 65, 39, 43, 29, 27, 10, 45, 67, 48, 57, 4, 62, 40, 21, 89, 6, 13, 52, 20, 14, 17, 35, 70, 15, 32, 37, 72, 66, 3, 24, 47, 61, 83, 7, 44, 34, 82, 60, 75, 92, 11, 5, 51, 25, 93, 28, 38, 85, 53, 54, 90, 2, 81, 12, 31, 64, 73, 94, 23, 91, 50, 22, 18, 79, 88, 46, 49, 55, 58, 63, 9, 56, 26, 74, 19, 80, 71, 86, 77, 84, 1]","[177, 225, 162, 243, 238, 379, 161, 287, 207, 398, 321, 200, 245, 318, 342, 325, 384, 289, 374, 293, 295, 109, 399, 300, 97, 135, 372, 311, 173, 307, 283, 402, 235, 158, 394, 166, 113, 346, 393, 388, 176, 376, 195, 366, 139, 148, 118, 156, 309, 328, 128, 138, 116, 352, 271, 220, 106, 242, 237, 312, 206, 351, 155, 241, 296, 369, 344, 324, 101, 316, 145, 151, 247, 391, 137, 205, 183, 129, 105, 204, 244, 314, 193, 123, 395, 174, 320, 136, 378, 234, 232, 172, 141, 196, 285, 186, 281, 265, 315, 341, 239, 121, 286, 171, 288, 219, 291, 107, 270, 251, 125, 157, 364, 337, 347, 175, 363, 280, 144, 365, 250, 361, 214, 117, 114, 199, 261, 209, 268, 297, 353, 317, 228, 284, 310, 303, 340, 217, 143, 360, 273, 294, 343, 304, 168, 323, 163, 190, 262, 371, 188, 100, 375, 169, 134, 230, 335, 104, 126, 201, 252, 401, 115, 404, 259, 370, 218, 147, 120, 256, 246, 274, 198, 385, 215, 272, 327, 212, 122, 216, 381, 95, 389, 191, 269, 150, 267, 305, 110, 149, 96, 397, 226, 233, 159, 403, 184, 333, 339, 213, 248, 98, 132, 170, 133, 249, 253, 348, 362, 131, 231, 203, 153, 254, 386, 380, 279, 221, 112, 146, 257, 240, 140, 263, 236, 164, 160, 331, 336, 102, 108, 223, 292, 178, 276, 227, 208, 359, 345, 124, 103, 301, 258, 405, 278, 282, 152, 356, 189, 329, 354, 390, 181, 111, 298, 290, 330, 165, 264, 313, 211, 187, 222, 119, 349, 224, 373, 322, 167, 266, 319, 202, 357, 368, 179, 400, 154, 332, 275, 182, 387, 197, 210, 358, 355, 396, 194, 255, 299, 192, 229, 382, 308, 306, 367, 383, 338, 350, 99, 130, 260, 392, 142, 127, 334, 180, 277, 326, 377, 302, 185]"
algo_spea2,80,-67.7625203326923,26.88747966730769,39.43747966730769,"[41, 64, 17, 81, 92, 20, 49, 12, 65, 46, 90, 5, 91, 34, 25, 51, 59, 56, 29, 8, 31, 36, 88, 47, 69, 78, 83, 70, 77, 4, 79, 75, 73, 44, 57, 42, 45, 93, 13, 50, 24, 94, 2, 80, 7, 67, 30, 87, 28, 71, 35, 23, 40, 22, 55, 58, 86, 63, 16, 33, 9, 62, 6, 82, 52, 15, 48, 3, 26, 14, 60, 68, 19, 37, 38, 11, 84, 32, 61, 39, 72, 21, 54, 85, 10, 66, 27, 89, 43, 1, 18, 76, 53, 74]","[348, 285, 108, 298, 133, 180, 161, 127, 326, 151, 370, 369, 399, 123, 155, 365, 162, 231, 314, 172, 178, 280, 232, 276, 401, 221, 206, 310, 250, 237, 137, 379, 318, 366, 145, 167, 114, 129, 233, 320, 143, 358, 239, 274, 249, 117, 283, 244, 307, 216, 95, 227, 291, 354, 165, 102, 403, 360, 265, 159, 336, 396, 374, 343, 158, 186, 272, 188, 377, 388, 277, 110, 382, 267, 375, 166, 334, 212, 286, 345, 304, 262, 106, 352, 338, 266, 201, 236, 118, 340, 119, 200, 204, 223, 183, 96, 240, 195, 251, 362, 207, 122, 152, 111, 196, 149, 381, 311, 100, 215, 309, 405, 203, 255, 269, 259, 98, 173, 301, 325, 153, 113, 214, 140, 177, 256, 132, 324, 174, 327, 148, 124, 330, 208, 157, 190, 350, 230, 342, 235, 393, 372, 284, 378, 385, 297, 116, 169, 303, 392, 135, 192, 335, 363, 389, 184, 264, 199, 134, 368, 175, 315, 271, 213, 107, 398, 222, 400, 261, 404, 238, 220, 383, 296, 181, 347, 339, 219, 295, 402, 281, 171, 170, 323, 359, 101, 344, 120, 328, 150, 168, 142, 115, 205, 138, 317, 293, 241, 300, 292, 209, 268, 121, 194, 321, 380, 226, 337, 332, 146, 109, 349, 163, 99, 131, 394, 356, 391, 105, 128, 125, 275, 210, 341, 156, 282, 384, 252, 189, 263, 308, 154, 144, 139, 224, 136, 376, 243, 242, 371, 141, 160, 191, 319, 306, 346, 211, 397, 258, 198, 229, 278, 289, 103, 312, 273, 218, 357, 225, 290, 270, 130, 333, 185, 234, 387, 364, 373, 331, 316, 253, 126, 287, 313, 299, 390, 164, 322, 294, 288, 176, 305, 254, 248, 245, 260, 97, 187, 193, 302, 147, 279, 361, 329, 246, 257, 217, 112, 104, 355, 228, 386, 353, 179, 247, 367, 395, 197, 182, 351, 202]"
algo_spea2,81,-58.078832930769224,13.731167069230771,37.821167069230775,"[20, 74, 92, 83, 41, 68, 37, 85, 5, 48, 61, 28, 45, 54, 59, 9, 65, 46, 75, 44, 23, 17, 16, 70, 72, 25, 52, 12, 56, 19, 90, 24, 94, 2, 32, 86, 15, 22, 33, 57, 51, 62, 40, 42, 26, 89, 7, 43, 80, 47, 38, 1, 14, 29, 77, 84, 79, 76, 60, 21, 30, 3, 55, 66, 93, 88, 6, 31, 39, 50, 36, 91, 35, 34, 13, 78, 64, 10, 73, 63, 81, 11, 67, 18, 69, 27, 82, 4, 49, 8, 58, 71, 87, 53]","[113, 382, 198, 374, 285, 280, 402, 163, 219, 112, 368, 179, 272, 400, 154, 182, 255, 172, 191, 197, 347, 339, 171, 323, 119, 150, 142, 138, 209, 121, 305, 321, 226, 337, 332, 394, 278, 356, 105, 125, 384, 211, 144, 274, 376, 242, 357, 159, 234, 275, 110, 263, 225, 131, 258, 349, 333, 304, 260, 224, 208, 170, 236, 320, 319, 312, 98, 173, 246, 210, 109, 358, 318, 355, 147, 120, 269, 296, 146, 155, 389, 175, 289, 257, 195, 127, 118, 352, 101, 156, 244, 365, 308, 328, 324, 140, 267, 344, 369, 386, 193, 256, 251, 231, 189, 102, 390, 266, 336, 217, 229, 107, 317, 220, 202, 187, 315, 232, 398, 392, 363, 174, 133, 164, 341, 167, 149, 132, 291, 227, 277, 326, 377, 302, 185, 97, 177, 162, 364, 243, 342, 379, 381, 196, 158, 207, 157, 190, 239, 188, 100, 375, 169, 230, 284, 122, 388, 201, 297, 129, 395, 206, 259, 370, 361, 114, 353, 309, 288, 273, 139, 283, 405, 99, 393, 111, 137, 186, 311, 222, 180, 325, 301, 372, 322, 104, 383, 106, 245, 348, 299, 385, 359, 403, 181, 205, 354, 264, 238, 338, 237, 168, 145, 300, 346, 282, 252, 136, 290, 270, 103, 130, 298, 165, 314, 330, 151, 116, 303, 135, 235, 152, 307, 166, 247, 327, 134, 279, 161, 293, 176, 199, 265, 295, 148, 221, 192, 128, 286, 345, 262, 340, 200, 204, 281, 108, 141, 404, 292, 241, 213, 294, 378, 250, 366, 268, 351, 391, 335, 350, 387, 373, 331, 316, 253, 126, 287, 313, 216, 248, 117, 95, 367, 396, 380, 123, 153, 178, 228, 203, 334, 306, 261, 194, 160, 212, 343, 310, 240, 214, 329, 362, 233, 249, 223, 115, 399, 360, 276, 143, 184, 397, 254, 124, 371, 271, 96, 215, 218, 183, 401]"
algo_spea2,82,-30.4,16.84,13.0,"[61, 9, 46, 93, 56, 72, 26, 54, 40, 74, 19, 21, 58, 80, 24, 71, 86, 15, 84, 1, 30, 6, 79, 76, 91, 70, 68, 87, 47, 7, 44, 78, 69, 52, 41, 66, 42, 25, 16, 17, 59, 11, 53, 33, 49, 37, 8, 36, 60, 65, 55, 75, 67, 39, 43, 29, 77, 28, 13, 27, 81, 35, 10, 32, 45, 83, 50, 3, 48, 12, 34, 57, 82, 62, 4, 31, 51, 64, 73, 20, 85, 94, 23, 2, 63, 92, 22, 89, 18, 90, 14, 5, 88, 38]","[318, 179, 177, 311, 354, 260, 372, 162, 191, 190, 272, 147, 396, 208, 254, 100, 362, 113, 187, 360, 403, 307, 401, 399, 239, 327, 374, 160, 326, 358, 346, 393, 388, 176, 153, 139, 148, 118, 275, 156, 309, 328, 167, 138, 103, 357, 352, 271, 220, 111, 106, 242, 387, 237, 312, 206, 155, 241, 296, 369, 336, 324, 101, 316, 247, 391, 305, 233, 205, 183, 129, 105, 204, 244, 314, 193, 152, 266, 123, 395, 174, 136, 172, 234, 310, 228, 288, 140, 398, 141, 250, 348, 164, 287, 359, 122, 313, 267, 227, 199, 117, 114, 102, 345, 223, 366, 329, 320, 350, 230, 342, 269, 284, 378, 385, 306, 116, 169, 173, 262, 135, 335, 363, 389, 184, 213, 355, 361, 301, 149, 373, 392, 292, 304, 386, 264, 368, 175, 315, 222, 400, 261, 166, 404, 383, 181, 347, 339, 219, 295, 402, 168, 178, 303, 323, 119, 278, 188, 375, 126, 203, 115, 259, 370, 218, 120, 128, 256, 274, 198, 154, 215, 405, 216, 356, 381, 289, 158, 150, 110, 397, 226, 333, 248, 170, 133, 249, 253, 258, 189, 131, 390, 201, 195, 298, 330, 165, 211, 224, 380, 394, 325, 279, 319, 112, 332, 146, 257, 252, 302, 159, 384, 134, 130, 376, 212, 192, 235, 137, 379, 207, 99, 297, 243, 143, 382, 171, 163, 95, 132, 232, 98, 214, 377, 157, 246, 96, 225, 238, 371, 180, 341, 107, 340, 294, 145, 280, 104, 240, 263, 236, 109, 331, 245, 344, 108, 231, 276, 283, 197, 182, 124, 194, 255, 299, 229, 308, 367, 338, 142, 151, 127, 351, 334, 277, 185, 97, 161, 321, 196, 285, 186, 281, 265, 349, 290, 121, 286, 200, 291, 270, 251, 125, 364, 337, 144, 365, 210, 282, 300, 322, 221, 209, 268, 353, 202, 317, 293, 217, 273, 343]"
algo_spea2,83,-68.34636262500001,20.723637375,42.553637375,"[32, 92, 61, 28, 72, 94, 78, 54, 10, 75, 4, 27, 30, 89, 50, 93, 57, 18, 76, 53, 83, 74, 73, 41, 64, 17, 42, 81, 36, 20, 9, 70, 49, 51, 12, 46, 90, 5, 71, 35, 47, 23, 40, 22, 58, 86, 63, 56, 16, 33, 34, 62, 82, 91, 52, 15, 48, 69, 14, 60, 68, 80, 19, 45, 26, 87, 65, 21, 66, 55, 1, 85, 44, 43, 77, 7, 6, 29, 59, 67, 2, 3, 13, 31, 25, 88, 24, 79, 37, 38, 11, 8, 39, 84]","[395, 98, 197, 182, 351, 348, 285, 298, 133, 180, 204, 161, 326, 346, 151, 370, 369, 399, 123, 155, 365, 162, 231, 314, 289, 172, 178, 352, 280, 232, 276, 401, 221, 206, 310, 250, 237, 137, 379, 145, 167, 114, 269, 239, 274, 249, 117, 283, 244, 307, 216, 95, 198, 291, 354, 165, 102, 403, 360, 265, 159, 336, 396, 374, 343, 158, 186, 371, 272, 345, 377, 388, 277, 223, 96, 240, 195, 251, 362, 207, 122, 152, 111, 196, 149, 100, 309, 229, 203, 255, 113, 214, 301, 177, 200, 256, 132, 324, 174, 148, 124, 208, 157, 190, 350, 230, 235, 393, 372, 378, 385, 297, 306, 169, 303, 392, 135, 192, 335, 363, 389, 184, 141, 264, 134, 368, 175, 315, 271, 213, 107, 398, 222, 400, 261, 404, 238, 347, 339, 219, 402, 281, 171, 323, 359, 101, 344, 328, 150, 205, 317, 300, 292, 338, 319, 121, 194, 305, 321, 337, 332, 146, 109, 218, 349, 99, 394, 356, 391, 125, 275, 210, 341, 156, 236, 312, 282, 384, 258, 252, 189, 211, 144, 106, 308, 154, 263, 139, 224, 136, 376, 242, 225, 290, 270, 103, 234, 387, 262, 322, 127, 342, 110, 380, 382, 153, 267, 366, 259, 375, 166, 140, 334, 212, 318, 329, 325, 201, 130, 143, 164, 209, 268, 320, 295, 129, 330, 241, 202, 273, 118, 181, 115, 278, 119, 333, 168, 266, 405, 254, 243, 163, 183, 357, 215, 220, 311, 245, 116, 284, 227, 381, 160, 128, 199, 131, 340, 173, 296, 233, 294, 247, 138, 105, 358, 120, 257, 397, 226, 188, 299, 383, 293, 170, 353, 304, 246, 327, 142, 185, 191, 228, 108, 364, 373, 331, 316, 253, 126, 287, 313, 390, 288, 176, 248, 260, 97, 187, 193, 302, 147, 279, 361, 217, 112, 286, 104, 355, 386, 179, 367]"
algo_spea2,84,-79.77363525,19.23636475,66.92636475,"[23, 78, 28, 17, 59, 64, 15, 10, 65, 9, 83, 63, 20, 37, 81, 11, 67, 72, 69, 27, 82, 4, 49, 8, 45, 58, 52, 87, 25, 80, 54, 56, 19, 16, 90, 24, 94, 2, 53, 86, 12, 71, 76, 33, 57, 51, 62, 40, 46, 3, 48, 26, 89, 7, 43, 32, 47, 38, 1, 14, 29, 77, 84, 92, 74, 22, 60, 21, 30, 61, 70, 93, 88, 6, 41, 31, 39, 50, 36, 91, 5, 68, 55, 18, 79, 42, 73, 66, 35, 44, 75, 85, 34, 13]","[108, 161, 326, 151, 399, 123, 162, 231, 172, 178, 232, 276, 401, 221, 206, 310, 250, 318, 366, 167, 114, 129, 320, 279, 249, 117, 283, 244, 307, 95, 102, 360, 265, 159, 336, 396, 374, 343, 158, 272, 277, 110, 382, 166, 334, 212, 286, 345, 304, 352, 201, 118, 340, 200, 204, 223, 183, 96, 240, 251, 362, 207, 122, 152, 196, 149, 381, 215, 309, 203, 255, 153, 214, 140, 177, 174, 327, 109, 124, 157, 350, 342, 284, 378, 297, 116, 303, 173, 392, 135, 192, 335, 363, 184, 315, 271, 213, 107, 398, 261, 404, 220, 383, 296, 339, 219, 295, 402, 266, 171, 170, 323, 120, 150, 148, 115, 138, 317, 241, 292, 209, 268, 121, 194, 321, 380, 325, 337, 142, 394, 105, 128, 125, 210, 341, 156, 141, 160, 191, 306, 397, 198, 229, 289, 312, 273, 218, 390, 164, 294, 288, 176, 254, 248, 260, 97, 302, 143, 361, 329, 246, 257, 112, 319, 146, 155, 132, 291, 227, 127, 347, 113, 226, 405, 324, 99, 393, 111, 389, 193, 137, 356, 332, 328, 187, 186, 311, 238, 222, 180, 199, 301, 372, 305, 239, 322, 104, 175, 280, 274, 245, 144, 379, 293, 299, 385, 359, 103, 281, 233, 163, 119, 278, 190, 369, 262, 371, 188, 100, 375, 169, 134, 230, 275, 403, 147, 358, 181, 205, 208, 355, 354, 391, 264, 235, 236, 344, 101, 131, 133, 368, 377, 338, 237, 168, 269, 388, 349, 370, 145, 300, 346, 400, 202, 386, 282, 384, 258, 252, 189, 211, 348, 106, 308, 154, 263, 139, 224, 136, 376, 243, 242, 357, 225, 290, 270, 130, 333, 185, 234, 387, 364, 373, 331, 316, 259, 253, 126, 287, 313, 216, 195, 365, 298, 165, 267, 217, 314, 182, 256, 330, 228, 353, 179, 247, 367, 395, 98, 197, 351, 285]"
algo_spea2,85,-58.8,17.73,40.9,"[78, 8, 89, 86, 28, 92, 72, 30, 27, 73, 80, 2, 20, 3, 54, 70, 67, 22, 49, 35, 40, 34, 16, 64, 41, 25, 87, 60, 17, 33, 55, 37, 19, 4, 61, 18, 1, 77, 88, 74, 81, 45, 83, 62, 85, 29, 94, 44, 57, 24, 38, 82, 15, 32, 90, 53, 65, 12, 10, 13, 66, 51, 48, 23, 84, 21, 75, 46, 63, 9, 11, 26, 14, 93, 76, 31, 39, 50, 36, 91, 5, 68, 42, 71, 47, 79, 58, 56, 6, 52, 69, 59, 43, 7]","[249, 354, 360, 159, 374, 186, 188, 377, 183, 304, 196, 215, 203, 113, 256, 208, 393, 389, 184, 134, 368, 271, 107, 222, 166, 383, 347, 339, 402, 323, 150, 142, 205, 138, 317, 305, 146, 394, 298, 219, 118, 398, 356, 102, 124, 144, 210, 194, 318, 302, 193, 300, 106, 170, 251, 344, 206, 125, 341, 156, 282, 384, 252, 189, 154, 224, 242, 225, 290, 185, 234, 299, 322, 371, 319, 211, 258, 229, 321, 109, 264, 337, 332, 230, 171, 238, 349, 232, 254, 110, 257, 217, 355, 353, 177, 172, 364, 173, 131, 326, 363, 338, 359, 180, 260, 376, 273, 329, 139, 320, 303, 167, 267, 328, 227, 240, 400, 140, 245, 130, 121, 161, 261, 244, 223, 365, 343, 263, 312, 285, 111, 269, 100, 333, 103, 236, 178, 231, 274, 397, 293, 233, 270, 136, 306, 214, 277, 175, 401, 101, 114, 226, 99, 284, 382, 218, 265, 307, 308, 207, 127, 153, 334, 212, 325, 164, 209, 330, 181, 115, 278, 119, 168, 405, 163, 357, 220, 311, 116, 160, 199, 296, 247, 105, 358, 120, 246, 327, 191, 228, 122, 276, 390, 288, 176, 97, 187, 147, 279, 275, 112, 104, 386, 179, 395, 388, 197, 182, 348, 133, 255, 346, 370, 369, 399, 155, 162, 289, 352, 237, 137, 145, 202, 239, 283, 243, 198, 291, 165, 403, 336, 272, 98, 96, 195, 362, 152, 149, 132, 324, 174, 190, 235, 372, 375, 295, 148, 221, 192, 128, 286, 345, 262, 201, 340, 200, 204, 281, 361, 297, 108, 141, 404, 292, 158, 241, 213, 129, 294, 157, 378, 309, 250, 366, 268, 351, 391, 335, 350, 381, 387, 301, 373, 331, 316, 259, 253, 126, 287, 313, 216, 248, 342, 117, 95, 367, 396, 380, 123, 385, 169, 392, 135, 315, 151, 314, 280, 310, 266, 379, 143]"
algo_spea2,86,-57.19999999999999,19.699999999999996,35.9,"[92, 91, 61, 85, 18, 21, 80, 53, 6, 20, 14, 35, 70, 32, 62, 56, 24, 45, 83, 34, 75, 9, 5, 51, 19, 87, 47, 7, 44, 78, 69, 52, 41, 66, 42, 25, 16, 17, 59, 11, 33, 49, 37, 36, 65, 54, 39, 43, 29, 77, 28, 13, 1, 10, 38, 71, 81, 12, 31, 64, 89, 86, 15, 8, 84, 74, 60, 2, 73, 94, 23, 67, 22, 90, 88, 46, 72, 55, 58, 63, 3, 30, 76, 68, 27, 50, 48, 57, 40, 4, 93, 79, 26, 82]","[311, 162, 191, 190, 176, 395, 147, 100, 164, 362, 113, 187, 310, 401, 399, 324, 374, 227, 358, 237, 114, 148, 102, 118, 342, 393, 372, 378, 303, 173, 335, 363, 184, 141, 264, 199, 368, 315, 271, 213, 398, 222, 400, 261, 166, 220, 296, 181, 339, 219, 295, 402, 168, 323, 103, 266, 233, 278, 369, 375, 275, 126, 247, 206, 370, 313, 274, 195, 204, 198, 154, 336, 405, 167, 381, 289, 158, 139, 150, 267, 242, 123, 156, 333, 133, 253, 348, 317, 390, 111, 153, 330, 165, 211, 224, 380, 394, 325, 279, 319, 174, 357, 172, 328, 384, 248, 355, 361, 301, 149, 373, 304, 386, 170, 360, 356, 273, 280, 268, 252, 159, 354, 257, 223, 124, 117, 249, 143, 134, 217, 110, 347, 231, 286, 263, 404, 215, 240, 188, 189, 208, 352, 125, 371, 254, 345, 284, 201, 218, 298, 396, 175, 337, 265, 329, 243, 225, 207, 282, 202, 216, 146, 182, 232, 385, 259, 403, 343, 160, 203, 262, 115, 104, 161, 272, 95, 364, 157, 332, 186, 269, 258, 194, 255, 299, 135, 192, 229, 246, 214, 382, 308, 163, 366, 306, 270, 116, 340, 210, 367, 120, 383, 121, 338, 350, 376, 294, 99, 130, 379, 341, 260, 256, 392, 142, 151, 127, 351, 320, 334, 145, 389, 171, 307, 180, 277, 326, 292, 377, 302, 128, 185, 97, 397, 144, 230, 209, 131, 119, 196, 291, 169, 109, 226, 327, 221, 96, 108, 112, 251, 98, 321, 239, 212, 309, 105, 235, 137, 314, 122, 136, 388, 297, 312, 132, 106, 183, 238, 107, 129, 140, 391, 236, 331, 245, 344, 178, 276, 283, 197, 359, 241, 138, 287, 205, 285, 281, 234, 349, 290, 152, 288, 200, 244, 193, 155, 365, 250, 300, 101, 322, 353, 387, 346, 293, 228, 305, 316, 318, 179, 177]"
algo_spea2,87,-83.59625525,18.96374475,69.90374475,"[92, 78, 28, 17, 59, 64, 15, 10, 65, 9, 83, 63, 20, 37, 81, 11, 67, 72, 69, 27, 82, 4, 49, 8, 45, 58, 52, 87, 25, 80, 54, 56, 19, 16, 90, 24, 94, 2, 53, 86, 12, 71, 76, 33, 57, 51, 62, 40, 46, 3, 48, 26, 89, 7, 43, 32, 47, 38, 1, 14, 29, 77, 84, 23, 74, 22, 60, 21, 30, 61, 70, 93, 88, 6, 41, 31, 39, 50, 36, 91, 5, 68, 55, 18, 79, 42, 73, 66, 35, 44, 75, 85, 34, 13]","[108, 161, 326, 151, 399, 123, 162, 231, 172, 178, 232, 276, 401, 221, 206, 310, 250, 318, 366, 167, 114, 129, 320, 279, 249, 117, 283, 244, 307, 95, 102, 360, 265, 159, 336, 396, 374, 343, 158, 272, 277, 110, 382, 166, 334, 212, 286, 345, 304, 352, 201, 118, 340, 200, 204, 223, 183, 96, 240, 251, 362, 207, 122, 152, 196, 149, 381, 215, 309, 203, 255, 153, 214, 140, 177, 174, 327, 142, 124, 157, 350, 342, 284, 378, 297, 116, 303, 173, 392, 135, 192, 335, 363, 184, 315, 271, 213, 107, 398, 261, 404, 220, 383, 296, 339, 219, 295, 402, 281, 171, 170, 323, 120, 150, 148, 115, 138, 317, 241, 292, 209, 268, 121, 194, 321, 380, 325, 337, 109, 394, 105, 128, 125, 210, 341, 156, 141, 160, 191, 306, 397, 198, 229, 289, 312, 273, 218, 390, 164, 294, 288, 176, 254, 248, 260, 97, 302, 143, 361, 329, 246, 257, 112, 319, 146, 155, 132, 291, 227, 127, 347, 113, 226, 405, 324, 99, 393, 111, 389, 193, 137, 356, 332, 328, 187, 186, 311, 238, 222, 180, 199, 301, 372, 305, 239, 322, 104, 175, 280, 274, 245, 348, 379, 293, 299, 385, 359, 103, 266, 233, 163, 119, 278, 190, 369, 262, 371, 188, 100, 375, 169, 134, 230, 275, 403, 147, 358, 181, 205, 208, 355, 354, 391, 264, 235, 236, 344, 101, 131, 133, 368, 377, 338, 237, 168, 269, 388, 349, 370, 145, 300, 346, 400, 202, 386, 282, 384, 258, 252, 189, 211, 144, 106, 308, 154, 263, 139, 224, 136, 376, 243, 242, 357, 225, 290, 270, 130, 333, 185, 234, 387, 364, 373, 331, 316, 259, 253, 126, 287, 313, 216, 195, 365, 298, 165, 267, 217, 314, 182, 256, 330, 228, 353, 179, 247, 367, 395, 98, 197, 351, 285]"
algo_spea2,88,-30.196668625000004,7.963331375,28.103331375,"[76, 94, 38, 90, 77, 52, 15, 50, 28, 92, 72, 30, 27, 73, 80, 2, 54, 74, 20, 31, 66, 48, 45, 12, 33, 85, 61, 29, 63, 70, 42, 81, 21, 69, 22, 87, 23, 53, 89, 37, 93, 25, 3, 4, 5, 84, 14, 7, 83, 24, 49, 19, 57, 67, 65, 86, 59, 88, 56, 55, 44, 6, 13, 79, 11, 32, 75, 41, 17, 36, 9, 51, 35, 47, 16, 34, 62, 91, 60, 68, 18, 71, 40, 1, 58, 43, 78, 8, 10, 82, 64, 26, 39, 46]","[339, 219, 344, 205, 319, 305, 321, 332, 146, 109, 349, 394, 391, 156, 282, 384, 189, 144, 106, 154, 242, 234, 387, 322, 299, 170, 360, 356, 280, 142, 268, 194, 252, 377, 159, 354, 257, 302, 124, 117, 249, 389, 134, 217, 347, 256, 404, 215, 229, 188, 186, 208, 317, 341, 125, 371, 345, 110, 185, 230, 118, 206, 396, 337, 113, 304, 253, 126, 323, 150, 211, 222, 355, 266, 298, 364, 353, 251, 254, 203, 264, 210, 151, 183, 383, 138, 379, 318, 225, 184, 166, 300, 310, 171, 143, 267, 224, 213, 380, 290, 368, 335, 374, 196, 342, 361, 193, 393, 238, 258, 102, 402, 295, 314, 340, 177, 172, 301, 309, 373, 173, 131, 326, 363, 338, 359, 180, 260, 376, 273, 329, 139, 320, 303, 262, 167, 232, 328, 227, 240, 400, 140, 294, 245, 130, 367, 121, 161, 261, 244, 223, 365, 343, 123, 366, 263, 312, 285, 111, 269, 100, 331, 333, 103, 201, 236, 178, 231, 274, 397, 293, 233, 270, 136, 306, 214, 277, 281, 175, 401, 108, 101, 286, 114, 129, 226, 99, 284, 382, 218, 265, 307, 308, 207, 127, 153, 259, 375, 334, 212, 325, 164, 209, 330, 241, 181, 115, 278, 119, 168, 405, 163, 357, 220, 311, 116, 381, 160, 199, 296, 247, 105, 358, 120, 246, 327, 191, 228, 122, 292, 128, 276, 200, 316, 287, 313, 390, 288, 176, 248, 97, 187, 147, 279, 275, 112, 104, 386, 179, 395, 388, 197, 182, 351, 348, 133, 204, 255, 346, 370, 369, 399, 155, 162, 289, 352, 221, 250, 237, 137, 145, 202, 239, 283, 243, 216, 95, 198, 291, 165, 403, 336, 158, 272, 98, 96, 195, 362, 152, 149, 132, 324, 174, 148, 157, 190, 350, 235, 372, 378, 385, 297, 169, 392, 135, 192, 141, 315, 271, 107, 398]"
algo_spea2,89,-57.57937529999999,25.820624699999996,21.8206247,"[61, 81, 9, 46, 93, 56, 72, 26, 55, 71, 74, 21, 58, 94, 40, 86, 15, 84, 1, 30, 92, 6, 79, 76, 91, 70, 68, 87, 7, 44, 78, 69, 52, 41, 66, 42, 25, 16, 17, 59, 11, 53, 33, 49, 37, 8, 36, 65, 54, 39, 43, 29, 77, 28, 60, 75, 47, 13, 27, 35, 10, 32, 45, 83, 50, 3, 48, 12, 34, 57, 82, 62, 4, 31, 51, 80, 19, 64, 73, 20, 67, 23, 2, 63, 24, 22, 89, 18, 90, 14, 88, 38, 85, 5]","[243, 379, 161, 287, 321, 232, 285, 234, 349, 341, 290, 372, 376, 263, 267, 369, 391, 293, 176, 236, 164, 310, 300, 233, 268, 204, 316, 270, 312, 246, 163, 340, 294, 128, 193, 385, 125, 375, 134, 104, 126, 129, 252, 106, 401, 346, 395, 247, 206, 259, 361, 136, 399, 353, 273, 139, 314, 291, 354, 165, 102, 403, 360, 265, 171, 202, 228, 357, 112, 196, 368, 179, 272, 400, 154, 332, 275, 182, 387, 304, 255, 172, 191, 197, 210, 109, 358, 318, 355, 370, 147, 114, 120, 326, 159, 336, 396, 374, 343, 158, 186, 371, 188, 345, 377, 388, 277, 160, 223, 183, 201, 96, 240, 195, 251, 362, 207, 122, 152, 111, 149, 381, 311, 100, 215, 309, 229, 405, 203, 153, 113, 214, 140, 301, 177, 200, 256, 132, 324, 174, 327, 148, 124, 330, 208, 157, 190, 397, 350, 230, 342, 235, 393, 121, 284, 378, 297, 306, 116, 169, 303, 173, 392, 262, 135, 192, 335, 363, 389, 184, 141, 264, 199, 298, 175, 315, 271, 213, 107, 398, 222, 261, 166, 404, 239, 220, 383, 296, 181, 347, 339, 219, 295, 402, 281, 286, 170, 323, 359, 101, 344, 328, 119, 150, 168, 142, 115, 205, 138, 317, 97, 137, 384, 212, 226, 123, 217, 280, 365, 143, 156, 218, 248, 95, 98, 305, 105, 133, 216, 249, 253, 348, 103, 258, 278, 282, 198, 352, 356, 189, 131, 390, 117, 329, 254, 313, 211, 187, 386, 224, 373, 380, 209, 322, 167, 394, 266, 325, 279, 250, 221, 319, 238, 337, 269, 144, 333, 146, 155, 110, 289, 257, 242, 118, 364, 274, 244, 288, 331, 245, 108, 231, 292, 227, 178, 276, 283, 237, 241, 194, 299, 382, 308, 366, 367, 338, 99, 130, 260, 151, 127, 351, 320, 334, 145, 307, 180, 302, 185, 225, 162]"
algo_spea2,90,-45.46439075,8.765609249999999,40.935609250000006,"[68, 9, 73, 63, 81, 11, 67, 18, 72, 69, 27, 82, 4, 49, 8, 45, 58, 71, 87, 25, 53, 20, 37, 54, 88, 74, 92, 83, 70, 50, 28, 56, 19, 16, 90, 24, 94, 2, 80, 86, 15, 52, 22, 33, 57, 51, 62, 40, 46, 61, 48, 26, 89, 7, 43, 32, 47, 38, 1, 14, 29, 77, 84, 79, 23, 76, 60, 21, 30, 3, 93, 6, 41, 31, 39, 36, 91, 5, 65, 55, 42, 66, 35, 44, 75, 85, 34, 13, 78, 17, 59, 64, 12, 10]","[395, 240, 214, 329, 362, 233, 249, 223, 115, 399, 360, 276, 143, 184, 397, 254, 100, 124, 190, 371, 271, 96, 215, 218, 183, 401, 113, 382, 198, 374, 302, 285, 280, 402, 353, 163, 219, 112, 196, 368, 179, 272, 400, 154, 182, 387, 255, 172, 191, 197, 347, 339, 171, 323, 119, 150, 142, 138, 209, 121, 305, 321, 226, 337, 332, 162, 394, 278, 356, 105, 114, 125, 384, 211, 144, 106, 139, 376, 242, 357, 159, 185, 234, 364, 373, 275, 110, 263, 225, 131, 258, 349, 333, 304, 260, 224, 208, 170, 273, 236, 320, 319, 259, 312, 98, 173, 246, 210, 109, 358, 318, 355, 147, 120, 326, 239, 269, 296, 146, 155, 389, 175, 289, 257, 195, 127, 118, 352, 101, 156, 331, 244, 277, 365, 308, 328, 324, 288, 230, 140, 267, 344, 369, 386, 193, 256, 251, 231, 189, 102, 390, 266, 336, 217, 229, 107, 317, 220, 202, 187, 377, 315, 232, 398, 392, 363, 174, 97, 133, 164, 341, 167, 149, 132, 291, 227, 283, 405, 99, 393, 111, 137, 186, 311, 222, 180, 325, 301, 372, 322, 104, 383, 274, 245, 348, 379, 207, 299, 385, 359, 403, 181, 205, 354, 206, 264, 238, 338, 237, 168, 388, 370, 145, 300, 346, 169, 282, 252, 136, 243, 290, 270, 103, 130, 316, 253, 126, 287, 313, 216, 298, 165, 314, 330, 151, 116, 303, 135, 235, 152, 307, 166, 247, 327, 188, 134, 177, 122, 284, 279, 161, 293, 176, 199, 265, 375, 295, 148, 221, 192, 128, 286, 345, 262, 201, 340, 200, 204, 281, 361, 297, 108, 141, 404, 292, 158, 241, 213, 129, 294, 157, 378, 309, 250, 366, 268, 351, 391, 335, 350, 381, 248, 342, 117, 95, 367, 396, 380, 123, 153, 178, 228, 203, 334, 306, 261, 194, 160, 212, 343, 310]"
algo_spea2,91,-43.5143572,20.1156428,20.4856428,"[61, 9, 46, 56, 72, 26, 55, 40, 74, 19, 58, 80, 67, 71, 86, 15, 84, 1, 6, 79, 76, 91, 68, 87, 47, 7, 44, 78, 10, 52, 41, 66, 42, 25, 16, 17, 59, 11, 53, 33, 49, 37, 8, 36, 60, 65, 54, 75, 24, 39, 43, 29, 77, 28, 13, 27, 81, 35, 69, 32, 45, 83, 50, 48, 12, 34, 57, 82, 62, 21, 30, 3, 70, 93, 4, 31, 51, 64, 73, 20, 85, 94, 23, 2, 63, 92, 22, 89, 18, 90, 14, 88, 38, 5]","[328, 324, 359, 288, 263, 267, 344, 236, 402, 245, 300, 231, 312, 227, 234, 303, 283, 316, 208, 122, 284, 246, 279, 161, 323, 293, 176, 315, 273, 386, 339, 102, 199, 265, 375, 336, 295, 148, 98, 318, 196, 221, 191, 192, 128, 326, 286, 345, 304, 262, 352, 201, 118, 340, 200, 204, 281, 361, 297, 108, 141, 232, 404, 114, 164, 292, 158, 398, 241, 213, 129, 321, 294, 171, 157, 378, 309, 250, 174, 220, 366, 140, 268, 272, 351, 391, 335, 350, 209, 381, 150, 248, 155, 342, 117, 160, 95, 138, 367, 396, 380, 156, 255, 159, 123, 153, 178, 228, 203, 334, 277, 306, 261, 260, 194, 120, 257, 212, 343, 310, 317, 395, 240, 214, 329, 109, 362, 121, 230, 233, 249, 223, 115, 399, 360, 172, 341, 276, 143, 184, 296, 125, 397, 254, 100, 124, 190, 112, 371, 271, 96, 215, 218, 251, 183, 394, 369, 401, 113, 382, 198, 374, 302, 237, 270, 325, 299, 135, 229, 168, 163, 116, 383, 338, 376, 99, 130, 291, 289, 392, 142, 320, 145, 307, 180, 377, 151, 185, 97, 177, 225, 162, 243, 238, 363, 193, 385, 379, 311, 207, 107, 188, 169, 134, 219, 104, 126, 388, 252, 106, 346, 247, 206, 259, 136, 353, 139, 314, 393, 137, 186, 384, 149, 226, 287, 217, 280, 235, 403, 365, 205, 305, 105, 132, 170, 133, 216, 347, 285, 166, 173, 253, 348, 103, 327, 301, 258, 405, 278, 282, 152, 356, 189, 131, 354, 390, 181, 111, 298, 290, 330, 165, 264, 313, 211, 187, 222, 119, 349, 224, 373, 322, 167, 266, 319, 202, 357, 368, 179, 400, 154, 332, 275, 182, 387, 197, 210, 358, 355, 370, 147, 239, 337, 269, 144, 333, 146, 110, 389, 372, 175, 256, 242, 195, 127, 364, 274, 101, 331, 244, 308]"
algo_spea2,92,-33.479945625,10.960054375,14.420054375000001,"[8, 36, 39, 45, 48, 23, 63, 18, 90, 73, 14, 84, 20, 28, 76, 54, 32, 46, 74, 92, 88, 47, 79, 69, 83, 50, 4, 24, 2, 80, 7, 86, 22, 26, 33, 57, 51, 62, 72, 60, 75, 9, 11, 64, 3, 25, 68, 52, 61, 78, 12, 34, 89, 43, 82, 10, 70, 94, 49, 40, 27, 55, 5, 19, 38, 85, 93, 67, 31, 87, 65, 21, 66, 1, 44, 77, 6, 29, 13, 17, 81, 16, 42, 35, 56, 58, 71, 15, 30, 91, 41, 59, 53, 37]","[332, 275, 152, 172, 197, 114, 337, 144, 146, 110, 389, 175, 242, 364, 274, 359, 288, 263, 267, 369, 164, 300, 108, 231, 303, 276, 378, 323, 208, 220, 124, 214, 343, 340, 338, 376, 171, 180, 292, 97, 177, 162, 238, 385, 125, 207, 107, 100, 375, 134, 219, 104, 201, 297, 395, 361, 399, 158, 314, 317, 322, 139, 268, 313, 272, 387, 391, 350, 173, 209, 381, 147, 150, 248, 155, 131, 390, 342, 117, 120, 126, 294, 256, 367, 255, 356, 318, 325, 130, 320, 202, 168, 405, 254, 163, 183, 215, 284, 128, 199, 296, 105, 257, 226, 353, 246, 327, 142, 185, 228, 149, 308, 302, 379, 261, 186, 251, 230, 96, 232, 287, 329, 212, 315, 235, 236, 383, 122, 335, 217, 157, 283, 135, 245, 156, 377, 249, 393, 151, 394, 178, 203, 159, 115, 239, 121, 401, 182, 352, 372, 309, 206, 200, 241, 307, 402, 339, 330, 240, 176, 138, 221, 167, 247, 358, 140, 333, 374, 222, 328, 266, 334, 388, 396, 133, 349, 344, 271, 348, 291, 225, 243, 193, 234, 250, 210, 386, 304, 269, 355, 129, 233, 326, 123, 127, 357, 316, 380, 153, 398, 145, 195, 280, 305, 277, 310, 404, 244, 148, 169, 143, 204, 106, 373, 237, 336, 270, 382, 116, 223, 293, 324, 170, 102, 194, 295, 363, 351, 371, 141, 160, 191, 319, 306, 346, 211, 397, 258, 198, 229, 345, 259, 278, 289, 103, 312, 273, 301, 218, 370, 192, 137, 188, 165, 224, 264, 362, 161, 281, 392, 190, 299, 227, 331, 279, 136, 252, 321, 262, 118, 298, 341, 253, 311, 196, 384, 265, 366, 99, 109, 260, 403, 365, 113, 205, 184, 213, 95, 98, 132, 216, 347, 285, 166, 360, 282, 189, 354, 181, 111, 290, 187, 119, 101, 174, 286, 112, 368, 179, 400, 154]"
algo_spea2,93,-28.9672775,7.402722499999999,35.5327225,"[65, 91, 74, 18, 63, 9, 11, 25, 53, 16, 90, 1, 80, 72, 22, 26, 33, 51, 62, 43, 60, 2, 77, 79, 13, 75, 73, 44, 88, 41, 66, 47, 59, 93, 56, 29, 8, 67, 7, 30, 5, 28, 24, 14, 85, 81, 58, 68, 52, 31, 6, 61, 78, 89, 15, 70, 94, 49, 40, 27, 55, 64, 10, 32, 45, 83, 50, 3, 48, 12, 34, 57, 76, 82, 86, 35, 54, 20, 4, 38, 19, 92, 39, 84, 71, 36, 69, 17, 21, 37, 87, 23, 42, 46]","[152, 150, 378, 365, 207, 284, 318, 255, 323, 353, 276, 184, 257, 183, 396, 359, 188, 261, 311, 282, 155, 347, 162, 96, 107, 379, 320, 220, 356, 274, 205, 113, 294, 287, 144, 303, 374, 330, 165, 269, 329, 254, 313, 211, 187, 222, 119, 349, 386, 224, 373, 380, 209, 322, 167, 394, 266, 325, 279, 250, 148, 221, 319, 174, 286, 202, 228, 357, 112, 196, 368, 179, 272, 400, 154, 332, 275, 290, 369, 390, 354, 186, 296, 215, 219, 189, 281, 253, 395, 146, 338, 172, 350, 361, 164, 104, 177, 190, 314, 343, 288, 111, 376, 125, 208, 100, 389, 142, 213, 263, 163, 132, 308, 97, 251, 147, 199, 331, 95, 391, 360, 381, 226, 268, 173, 110, 201, 292, 385, 315, 235, 236, 383, 122, 335, 341, 217, 157, 283, 135, 245, 156, 377, 249, 393, 151, 178, 203, 159, 115, 239, 121, 252, 401, 182, 352, 372, 309, 206, 200, 241, 307, 402, 339, 240, 176, 138, 247, 358, 140, 333, 227, 328, 161, 334, 124, 136, 133, 344, 271, 299, 348, 291, 225, 243, 193, 234, 210, 304, 355, 298, 129, 233, 326, 123, 127, 316, 153, 398, 195, 280, 305, 277, 310, 404, 244, 143, 204, 106, 392, 336, 270, 382, 116, 223, 293, 324, 117, 102, 194, 295, 363, 351, 371, 141, 160, 191, 306, 397, 258, 198, 229, 345, 259, 278, 289, 103, 312, 273, 301, 218, 118, 192, 265, 366, 321, 99, 109, 362, 260, 387, 405, 139, 302, 175, 285, 337, 108, 158, 375, 181, 246, 367, 230, 197, 342, 171, 238, 237, 264, 388, 370, 145, 300, 346, 169, 114, 242, 98, 262, 399, 267, 340, 128, 232, 168, 101, 130, 256, 317, 248, 134, 216, 131, 180, 403, 214, 327, 105, 297, 149, 384, 364, 120, 212, 170, 137, 185, 231, 126, 166]"
algo_spea2,94,-102.19354705669146,27.11645294330855,91.70645294330855,"[92, 78, 28, 17, 59, 64, 15, 10, 65, 9, 83, 63, 20, 37, 81, 11, 67, 18, 72, 69, 27, 82, 4, 49, 8, 45, 58, 71, 87, 25, 53, 54, 56, 19, 16, 90, 24, 94, 2, 80, 86, 12, 52, 22, 33, 57, 51, 62, 40, 46, 3, 48, 26, 89, 7, 43, 32, 47, 38, 1, 14, 29, 77, 84, 79, 23, 74, 76, 60, 21, 30, 61, 70, 93, 88, 6, 41, 31, 39, 50, 36, 91, 5, 68, 55, 42, 73, 66, 35, 44, 75, 85, 34, 13]","[162, 231, 110, 152, 307, 166, 142, 247, 197, 327, 363, 107, 188, 275, 278, 134, 244, 177, 105, 122, 284, 246, 279, 161, 323, 293, 176, 315, 273, 312, 339, 102, 325, 265, 375, 336, 295, 148, 98, 318, 196, 221, 191, 192, 128, 326, 286, 345, 304, 262, 352, 201, 118, 340, 200, 204, 281, 361, 297, 108, 141, 232, 404, 114, 164, 292, 158, 398, 241, 213, 129, 321, 294, 171, 157, 378, 309, 250, 174, 220, 366, 140, 268, 272, 351, 206, 335, 350, 209, 381, 150, 248, 288, 342, 117, 120, 95, 138, 367, 396, 380, 156, 255, 159, 123, 153, 178, 228, 203, 334, 277, 306, 261, 260, 194, 160, 257, 212, 343, 310, 317, 395, 240, 214, 329, 109, 362, 121, 230, 233, 249, 223, 115, 399, 360, 172, 341, 276, 143, 184, 296, 125, 397, 254, 100, 124, 190, 112, 371, 271, 96, 215, 218, 251, 183, 394, 369, 401, 283, 382, 198, 374, 302, 285, 280, 170, 173, 402, 353, 163, 219, 390, 97, 337, 179, 167, 149, 210, 319, 146, 155, 132, 291, 227, 127, 347, 119, 113, 226, 405, 324, 99, 393, 111, 389, 193, 137, 356, 332, 328, 187, 186, 311, 238, 222, 180, 199, 301, 372, 305, 239, 266, 322, 104, 175, 383, 274, 245, 348, 379, 207, 299, 385, 359, 403, 147, 358, 181, 205, 208, 355, 354, 391, 264, 235, 236, 344, 101, 131, 133, 368, 377, 338, 237, 168, 269, 388, 349, 370, 145, 300, 346, 400, 202, 169, 386, 282, 384, 258, 252, 189, 211, 144, 106, 308, 154, 263, 139, 224, 136, 376, 243, 242, 357, 225, 290, 270, 103, 130, 333, 185, 234, 387, 364, 373, 331, 316, 259, 253, 126, 287, 313, 216, 195, 365, 298, 165, 267, 217, 314, 182, 256, 330, 229, 151, 116, 303, 392, 289, 320, 135]"
algo_spea2,95,1.8290621569077112,7.979062156907712,5.829062156907711,"[49, 50, 47, 92, 14, 7, 68, 64, 57, 20, 31, 45, 12, 33, 85, 29, 63, 70, 42, 77, 81, 21, 69, 22, 87, 23, 1, 53, 37, 93, 72, 36, 39, 43, 13, 10, 73, 94, 90, 46, 3, 30, 27, 40, 4, 26, 82, 91, 18, 6, 35, 32, 62, 56, 24, 9, 5, 19, 44, 71, 89, 86, 15, 8, 84, 74, 60, 2, 83, 79, 58, 41, 51, 75, 67, 65, 55, 88, 38, 28, 78, 76, 34, 80, 54, 66, 48, 61, 52, 25, 16, 17, 59, 11]","[343, 318, 179, 177, 311, 354, 260, 372, 162, 191, 190, 272, 147, 396, 208, 254, 100, 362, 113, 187, 360, 403, 307, 401, 399, 239, 327, 374, 160, 326, 358, 346, 393, 388, 176, 153, 139, 148, 118, 275, 156, 309, 328, 167, 138, 103, 357, 352, 271, 220, 111, 106, 242, 387, 237, 312, 206, 155, 241, 296, 369, 336, 324, 101, 316, 247, 391, 305, 233, 205, 183, 129, 105, 204, 244, 314, 193, 152, 266, 123, 395, 174, 136, 172, 234, 310, 228, 288, 140, 398, 141, 250, 348, 164, 287, 359, 122, 313, 267, 227, 199, 117, 114, 102, 345, 223, 366, 329, 320, 350, 230, 342, 269, 284, 378, 385, 306, 116, 169, 303, 173, 262, 135, 335, 363, 389, 184, 213, 355, 361, 301, 149, 373, 392, 292, 304, 386, 264, 368, 175, 315, 222, 400, 261, 166, 404, 383, 181, 347, 339, 219, 295, 402, 168, 323, 119, 278, 188, 375, 126, 203, 115, 259, 370, 218, 120, 128, 256, 274, 198, 154, 215, 405, 216, 356, 381, 289, 158, 150, 110, 397, 226, 333, 248, 170, 133, 249, 253, 258, 189, 131, 390, 201, 195, 298, 330, 165, 211, 224, 380, 394, 325, 279, 319, 112, 332, 146, 257, 252, 302, 159, 384, 134, 130, 376, 212, 192, 235, 137, 379, 207, 99, 297, 243, 143, 382, 171, 163, 95, 132, 232, 98, 214, 377, 157, 246, 96, 225, 238, 371, 180, 341, 107, 340, 294, 145, 280, 104, 240, 263, 236, 109, 331, 245, 344, 108, 231, 178, 276, 283, 197, 182, 124, 194, 255, 299, 229, 308, 367, 338, 142, 151, 127, 351, 334, 277, 185, 97, 161, 321, 196, 285, 186, 281, 265, 349, 290, 121, 286, 200, 291, 270, 251, 125, 364, 337, 144, 365, 210, 282, 300, 322, 221, 209, 268, 353, 202, 317, 293, 217, 273]"
algo_spea2,96,-16.687365575,11.102634425,5.012634425,"[88, 33, 32, 38, 94, 41, 68, 37, 85, 5, 48, 61, 28, 45, 81, 51, 59, 9, 65, 46, 75, 44, 23, 17, 16, 70, 72, 25, 52, 12, 26, 55, 36, 18, 57, 53, 19, 34, 42, 73, 21, 93, 56, 29, 8, 31, 67, 58, 82, 50, 4, 80, 11, 3, 39, 47, 62, 63, 69, 71, 43, 86, 15, 84, 74, 60, 2, 83, 76, 1, 30, 78, 54, 27, 77, 87, 10, 64, 92, 6, 79, 49, 20, 7, 66, 24, 35, 22, 89, 40, 91, 90, 14, 13]","[216, 347, 285, 360, 173, 146, 253, 348, 327, 355, 258, 144, 405, 278, 198, 152, 362, 352, 398, 356, 189, 131, 332, 354, 390, 117, 181, 111, 203, 179, 153, 298, 330, 165, 264, 254, 313, 211, 187, 172, 119, 349, 224, 240, 373, 380, 209, 101, 322, 167, 394, 266, 272, 372, 325, 279, 221, 319, 202, 357, 263, 391, 293, 281, 236, 164, 160, 109, 331, 168, 402, 310, 245, 344, 300, 102, 108, 244, 227, 234, 178, 303, 378, 197, 323, 182, 387, 274, 237, 270, 321, 124, 112, 231, 359, 306, 166, 400, 262, 161, 113, 294, 265, 140, 399, 130, 368, 295, 249, 328, 96, 267, 340, 286, 269, 276, 250, 341, 141, 345, 324, 401, 192, 220, 385, 137, 247, 128, 127, 148, 232, 154, 214, 223, 176, 282, 280, 283, 257, 290, 195, 143, 163, 110, 208, 103, 183, 104, 337, 225, 174, 175, 396, 369, 316, 132, 233, 315, 193, 180, 222, 204, 138, 346, 126, 376, 371, 311, 155, 329, 228, 301, 374, 268, 287, 366, 136, 334, 386, 312, 241, 194, 255, 299, 135, 229, 246, 382, 308, 343, 116, 210, 367, 120, 383, 121, 338, 350, 99, 291, 260, 256, 392, 142, 151, 351, 320, 145, 389, 171, 307, 277, 326, 292, 377, 302, 185, 97, 177, 162, 364, 243, 238, 363, 342, 379, 381, 196, 125, 158, 207, 157, 190, 107, 239, 188, 100, 375, 169, 134, 230, 219, 275, 335, 284, 122, 388, 201, 297, 129, 252, 106, 199, 395, 115, 206, 404, 259, 370, 361, 114, 353, 309, 288, 273, 139, 314, 191, 393, 317, 336, 150, 118, 296, 261, 242, 186, 251, 384, 215, 212, 149, 304, 397, 226, 358, 123, 217, 235, 159, 403, 289, 365, 205, 184, 156, 333, 218, 339, 200, 318, 213, 271, 248, 95, 147, 98, 305, 105, 170, 133]"
algo_spea2,97,-51.089010603927754,16.290989396072256,23.510989396072247,"[79, 26, 82, 92, 91, 61, 85, 18, 21, 89, 80, 53, 6, 20, 14, 35, 86, 70, 32, 62, 56, 24, 45, 83, 34, 75, 9, 5, 51, 19, 87, 47, 7, 44, 78, 69, 52, 41, 66, 42, 25, 16, 17, 59, 11, 74, 33, 49, 37, 8, 36, 60, 65, 54, 39, 43, 29, 77, 28, 13, 1, 10, 38, 71, 81, 12, 31, 64, 73, 94, 23, 2, 67, 22, 90, 88, 46, 72, 55, 58, 63, 84, 3, 30, 76, 68, 27, 50, 48, 57, 40, 4, 15, 93]","[283, 197, 182, 359, 124, 241, 194, 255, 299, 229, 308, 367, 338, 142, 151, 127, 351, 334, 277, 185, 97, 138, 161, 287, 321, 205, 196, 285, 186, 281, 234, 265, 349, 290, 121, 286, 152, 288, 200, 291, 244, 270, 251, 125, 364, 337, 301, 373, 193, 155, 144, 365, 250, 361, 210, 282, 300, 101, 322, 221, 209, 268, 353, 387, 202, 346, 317, 293, 228, 305, 217, 316, 273, 343, 318, 179, 177, 311, 354, 260, 269, 162, 191, 190, 272, 176, 395, 147, 396, 208, 254, 100, 164, 362, 113, 187, 360, 403, 307, 310, 401, 399, 324, 239, 327, 374, 160, 227, 326, 358, 237, 117, 114, 148, 102, 345, 223, 366, 118, 304, 329, 320, 350, 230, 342, 393, 372, 284, 378, 385, 306, 116, 169, 303, 173, 392, 262, 135, 335, 363, 389, 184, 141, 264, 199, 368, 175, 315, 271, 213, 398, 222, 400, 261, 166, 404, 220, 383, 296, 181, 347, 339, 219, 295, 402, 168, 323, 103, 266, 233, 119, 278, 369, 188, 375, 275, 126, 203, 247, 115, 206, 259, 370, 218, 120, 128, 256, 313, 274, 195, 204, 198, 154, 336, 215, 405, 216, 356, 167, 381, 289, 158, 139, 150, 267, 110, 242, 397, 226, 123, 156, 333, 248, 170, 133, 249, 253, 348, 258, 352, 189, 131, 390, 111, 201, 153, 298, 330, 165, 211, 386, 224, 380, 394, 325, 279, 355, 319, 174, 357, 112, 332, 172, 146, 257, 328, 252, 302, 159, 384, 134, 130, 376, 212, 309, 192, 105, 235, 137, 149, 314, 379, 122, 207, 99, 136, 388, 297, 243, 143, 382, 171, 163, 95, 312, 132, 232, 98, 214, 377, 106, 157, 246, 183, 96, 225, 238, 371, 180, 341, 107, 340, 294, 145, 280, 129, 104, 240, 140, 263, 391, 236, 109, 331, 245, 344, 108, 231, 292, 178, 276]"
algo_spea2,98,-56.698726160449446,16.061273839550555,32.70127383955056,"[30, 91, 37, 41, 35, 71, 68, 40, 56, 39, 36, 34, 63, 90, 18, 15, 10, 82, 8, 53, 48, 73, 14, 84, 20, 28, 76, 54, 32, 46, 74, 92, 88, 47, 79, 69, 78, 83, 70, 50, 4, 24, 94, 2, 80, 7, 86, 12, 52, 22, 26, 33, 57, 51, 62, 72, 60, 75, 9, 11, 5, 3, 25, 19, 61, 38, 85, 93, 67, 31, 27, 64, 87, 65, 21, 66, 55, 1, 44, 43, 77, 6, 29, 13, 49, 89, 17, 81, 16, 42, 45, 59, 23, 58]","[362, 371, 403, 252, 395, 274, 275, 100, 359, 331, 237, 197, 124, 264, 148, 231, 276, 271, 289, 184, 279, 161, 196, 186, 234, 265, 315, 374, 341, 239, 121, 376, 324, 152, 288, 219, 384, 244, 107, 251, 125, 364, 337, 301, 347, 373, 363, 193, 144, 365, 214, 368, 210, 222, 354, 282, 389, 300, 101, 112, 190, 269, 111, 261, 348, 303, 218, 187, 102, 343, 344, 369, 339, 169, 165, 127, 110, 382, 267, 259, 375, 166, 334, 212, 286, 345, 304, 262, 106, 352, 338, 266, 201, 236, 118, 340, 119, 200, 204, 281, 133, 361, 393, 297, 181, 108, 141, 232, 404, 195, 137, 154, 114, 164, 224, 287, 292, 158, 400, 136, 207, 398, 175, 245, 241, 216, 383, 213, 129, 321, 95, 171, 189, 285, 290, 157, 180, 146, 205, 378, 309, 229, 250, 314, 174, 104, 263, 312, 332, 220, 366, 316, 217, 322, 140, 319, 182, 170, 139, 268, 313, 272, 357, 387, 351, 283, 391, 335, 350, 173, 209, 167, 211, 270, 381, 243, 147, 280, 150, 99, 333, 248, 155, 206, 131, 291, 390, 342, 117, 355, 225, 402, 103, 120, 126, 294, 256, 138, 367, 396, 380, 156, 330, 370, 349, 255, 159, 298, 356, 123, 153, 178, 258, 328, 318, 329, 325, 130, 143, 320, 295, 109, 202, 273, 115, 278, 168, 405, 254, 163, 183, 215, 311, 116, 284, 227, 160, 128, 199, 296, 233, 247, 105, 358, 257, 397, 226, 188, 299, 293, 353, 246, 327, 142, 185, 191, 228, 336, 260, 149, 308, 305, 302, 306, 151, 192, 388, 401, 122, 310, 379, 249, 307, 198, 360, 277, 223, 96, 385, 177, 326, 172, 145, 346, 179, 372, 377, 113, 132, 208, 230, 235, 135, 392, 134, 238, 323, 317, 194, 394, 242, 253, 97, 386, 98, 399, 162, 240, 221, 203, 176]"
algo_spea2,99,-40.8603653875,13.1696346125,21.6396346125,"[24, 42, 16, 17, 89, 37, 58, 41, 91, 94, 71, 19, 68, 40, 64, 93, 56, 39, 36, 34, 63, 90, 18, 27, 15, 10, 82, 74, 53, 48, 73, 69, 12, 84, 20, 4, 76, 54, 32, 61, 8, 46, 92, 88, 47, 22, 79, 14, 78, 83, 86, 70, 50, 28, 52, 72, 60, 75, 9, 11, 5, 51, 38, 45, 26, 87, 65, 21, 66, 55, 1, 85, 44, 43, 77, 7, 6, 29, 13, 67, 2, 3, 59, 31, 25, 23, 35, 33, 30, 57, 49, 80, 62, 81]","[367, 154, 96, 172, 400, 195, 396, 132, 133, 394, 213, 351, 156, 223, 307, 385, 258, 176, 235, 97, 386, 126, 346, 194, 134, 272, 179, 356, 313, 104, 242, 139, 216, 98, 377, 182, 379, 103, 404, 229, 206, 177, 230, 192, 122, 207, 145, 277, 328, 248, 362, 204, 317, 338, 255, 372, 162, 323, 298, 198, 388, 146, 208, 360, 371, 167, 137, 326, 391, 319, 238, 109, 401, 240, 390, 158, 403, 252, 263, 225, 395, 159, 135, 274, 275, 100, 359, 331, 237, 283, 332, 174, 197, 124, 264, 99, 189, 148, 309, 231, 276, 271, 289, 184, 279, 161, 398, 321, 205, 232, 378, 141, 196, 285, 186, 281, 234, 265, 315, 349, 374, 341, 239, 290, 121, 376, 324, 286, 171, 152, 288, 219, 200, 291, 384, 244, 107, 270, 251, 125, 157, 364, 337, 287, 301, 347, 175, 373, 363, 193, 280, 155, 144, 365, 250, 361, 214, 117, 312, 368, 210, 222, 354, 282, 389, 314, 114, 300, 101, 112, 190, 269, 111, 261, 236, 348, 147, 303, 218, 224, 316, 136, 211, 187, 335, 102, 178, 343, 344, 369, 339, 169, 350, 106, 165, 297, 292, 256, 262, 322, 127, 342, 110, 380, 382, 153, 267, 366, 259, 375, 166, 140, 334, 212, 318, 329, 325, 201, 130, 143, 164, 209, 268, 320, 295, 129, 330, 241, 202, 273, 118, 181, 115, 278, 119, 333, 168, 266, 405, 254, 243, 163, 183, 357, 215, 220, 311, 245, 116, 284, 227, 381, 160, 128, 199, 131, 340, 173, 296, 233, 294, 247, 138, 105, 358, 120, 257, 397, 226, 188, 299, 383, 293, 170, 353, 304, 246, 327, 142, 185, 191, 228, 108, 336, 260, 387, 345, 149, 217, 308, 305, 302, 306, 151, 249, 203, 310, 399, 253, 113, 355, 370, 95, 221, 402, 150, 352, 123, 392, 180, 393]"
