experiment,solution_id,obj_1,obj_2,obj_3,breakfast_ids,lunch_ids
diversity_off_nsga2,0,-13.59799975,5.45200025,15.90200025,"[66, 69, 59, 91, 68, 71, 20, 40, 26, 58, 14, 27, 5, 92, 81, 41, 32, 6, 73, 85, 78, 80, 83, 94, 8, 16, 34, 28, 76, 17, 61, 88, 63, 93, 65, 13, 54, 42, 82, 50, 2, 64, 37, 44, 60, 15, 4, 22, 30, 52, 33, 45, 36, 77, 9, 3, 29, 86, 53, 67, 7, 48, 74, 89, 21, 18, 25, 75, 49, 51, 70, 1, 12, 46, 39, 90, 35, 57, 43, 55, 24, 62, 31, 56, 87, 79, 72, 38, 10, 11, 47, 23, 19, 84]","[276, 328, 339, 96, 280, 357, 198, 117, 294, 115, 324, 354, 402, 156, 282, 336, 229, 399, 316, 344, 131, 196, 376, 361, 99, 145, 319, 346, 160, 329, 352, 173, 337, 182, 132, 257, 207, 404, 151, 254, 248, 98, 253, 142, 188, 351, 120, 356, 103, 288, 242, 304, 265, 331, 107, 388, 144, 125, 322, 327, 333, 187, 320, 368, 175, 159, 380, 309, 169, 130, 219, 295, 318, 149, 326, 101, 199, 379, 389, 191, 296, 183, 178, 269, 148, 113, 371, 274, 170, 364, 193, 385, 393, 405, 335, 378, 141, 325, 190, 210, 124, 341, 206, 245, 217, 360, 230, 118, 394, 239, 204, 310, 401, 203, 232, 370, 215, 168, 214, 392, 163, 391, 290, 95, 172, 306, 197, 233, 231, 302, 258, 167, 155, 122, 166, 297, 136, 313, 143, 271, 367, 123, 226, 287, 171, 138, 220, 211, 108, 334, 127, 184, 111, 102, 147, 225, 312, 298, 251, 153, 112, 301, 252, 261, 281, 135, 283, 97, 384, 374, 162, 150, 363, 308, 121, 201, 176, 137, 285, 161, 213, 192, 195, 109, 260, 126, 311, 273, 266, 140, 105, 307, 278, 289, 286, 332, 293, 106, 200, 180, 403, 264, 377, 272, 350, 299, 314, 382, 221, 259, 398, 244, 246, 185, 241, 119, 209, 154, 250, 100, 234, 116, 387, 330, 375, 358, 139, 386, 186, 268, 292, 342, 359, 249, 284, 164, 202, 279, 238, 270, 194, 362, 114, 237, 236, 369, 372, 267, 381, 349, 365, 303, 158, 347, 235, 165, 338, 212, 224, 340, 317, 216, 397, 110, 315, 263, 353, 104, 373, 300, 396, 227, 228, 255, 177, 128, 395, 218, 174, 240, 222, 256, 390, 157, 345, 247, 189, 343, 291, 366, 146, 133, 321, 400, 348, 277, 323, 129, 152, 275, 208, 223, 355, 243, 181, 179, 205, 383, 262, 134, 305]"
diversity_off_nsga2,1,-118.7366713902087,33.58332860979132,91.06332860979131,"[77, 3, 19, 91, 9, 28, 14, 41, 16, 7, 17, 30, 33, 29, 54, 42, 82, 73, 81, 75, 72, 44, 22, 31, 39, 38, 4, 92, 2, 24, 10, 48, 64, 76, 89, 36, 18, 20, 47, 69, 56, 55, 87, 90, 21, 45, 86, 53, 51, 60, 12, 40, 13, 88, 27, 66, 37, 94, 6, 62, 59, 26, 67, 52, 1, 15, 84, 79, 83, 71, 46, 50, 25, 68, 57, 35, 93, 65, 23, 32, 58, 43, 5, 70, 61, 63, 11, 8, 49, 80, 34, 78, 74, 85]","[325, 341, 374, 217, 392, 391, 103, 327, 170, 381, 107, 110, 232, 282, 318, 275, 322, 188, 201, 360, 313, 101, 287, 133, 297, 368, 321, 131, 265, 169, 206, 166, 124, 116, 306, 167, 356, 125, 258, 118, 136, 225, 142, 149, 262, 230, 204, 295, 288, 151, 337, 122, 252, 233, 278, 320, 248, 304, 155, 296, 135, 237, 207, 401, 190, 301, 187, 199, 242, 404, 172, 159, 198, 290, 100, 329, 371, 250, 261, 331, 269, 293, 346, 123, 111, 132, 126, 324, 215, 171, 335, 260, 241, 130, 352, 400, 292, 192, 173, 370, 98, 234, 109, 328, 281, 271, 229, 193, 326, 380, 268, 286, 120, 144, 389, 178, 319, 244, 372, 283, 388, 143, 362, 157, 128, 239, 303, 164, 383, 174, 222, 185, 184, 95, 245, 308, 218, 385, 191, 323, 179, 253, 219, 175, 394, 310, 393, 235, 139, 405, 183, 302, 168, 309, 351, 231, 338, 279, 197, 305, 220, 113, 273, 364, 257, 347, 227, 379, 373, 182, 340, 148, 274, 203, 366, 213, 209, 147, 272, 108, 361, 344, 348, 382, 251, 208, 156, 97, 343, 365, 158, 165, 212, 224, 317, 216, 397, 141, 315, 263, 353, 300, 396, 228, 255, 177, 395, 240, 390, 330, 375, 376, 294, 314, 259, 129, 359, 299, 332, 354, 247, 150, 138, 194, 267, 180, 195, 284, 333, 357, 117, 121, 223, 127, 339, 196, 243, 403, 153, 266, 114, 146, 189, 276, 289, 249, 367, 336, 270, 106, 145, 134, 200, 119, 386, 334, 307, 214, 210, 350, 358, 176, 384, 291, 221, 163, 202, 355, 387, 398, 205, 226, 102, 99, 137, 254, 238, 285, 154, 211, 377, 112, 104, 256, 349, 312, 115, 152, 277, 363, 345, 140, 160, 280, 162, 246, 298, 186, 342, 311, 316, 369, 161, 399, 264, 402, 96, 105, 236, 181, 378]"
diversity_off_nsga2,2,0.16002660189121443,7.280026601891215,6.460026601891215,"[43, 49, 53, 82, 64, 42, 62, 28, 81, 86, 85, 3, 74, 52, 78, 46, 34, 41, 77, 45, 9, 29, 87, 91, 22, 69, 21, 2, 71, 40, 13, 90, 88, 84, 6, 79, 7, 67, 15, 16, 35, 27, 44, 26, 36, 55, 11, 48, 1, 51, 89, 18, 47, 59, 83, 57, 37, 60, 56, 72, 38, 24, 94, 61, 33, 73, 63, 8, 39, 70, 66, 31, 19, 32, 65, 54, 17, 23, 50, 25, 68, 92, 14, 76, 93, 10, 80, 5, 30, 4, 20, 58, 12, 75]","[267, 247, 146, 152, 145, 136, 295, 336, 404, 160, 142, 222, 150, 187, 393, 172, 161, 337, 99, 249, 130, 197, 119, 266, 265, 206, 195, 117, 162, 299, 116, 359, 284, 397, 164, 238, 270, 253, 173, 362, 364, 114, 306, 237, 132, 236, 177, 239, 372, 349, 316, 174, 189, 329, 343, 291, 98, 366, 376, 190, 338, 231, 315, 378, 215, 400, 348, 341, 335, 309, 233, 245, 129, 300, 373, 208, 128, 157, 223, 355, 272, 181, 402, 179, 205, 360, 310, 277, 134, 305, 363, 289, 224, 96, 280, 302, 311, 353, 191, 198, 294, 304, 296, 143, 324, 405, 156, 263, 228, 370, 367, 320, 123, 226, 188, 287, 260, 138, 104, 211, 108, 326, 122, 334, 303, 184, 118, 240, 379, 257, 385, 230, 102, 147, 250, 183, 110, 322, 312, 298, 227, 251, 153, 159, 301, 340, 252, 261, 281, 135, 283, 97, 178, 384, 374, 276, 346, 375, 113, 279, 308, 176, 388, 137, 285, 175, 213, 358, 339, 196, 387, 207, 100, 347, 351, 331, 144, 333, 219, 394, 401, 182, 168, 214, 392, 290, 95, 258, 192, 109, 171, 126, 120, 273, 140, 307, 112, 165, 271, 148, 212, 229, 193, 345, 391, 288, 125, 330, 151, 356, 124, 202, 319, 325, 274, 361, 323, 186, 256, 209, 380, 235, 170, 321, 332, 243, 344, 194, 216, 203, 383, 167, 255, 390, 169, 328, 371, 111, 149, 220, 105, 278, 286, 293, 106, 200, 180, 264, 377, 352, 350, 395, 314, 382, 221, 259, 398, 244, 246, 199, 185, 241, 396, 154, 155, 158, 225, 269, 210, 389, 218, 248, 217, 357, 327, 381, 107, 141, 313, 354, 204, 342, 262, 242, 127, 103, 292, 399, 166, 115, 268, 121, 386, 365, 317, 139, 403, 232, 282, 318, 275, 201, 234, 254, 101, 133, 297, 368, 131, 163, 369]"
diversity_off_nsga2,3,-118.7366713902087,33.58332860979132,91.06332860979131,"[77, 3, 19, 91, 9, 28, 14, 41, 16, 7, 17, 30, 33, 29, 54, 42, 82, 60, 81, 75, 72, 44, 22, 31, 39, 38, 4, 92, 2, 24, 10, 48, 64, 76, 89, 36, 18, 20, 47, 69, 56, 55, 87, 90, 21, 45, 86, 53, 51, 73, 12, 40, 13, 88, 27, 66, 37, 94, 6, 62, 59, 26, 67, 52, 1, 15, 84, 79, 83, 71, 46, 50, 25, 68, 57, 35, 93, 65, 23, 32, 58, 43, 5, 70, 61, 63, 11, 8, 49, 80, 34, 78, 74, 85]","[325, 341, 374, 217, 392, 391, 103, 327, 170, 381, 107, 110, 232, 282, 318, 275, 322, 188, 201, 360, 313, 101, 287, 133, 297, 368, 321, 131, 265, 169, 206, 166, 124, 116, 306, 167, 356, 125, 258, 118, 136, 225, 142, 149, 262, 230, 204, 295, 288, 151, 337, 122, 252, 233, 278, 320, 248, 304, 155, 296, 135, 237, 207, 401, 190, 301, 187, 199, 242, 404, 172, 159, 198, 290, 100, 329, 371, 250, 261, 331, 269, 293, 346, 123, 111, 132, 126, 324, 215, 171, 335, 260, 241, 130, 352, 400, 292, 192, 173, 370, 98, 234, 109, 328, 281, 271, 229, 193, 326, 380, 268, 286, 120, 144, 389, 178, 319, 259, 372, 283, 388, 143, 362, 157, 128, 239, 303, 164, 383, 174, 222, 185, 184, 95, 245, 308, 218, 385, 191, 323, 179, 253, 219, 175, 394, 310, 393, 235, 139, 405, 183, 302, 168, 309, 351, 231, 338, 279, 197, 305, 220, 113, 273, 364, 257, 347, 227, 379, 373, 182, 340, 148, 274, 203, 366, 213, 209, 147, 272, 108, 361, 254, 348, 382, 251, 208, 156, 97, 343, 365, 158, 165, 212, 224, 317, 216, 397, 141, 315, 263, 353, 300, 396, 228, 255, 177, 395, 240, 390, 330, 375, 376, 294, 314, 244, 129, 359, 299, 332, 354, 247, 150, 138, 194, 267, 180, 195, 284, 333, 357, 117, 121, 223, 127, 339, 196, 243, 403, 153, 266, 114, 146, 189, 276, 289, 249, 367, 336, 270, 106, 145, 134, 200, 119, 386, 334, 307, 214, 210, 350, 358, 176, 384, 291, 221, 163, 202, 355, 387, 398, 205, 226, 102, 99, 137, 344, 238, 285, 154, 211, 377, 112, 104, 256, 349, 312, 115, 152, 277, 363, 345, 140, 160, 280, 162, 246, 298, 186, 342, 311, 316, 369, 161, 399, 264, 402, 96, 105, 236, 181, 378]"
diversity_off_nsga2,4,-99.63736919565487,38.76263080434512,61.56263080434513,"[9, 28, 14, 78, 92, 46, 38, 16, 7, 17, 30, 33, 29, 54, 42, 82, 73, 81, 75, 72, 44, 22, 31, 39, 41, 4, 94, 2, 10, 48, 64, 76, 89, 36, 18, 20, 47, 69, 56, 55, 84, 90, 21, 45, 86, 53, 51, 12, 40, 88, 27, 11, 37, 5, 6, 62, 59, 26, 3, 52, 1, 15, 87, 79, 83, 71, 50, 25, 68, 35, 93, 65, 57, 13, 60, 24, 70, 23, 32, 58, 43, 61, 63, 66, 8, 49, 80, 34, 74, 85, 77, 67, 19, 91]","[341, 374, 217, 392, 391, 103, 327, 170, 107, 110, 232, 282, 318, 275, 322, 188, 201, 360, 313, 342, 287, 133, 297, 368, 321, 131, 265, 169, 206, 166, 124, 116, 306, 167, 356, 125, 258, 118, 136, 225, 142, 149, 262, 230, 204, 295, 151, 337, 122, 252, 233, 278, 320, 248, 304, 155, 296, 135, 237, 207, 401, 190, 301, 187, 199, 242, 172, 159, 198, 290, 100, 329, 371, 250, 261, 331, 269, 293, 316, 123, 111, 132, 253, 324, 215, 171, 335, 260, 241, 130, 352, 400, 292, 192, 173, 370, 98, 234, 109, 328, 281, 271, 229, 193, 326, 380, 268, 286, 120, 144, 389, 178, 319, 244, 372, 138, 388, 143, 362, 128, 303, 164, 383, 174, 222, 185, 184, 95, 245, 308, 218, 385, 191, 323, 179, 126, 219, 175, 394, 310, 393, 235, 139, 183, 273, 390, 404, 302, 168, 309, 351, 231, 338, 279, 294, 305, 220, 113, 405, 364, 257, 347, 227, 379, 373, 182, 340, 148, 274, 203, 366, 213, 209, 147, 272, 108, 361, 344, 348, 382, 251, 208, 156, 97, 343, 365, 158, 165, 212, 224, 317, 216, 397, 141, 315, 263, 353, 300, 396, 228, 255, 177, 395, 240, 288, 330, 375, 376, 197, 314, 259, 129, 359, 299, 332, 354, 247, 150, 283, 194, 267, 180, 195, 284, 333, 357, 117, 121, 223, 127, 339, 196, 276, 403, 153, 266, 114, 146, 189, 243, 289, 249, 367, 336, 270, 106, 145, 134, 200, 119, 386, 334, 307, 214, 210, 350, 358, 176, 384, 291, 221, 163, 202, 355, 387, 398, 205, 226, 102, 99, 137, 254, 238, 285, 154, 211, 377, 112, 104, 256, 312, 115, 152, 277, 363, 345, 140, 160, 280, 162, 246, 298, 186, 101, 311, 239, 381, 349, 157, 346, 369, 161, 399, 264, 402, 96, 105, 236, 181, 378, 325]"
diversity_off_nsga2,5,0.16002660189121443,7.280026601891215,6.460026601891215,"[43, 49, 53, 82, 64, 42, 62, 28, 81, 86, 85, 74, 52, 78, 46, 34, 41, 77, 45, 9, 29, 87, 91, 22, 69, 21, 2, 71, 40, 13, 90, 88, 84, 6, 79, 7, 67, 15, 16, 35, 27, 44, 36, 11, 48, 1, 51, 18, 47, 59, 83, 57, 37, 60, 56, 72, 38, 24, 94, 26, 55, 89, 3, 61, 33, 73, 63, 8, 39, 70, 66, 31, 19, 32, 65, 54, 17, 23, 50, 25, 68, 92, 14, 76, 93, 10, 80, 5, 30, 4, 20, 58, 12, 75]","[393, 172, 161, 337, 99, 249, 130, 197, 119, 266, 265, 206, 195, 117, 162, 299, 116, 359, 284, 397, 164, 238, 270, 253, 173, 362, 364, 114, 306, 237, 132, 236, 177, 239, 372, 349, 316, 174, 189, 329, 343, 291, 98, 366, 376, 190, 338, 315, 378, 215, 344, 348, 341, 335, 309, 269, 245, 129, 300, 373, 208, 128, 157, 223, 272, 181, 402, 179, 205, 360, 310, 277, 134, 305, 363, 289, 224, 96, 280, 302, 311, 353, 191, 198, 294, 209, 324, 405, 156, 263, 228, 288, 367, 123, 226, 188, 287, 260, 138, 104, 211, 108, 326, 122, 334, 303, 184, 118, 240, 257, 385, 386, 231, 110, 307, 312, 278, 396, 227, 379, 320, 248, 355, 246, 304, 155, 298, 395, 251, 296, 135, 230, 102, 147, 250, 183, 322, 153, 159, 301, 340, 252, 261, 281, 283, 97, 178, 384, 374, 276, 346, 375, 113, 279, 308, 176, 388, 137, 285, 175, 213, 358, 339, 196, 387, 207, 100, 347, 351, 331, 144, 333, 219, 394, 401, 182, 168, 214, 392, 290, 95, 258, 192, 109, 171, 126, 120, 273, 140, 112, 165, 271, 148, 212, 229, 193, 345, 391, 370, 125, 330, 151, 356, 124, 202, 319, 325, 274, 361, 323, 186, 256, 143, 380, 235, 170, 321, 332, 243, 400, 194, 216, 203, 383, 167, 255, 390, 169, 328, 371, 111, 149, 220, 105, 286, 293, 106, 200, 180, 264, 377, 352, 350, 314, 382, 221, 259, 398, 244, 199, 185, 241, 154, 158, 225, 233, 210, 389, 218, 217, 357, 327, 381, 107, 141, 313, 354, 204, 342, 262, 242, 127, 103, 292, 399, 166, 115, 268, 121, 365, 317, 139, 403, 232, 282, 318, 275, 201, 234, 254, 101, 133, 297, 368, 131, 163, 369, 267, 247, 146, 152, 145, 136, 295, 336, 404, 160, 142, 222, 150, 187]"
diversity_off_nsga2,6,-100.19172926247533,27.96827073752465,89.30827073752464,"[19, 91, 9, 28, 14, 16, 7, 30, 33, 29, 54, 82, 73, 81, 75, 44, 22, 31, 39, 38, 4, 92, 24, 10, 48, 64, 76, 89, 18, 32, 20, 47, 69, 56, 55, 87, 45, 86, 60, 41, 67, 36, 15, 46, 74, 25, 40, 8, 52, 12, 50, 59, 62, 34, 21, 1, 26, 42, 71, 49, 37, 13, 90, 78, 51, 2, 27, 6, 88, 53, 80, 84, 85, 68, 57, 66, 93, 65, 23, 11, 58, 43, 5, 70, 61, 63, 17, 94, 83, 35, 72, 79, 77, 3]","[381, 107, 110, 232, 282, 318, 275, 322, 188, 201, 360, 313, 101, 287, 133, 297, 368, 321, 247, 265, 112, 206, 166, 124, 116, 306, 167, 356, 125, 258, 118, 136, 225, 142, 149, 262, 230, 204, 295, 288, 151, 337, 122, 252, 233, 363, 108, 361, 344, 348, 382, 251, 208, 156, 278, 320, 248, 304, 155, 296, 135, 237, 207, 401, 190, 301, 187, 199, 242, 404, 172, 159, 198, 290, 100, 329, 371, 250, 261, 331, 269, 293, 346, 123, 111, 132, 126, 324, 215, 171, 335, 260, 241, 130, 352, 400, 292, 192, 173, 370, 98, 234, 109, 328, 281, 271, 229, 193, 326, 380, 268, 286, 120, 144, 389, 178, 319, 244, 372, 283, 388, 143, 362, 157, 128, 239, 303, 164, 383, 174, 222, 185, 184, 95, 245, 308, 218, 385, 191, 323, 179, 253, 219, 175, 394, 310, 393, 235, 139, 405, 183, 302, 168, 309, 351, 231, 338, 279, 197, 305, 220, 113, 273, 364, 257, 347, 227, 379, 373, 182, 340, 148, 274, 203, 366, 213, 209, 147, 272, 97, 365, 158, 165, 212, 317, 216, 397, 141, 315, 263, 353, 300, 396, 228, 255, 177, 395, 240, 390, 330, 375, 376, 294, 314, 259, 129, 359, 299, 332, 354, 131, 150, 138, 194, 267, 180, 195, 284, 333, 357, 291, 343, 378, 224, 238, 117, 121, 223, 127, 339, 196, 243, 403, 153, 266, 114, 146, 189, 276, 289, 249, 367, 336, 270, 106, 145, 134, 200, 119, 386, 334, 307, 214, 210, 350, 358, 176, 384, 221, 163, 202, 355, 387, 398, 205, 226, 102, 99, 137, 254, 285, 154, 211, 377, 169, 104, 256, 349, 312, 115, 152, 277, 345, 140, 160, 280, 162, 246, 298, 186, 342, 311, 96, 369, 161, 399, 264, 402, 316, 105, 236, 181, 325, 341, 374, 217, 392, 391, 103, 327, 170]"
diversity_off_nsga2,7,-88.25000535384615,25.29999464615385,51.94999464615385,"[18, 74, 85, 3, 86, 52, 78, 51, 25, 90, 91, 20, 54, 81, 30, 32, 31, 41, 72, 22, 88, 55, 19, 16, 87, 77, 47, 67, 2, 42, 71, 56, 46, 50, 68, 65, 75, 35, 45, 80, 21, 69, 61, 57, 14, 11, 10, 62, 58, 34, 26, 92, 84, 83, 66, 37, 70, 8, 59, 48, 60, 24, 44, 73, 23, 29, 15, 6, 1, 33, 63, 7, 94, 49, 40, 13, 64, 76, 89, 36, 79, 27, 93, 39, 9, 17, 43, 5, 4, 12, 53, 82, 38, 28]","[206, 303, 153, 112, 287, 384, 162, 363, 121, 201, 176, 285, 195, 239, 204, 310, 203, 232, 149, 222, 392, 163, 391, 95, 306, 197, 302, 258, 174, 200, 122, 233, 173, 109, 281, 395, 193, 326, 268, 144, 389, 178, 166, 351, 244, 372, 257, 215, 159, 347, 386, 231, 110, 307, 312, 396, 227, 379, 320, 397, 355, 246, 304, 155, 298, 271, 251, 296, 135, 342, 237, 207, 401, 311, 190, 316, 373, 161, 160, 301, 399, 333, 187, 264, 199, 154, 280, 402, 211, 242, 272, 172, 182, 236, 140, 225, 198, 252, 290, 100, 329, 118, 250, 261, 331, 269, 293, 346, 202, 314, 132, 194, 171, 340, 335, 260, 241, 130, 352, 400, 292, 192, 229, 370, 277, 98, 388, 220, 393, 273, 398, 364, 113, 305, 309, 183, 235, 165, 338, 212, 317, 248, 263, 104, 177, 358, 139, 168, 294, 148, 114, 279, 129, 138, 167, 297, 136, 313, 143, 374, 381, 286, 319, 283, 185, 323, 350, 184, 291, 362, 157, 308, 137, 383, 164, 366, 213, 209, 147, 404, 108, 361, 344, 348, 382, 208, 156, 97, 343, 365, 158, 224, 216, 315, 353, 300, 228, 255, 240, 390, 330, 126, 266, 105, 278, 289, 106, 387, 376, 175, 284, 359, 103, 357, 327, 115, 107, 254, 354, 99, 403, 282, 275, 221, 322, 133, 368, 131, 265, 169, 259, 181, 339, 356, 276, 125, 119, 123, 249, 189, 262, 247, 142, 134, 186, 369, 96, 299, 377, 324, 234, 349, 345, 238, 321, 328, 117, 196, 116, 145, 188, 223, 318, 253, 179, 101, 205, 218, 371, 274, 170, 385, 243, 378, 141, 325, 217, 360, 214, 341, 405, 267, 150, 336, 210, 230, 180, 146, 152, 295, 288, 151, 337, 270, 380, 245, 219, 394, 191, 120, 128, 256, 375, 367, 226, 334, 127, 111, 102, 124, 332]"
diversity_off_nsga2,8,-112.12405949131183,36.585940508688175,69.97594050868818,"[19, 91, 9, 28, 14, 16, 7, 17, 30, 33, 29, 54, 42, 82, 38, 94, 46, 73, 81, 75, 72, 44, 22, 24, 39, 41, 4, 92, 2, 31, 10, 48, 64, 76, 89, 36, 18, 20, 47, 69, 56, 55, 84, 90, 21, 45, 86, 53, 51, 60, 12, 40, 13, 88, 27, 66, 37, 5, 6, 62, 59, 26, 3, 52, 1, 15, 87, 79, 83, 71, 50, 25, 68, 57, 35, 93, 65, 23, 32, 58, 43, 70, 61, 63, 11, 8, 49, 80, 34, 78, 74, 85, 77, 67]","[341, 374, 217, 392, 391, 103, 327, 170, 381, 107, 110, 232, 282, 318, 275, 322, 188, 201, 360, 101, 287, 133, 297, 368, 321, 131, 265, 169, 206, 166, 124, 116, 288, 155, 306, 167, 356, 125, 258, 118, 136, 225, 142, 149, 262, 230, 204, 295, 390, 151, 337, 122, 252, 233, 278, 320, 248, 304, 313, 296, 135, 237, 207, 401, 190, 301, 187, 199, 242, 404, 172, 159, 198, 290, 100, 329, 371, 250, 261, 331, 269, 293, 346, 123, 111, 132, 126, 324, 215, 171, 335, 260, 241, 130, 352, 400, 292, 192, 173, 370, 98, 234, 109, 328, 281, 271, 229, 193, 326, 380, 268, 286, 120, 144, 389, 178, 319, 244, 372, 283, 388, 143, 362, 157, 128, 239, 303, 164, 383, 174, 222, 185, 184, 95, 245, 308, 218, 385, 191, 323, 179, 253, 219, 175, 394, 310, 393, 235, 139, 405, 183, 302, 168, 309, 351, 231, 338, 279, 197, 305, 220, 113, 273, 364, 257, 347, 227, 379, 373, 182, 340, 148, 274, 386, 366, 213, 209, 147, 272, 108, 361, 344, 348, 382, 251, 208, 156, 97, 343, 365, 158, 165, 212, 224, 317, 216, 397, 141, 315, 263, 353, 300, 396, 228, 255, 177, 395, 240, 330, 375, 376, 294, 314, 259, 129, 359, 299, 332, 354, 247, 150, 138, 194, 267, 180, 195, 284, 333, 357, 117, 121, 223, 127, 339, 196, 243, 403, 153, 266, 114, 146, 189, 276, 289, 249, 367, 336, 270, 106, 145, 134, 200, 119, 203, 334, 307, 214, 210, 350, 358, 176, 384, 291, 221, 163, 202, 355, 387, 398, 205, 226, 102, 99, 137, 254, 238, 285, 154, 211, 377, 112, 104, 256, 349, 312, 115, 152, 277, 363, 345, 140, 160, 280, 162, 246, 298, 186, 342, 311, 316, 369, 161, 399, 264, 402, 96, 105, 236, 181, 378, 325]"
diversity_off_nsga2,9,-64.69695089615385,10.133049103846153,40.203049103846155,"[32, 53, 16, 91, 9, 28, 5, 14, 66, 71, 41, 19, 80, 11, 78, 7, 17, 61, 30, 33, 88, 29, 2, 42, 73, 51, 15, 82, 74, 21, 81, 25, 75, 90, 55, 77, 26, 87, 72, 86, 22, 93, 39, 38, 63, 43, 4, 23, 31, 67, 12, 54, 62, 58, 34, 56, 1, 49, 84, 59, 89, 46, 50, 68, 65, 8, 92, 10, 35, 6, 83, 94, 57, 13, 60, 24, 70, 45, 48, 40, 37, 64, 76, 36, 79, 44, 47, 18, 69, 52, 27, 20, 3, 85]","[313, 374, 381, 383, 226, 354, 294, 152, 119, 299, 150, 339, 237, 110, 315, 104, 373, 396, 227, 255, 177, 128, 222, 256, 390, 330, 375, 358, 340, 148, 232, 218, 274, 170, 277, 385, 139, 141, 325, 124, 332, 206, 303, 360, 224, 240, 158, 162, 147, 212, 308, 370, 321, 295, 288, 151, 337, 249, 223, 134, 200, 122, 233, 278, 320, 248, 355, 246, 129, 155, 298, 186, 135, 342, 317, 207, 311, 190, 316, 369, 161, 160, 399, 187, 264, 199, 154, 280, 211, 242, 404, 172, 105, 236, 140, 225, 198, 290, 364, 329, 250, 261, 331, 269, 293, 346, 123, 111, 126, 215, 171, 335, 260, 241, 359, 352, 400, 192, 173, 127, 234, 328, 281, 271, 229, 193, 326, 380, 286, 120, 144, 389, 178, 319, 103, 202, 270, 333, 347, 292, 145, 174, 216, 349, 201, 401, 398, 102, 159, 132, 98, 397, 252, 113, 166, 131, 244, 372, 388, 143, 253, 245, 220, 393, 273, 323, 100, 219, 305, 238, 309, 310, 378, 115, 296, 231, 405, 251, 208, 394, 156, 97, 343, 265, 183, 254, 258, 377, 109, 403, 228, 362, 268, 121, 263, 371, 205, 181, 117, 185, 195, 363, 285, 96, 95, 324, 137, 214, 262, 350, 283, 176, 384, 291, 221, 312, 302, 189, 106, 287, 196, 402, 153, 301, 279, 386, 259, 365, 184, 157, 300, 203, 361, 366, 179, 376, 353, 314, 247, 180, 267, 146, 282, 209, 276, 307, 164, 112, 284, 272, 266, 108, 133, 213, 345, 138, 357, 382, 336, 243, 395, 275, 165, 289, 114, 367, 334, 344, 351, 99, 387, 194, 182, 257, 116, 142, 188, 356, 235, 304, 338, 107, 125, 322, 327, 368, 175, 168, 169, 130, 318, 101, 379, 191, 210, 341, 217, 230, 118, 239, 204, 149, 392, 163, 391, 306, 197, 348, 167, 297, 136]"
diversity_off_nsga2,10,-105.52995465024233,31.590045349757688,82.17004534975766,"[77, 67, 19, 91, 9, 28, 14, 41, 16, 7, 17, 30, 33, 29, 54, 42, 82, 73, 81, 75, 72, 44, 22, 31, 39, 38, 4, 92, 2, 24, 10, 48, 64, 76, 89, 36, 18, 20, 47, 69, 56, 55, 87, 90, 21, 45, 86, 53, 51, 60, 12, 40, 13, 88, 27, 66, 37, 94, 6, 62, 59, 26, 3, 52, 1, 15, 84, 79, 83, 71, 46, 50, 25, 68, 57, 35, 93, 65, 23, 32, 58, 43, 5, 70, 61, 63, 11, 8, 49, 80, 34, 78, 74, 85]","[325, 341, 374, 217, 392, 391, 103, 327, 170, 381, 107, 110, 232, 282, 318, 275, 322, 188, 201, 360, 313, 101, 287, 133, 297, 368, 321, 131, 265, 169, 206, 166, 124, 116, 306, 167, 356, 125, 258, 118, 136, 225, 142, 149, 262, 230, 204, 295, 288, 151, 337, 122, 252, 233, 278, 320, 248, 304, 155, 296, 135, 237, 207, 401, 190, 301, 187, 199, 242, 404, 172, 159, 198, 290, 100, 329, 371, 250, 261, 331, 269, 293, 346, 123, 111, 132, 126, 324, 215, 171, 335, 260, 241, 130, 352, 400, 292, 192, 173, 370, 98, 234, 109, 328, 281, 271, 229, 193, 326, 380, 268, 286, 120, 144, 389, 178, 319, 244, 372, 283, 388, 143, 362, 157, 128, 239, 303, 164, 383, 174, 222, 185, 184, 95, 245, 308, 218, 385, 191, 323, 179, 253, 219, 175, 394, 310, 393, 235, 139, 405, 183, 302, 168, 309, 351, 231, 338, 279, 197, 305, 220, 113, 273, 364, 257, 347, 227, 379, 373, 182, 340, 148, 274, 203, 366, 213, 209, 147, 272, 108, 361, 344, 348, 382, 251, 208, 156, 97, 343, 365, 158, 165, 212, 224, 317, 216, 397, 141, 315, 263, 353, 300, 396, 228, 255, 177, 395, 240, 390, 330, 375, 376, 294, 314, 259, 129, 359, 299, 332, 354, 247, 150, 138, 194, 267, 180, 195, 284, 333, 357, 117, 121, 223, 127, 339, 196, 243, 403, 153, 266, 114, 146, 189, 276, 289, 249, 367, 336, 270, 106, 145, 134, 200, 119, 386, 334, 307, 214, 210, 350, 358, 176, 384, 291, 221, 163, 202, 355, 387, 398, 205, 226, 102, 99, 137, 254, 238, 285, 154, 211, 377, 112, 104, 256, 349, 312, 115, 152, 277, 363, 345, 140, 160, 280, 162, 246, 298, 186, 342, 311, 316, 369, 161, 399, 264, 402, 96, 105, 236, 181, 378]"
diversity_off_nsga2,11,-105.95117287251563,33.61882712748438,75.44882712748438,"[67, 19, 53, 91, 9, 28, 14, 41, 16, 7, 17, 30, 33, 29, 54, 42, 82, 73, 81, 75, 72, 44, 31, 39, 38, 4, 92, 2, 24, 10, 48, 64, 76, 89, 18, 20, 47, 69, 56, 55, 90, 21, 45, 86, 36, 60, 84, 46, 51, 34, 12, 40, 13, 88, 27, 66, 37, 5, 6, 62, 59, 26, 3, 52, 1, 15, 87, 79, 83, 71, 22, 50, 25, 68, 57, 35, 93, 65, 23, 32, 58, 43, 94, 70, 61, 63, 11, 8, 49, 80, 78, 74, 85, 77]","[217, 392, 391, 103, 327, 170, 381, 107, 110, 232, 282, 318, 275, 322, 188, 201, 360, 313, 101, 287, 133, 297, 368, 303, 374, 247, 321, 131, 265, 169, 206, 166, 125, 116, 306, 167, 356, 124, 258, 118, 136, 225, 142, 149, 262, 230, 204, 295, 390, 151, 337, 122, 252, 233, 278, 320, 248, 304, 155, 296, 135, 164, 207, 401, 190, 301, 187, 199, 242, 404, 172, 159, 198, 290, 100, 329, 371, 250, 261, 331, 269, 293, 346, 123, 111, 132, 126, 324, 215, 171, 335, 260, 241, 130, 352, 400, 292, 192, 173, 370, 98, 234, 109, 328, 281, 271, 229, 193, 326, 380, 268, 286, 120, 144, 389, 178, 319, 244, 372, 283, 388, 143, 362, 157, 128, 239, 221, 237, 383, 174, 222, 185, 184, 95, 245, 308, 218, 385, 191, 323, 179, 253, 219, 175, 394, 310, 393, 235, 139, 405, 183, 302, 168, 309, 351, 231, 338, 279, 197, 305, 220, 113, 273, 364, 257, 347, 227, 379, 373, 182, 340, 148, 274, 203, 366, 213, 209, 147, 272, 108, 361, 344, 348, 382, 251, 208, 156, 97, 343, 365, 158, 165, 212, 224, 317, 216, 397, 141, 315, 263, 353, 300, 396, 228, 255, 177, 395, 240, 288, 330, 375, 376, 294, 314, 259, 129, 359, 299, 332, 354, 150, 138, 194, 267, 180, 195, 284, 333, 357, 117, 121, 223, 127, 339, 196, 243, 403, 153, 266, 114, 146, 189, 276, 289, 249, 367, 336, 270, 106, 145, 134, 200, 119, 386, 334, 307, 214, 210, 350, 358, 176, 384, 291, 163, 202, 355, 387, 398, 205, 226, 102, 99, 137, 254, 238, 285, 154, 211, 377, 112, 104, 256, 349, 312, 115, 152, 277, 363, 345, 140, 160, 280, 162, 246, 298, 186, 342, 311, 316, 369, 161, 399, 264, 402, 96, 105, 236, 181, 378, 325, 341]"
diversity_off_nsga2,12,-91.396064875,20.813935125,55.403935125,"[3, 19, 91, 9, 28, 14, 41, 16, 7, 17, 30, 33, 29, 54, 42, 82, 73, 81, 75, 72, 44, 22, 31, 39, 38, 4, 92, 24, 10, 48, 64, 76, 89, 36, 18, 20, 47, 69, 56, 8, 87, 90, 21, 45, 86, 51, 60, 12, 40, 13, 66, 37, 94, 62, 59, 26, 67, 52, 1, 15, 84, 79, 83, 71, 46, 50, 25, 68, 35, 93, 65, 23, 32, 58, 43, 70, 2, 27, 57, 6, 88, 53, 5, 61, 63, 11, 55, 49, 80, 34, 78, 74, 85, 77]","[325, 341, 374, 217, 392, 391, 103, 327, 170, 381, 107, 110, 232, 282, 318, 275, 322, 188, 201, 360, 313, 101, 287, 133, 297, 368, 321, 131, 265, 169, 206, 166, 124, 116, 306, 167, 356, 258, 118, 136, 225, 142, 149, 262, 230, 204, 295, 288, 151, 337, 122, 252, 233, 278, 320, 248, 304, 155, 296, 135, 237, 207, 401, 190, 301, 187, 199, 242, 404, 172, 159, 198, 290, 100, 329, 371, 239, 261, 331, 269, 293, 346, 123, 111, 132, 126, 324, 215, 171, 335, 260, 241, 130, 352, 400, 292, 192, 173, 370, 98, 234, 109, 328, 281, 271, 229, 193, 326, 380, 268, 286, 120, 144, 389, 178, 319, 244, 372, 283, 388, 143, 362, 157, 128, 250, 164, 383, 185, 184, 95, 245, 308, 218, 385, 191, 323, 179, 253, 175, 394, 310, 393, 405, 302, 351, 231, 279, 197, 305, 220, 113, 273, 257, 182, 340, 148, 274, 203, 366, 213, 209, 147, 272, 108, 361, 344, 348, 382, 208, 97, 343, 165, 212, 224, 317, 216, 397, 141, 315, 263, 353, 300, 228, 255, 177, 395, 240, 390, 330, 375, 376, 294, 314, 259, 299, 332, 354, 247, 150, 194, 180, 195, 333, 357, 117, 121, 223, 127, 339, 196, 243, 403, 153, 266, 114, 146, 189, 276, 289, 249, 367, 336, 270, 106, 145, 134, 200, 119, 386, 214, 210, 350, 176, 384, 291, 221, 163, 202, 355, 398, 205, 226, 102, 99, 137, 254, 238, 285, 154, 211, 377, 112, 104, 256, 349, 312, 115, 152, 277, 363, 345, 359, 138, 365, 307, 334, 284, 168, 129, 156, 396, 222, 387, 373, 267, 219, 347, 227, 235, 338, 309, 358, 379, 183, 174, 364, 125, 139, 303, 251, 158, 140, 160, 280, 162, 246, 298, 186, 342, 311, 316, 369, 161, 399, 264, 402, 96, 105, 236, 181, 378]"
diversity_off_nsga2,13,-16.7545624875,22.9654375125,8.3454375125,"[15, 7, 33, 72, 82, 71, 11, 50, 25, 68, 16, 56, 2, 63, 93, 84, 51, 17, 85, 40, 65, 92, 35, 69, 14, 89, 76, 10, 58, 80, 5, 70, 61, 81, 46, 8, 75, 49, 4, 43, 34, 39, 28, 44, 22, 31, 38, 45, 67, 12, 59, 62, 26, 1, 6, 83, 94, 57, 37, 60, 24, 48, 13, 64, 36, 79, 78, 90, 27, 42, 9, 66, 3, 74, 86, 52, 53, 18, 20, 23, 30, 47, 32, 41, 88, 73, 55, 19, 21, 87, 91, 29, 54, 77]","[391, 117, 141, 121, 223, 127, 275, 210, 142, 124, 131, 327, 206, 232, 274, 339, 196, 392, 243, 403, 153, 266, 322, 114, 188, 360, 239, 371, 146, 341, 189, 170, 252, 276, 289, 101, 249, 295, 297, 367, 336, 270, 279, 106, 306, 149, 145, 134, 200, 262, 257, 119, 159, 386, 334, 307, 278, 320, 248, 355, 387, 221, 214, 235, 398, 205, 296, 282, 226, 102, 99, 174, 179, 254, 337, 401, 238, 285, 288, 139, 154, 211, 377, 112, 104, 172, 256, 349, 312, 115, 152, 155, 404, 277, 151, 356, 363, 133, 304, 136, 163, 345, 140, 160, 280, 162, 246, 298, 186, 135, 342, 237, 207, 311, 190, 316, 369, 161, 301, 399, 333, 187, 264, 199, 402, 242, 96, 105, 236, 225, 384, 181, 198, 290, 100, 329, 118, 250, 261, 331, 269, 293, 176, 346, 123, 111, 132, 126, 324, 215, 171, 335, 260, 241, 130, 352, 400, 292, 192, 173, 370, 98, 234, 109, 328, 281, 271, 229, 193, 326, 380, 268, 286, 253, 185, 245, 220, 393, 273, 323, 364, 350, 219, 113, 305, 120, 144, 389, 178, 319, 166, 351, 244, 372, 283, 388, 143, 309, 310, 184, 291, 378, 183, 325, 362, 157, 308, 203, 137, 383, 164, 366, 213, 209, 385, 197, 147, 272, 108, 361, 344, 348, 95, 302, 382, 231, 405, 251, 208, 394, 156, 97, 343, 191, 365, 303, 158, 347, 165, 338, 212, 224, 340, 317, 216, 397, 110, 315, 263, 353, 373, 300, 396, 227, 228, 255, 177, 128, 395, 218, 240, 222, 390, 330, 375, 358, 168, 376, 294, 175, 182, 148, 314, 379, 259, 129, 359, 230, 217, 299, 202, 318, 374, 332, 354, 247, 150, 125, 167, 138, 194, 267, 381, 265, 233, 103, 107, 258, 201, 204, 180, 195, 284, 116, 368, 313, 321, 122, 287, 357, 169]"
diversity_off_nsga2,14,-97.7783704135848,30.111629586415226,66.02162958641523,"[18, 20, 19, 91, 9, 74, 14, 41, 16, 7, 17, 30, 33, 29, 54, 42, 82, 73, 81, 75, 72, 44, 22, 31, 39, 38, 4, 92, 2, 24, 10, 48, 64, 76, 89, 36, 47, 69, 56, 8, 87, 90, 21, 45, 86, 51, 60, 12, 40, 13, 66, 37, 94, 62, 59, 26, 67, 52, 1, 15, 84, 79, 83, 71, 46, 50, 25, 68, 35, 93, 65, 23, 32, 58, 43, 70, 27, 57, 6, 88, 53, 5, 61, 63, 11, 55, 49, 80, 34, 78, 28, 85, 77, 3]","[325, 341, 374, 217, 392, 391, 103, 327, 170, 381, 107, 110, 232, 282, 318, 275, 322, 188, 201, 360, 313, 101, 287, 133, 297, 368, 321, 131, 265, 169, 206, 166, 124, 116, 306, 167, 356, 125, 258, 118, 136, 225, 142, 149, 262, 230, 204, 295, 288, 151, 337, 122, 252, 233, 278, 320, 248, 304, 155, 296, 135, 237, 207, 401, 190, 301, 187, 199, 242, 404, 172, 159, 198, 290, 100, 329, 371, 250, 261, 331, 269, 293, 346, 123, 111, 132, 126, 324, 215, 171, 335, 260, 241, 130, 352, 400, 292, 192, 173, 370, 98, 234, 109, 328, 281, 271, 229, 193, 326, 380, 357, 286, 120, 144, 389, 178, 319, 244, 372, 283, 388, 143, 362, 157, 128, 239, 303, 164, 383, 174, 222, 185, 184, 95, 245, 308, 218, 385, 191, 323, 179, 253, 219, 175, 394, 310, 393, 235, 139, 405, 183, 302, 168, 309, 351, 231, 338, 279, 197, 305, 220, 113, 273, 364, 257, 347, 227, 379, 373, 182, 340, 148, 274, 203, 366, 213, 209, 147, 272, 108, 361, 344, 348, 382, 251, 208, 156, 97, 343, 365, 158, 165, 212, 224, 317, 216, 397, 141, 315, 263, 353, 300, 396, 228, 255, 177, 395, 240, 390, 330, 375, 376, 294, 314, 259, 129, 359, 299, 332, 354, 247, 150, 138, 194, 267, 180, 195, 284, 333, 268, 117, 121, 223, 127, 339, 196, 243, 403, 153, 266, 114, 146, 189, 276, 289, 249, 367, 336, 270, 106, 145, 134, 200, 119, 386, 334, 307, 214, 210, 350, 358, 176, 384, 291, 221, 163, 202, 355, 387, 398, 205, 226, 102, 99, 137, 254, 238, 285, 154, 211, 377, 112, 104, 256, 349, 312, 115, 152, 277, 363, 345, 140, 160, 280, 162, 246, 298, 186, 342, 311, 316, 369, 161, 399, 264, 402, 96, 105, 236, 181, 378]"
diversity_off_nsga2,15,-67.6856481,14.4043519,32.9143519,"[81, 91, 9, 14, 41, 16, 7, 17, 30, 29, 54, 42, 82, 73, 19, 75, 72, 44, 31, 39, 38, 4, 92, 2, 24, 10, 48, 64, 76, 89, 36, 88, 20, 47, 69, 56, 55, 90, 21, 45, 86, 53, 51, 60, 12, 40, 13, 18, 27, 66, 37, 26, 3, 87, 22, 94, 6, 62, 59, 28, 67, 52, 1, 15, 84, 79, 83, 71, 46, 50, 25, 68, 57, 33, 93, 35, 65, 23, 32, 58, 43, 5, 70, 61, 63, 11, 8, 49, 80, 34, 78, 74, 85, 77]","[341, 374, 217, 392, 391, 103, 327, 170, 381, 107, 110, 232, 282, 318, 275, 322, 188, 201, 360, 313, 101, 287, 133, 297, 195, 321, 131, 265, 169, 206, 166, 124, 116, 306, 167, 356, 125, 258, 118, 136, 225, 142, 149, 262, 230, 204, 295, 151, 337, 122, 252, 233, 278, 320, 248, 304, 155, 296, 135, 237, 207, 401, 190, 301, 187, 199, 242, 404, 172, 159, 198, 269, 100, 329, 371, 250, 261, 331, 290, 293, 346, 123, 111, 132, 126, 324, 215, 171, 335, 260, 241, 130, 352, 400, 292, 192, 173, 370, 234, 109, 328, 281, 271, 229, 193, 326, 380, 268, 286, 120, 144, 389, 178, 319, 244, 372, 283, 388, 143, 362, 157, 128, 239, 164, 383, 174, 98, 390, 247, 221, 222, 185, 184, 95, 245, 308, 218, 385, 191, 323, 179, 253, 219, 175, 394, 310, 393, 235, 139, 405, 183, 302, 168, 227, 351, 231, 338, 279, 197, 305, 220, 113, 363, 364, 257, 347, 309, 379, 373, 182, 340, 148, 274, 203, 366, 213, 209, 147, 272, 108, 361, 344, 348, 382, 251, 208, 156, 97, 343, 365, 158, 165, 212, 224, 317, 216, 397, 141, 315, 263, 353, 300, 396, 228, 255, 177, 395, 240, 288, 330, 375, 376, 294, 314, 259, 129, 359, 299, 332, 354, 150, 138, 194, 267, 180, 368, 284, 333, 357, 117, 121, 223, 127, 339, 196, 243, 403, 153, 266, 114, 146, 189, 276, 289, 249, 367, 336, 270, 106, 145, 134, 200, 119, 386, 334, 307, 214, 210, 350, 358, 176, 384, 291, 303, 163, 202, 355, 387, 398, 205, 226, 102, 99, 137, 254, 238, 285, 154, 211, 377, 112, 104, 256, 349, 312, 115, 152, 277, 273, 345, 140, 160, 280, 162, 246, 298, 186, 342, 311, 316, 369, 161, 399, 264, 402, 96, 105, 236, 181, 378, 325]"
diversity_off_nsga2,16,-69.01695139999998,15.8330486,57.983048600000004,"[91, 9, 28, 14, 41, 16, 23, 7, 17, 30, 33, 29, 54, 42, 82, 15, 74, 77, 81, 75, 72, 44, 22, 31, 39, 38, 4, 24, 69, 48, 64, 76, 89, 51, 52, 18, 20, 92, 73, 36, 55, 71, 2, 63, 47, 10, 56, 87, 46, 90, 21, 45, 86, 53, 67, 1, 60, 12, 40, 13, 88, 27, 66, 37, 79, 94, 6, 84, 62, 59, 26, 83, 50, 25, 68, 57, 35, 93, 65, 58, 43, 5, 70, 61, 11, 8, 49, 80, 34, 78, 3, 85, 32, 19]","[198, 329, 261, 293, 346, 123, 111, 126, 171, 352, 400, 292, 192, 328, 229, 326, 113, 341, 168, 222, 290, 252, 286, 319, 166, 351, 344, 382, 208, 317, 110, 315, 396, 255, 395, 390, 330, 375, 359, 127, 289, 270, 398, 104, 256, 277, 160, 244, 372, 143, 253, 245, 220, 273, 323, 100, 305, 405, 397, 394, 156, 97, 137, 383, 366, 213, 377, 109, 403, 228, 362, 268, 121, 263, 371, 205, 181, 117, 185, 195, 288, 285, 96, 95, 324, 343, 214, 262, 350, 283, 176, 384, 291, 307, 312, 132, 373, 257, 207, 404, 151, 347, 281, 231, 202, 116, 128, 98, 122, 233, 142, 188, 226, 120, 356, 313, 103, 227, 363, 242, 235, 304, 265, 338, 331, 107, 197, 172, 388, 144, 105, 125, 322, 327, 333, 187, 223, 209, 368, 175, 340, 159, 380, 309, 169, 130, 219, 295, 358, 318, 149, 165, 199, 379, 389, 191, 296, 183, 174, 178, 269, 148, 232, 218, 274, 170, 364, 115, 193, 215, 385, 393, 139, 335, 378, 141, 203, 325, 190, 124, 332, 336, 206, 303, 204, 360, 230, 118, 177, 251, 355, 135, 240, 134, 224, 298, 216, 158, 162, 147, 212, 250, 260, 140, 201, 308, 401, 241, 164, 370, 321, 211, 271, 102, 310, 280, 254, 234, 154, 311, 348, 236, 155, 349, 225, 238, 302, 189, 106, 287, 196, 402, 153, 301, 279, 386, 259, 365, 184, 157, 300, 361, 179, 376, 353, 387, 294, 299, 186, 306, 392, 182, 314, 114, 221, 239, 129, 138, 334, 284, 173, 374, 217, 391, 357, 381, 354, 99, 282, 275, 101, 133, 297, 131, 163, 119, 266, 345, 112, 367, 167, 243, 276, 339, 194, 258, 200, 278, 320, 248, 246, 342, 237, 316, 369, 161, 399, 264, 136, 247, 267, 150, 210, 145, 180, 146, 152, 337, 249, 272, 108]"
diversity_off_nsga2,17,-85.54207071590089,20.73792928409911,50.9579292840991,"[3, 19, 91, 9, 28, 14, 16, 7, 45, 30, 33, 29, 54, 42, 82, 44, 81, 75, 72, 73, 22, 31, 48, 38, 4, 92, 2, 24, 10, 39, 64, 76, 89, 18, 62, 1, 32, 20, 47, 69, 17, 55, 87, 56, 21, 90, 86, 53, 51, 60, 12, 40, 13, 88, 27, 66, 37, 94, 6, 41, 59, 26, 67, 52, 36, 15, 84, 79, 83, 71, 46, 50, 25, 68, 57, 35, 93, 65, 23, 11, 58, 43, 5, 70, 61, 63, 8, 49, 80, 34, 78, 74, 85, 77]","[341, 374, 217, 392, 391, 103, 327, 170, 381, 107, 110, 232, 282, 318, 275, 322, 188, 201, 360, 313, 101, 287, 133, 297, 368, 321, 131, 265, 169, 206, 166, 124, 116, 306, 167, 356, 125, 258, 118, 136, 225, 142, 149, 262, 230, 204, 295, 288, 151, 337, 122, 252, 233, 278, 320, 248, 304, 155, 296, 135, 237, 207, 401, 190, 301, 187, 199, 242, 404, 172, 159, 198, 269, 100, 329, 371, 336, 261, 331, 290, 223, 346, 123, 111, 132, 126, 324, 215, 197, 171, 335, 260, 241, 130, 352, 400, 292, 279, 173, 370, 98, 234, 109, 328, 281, 271, 229, 193, 326, 380, 268, 286, 120, 144, 389, 178, 319, 244, 372, 283, 388, 143, 362, 157, 128, 239, 303, 164, 383, 174, 222, 185, 184, 95, 245, 308, 218, 385, 191, 323, 179, 253, 219, 175, 394, 310, 393, 235, 139, 405, 183, 302, 168, 309, 351, 231, 338, 192, 305, 220, 113, 273, 364, 257, 347, 227, 379, 373, 182, 340, 148, 274, 203, 366, 213, 209, 147, 272, 108, 361, 344, 348, 382, 251, 208, 156, 97, 343, 365, 158, 165, 212, 224, 317, 216, 397, 141, 315, 263, 353, 300, 396, 228, 255, 177, 395, 240, 390, 330, 375, 376, 294, 314, 259, 129, 359, 299, 332, 354, 247, 150, 138, 194, 267, 180, 195, 284, 333, 357, 117, 121, 293, 127, 339, 196, 243, 403, 153, 266, 114, 146, 189, 276, 289, 249, 367, 250, 270, 106, 145, 134, 200, 119, 386, 334, 307, 214, 210, 350, 358, 176, 384, 291, 221, 163, 202, 355, 387, 398, 205, 226, 102, 99, 137, 254, 238, 285, 154, 211, 377, 112, 104, 256, 349, 312, 115, 152, 277, 363, 345, 140, 160, 280, 162, 246, 298, 186, 342, 311, 316, 369, 161, 399, 264, 402, 96, 105, 236, 181, 378, 325]"
diversity_off_nsga2,18,-94.36355501614979,24.24644498385019,72.33644498385017,"[19, 91, 9, 14, 16, 7, 30, 33, 29, 54, 82, 73, 81, 44, 31, 39, 38, 92, 24, 10, 48, 64, 3, 89, 18, 32, 20, 47, 69, 56, 55, 87, 45, 86, 60, 41, 67, 36, 15, 46, 68, 35, 65, 23, 74, 63, 25, 40, 93, 8, 52, 12, 50, 59, 62, 1, 84, 79, 83, 71, 57, 5, 34, 85, 77, 17, 42, 72, 2, 88, 90, 21, 53, 51, 13, 58, 43, 70, 61, 11, 22, 75, 49, 80, 94, 78, 28, 4, 27, 66, 37, 6, 26, 76]","[381, 107, 110, 232, 282, 318, 275, 322, 188, 201, 360, 313, 101, 287, 133, 368, 321, 131, 265, 169, 206, 166, 155, 124, 116, 306, 167, 356, 125, 258, 118, 136, 225, 142, 149, 262, 230, 204, 295, 288, 151, 337, 122, 252, 233, 278, 320, 248, 304, 296, 135, 237, 207, 401, 190, 301, 268, 153, 297, 129, 359, 299, 332, 137, 99, 403, 187, 199, 242, 404, 172, 159, 198, 290, 100, 329, 371, 250, 261, 331, 269, 293, 346, 123, 111, 132, 126, 324, 215, 171, 335, 260, 241, 130, 352, 400, 292, 192, 173, 370, 98, 234, 109, 328, 281, 271, 229, 193, 326, 380, 357, 286, 120, 144, 389, 178, 319, 244, 372, 283, 388, 143, 362, 157, 128, 239, 303, 164, 383, 174, 222, 185, 184, 95, 245, 308, 218, 385, 191, 323, 179, 253, 219, 175, 394, 310, 393, 235, 139, 405, 183, 302, 168, 309, 351, 231, 338, 279, 197, 305, 220, 113, 273, 364, 257, 347, 227, 379, 373, 182, 340, 148, 274, 203, 366, 213, 209, 147, 272, 108, 361, 344, 348, 382, 251, 208, 156, 97, 343, 365, 158, 165, 212, 224, 317, 216, 397, 141, 315, 263, 353, 300, 396, 228, 255, 177, 395, 240, 390, 330, 375, 376, 294, 314, 259, 354, 247, 150, 138, 194, 267, 180, 195, 284, 333, 117, 121, 223, 127, 339, 196, 243, 266, 114, 146, 189, 276, 289, 249, 367, 336, 270, 106, 145, 134, 200, 119, 386, 334, 307, 214, 210, 350, 358, 176, 384, 291, 221, 163, 202, 355, 387, 398, 205, 226, 102, 254, 238, 285, 154, 211, 377, 112, 104, 256, 349, 312, 115, 152, 277, 363, 345, 140, 160, 280, 162, 246, 298, 186, 342, 311, 316, 369, 161, 399, 264, 402, 96, 105, 236, 181, 378, 325, 341, 374, 217, 392, 391, 103, 327, 170]"
diversity_off_nsga2,19,-71.9668902,21.5331098,34.3331098,"[91, 9, 61, 36, 18, 58, 14, 27, 65, 41, 32, 6, 73, 85, 78, 94, 8, 16, 3, 34, 28, 86, 17, 71, 30, 33, 88, 12, 29, 54, 42, 82, 64, 44, 15, 4, 22, 52, 74, 89, 21, 20, 25, 75, 92, 1, 39, 67, 90, 43, 2, 13, 24, 79, 83, 37, 60, 84, 72, 59, 26, 46, 50, 68, 53, 35, 76, 93, 10, 80, 7, 63, 70, 66, 23, 47, 69, 56, 48, 55, 19, 49, 11, 77, 87, 38, 40, 31, 51, 5, 57, 45, 81, 62]","[342, 262, 242, 127, 271, 319, 103, 292, 145, 166, 308, 268, 121, 386, 365, 317, 139, 99, 403, 232, 282, 318, 275, 322, 188, 201, 234, 313, 101, 297, 368, 131, 163, 119, 266, 265, 169, 206, 195, 345, 117, 162, 299, 112, 124, 116, 381, 249, 284, 397, 164, 238, 125, 270, 253, 173, 362, 364, 114, 202, 306, 237, 132, 236, 369, 177, 239, 372, 267, 393, 349, 157, 174, 247, 189, 329, 343, 291, 98, 197, 325, 376, 190, 371, 338, 231, 315, 378, 215, 400, 341, 335, 256, 323, 233, 245, 148, 150, 152, 373, 208, 128, 316, 223, 355, 243, 272, 181, 390, 179, 205, 360, 399, 383, 310, 134, 305, 276, 136, 328, 289, 235, 224, 96, 280, 302, 311, 353, 191, 198, 295, 294, 304, 296, 143, 324, 405, 402, 156, 336, 263, 228, 370, 165, 344, 320, 123, 226, 404, 160, 287, 171, 141, 104, 211, 142, 209, 108, 326, 122, 334, 151, 303, 184, 111, 118, 240, 230, 379, 257, 385, 167, 102, 147, 250, 183, 110, 216, 222, 312, 298, 203, 227, 251, 153, 159, 301, 340, 252, 261, 172, 281, 274, 135, 283, 97, 178, 384, 367, 374, 300, 363, 346, 356, 375, 113, 279, 115, 193, 330, 176, 388, 220, 285, 175, 161, 213, 358, 339, 196, 361, 387, 337, 207, 347, 100, 351, 288, 331, 144, 333, 187, 380, 309, 130, 219, 149, 394, 401, 182, 168, 214, 392, 290, 95, 258, 212, 109, 260, 126, 120, 185, 140, 105, 307, 278, 286, 332, 293, 106, 200, 180, 264, 255, 377, 352, 350, 395, 314, 382, 221, 259, 398, 244, 246, 199, 273, 241, 396, 137, 154, 155, 158, 225, 129, 269, 210, 389, 229, 218, 366, 146, 133, 321, 192, 348, 277, 248, 217, 391, 357, 327, 170, 359, 107, 138, 254, 354, 194, 204, 186]"
diversity_off_nsga2,20,-51.58040349327178,16.539596506728213,24.319596506728217,"[32, 78, 71, 50, 25, 68, 16, 56, 2, 41, 93, 84, 51, 17, 49, 40, 65, 92, 35, 69, 14, 89, 58, 80, 5, 61, 12, 11, 8, 75, 4, 43, 34, 39, 28, 42, 18, 74, 63, 64, 87, 21, 45, 36, 77, 9, 3, 29, 86, 53, 30, 52, 48, 91, 82, 22, 37, 55, 81, 90, 88, 27, 79, 57, 60, 24, 44, 73, 23, 47, 38, 15, 6, 1, 33, 46, 7, 94, 85, 67, 10, 70, 20, 66, 31, 72, 62, 83, 76, 13, 59, 54, 19, 26]","[141, 127, 254, 354, 99, 403, 214, 232, 282, 318, 275, 221, 322, 188, 201, 360, 313, 101, 287, 133, 297, 368, 321, 131, 163, 266, 265, 169, 206, 195, 345, 153, 157, 162, 115, 299, 112, 339, 124, 116, 306, 367, 167, 243, 332, 356, 276, 125, 194, 258, 189, 262, 136, 247, 349, 142, 267, 150, 149, 336, 210, 230, 180, 204, 146, 357, 295, 288, 151, 337, 249, 223, 202, 270, 285, 134, 200, 122, 252, 233, 96, 384, 181, 371, 176, 111, 324, 173, 205, 109, 328, 281, 271, 193, 326, 380, 268, 286, 120, 358, 389, 178, 319, 166, 351, 244, 372, 283, 257, 119, 159, 347, 386, 231, 110, 307, 312, 278, 396, 227, 379, 320, 248, 355, 246, 304, 155, 298, 395, 251, 296, 135, 315, 342, 237, 207, 401, 311, 190, 316, 369, 373, 161, 160, 301, 399, 333, 187, 264, 199, 154, 280, 402, 211, 242, 404, 172, 105, 182, 236, 140, 225, 198, 377, 290, 100, 329, 118, 250, 261, 331, 269, 293, 346, 168, 274, 132, 126, 215, 234, 340, 335, 260, 241, 130, 352, 400, 292, 192, 229, 370, 277, 98, 171, 388, 143, 253, 185, 245, 220, 393, 273, 398, 323, 364, 350, 219, 113, 305, 238, 309, 310, 184, 291, 378, 183, 325, 362, 117, 308, 203, 137, 191, 365, 303, 158, 235, 165, 338, 212, 224, 317, 216, 397, 263, 353, 104, 228, 255, 177, 128, 218, 174, 222, 256, 390, 387, 330, 375, 144, 139, 123, 294, 175, 148, 114, 279, 226, 239, 314, 129, 138, 383, 300, 164, 366, 213, 209, 363, 179, 385, 197, 240, 147, 272, 108, 361, 344, 348, 95, 302, 382, 334, 405, 186, 376, 208, 394, 156, 97, 343, 102, 196, 289, 284, 359, 341, 374, 217, 392, 391, 103, 152, 145, 327, 121, 170, 381, 259, 107, 106]"
diversity_off_nsga2,21,-102.87416712950376,33.08583287049623,79.02583287049625,"[3, 19, 91, 9, 28, 14, 16, 7, 30, 33, 29, 54, 82, 73, 81, 75, 44, 22, 31, 39, 38, 4, 92, 24, 10, 48, 64, 76, 89, 18, 32, 20, 47, 69, 56, 55, 87, 45, 86, 60, 41, 67, 36, 15, 46, 68, 35, 65, 23, 43, 74, 63, 25, 40, 61, 93, 8, 52, 12, 50, 59, 62, 1, 84, 79, 83, 71, 57, 58, 5, 70, 11, 49, 80, 34, 78, 85, 77, 17, 42, 72, 2, 88, 90, 21, 53, 51, 13, 27, 66, 37, 94, 6, 26]","[392, 391, 103, 327, 170, 381, 107, 110, 232, 282, 318, 275, 322, 188, 201, 360, 313, 101, 287, 133, 376, 368, 321, 131, 265, 169, 206, 166, 155, 124, 116, 306, 167, 356, 125, 258, 118, 136, 225, 142, 149, 262, 230, 204, 295, 288, 151, 337, 122, 252, 233, 278, 320, 248, 304, 253, 296, 135, 237, 207, 401, 190, 301, 187, 199, 242, 404, 172, 159, 198, 290, 100, 329, 371, 250, 261, 331, 269, 293, 346, 123, 111, 132, 126, 324, 215, 171, 335, 260, 241, 130, 352, 400, 292, 192, 209, 370, 197, 234, 109, 328, 281, 271, 229, 193, 326, 380, 268, 286, 120, 144, 389, 178, 319, 244, 372, 283, 388, 143, 362, 157, 128, 239, 303, 164, 383, 174, 222, 185, 184, 95, 245, 308, 218, 385, 191, 323, 179, 219, 175, 394, 310, 393, 235, 139, 405, 183, 302, 168, 309, 351, 231, 338, 279, 98, 305, 220, 113, 273, 364, 257, 347, 227, 379, 373, 182, 340, 148, 274, 203, 366, 213, 173, 147, 272, 108, 361, 344, 348, 382, 251, 208, 156, 97, 343, 365, 158, 165, 212, 224, 317, 216, 397, 141, 315, 263, 353, 300, 396, 228, 255, 177, 395, 240, 390, 330, 153, 297, 294, 314, 259, 129, 359, 299, 332, 354, 247, 150, 138, 194, 267, 180, 195, 284, 333, 357, 117, 121, 223, 127, 339, 196, 243, 403, 375, 266, 114, 146, 189, 276, 289, 249, 367, 336, 270, 106, 145, 134, 200, 119, 386, 334, 307, 214, 210, 350, 358, 176, 384, 291, 221, 163, 202, 355, 387, 398, 205, 226, 102, 99, 137, 254, 238, 285, 154, 211, 377, 112, 104, 256, 349, 312, 115, 152, 277, 363, 345, 140, 160, 280, 162, 246, 298, 186, 342, 311, 316, 369, 161, 399, 264, 402, 96, 105, 236, 181, 378, 325, 341, 374, 217]"
diversity_off_nsga2,22,-54.30000000000001,13.660000000000002,26.100000000000005,"[32, 78, 71, 50, 25, 68, 16, 56, 2, 41, 93, 84, 51, 17, 49, 40, 65, 92, 35, 69, 14, 89, 58, 80, 5, 61, 81, 11, 8, 75, 4, 43, 34, 39, 28, 42, 18, 74, 63, 64, 87, 21, 45, 36, 77, 9, 3, 29, 86, 53, 30, 52, 48, 91, 82, 22, 37, 55, 12, 90, 88, 27, 79, 57, 60, 24, 44, 73, 23, 47, 38, 15, 6, 1, 33, 46, 7, 94, 85, 67, 10, 70, 20, 66, 31, 72, 62, 83, 76, 13, 59, 54, 19, 26]","[141, 127, 254, 354, 99, 403, 214, 232, 282, 318, 275, 221, 322, 188, 201, 360, 313, 101, 287, 133, 297, 368, 321, 131, 163, 266, 265, 169, 206, 195, 345, 153, 157, 162, 115, 299, 112, 339, 124, 116, 306, 367, 167, 243, 332, 356, 276, 125, 194, 258, 189, 262, 136, 247, 349, 142, 267, 150, 149, 336, 210, 230, 180, 204, 146, 357, 295, 288, 151, 337, 249, 223, 202, 270, 285, 134, 200, 122, 252, 233, 96, 384, 181, 371, 176, 111, 324, 173, 205, 109, 328, 281, 271, 193, 326, 380, 268, 286, 120, 358, 389, 178, 319, 166, 351, 244, 372, 283, 257, 119, 159, 347, 386, 231, 110, 307, 312, 278, 396, 227, 379, 320, 248, 355, 246, 304, 155, 298, 395, 251, 296, 135, 315, 342, 237, 207, 401, 311, 190, 316, 369, 373, 161, 160, 301, 399, 333, 187, 264, 199, 154, 280, 402, 211, 242, 404, 172, 105, 182, 236, 140, 225, 198, 377, 290, 100, 329, 118, 250, 261, 331, 269, 293, 346, 168, 274, 132, 126, 215, 234, 340, 335, 260, 241, 130, 352, 400, 292, 192, 229, 370, 277, 98, 171, 388, 143, 253, 185, 245, 220, 393, 273, 398, 323, 364, 350, 219, 113, 305, 238, 309, 310, 184, 291, 378, 183, 325, 362, 117, 308, 203, 137, 191, 365, 303, 158, 235, 165, 338, 212, 224, 317, 216, 397, 263, 353, 104, 228, 255, 177, 128, 218, 174, 222, 256, 390, 387, 330, 375, 144, 139, 123, 294, 175, 148, 114, 279, 226, 239, 314, 129, 138, 383, 300, 164, 366, 213, 209, 363, 179, 385, 197, 240, 147, 272, 108, 361, 344, 348, 95, 302, 382, 334, 405, 186, 376, 208, 394, 156, 97, 343, 102, 196, 289, 284, 359, 341, 374, 217, 392, 391, 103, 152, 145, 327, 121, 170, 381, 259, 107, 106]"
diversity_off_nsga2,23,-99.63736919565487,38.76263080434512,61.56263080434513,"[9, 28, 14, 78, 92, 46, 38, 16, 7, 17, 30, 33, 29, 54, 42, 82, 73, 81, 75, 72, 44, 22, 31, 39, 41, 4, 94, 2, 10, 48, 64, 76, 89, 36, 18, 20, 47, 69, 56, 55, 84, 90, 21, 45, 86, 53, 51, 12, 40, 88, 27, 11, 37, 5, 6, 62, 59, 26, 3, 52, 1, 15, 87, 79, 83, 71, 50, 25, 68, 35, 93, 65, 57, 13, 60, 24, 70, 23, 32, 58, 43, 61, 63, 66, 8, 49, 80, 34, 74, 85, 77, 67, 19, 91]","[341, 374, 217, 392, 391, 103, 327, 170, 107, 110, 232, 282, 318, 275, 322, 188, 201, 360, 313, 342, 287, 133, 297, 368, 321, 131, 265, 169, 206, 166, 124, 116, 306, 167, 356, 125, 258, 118, 136, 225, 142, 149, 262, 230, 204, 295, 151, 337, 122, 252, 233, 278, 320, 248, 304, 155, 296, 135, 237, 207, 401, 190, 301, 187, 199, 242, 172, 159, 198, 290, 100, 329, 371, 250, 261, 331, 269, 293, 316, 123, 111, 132, 253, 324, 215, 171, 335, 260, 241, 130, 352, 400, 292, 192, 173, 370, 98, 234, 109, 328, 281, 271, 229, 193, 326, 380, 268, 286, 120, 144, 389, 178, 319, 244, 372, 138, 388, 143, 362, 128, 303, 164, 383, 174, 222, 185, 184, 95, 245, 308, 218, 385, 191, 323, 179, 126, 219, 175, 394, 310, 393, 235, 139, 183, 273, 390, 404, 302, 168, 309, 351, 231, 338, 279, 294, 305, 220, 113, 405, 364, 257, 347, 227, 379, 373, 182, 340, 148, 274, 203, 366, 213, 209, 147, 272, 108, 361, 344, 348, 382, 251, 208, 156, 97, 343, 365, 158, 165, 212, 224, 317, 216, 397, 141, 315, 263, 353, 300, 396, 228, 255, 177, 395, 240, 288, 330, 375, 376, 197, 314, 259, 129, 359, 299, 332, 354, 247, 150, 283, 194, 267, 180, 195, 284, 333, 357, 117, 121, 223, 127, 339, 196, 276, 403, 153, 266, 114, 146, 189, 243, 289, 249, 367, 336, 270, 106, 145, 134, 200, 119, 386, 334, 307, 214, 210, 350, 358, 176, 384, 291, 221, 163, 202, 355, 387, 398, 205, 226, 102, 99, 137, 254, 238, 285, 154, 211, 377, 112, 104, 256, 312, 115, 152, 277, 363, 345, 140, 160, 280, 162, 246, 298, 186, 101, 311, 239, 381, 349, 157, 346, 369, 161, 399, 264, 402, 96, 105, 236, 181, 378, 325]"
diversity_off_nsga2,24,-100.00653999257256,32.673460007427444,67.09346000742745,"[67, 19, 53, 91, 9, 28, 14, 41, 16, 7, 17, 30, 33, 29, 54, 42, 82, 73, 81, 75, 72, 44, 31, 39, 38, 4, 92, 2, 24, 10, 48, 64, 76, 89, 18, 20, 47, 69, 56, 55, 90, 21, 45, 86, 36, 60, 84, 46, 51, 34, 12, 40, 13, 88, 27, 66, 37, 5, 6, 62, 59, 26, 3, 52, 1, 15, 87, 79, 83, 71, 22, 50, 25, 68, 57, 35, 93, 65, 23, 32, 58, 43, 94, 70, 61, 63, 11, 8, 49, 80, 78, 74, 85, 77]","[217, 392, 391, 103, 327, 283, 381, 107, 110, 232, 282, 318, 275, 322, 188, 201, 360, 313, 101, 287, 133, 297, 368, 303, 374, 247, 321, 131, 265, 169, 206, 166, 125, 116, 306, 167, 356, 124, 258, 118, 136, 225, 142, 149, 262, 230, 204, 295, 390, 151, 337, 122, 252, 233, 278, 320, 248, 304, 155, 296, 135, 164, 207, 401, 190, 301, 187, 199, 242, 404, 172, 159, 198, 290, 100, 329, 371, 250, 261, 331, 269, 293, 346, 123, 111, 132, 126, 324, 215, 171, 335, 260, 241, 130, 352, 400, 292, 192, 173, 370, 98, 234, 109, 328, 281, 271, 229, 193, 326, 380, 268, 286, 120, 144, 389, 178, 319, 244, 372, 170, 388, 143, 362, 157, 128, 239, 221, 237, 383, 174, 222, 185, 184, 95, 245, 308, 218, 385, 191, 323, 179, 253, 219, 175, 394, 310, 393, 235, 139, 405, 183, 302, 168, 309, 351, 231, 338, 279, 197, 305, 220, 113, 273, 364, 257, 347, 227, 379, 373, 182, 340, 148, 274, 203, 366, 213, 209, 147, 272, 108, 361, 344, 348, 382, 251, 208, 156, 97, 343, 365, 158, 165, 212, 224, 317, 216, 397, 141, 315, 263, 353, 300, 396, 228, 255, 177, 395, 240, 288, 330, 375, 376, 294, 314, 259, 129, 359, 299, 332, 354, 150, 138, 194, 267, 180, 195, 284, 333, 357, 117, 121, 223, 127, 339, 196, 243, 403, 153, 266, 114, 146, 189, 276, 289, 249, 367, 336, 270, 106, 145, 134, 200, 119, 386, 334, 307, 214, 210, 350, 358, 176, 384, 291, 163, 202, 355, 387, 398, 205, 226, 102, 99, 137, 254, 238, 285, 154, 211, 377, 112, 104, 256, 349, 312, 115, 152, 277, 363, 345, 140, 160, 280, 162, 246, 298, 186, 342, 311, 316, 369, 161, 399, 264, 402, 96, 105, 236, 181, 378, 325, 341]"
diversity_off_nsga2,25,-57.45690975,8.77309025,30.743090249999995,"[32, 53, 16, 91, 9, 28, 5, 14, 66, 71, 41, 19, 80, 23, 78, 7, 17, 61, 30, 33, 88, 29, 82, 51, 73, 74, 21, 81, 25, 75, 90, 55, 77, 56, 87, 72, 86, 22, 93, 39, 38, 63, 43, 4, 11, 31, 67, 12, 54, 15, 2, 42, 62, 58, 34, 26, 1, 49, 84, 59, 89, 46, 50, 68, 65, 8, 92, 10, 35, 6, 83, 94, 57, 13, 60, 24, 70, 45, 48, 40, 37, 64, 76, 36, 79, 44, 47, 18, 69, 52, 27, 20, 3, 85]","[313, 374, 383, 226, 354, 152, 119, 150, 339, 237, 110, 315, 104, 373, 396, 227, 255, 177, 128, 222, 256, 390, 330, 375, 358, 168, 148, 232, 218, 274, 170, 277, 385, 139, 141, 325, 124, 332, 206, 303, 360, 224, 240, 158, 162, 147, 212, 308, 370, 295, 288, 151, 337, 249, 223, 134, 200, 122, 233, 278, 248, 246, 129, 155, 298, 186, 135, 342, 317, 207, 311, 190, 316, 369, 161, 160, 399, 187, 264, 199, 154, 280, 211, 172, 105, 140, 225, 290, 364, 250, 261, 293, 346, 123, 111, 126, 215, 171, 335, 260, 241, 359, 352, 400, 192, 127, 328, 281, 271, 229, 193, 326, 380, 286, 120, 144, 389, 178, 319, 103, 202, 270, 333, 347, 145, 174, 216, 201, 401, 398, 102, 159, 132, 98, 397, 252, 113, 166, 351, 372, 388, 143, 253, 245, 220, 393, 273, 323, 219, 305, 309, 310, 378, 115, 296, 231, 405, 251, 208, 394, 156, 97, 343, 265, 183, 254, 348, 109, 403, 228, 362, 121, 263, 371, 205, 181, 117, 185, 195, 363, 285, 95, 137, 214, 262, 283, 176, 384, 291, 221, 312, 302, 189, 106, 287, 196, 153, 301, 279, 386, 259, 365, 184, 300, 203, 361, 366, 179, 376, 353, 247, 180, 267, 146, 282, 209, 276, 307, 164, 112, 284, 272, 266, 108, 133, 213, 138, 357, 382, 336, 243, 395, 275, 165, 289, 114, 367, 334, 344, 131, 99, 387, 194, 182, 257, 116, 142, 188, 356, 235, 304, 338, 107, 125, 322, 327, 368, 175, 340, 169, 130, 318, 101, 379, 191, 210, 341, 217, 230, 118, 204, 149, 392, 163, 391, 306, 197, 402, 242, 404, 96, 236, 299, 198, 377, 100, 329, 331, 324, 292, 173, 269, 234, 268, 244, 239, 381, 349, 157, 345, 350, 238, 321, 294, 355, 320, 314, 258, 167, 297, 136]"
diversity_off_nsga2,26,-88.86192647763804,18.758073522361958,56.23807352236196,"[19, 91, 9, 28, 67, 77, 14, 41, 16, 7, 17, 30, 33, 29, 54, 42, 82, 73, 81, 75, 72, 44, 31, 39, 38, 4, 92, 80, 24, 10, 48, 64, 76, 89, 36, 18, 20, 47, 69, 56, 55, 22, 87, 90, 21, 45, 86, 53, 51, 60, 12, 40, 13, 88, 27, 66, 37, 94, 6, 62, 59, 26, 3, 52, 1, 15, 84, 79, 83, 71, 46, 50, 25, 68, 57, 35, 93, 65, 23, 32, 58, 43, 5, 70, 61, 63, 11, 8, 49, 2, 34, 78, 74, 85]","[341, 374, 217, 392, 391, 371, 327, 170, 381, 107, 110, 232, 282, 318, 275, 322, 188, 201, 202, 360, 313, 101, 287, 133, 297, 368, 321, 131, 265, 169, 206, 166, 124, 116, 306, 167, 356, 125, 258, 118, 136, 225, 142, 149, 262, 230, 204, 295, 288, 151, 337, 122, 252, 233, 278, 320, 248, 304, 155, 296, 135, 237, 207, 401, 190, 301, 187, 199, 242, 404, 172, 159, 198, 290, 100, 329, 103, 250, 261, 331, 269, 293, 346, 123, 111, 132, 126, 324, 215, 171, 335, 260, 241, 130, 352, 400, 292, 192, 173, 370, 98, 234, 109, 328, 281, 271, 229, 193, 326, 380, 268, 286, 120, 144, 389, 178, 319, 244, 372, 283, 388, 143, 362, 157, 128, 239, 303, 164, 383, 174, 222, 185, 184, 95, 245, 308, 218, 385, 191, 323, 179, 253, 219, 175, 325, 310, 393, 235, 139, 405, 183, 302, 168, 309, 351, 231, 338, 279, 197, 305, 220, 113, 273, 364, 257, 347, 227, 379, 373, 182, 340, 148, 274, 203, 366, 213, 209, 147, 272, 108, 361, 344, 348, 382, 251, 208, 156, 97, 343, 365, 158, 165, 212, 224, 317, 216, 397, 141, 315, 263, 353, 300, 396, 228, 255, 177, 395, 240, 390, 330, 375, 376, 294, 314, 259, 129, 359, 299, 332, 354, 247, 150, 138, 194, 267, 180, 195, 284, 333, 357, 117, 121, 223, 127, 339, 196, 243, 403, 153, 266, 114, 146, 189, 276, 289, 249, 367, 336, 270, 106, 145, 134, 200, 119, 386, 334, 307, 214, 210, 350, 358, 176, 384, 291, 221, 163, 355, 387, 398, 205, 226, 102, 99, 137, 254, 238, 285, 154, 211, 377, 112, 104, 256, 349, 312, 115, 152, 277, 363, 345, 140, 160, 280, 162, 246, 298, 186, 342, 311, 96, 369, 161, 399, 264, 402, 316, 105, 236, 181, 378, 394]"
diversity_off_nsga2,27,-82.70054175,17.01945825,48.09945825,"[19, 91, 9, 28, 14, 41, 16, 7, 17, 30, 33, 81, 75, 29, 54, 42, 82, 73, 72, 44, 22, 31, 39, 38, 4, 92, 2, 24, 10, 64, 76, 89, 36, 18, 20, 47, 69, 56, 55, 87, 90, 21, 45, 53, 51, 60, 12, 40, 13, 88, 27, 66, 37, 94, 6, 62, 59, 26, 3, 52, 1, 15, 84, 79, 50, 25, 83, 71, 46, 48, 86, 68, 57, 35, 93, 65, 23, 32, 58, 43, 5, 70, 61, 63, 11, 8, 49, 80, 34, 78, 74, 85, 77, 67]","[341, 374, 217, 392, 391, 103, 327, 170, 381, 107, 110, 232, 282, 318, 275, 322, 188, 201, 360, 313, 101, 215, 133, 297, 368, 321, 131, 265, 169, 206, 166, 124, 116, 306, 167, 356, 125, 258, 118, 136, 225, 142, 149, 262, 230, 204, 295, 288, 151, 337, 122, 252, 233, 278, 320, 248, 304, 155, 296, 135, 207, 401, 190, 301, 187, 199, 242, 404, 172, 159, 198, 290, 100, 329, 371, 250, 261, 331, 269, 293, 346, 123, 111, 132, 126, 324, 287, 171, 335, 260, 241, 130, 303, 164, 352, 400, 292, 192, 173, 370, 98, 234, 109, 328, 281, 271, 229, 193, 326, 380, 268, 286, 120, 144, 389, 178, 319, 244, 372, 283, 388, 143, 362, 157, 128, 239, 221, 237, 383, 174, 222, 185, 184, 95, 245, 308, 218, 385, 191, 323, 179, 253, 219, 175, 394, 310, 393, 235, 139, 405, 183, 302, 168, 309, 351, 231, 338, 279, 197, 305, 386, 113, 273, 364, 257, 347, 227, 379, 373, 182, 340, 148, 274, 203, 366, 213, 209, 147, 272, 108, 361, 344, 348, 382, 251, 208, 156, 97, 343, 365, 158, 165, 212, 224, 270, 216, 397, 141, 315, 263, 353, 300, 396, 228, 255, 177, 395, 240, 390, 330, 375, 376, 294, 314, 259, 129, 359, 299, 332, 354, 247, 127, 138, 194, 267, 180, 195, 284, 333, 357, 117, 121, 223, 150, 339, 196, 243, 403, 153, 266, 114, 146, 189, 276, 289, 249, 367, 336, 317, 106, 145, 134, 200, 119, 220, 334, 307, 214, 210, 350, 358, 176, 384, 291, 163, 202, 355, 387, 398, 205, 226, 102, 99, 137, 254, 238, 285, 154, 211, 377, 112, 104, 256, 349, 312, 115, 152, 277, 363, 345, 140, 160, 280, 162, 246, 298, 186, 342, 311, 316, 369, 161, 399, 264, 402, 96, 105, 236, 181, 378, 325]"
diversity_off_nsga2,28,-80.189477,17.900523,45.210523,"[91, 9, 28, 14, 41, 16, 7, 17, 30, 33, 29, 54, 42, 89, 73, 81, 75, 72, 44, 22, 31, 39, 38, 4, 92, 2, 24, 10, 64, 76, 82, 36, 20, 47, 69, 56, 55, 87, 90, 21, 18, 67, 45, 53, 51, 60, 12, 40, 13, 88, 27, 66, 37, 94, 6, 62, 59, 26, 3, 52, 1, 15, 84, 79, 50, 25, 83, 71, 46, 48, 86, 68, 57, 35, 93, 65, 23, 32, 58, 43, 5, 70, 61, 63, 11, 8, 49, 80, 34, 78, 77, 74, 85, 19]","[341, 374, 217, 392, 391, 103, 327, 170, 381, 107, 110, 232, 282, 318, 275, 322, 188, 201, 360, 313, 101, 287, 133, 297, 368, 321, 131, 265, 169, 206, 166, 124, 116, 306, 167, 356, 125, 258, 118, 136, 225, 142, 149, 262, 230, 204, 295, 288, 151, 337, 122, 252, 233, 278, 320, 248, 304, 155, 296, 135, 237, 207, 401, 190, 301, 187, 199, 242, 404, 172, 159, 198, 269, 100, 329, 371, 250, 261, 331, 290, 293, 346, 123, 111, 132, 126, 324, 215, 171, 335, 260, 241, 130, 352, 400, 292, 192, 173, 370, 197, 234, 109, 328, 281, 271, 229, 193, 326, 380, 268, 286, 120, 144, 389, 178, 319, 365, 372, 283, 388, 143, 362, 157, 128, 239, 303, 164, 383, 174, 222, 185, 184, 95, 245, 308, 218, 385, 191, 323, 179, 253, 219, 175, 394, 310, 393, 161, 139, 279, 405, 183, 302, 168, 309, 351, 231, 338, 98, 305, 220, 113, 273, 364, 257, 347, 227, 379, 373, 182, 340, 148, 274, 203, 366, 213, 209, 147, 272, 108, 361, 344, 348, 382, 251, 208, 156, 97, 343, 244, 158, 165, 212, 224, 317, 216, 397, 141, 315, 263, 353, 300, 396, 228, 255, 177, 395, 240, 390, 330, 375, 376, 294, 314, 259, 129, 359, 299, 332, 354, 247, 150, 138, 194, 267, 180, 195, 284, 333, 357, 117, 121, 223, 127, 339, 196, 243, 403, 153, 266, 114, 146, 189, 276, 289, 249, 367, 336, 270, 106, 145, 134, 200, 119, 386, 334, 307, 214, 210, 350, 358, 176, 384, 291, 221, 163, 202, 355, 387, 398, 205, 226, 102, 99, 137, 254, 238, 285, 154, 211, 377, 112, 104, 256, 349, 312, 115, 152, 277, 363, 345, 140, 160, 280, 162, 246, 298, 186, 342, 311, 316, 369, 235, 399, 264, 402, 96, 105, 236, 181, 378, 325]"
diversity_off_nsga2,29,-76.4116492,16.018350799999997,42.988350800000006,"[91, 9, 26, 14, 41, 16, 7, 17, 30, 33, 29, 13, 42, 82, 73, 81, 75, 72, 44, 22, 31, 39, 38, 4, 92, 2, 24, 10, 48, 64, 76, 89, 36, 20, 47, 18, 65, 69, 56, 55, 87, 90, 21, 45, 86, 53, 51, 60, 12, 40, 54, 88, 27, 66, 37, 94, 6, 62, 59, 28, 67, 52, 1, 15, 84, 79, 83, 71, 46, 50, 25, 68, 57, 35, 93, 34, 23, 32, 58, 43, 5, 70, 61, 63, 11, 8, 49, 80, 78, 74, 85, 77, 3, 19]","[325, 341, 374, 217, 392, 391, 103, 327, 170, 381, 107, 110, 232, 282, 318, 275, 322, 188, 201, 360, 313, 101, 287, 133, 297, 368, 321, 131, 265, 169, 206, 166, 124, 116, 306, 167, 356, 125, 258, 118, 136, 225, 142, 149, 262, 230, 204, 295, 288, 151, 337, 122, 252, 233, 278, 320, 248, 304, 155, 296, 135, 237, 207, 401, 190, 301, 187, 199, 242, 404, 172, 159, 198, 269, 100, 329, 371, 250, 261, 331, 290, 293, 346, 123, 111, 132, 126, 324, 215, 171, 335, 260, 241, 130, 352, 400, 292, 192, 173, 370, 234, 109, 328, 281, 271, 229, 193, 326, 380, 268, 286, 120, 144, 389, 178, 319, 98, 244, 372, 283, 388, 143, 362, 157, 128, 239, 303, 164, 383, 174, 222, 185, 184, 95, 245, 308, 218, 385, 191, 323, 179, 253, 219, 175, 394, 310, 393, 235, 139, 405, 183, 302, 168, 309, 351, 231, 338, 279, 197, 305, 220, 113, 273, 364, 257, 347, 227, 379, 373, 182, 340, 148, 274, 203, 366, 213, 209, 147, 272, 108, 361, 344, 348, 382, 251, 208, 156, 97, 343, 365, 158, 165, 212, 224, 317, 216, 397, 141, 315, 263, 353, 300, 396, 228, 255, 177, 395, 240, 390, 330, 375, 376, 294, 314, 259, 129, 359, 299, 332, 354, 247, 150, 138, 194, 267, 180, 195, 284, 114, 357, 117, 121, 223, 127, 339, 196, 243, 403, 153, 266, 333, 146, 189, 276, 289, 249, 367, 336, 270, 106, 145, 134, 200, 119, 386, 334, 307, 214, 210, 350, 358, 176, 384, 291, 221, 163, 202, 355, 387, 398, 205, 226, 102, 99, 137, 254, 238, 285, 154, 211, 377, 112, 104, 256, 349, 312, 115, 152, 277, 363, 345, 140, 160, 280, 162, 246, 298, 186, 342, 311, 316, 369, 161, 399, 264, 402, 96, 105, 236, 181, 378]"
diversity_off_nsga2,30,-104.69225022759264,34.897749772407366,64.50774977240737,"[91, 9, 28, 14, 78, 92, 46, 38, 16, 7, 17, 30, 33, 29, 54, 42, 82, 73, 81, 75, 72, 44, 22, 31, 39, 41, 4, 94, 2, 24, 10, 48, 64, 76, 89, 36, 18, 20, 47, 69, 56, 55, 84, 90, 21, 45, 86, 53, 51, 60, 12, 40, 13, 88, 27, 11, 37, 5, 6, 62, 59, 26, 3, 52, 1, 15, 87, 79, 83, 71, 50, 25, 68, 57, 35, 93, 65, 23, 32, 58, 43, 70, 61, 63, 66, 8, 49, 80, 34, 74, 85, 77, 67, 19]","[341, 374, 217, 392, 391, 103, 327, 170, 381, 107, 110, 232, 282, 318, 275, 322, 188, 201, 360, 313, 342, 287, 133, 297, 368, 321, 131, 265, 169, 206, 166, 124, 116, 306, 167, 356, 125, 258, 118, 136, 225, 142, 149, 262, 230, 204, 295, 151, 337, 122, 252, 233, 278, 320, 248, 304, 155, 296, 135, 237, 207, 401, 190, 301, 187, 199, 242, 172, 159, 198, 290, 100, 329, 371, 250, 261, 331, 269, 293, 316, 123, 111, 132, 253, 324, 215, 171, 335, 260, 241, 130, 352, 400, 292, 192, 173, 370, 98, 234, 109, 328, 281, 271, 229, 193, 326, 380, 268, 286, 120, 144, 389, 178, 319, 244, 372, 138, 388, 143, 362, 157, 128, 239, 303, 164, 383, 174, 222, 185, 184, 95, 245, 308, 218, 385, 191, 323, 179, 126, 219, 175, 394, 310, 393, 235, 139, 183, 273, 390, 404, 302, 168, 309, 351, 231, 338, 279, 294, 305, 220, 113, 405, 364, 257, 347, 227, 379, 373, 182, 340, 148, 274, 203, 366, 213, 209, 147, 272, 108, 361, 344, 348, 382, 251, 208, 156, 97, 343, 365, 158, 165, 212, 224, 317, 216, 397, 141, 315, 263, 353, 300, 396, 228, 255, 177, 395, 240, 288, 330, 375, 376, 197, 314, 259, 129, 359, 299, 332, 354, 247, 150, 283, 194, 267, 180, 195, 284, 333, 357, 117, 121, 223, 127, 339, 196, 276, 403, 153, 266, 114, 146, 189, 243, 289, 249, 367, 336, 270, 106, 145, 134, 200, 119, 386, 334, 307, 214, 210, 350, 358, 176, 384, 291, 221, 163, 202, 355, 387, 398, 205, 226, 102, 99, 137, 254, 238, 285, 154, 211, 377, 112, 104, 256, 349, 312, 115, 152, 277, 363, 345, 140, 160, 280, 162, 246, 298, 186, 101, 311, 346, 369, 161, 399, 264, 402, 96, 105, 236, 181, 378, 325]"
diversity_off_nsga2,31,-59.790747435,11.049252565000002,26.709252565000003,"[30, 94, 92, 16, 87, 46, 35, 29, 54, 77, 36, 7, 33, 43, 21, 45, 65, 93, 90, 50, 59, 58, 68, 26, 79, 83, 47, 53, 72, 34, 84, 5, 70, 61, 81, 63, 11, 8, 75, 10, 4, 80, 2, 17, 39, 28, 42, 19, 74, 85, 41, 52, 48, 91, 82, 22, 37, 55, 12, 67, 88, 27, 71, 57, 60, 24, 44, 73, 62, 23, 38, 15, 6, 1, 49, 40, 13, 76, 89, 78, 51, 66, 25, 14, 20, 9, 69, 32, 56, 18, 64, 3, 86, 31]","[127, 254, 162, 354, 99, 403, 214, 232, 282, 318, 275, 221, 322, 188, 201, 360, 313, 101, 287, 133, 297, 368, 321, 131, 163, 266, 265, 320, 169, 206, 195, 345, 153, 117, 115, 299, 112, 339, 124, 116, 306, 367, 243, 332, 356, 276, 125, 194, 258, 189, 262, 136, 247, 349, 159, 351, 267, 150, 149, 164, 210, 230, 180, 204, 146, 152, 295, 288, 151, 337, 249, 223, 202, 270, 285, 134, 200, 122, 252, 233, 312, 278, 248, 355, 246, 304, 155, 298, 296, 135, 301, 274, 96, 384, 181, 371, 176, 123, 111, 324, 260, 166, 142, 238, 314, 347, 110, 396, 227, 395, 222, 315, 342, 237, 207, 401, 311, 190, 316, 369, 373, 161, 160, 170, 399, 333, 187, 264, 390, 154, 280, 402, 211, 242, 404, 172, 105, 182, 236, 140, 225, 198, 377, 290, 100, 329, 118, 250, 261, 331, 269, 293, 346, 119, 251, 132, 126, 215, 171, 340, 277, 291, 378, 183, 335, 167, 241, 130, 352, 400, 292, 192, 173, 205, 370, 98, 234, 109, 328, 281, 271, 229, 193, 326, 380, 268, 286, 120, 144, 389, 178, 319, 386, 208, 244, 372, 283, 388, 143, 253, 185, 245, 220, 393, 273, 398, 323, 364, 350, 219, 113, 305, 107, 309, 310, 184, 325, 362, 157, 308, 179, 137, 191, 365, 303, 158, 235, 338, 212, 224, 317, 216, 397, 263, 353, 104, 228, 255, 177, 128, 218, 174, 341, 256, 199, 387, 330, 375, 358, 139, 168, 294, 175, 148, 165, 379, 114, 307, 279, 226, 239, 129, 138, 383, 300, 336, 366, 213, 209, 363, 203, 385, 197, 240, 147, 272, 108, 361, 344, 348, 95, 302, 382, 231, 405, 186, 376, 394, 156, 97, 343, 102, 196, 334, 289, 257, 284, 359, 374, 217, 392, 391, 103, 357, 145, 327, 121, 381, 259, 106, 141]"
diversity_off_nsga2,32,-52.900000000000006,10.98,27.300000000000004,"[32, 47, 19, 56, 46, 35, 54, 81, 7, 33, 75, 93, 31, 39, 30, 43, 68, 65, 63, 11, 72, 67, 2, 50, 59, 16, 58, 34, 26, 92, 49, 84, 83, 94, 28, 42, 91, 74, 41, 64, 87, 21, 45, 36, 77, 71, 3, 29, 86, 53, 4, 52, 48, 18, 82, 22, 37, 55, 12, 90, 88, 27, 79, 57, 60, 24, 44, 73, 62, 23, 38, 15, 20, 1, 89, 10, 8, 40, 13, 76, 70, 78, 5, 61, 51, 85, 66, 25, 80, 17, 14, 6, 9, 69]","[343, 127, 254, 354, 99, 403, 214, 232, 282, 318, 275, 221, 322, 188, 201, 360, 313, 120, 287, 133, 297, 368, 321, 131, 163, 266, 265, 169, 206, 195, 345, 153, 117, 162, 115, 299, 112, 339, 124, 116, 306, 367, 167, 243, 332, 356, 276, 125, 194, 258, 189, 262, 385, 334, 349, 142, 267, 150, 149, 336, 210, 230, 180, 204, 146, 357, 295, 288, 151, 337, 249, 223, 202, 270, 285, 134, 200, 122, 252, 233, 96, 384, 181, 371, 176, 111, 324, 173, 205, 109, 328, 281, 271, 143, 165, 380, 268, 286, 101, 144, 186, 178, 319, 166, 351, 244, 372, 283, 208, 119, 159, 347, 386, 231, 110, 307, 312, 278, 396, 227, 379, 320, 248, 355, 246, 304, 155, 298, 395, 251, 296, 135, 315, 342, 237, 207, 401, 311, 190, 316, 369, 373, 161, 160, 170, 399, 333, 187, 264, 199, 154, 280, 402, 211, 242, 404, 172, 105, 182, 236, 140, 225, 198, 377, 290, 100, 329, 118, 250, 261, 331, 269, 293, 346, 123, 314, 132, 126, 215, 171, 340, 335, 260, 241, 130, 352, 400, 292, 192, 229, 370, 277, 98, 234, 388, 193, 253, 185, 245, 220, 393, 273, 398, 323, 364, 350, 219, 113, 305, 238, 309, 310, 184, 291, 378, 183, 325, 362, 157, 308, 203, 137, 191, 365, 303, 158, 235, 326, 338, 212, 224, 317, 216, 397, 263, 353, 104, 228, 255, 177, 128, 218, 174, 341, 256, 390, 387, 330, 375, 358, 139, 168, 294, 175, 148, 136, 108, 240, 376, 147, 179, 107, 226, 327, 394, 284, 217, 392, 156, 138, 405, 196, 129, 302, 141, 114, 348, 257, 103, 279, 222, 300, 197, 272, 382, 106, 289, 359, 121, 152, 102, 145, 247, 391, 259, 274, 361, 389, 301, 344, 213, 374, 239, 209, 164, 383, 363, 95, 366, 97, 381]"
diversity_off_nsga2,33,-45.8231877,12.5968123,20.976812299999995,"[74, 85, 36, 53, 94, 4, 72, 62, 17, 40, 46, 38, 35, 69, 23, 20, 51, 84, 90, 57, 42, 6, 87, 1, 88, 11, 27, 34, 81, 58, 67, 68, 28, 33, 54, 39, 80, 14, 13, 19, 7, 49, 59, 82, 45, 29, 52, 32, 41, 64, 2, 56, 48, 76, 8, 30, 83, 18, 50, 26, 55, 89, 3, 37, 9, 66, 79, 15, 78, 86, 16, 47, 63, 60, 91, 24, 77, 5, 61, 25, 75, 31, 43, 65, 93, 92, 21, 71, 22, 12, 44, 73, 70, 10]","[343, 127, 254, 354, 99, 403, 214, 232, 282, 318, 275, 221, 322, 188, 201, 360, 313, 101, 287, 133, 297, 368, 321, 131, 163, 266, 265, 169, 206, 195, 345, 153, 117, 162, 115, 299, 112, 339, 124, 116, 306, 367, 167, 243, 332, 356, 276, 125, 194, 258, 189, 262, 136, 247, 349, 142, 267, 150, 149, 336, 210, 230, 180, 204, 146, 357, 295, 288, 151, 337, 249, 223, 202, 285, 134, 200, 122, 252, 233, 96, 384, 181, 371, 176, 111, 324, 173, 205, 109, 328, 281, 271, 193, 326, 380, 268, 286, 120, 144, 389, 178, 319, 166, 351, 244, 372, 283, 208, 119, 159, 347, 386, 231, 110, 307, 312, 278, 396, 227, 379, 320, 248, 355, 246, 304, 155, 298, 395, 251, 296, 135, 315, 342, 237, 207, 401, 190, 316, 369, 373, 161, 160, 301, 399, 333, 187, 264, 199, 154, 280, 402, 211, 242, 404, 172, 105, 397, 140, 198, 290, 100, 329, 118, 250, 261, 331, 269, 293, 346, 123, 314, 132, 126, 215, 171, 340, 335, 260, 241, 130, 352, 400, 292, 192, 229, 277, 98, 234, 388, 143, 253, 185, 245, 220, 393, 273, 398, 323, 364, 350, 219, 113, 305, 309, 310, 184, 291, 378, 311, 370, 236, 270, 225, 238, 377, 183, 325, 362, 157, 308, 203, 137, 191, 365, 303, 158, 235, 165, 338, 212, 224, 317, 216, 182, 263, 353, 104, 228, 255, 177, 128, 218, 174, 222, 256, 390, 387, 330, 375, 358, 139, 168, 294, 175, 148, 385, 108, 240, 376, 147, 179, 107, 226, 327, 394, 284, 217, 392, 156, 138, 405, 196, 129, 302, 141, 114, 348, 257, 103, 279, 341, 300, 197, 272, 382, 106, 289, 359, 121, 152, 102, 145, 334, 391, 259, 274, 361, 186, 170, 344, 213, 374, 239, 209, 164, 383, 363, 95, 366, 97, 381]"
diversity_off_nsga2,34,-92.66104207644804,30.64895792355196,56.238957923551965,"[19, 91, 9, 8, 14, 16, 7, 17, 30, 33, 29, 54, 42, 38, 73, 81, 68, 72, 44, 22, 31, 39, 82, 92, 2, 24, 10, 48, 35, 76, 89, 61, 4, 41, 36, 11, 18, 20, 47, 69, 56, 6, 87, 90, 21, 45, 86, 53, 51, 60, 12, 64, 13, 88, 27, 52, 37, 94, 55, 62, 59, 26, 67, 66, 1, 15, 84, 79, 83, 71, 46, 50, 25, 75, 57, 40, 93, 65, 23, 32, 58, 43, 5, 70, 63, 28, 49, 80, 34, 78, 74, 85, 77, 3]","[341, 374, 217, 392, 391, 103, 327, 170, 381, 107, 110, 232, 282, 318, 275, 322, 188, 201, 360, 313, 101, 287, 133, 297, 368, 321, 247, 265, 169, 206, 166, 124, 116, 306, 167, 356, 125, 222, 118, 136, 225, 142, 149, 262, 230, 204, 295, 115, 151, 337, 122, 252, 233, 278, 320, 248, 304, 155, 296, 135, 237, 207, 401, 190, 301, 187, 199, 177, 404, 172, 159, 198, 290, 100, 329, 371, 250, 261, 331, 269, 293, 346, 123, 111, 132, 126, 324, 215, 171, 335, 260, 241, 130, 352, 400, 292, 192, 173, 370, 98, 234, 109, 328, 281, 271, 229, 193, 326, 380, 268, 286, 120, 144, 389, 178, 319, 244, 372, 283, 388, 143, 362, 157, 128, 239, 303, 243, 164, 383, 174, 258, 185, 184, 95, 245, 308, 218, 385, 191, 323, 179, 253, 219, 175, 394, 310, 393, 235, 139, 405, 183, 302, 168, 309, 351, 231, 338, 279, 197, 305, 220, 113, 273, 364, 257, 347, 227, 379, 373, 182, 340, 148, 274, 203, 366, 213, 209, 147, 272, 108, 361, 344, 348, 382, 251, 208, 156, 97, 343, 365, 158, 165, 224, 212, 317, 216, 397, 141, 315, 263, 353, 300, 396, 228, 255, 242, 395, 240, 390, 330, 375, 376, 294, 314, 259, 129, 359, 299, 332, 354, 131, 150, 138, 194, 267, 180, 195, 284, 333, 357, 117, 121, 223, 127, 339, 196, 403, 153, 266, 114, 146, 189, 276, 289, 249, 367, 336, 270, 106, 145, 134, 200, 119, 386, 334, 307, 214, 210, 350, 358, 176, 384, 291, 221, 163, 202, 355, 387, 398, 205, 226, 102, 99, 137, 254, 238, 285, 154, 211, 377, 112, 104, 256, 349, 312, 288, 152, 277, 363, 345, 140, 160, 280, 162, 246, 298, 186, 342, 311, 96, 369, 161, 399, 264, 402, 316, 105, 236, 181, 378, 325]"
diversity_off_nsga2,35,-39.77947775,13.23052225,16.420522249999998,"[41, 32, 85, 78, 94, 16, 34, 28, 17, 71, 33, 54, 42, 64, 44, 4, 74, 89, 21, 18, 25, 75, 92, 39, 43, 2, 79, 1, 84, 72, 59, 26, 46, 82, 68, 65, 35, 93, 80, 7, 5, 3, 47, 86, 30, 52, 48, 91, 50, 22, 37, 55, 11, 90, 88, 27, 60, 24, 67, 73, 62, 29, 38, 15, 6, 83, 70, 8, 10, 40, 13, 76, 51, 57, 45, 81, 63, 77, 31, 56, 87, 49, 12, 23, 19, 66, 69, 9, 61, 36, 20, 58, 14, 53]","[391, 95, 197, 302, 297, 313, 226, 287, 138, 334, 127, 102, 147, 153, 97, 374, 363, 121, 201, 213, 195, 266, 289, 217, 403, 272, 382, 221, 259, 141, 209, 117, 162, 115, 299, 112, 339, 124, 116, 306, 367, 167, 243, 332, 356, 276, 125, 194, 258, 189, 262, 136, 247, 349, 142, 267, 150, 149, 336, 210, 230, 180, 204, 146, 357, 295, 235, 151, 337, 249, 208, 202, 270, 285, 134, 319, 223, 119, 159, 386, 231, 307, 379, 320, 105, 182, 314, 340, 277, 212, 224, 341, 168, 294, 175, 148, 385, 108, 200, 122, 252, 233, 312, 278, 248, 355, 246, 304, 155, 298, 326, 135, 342, 237, 207, 401, 311, 190, 316, 369, 161, 160, 301, 399, 333, 187, 264, 199, 154, 280, 402, 211, 242, 404, 96, 172, 236, 140, 225, 384, 181, 198, 377, 290, 100, 329, 371, 250, 261, 331, 269, 293, 176, 346, 123, 111, 132, 126, 324, 215, 171, 335, 260, 241, 130, 352, 400, 292, 192, 173, 205, 370, 98, 234, 109, 328, 281, 271, 229, 193, 296, 380, 268, 286, 120, 144, 389, 178, 118, 166, 351, 244, 372, 283, 388, 143, 253, 185, 245, 220, 393, 273, 398, 323, 364, 350, 219, 113, 305, 238, 309, 310, 184, 291, 378, 183, 325, 362, 157, 308, 203, 137, 251, 191, 365, 303, 158, 347, 288, 317, 216, 397, 110, 315, 263, 353, 104, 373, 396, 227, 228, 255, 177, 128, 395, 218, 174, 222, 256, 390, 387, 330, 375, 358, 139, 165, 338, 240, 186, 254, 359, 284, 164, 279, 114, 381, 345, 343, 366, 133, 321, 348, 129, 152, 275, 179, 383, 354, 156, 282, 344, 300, 131, 196, 376, 361, 99, 145, 257, 188, 103, 265, 107, 322, 327, 368, 169, 318, 101, 274, 170, 405, 206, 106, 360, 394, 239, 232, 214, 392, 163]"
diversity_off_nsga2,36,-112.55539159628627,34.41460840371374,73.34460840371375,"[91, 9, 28, 14, 16, 7, 17, 30, 33, 29, 42, 38, 73, 81, 75, 72, 44, 22, 31, 39, 82, 92, 2, 24, 10, 48, 64, 76, 89, 61, 4, 41, 36, 11, 18, 20, 47, 69, 56, 6, 87, 90, 21, 45, 86, 53, 51, 60, 12, 40, 54, 88, 13, 27, 52, 37, 94, 55, 62, 59, 26, 67, 66, 1, 15, 84, 79, 83, 71, 46, 50, 25, 68, 57, 35, 93, 65, 23, 32, 58, 43, 5, 70, 63, 8, 49, 80, 34, 78, 74, 85, 77, 3, 19]","[341, 374, 217, 392, 391, 103, 327, 170, 381, 107, 110, 232, 173, 318, 275, 322, 188, 201, 360, 313, 101, 287, 133, 297, 368, 321, 265, 169, 206, 166, 124, 116, 306, 167, 356, 125, 258, 118, 136, 225, 142, 149, 262, 230, 204, 295, 288, 151, 337, 122, 252, 233, 278, 320, 248, 304, 155, 296, 135, 237, 207, 401, 190, 301, 187, 199, 177, 404, 172, 159, 198, 290, 100, 329, 371, 250, 261, 331, 269, 293, 346, 123, 111, 132, 126, 324, 215, 171, 335, 260, 241, 130, 352, 400, 292, 192, 282, 370, 98, 234, 109, 328, 281, 271, 229, 386, 326, 380, 268, 286, 120, 144, 389, 178, 319, 244, 372, 283, 388, 143, 362, 157, 128, 239, 303, 164, 383, 174, 222, 185, 184, 95, 245, 308, 218, 385, 191, 323, 179, 253, 219, 175, 394, 310, 393, 235, 139, 405, 183, 302, 168, 309, 351, 231, 338, 279, 197, 305, 220, 113, 273, 364, 257, 347, 227, 379, 373, 182, 340, 148, 274, 203, 366, 213, 209, 147, 272, 108, 361, 344, 348, 382, 251, 208, 156, 97, 343, 365, 158, 165, 212, 224, 317, 216, 141, 315, 263, 353, 300, 396, 228, 255, 242, 395, 240, 390, 330, 375, 376, 294, 314, 397, 131, 146, 259, 129, 359, 299, 332, 354, 247, 150, 138, 194, 267, 180, 195, 284, 114, 357, 117, 121, 223, 127, 339, 196, 243, 403, 153, 266, 333, 189, 276, 289, 249, 367, 336, 270, 106, 145, 134, 200, 119, 193, 334, 307, 214, 210, 350, 358, 176, 384, 291, 221, 163, 202, 355, 387, 398, 205, 226, 102, 99, 137, 254, 238, 285, 154, 211, 377, 112, 104, 256, 349, 312, 115, 152, 277, 363, 345, 140, 160, 280, 162, 246, 298, 186, 342, 311, 96, 369, 161, 399, 264, 402, 316, 105, 236, 181, 378, 325]"
diversity_off_nsga2,37,-28.428263907485718,7.791736092514281,21.67173609251428,"[66, 31, 62, 59, 54, 19, 26, 83, 82, 71, 46, 50, 25, 68, 16, 57, 92, 35, 69, 14, 89, 76, 93, 10, 24, 65, 23, 32, 73, 58, 43, 5, 70, 61, 81, 63, 11, 8, 75, 49, 4, 80, 34, 78, 39, 28, 42, 18, 74, 85, 41, 64, 90, 21, 33, 45, 36, 77, 9, 3, 29, 86, 53, 67, 30, 52, 1, 7, 48, 91, 17, 22, 15, 51, 2, 55, 12, 40, 13, 87, 88, 27, 84, 37, 44, 60, 72, 79, 94, 6, 47, 38, 56, 20]","[325, 359, 341, 374, 217, 392, 391, 103, 357, 145, 327, 121, 170, 381, 115, 107, 106, 141, 127, 277, 254, 386, 354, 99, 403, 214, 232, 282, 318, 275, 221, 322, 188, 201, 360, 313, 101, 287, 133, 297, 368, 321, 131, 163, 119, 266, 265, 169, 206, 195, 345, 153, 117, 166, 259, 299, 112, 186, 124, 116, 306, 367, 167, 243, 332, 356, 276, 125, 194, 258, 189, 262, 118, 136, 247, 349, 225, 142, 267, 150, 149, 336, 210, 230, 180, 204, 146, 152, 295, 288, 151, 337, 249, 223, 202, 270, 285, 134, 200, 122, 252, 233, 312, 278, 320, 248, 355, 246, 304, 155, 298, 339, 296, 135, 342, 237, 207, 401, 311, 190, 316, 369, 161, 160, 301, 399, 333, 187, 264, 199, 154, 280, 402, 211, 242, 404, 96, 172, 105, 236, 140, 159, 384, 181, 198, 377, 290, 100, 329, 371, 250, 261, 331, 269, 293, 176, 346, 123, 111, 132, 126, 324, 215, 171, 335, 260, 241, 130, 352, 400, 292, 192, 173, 205, 370, 98, 234, 109, 328, 281, 271, 229, 193, 326, 380, 268, 286, 120, 144, 389, 178, 319, 162, 208, 244, 372, 283, 388, 143, 362, 157, 128, 213, 375, 390, 239, 209, 303, 164, 315, 365, 383, 174, 240, 222, 256, 387, 330, 255, 185, 363, 184, 353, 95, 137, 366, 97, 350, 245, 308, 218, 343, 385, 108, 191, 323, 224, 147, 179, 238, 253, 228, 226, 219, 175, 394, 158, 284, 310, 156, 138, 393, 235, 398, 139, 104, 405, 294, 183, 196, 129, 302, 317, 168, 263, 309, 351, 114, 231, 348, 376, 338, 279, 300, 197, 272, 382, 305, 220, 289, 358, 177, 102, 113, 273, 364, 257, 347, 334, 110, 307, 396, 227, 379, 395, 251, 373, 182, 314, 340, 397, 165, 148, 212, 274, 361, 344, 216, 203, 291, 378]"
diversity_off_nsga2,38,-2.223611322238239,8.34638867776176,9.376388677761762,"[62, 35, 49, 7, 29, 42, 82, 81, 75, 45, 44, 22, 4, 2, 64, 36, 20, 69, 87, 90, 91, 86, 53, 12, 40, 13, 88, 27, 6, 54, 67, 74, 52, 77, 84, 34, 78, 79, 43, 21, 9, 71, 26, 58, 41, 55, 11, 48, 1, 51, 89, 18, 47, 59, 83, 57, 37, 60, 56, 72, 38, 24, 94, 61, 33, 73, 63, 8, 39, 70, 66, 31, 19, 32, 65, 15, 17, 23, 50, 25, 68, 92, 14, 76, 93, 10, 80, 5, 30, 85, 46, 28, 3, 16]","[263, 223, 318, 230, 141, 309, 354, 306, 231, 348, 206, 208, 103, 376, 224, 341, 300, 197, 146, 272, 305, 296, 289, 337, 177, 287, 121, 150, 102, 275, 295, 297, 131, 204, 282, 313, 364, 166, 145, 134, 307, 119, 334, 110, 379, 320, 355, 304, 311, 190, 316, 373, 161, 160, 399, 187, 188, 280, 402, 211, 242, 404, 172, 198, 329, 118, 250, 123, 215, 335, 260, 130, 400, 173, 370, 98, 266, 291, 378, 157, 128, 299, 239, 303, 142, 336, 163, 315, 174, 222, 205, 117, 195, 247, 353, 96, 267, 324, 366, 262, 245, 360, 343, 127, 101, 108, 191, 338, 147, 403, 136, 179, 201, 253, 234, 386, 317, 365, 268, 292, 342, 359, 249, 284, 397, 164, 254, 238, 270, 226, 362, 114, 237, 236, 369, 232, 107, 385, 312, 298, 227, 251, 153, 159, 301, 340, 252, 261, 281, 135, 283, 97, 178, 384, 374, 276, 346, 375, 113, 279, 308, 176, 388, 137, 285, 175, 213, 358, 339, 196, 387, 207, 100, 347, 351, 331, 144, 333, 219, 394, 401, 182, 168, 214, 392, 290, 95, 258, 192, 109, 171, 126, 120, 273, 140, 257, 112, 165, 271, 148, 212, 229, 193, 345, 391, 288, 125, 330, 151, 356, 124, 202, 319, 325, 274, 361, 323, 186, 256, 209, 380, 235, 170, 321, 332, 243, 344, 194, 216, 203, 383, 167, 255, 390, 169, 328, 371, 111, 149, 220, 105, 278, 286, 293, 106, 200, 180, 264, 377, 352, 350, 395, 314, 382, 221, 259, 398, 244, 246, 199, 185, 241, 396, 154, 155, 158, 225, 269, 210, 389, 218, 248, 217, 357, 327, 381, 228, 322, 265, 143, 104, 349, 115, 152, 277, 363, 189, 184, 181, 240, 367, 310, 156, 368, 138, 393, 99, 139, 133, 162, 372, 405, 294, 183, 132, 129, 302, 116, 326, 233, 122]"
diversity_off_nsga2,39,-10.51091445,8.949085550000001,8.58908555,"[33, 54, 41, 71, 82, 2, 48, 14, 75, 90, 29, 5, 21, 92, 44, 10, 85, 35, 77, 72, 70, 89, 55, 24, 36, 31, 87, 49, 7, 15, 56, 30, 83, 93, 94, 16, 34, 37, 32, 28, 46, 68, 47, 23, 19, 84, 39, 38, 4, 43, 76, 45, 86, 53, 67, 1, 51, 12, 40, 13, 88, 27, 79, 6, 66, 62, 59, 26, 50, 25, 57, 65, 58, 81, 61, 63, 11, 8, 80, 64, 78, 42, 9, 3, 73, 17, 52, 18, 20, 74, 69, 22, 60, 91]","[391, 353, 191, 294, 170, 115, 371, 354, 402, 156, 282, 336, 263, 335, 188, 226, 256, 119, 266, 169, 195, 117, 166, 259, 124, 306, 167, 243, 332, 276, 194, 258, 118, 136, 247, 150, 149, 210, 180, 204, 295, 249, 223, 270, 236, 159, 200, 122, 252, 320, 248, 355, 246, 304, 155, 298, 296, 135, 342, 237, 207, 401, 311, 190, 316, 161, 160, 301, 399, 333, 187, 264, 199, 154, 280, 123, 242, 404, 172, 317, 140, 225, 198, 290, 100, 329, 250, 261, 393, 382, 331, 269, 293, 111, 211, 346, 132, 215, 171, 367, 260, 241, 130, 352, 400, 192, 370, 98, 109, 328, 281, 271, 229, 193, 326, 268, 286, 144, 389, 178, 319, 208, 372, 388, 143, 362, 157, 213, 95, 390, 209, 394, 114, 216, 203, 383, 255, 185, 184, 245, 308, 343, 106, 323, 224, 228, 363, 197, 240, 147, 272, 108, 344, 348, 375, 302, 231, 405, 110, 300, 113, 273, 351, 177, 398, 104, 315, 138, 142, 322, 107, 334, 151, 303, 127, 230, 379, 257, 385, 102, 183, 327, 222, 312, 182, 227, 251, 153, 112, 340, 274, 103, 283, 97, 384, 165, 374, 162, 356, 279, 121, 201, 330, 176, 239, 285, 175, 358, 212, 220, 126, 116, 265, 232, 214, 99, 339, 392, 361, 288, 403, 387, 217, 357, 377, 347, 368, 350, 299, 105, 307, 173, 234, 380, 120, 253, 305, 309, 291, 278, 196, 168, 395, 314, 221, 219, 337, 244, 145, 163, 101, 396, 158, 131, 148, 218, 139, 386, 186, 365, 292, 359, 284, 397, 164, 238, 125, 141, 364, 202, 369, 137, 267, 381, 349, 345, 174, 189, 313, 366, 146, 206, 133, 325, 376, 324, 338, 378, 321, 341, 277, 287, 297, 233, 129, 152, 373, 275, 128, 318, 181, 179, 205, 360, 254, 310, 262, 134, 289, 235, 96]"
diversity_off_nsga2,40,-77.94710107543446,21.842898924565528,38.05289892456553,"[31, 62, 59, 54, 24, 20, 23, 32, 73, 78, 19, 26, 83, 82, 71, 46, 50, 25, 68, 43, 57, 92, 35, 69, 14, 89, 76, 93, 10, 58, 16, 5, 70, 61, 81, 63, 11, 8, 75, 49, 4, 80, 34, 17, 39, 28, 42, 18, 74, 85, 41, 64, 90, 21, 33, 45, 36, 77, 9, 3, 29, 86, 44, 67, 30, 52, 1, 7, 48, 91, 79, 15, 51, 2, 55, 12, 40, 13, 87, 88, 27, 84, 37, 53, 60, 72, 22, 94, 6, 47, 38, 56, 65, 66]","[359, 341, 374, 217, 392, 391, 103, 357, 145, 327, 121, 170, 381, 115, 107, 299, 141, 127, 277, 254, 386, 354, 99, 403, 214, 232, 282, 318, 275, 221, 322, 188, 201, 360, 313, 101, 287, 304, 297, 368, 321, 131, 163, 119, 266, 265, 169, 206, 293, 345, 153, 117, 166, 259, 106, 112, 186, 236, 124, 116, 306, 367, 167, 243, 332, 356, 276, 125, 194, 258, 189, 262, 118, 136, 247, 349, 159, 142, 267, 150, 149, 336, 210, 230, 180, 204, 146, 152, 295, 288, 151, 337, 249, 223, 202, 270, 285, 134, 200, 122, 252, 233, 312, 278, 320, 248, 355, 246, 133, 155, 298, 339, 296, 135, 342, 237, 207, 401, 311, 190, 316, 369, 161, 160, 301, 399, 333, 187, 264, 199, 154, 280, 402, 211, 242, 404, 96, 172, 105, 317, 140, 225, 384, 181, 198, 377, 290, 100, 329, 371, 250, 261, 331, 269, 195, 176, 346, 123, 111, 132, 126, 324, 215, 171, 335, 260, 241, 130, 352, 400, 292, 192, 173, 205, 370, 98, 234, 109, 328, 281, 271, 229, 193, 326, 380, 268, 286, 120, 144, 389, 178, 319, 162, 208, 244, 372, 283, 388, 143, 362, 157, 128, 213, 375, 390, 239, 209, 303, 164, 315, 365, 383, 174, 240, 222, 256, 387, 330, 255, 185, 363, 184, 353, 95, 137, 366, 97, 350, 245, 308, 218, 343, 385, 108, 191, 323, 224, 147, 179, 238, 253, 228, 226, 219, 175, 394, 158, 284, 310, 156, 138, 393, 235, 398, 139, 104, 405, 294, 183, 196, 129, 302, 168, 263, 309, 351, 114, 231, 348, 376, 338, 279, 300, 197, 272, 382, 305, 220, 289, 358, 177, 102, 113, 273, 364, 257, 347, 334, 110, 307, 396, 227, 379, 395, 251, 373, 182, 314, 340, 397, 165, 148, 212, 274, 361, 344, 216, 203, 291, 378, 325]"
diversity_off_nsga2,41,-115.24598252845976,34.49401747154023,74.15401747154024,"[91, 9, 67, 77, 46, 28, 14, 38, 16, 7, 17, 30, 33, 29, 54, 42, 82, 73, 81, 75, 72, 44, 22, 31, 39, 41, 4, 92, 2, 24, 10, 48, 64, 76, 89, 36, 18, 20, 47, 69, 56, 55, 84, 90, 21, 45, 86, 53, 51, 60, 12, 40, 13, 88, 27, 66, 37, 5, 6, 62, 59, 26, 3, 52, 1, 15, 87, 79, 83, 71, 50, 25, 68, 57, 35, 93, 65, 23, 32, 58, 43, 94, 70, 61, 63, 11, 8, 49, 80, 34, 78, 74, 85, 19]","[374, 217, 392, 391, 103, 327, 170, 381, 107, 110, 232, 282, 318, 275, 322, 188, 201, 360, 155, 101, 287, 133, 297, 368, 321, 131, 265, 169, 206, 166, 124, 116, 306, 167, 356, 125, 258, 118, 136, 225, 142, 149, 262, 230, 204, 295, 151, 337, 122, 252, 233, 278, 320, 248, 304, 313, 296, 288, 96, 161, 135, 237, 207, 401, 190, 301, 187, 199, 242, 404, 172, 159, 198, 290, 100, 329, 371, 250, 261, 331, 269, 293, 346, 123, 111, 132, 126, 324, 215, 171, 335, 260, 241, 130, 352, 400, 292, 192, 173, 370, 98, 234, 109, 328, 281, 271, 229, 193, 326, 380, 357, 286, 120, 144, 389, 178, 319, 244, 372, 283, 388, 143, 362, 157, 128, 239, 303, 164, 383, 174, 222, 185, 184, 95, 245, 308, 218, 385, 191, 323, 179, 253, 219, 175, 394, 310, 393, 235, 139, 405, 183, 302, 168, 309, 351, 231, 338, 279, 197, 305, 220, 113, 273, 364, 257, 347, 227, 379, 373, 182, 340, 148, 274, 203, 366, 213, 209, 147, 272, 108, 361, 344, 348, 382, 251, 208, 156, 97, 343, 365, 158, 165, 212, 224, 317, 216, 397, 141, 315, 263, 353, 300, 396, 228, 255, 177, 395, 240, 390, 330, 375, 376, 294, 314, 259, 129, 359, 299, 332, 354, 247, 150, 138, 194, 267, 180, 195, 284, 333, 268, 117, 121, 223, 127, 339, 196, 243, 403, 153, 266, 114, 146, 189, 276, 289, 249, 367, 336, 270, 106, 145, 134, 200, 119, 386, 334, 307, 214, 210, 350, 358, 176, 384, 291, 221, 163, 202, 355, 387, 398, 205, 226, 102, 99, 137, 254, 238, 285, 154, 211, 377, 112, 104, 256, 349, 312, 115, 152, 277, 363, 345, 140, 160, 280, 162, 246, 298, 186, 342, 311, 316, 369, 399, 264, 402, 105, 236, 181, 378, 325, 341]"
diversity_off_nsga2,42,-7.210894697994378,11.99910530200562,8.289105302005622,"[70, 61, 8, 49, 43, 34, 28, 78, 9, 3, 74, 29, 54, 42, 82, 73, 81, 75, 72, 44, 22, 31, 39, 38, 4, 92, 2, 24, 10, 48, 64, 76, 89, 18, 62, 1, 32, 20, 47, 69, 56, 55, 87, 90, 21, 45, 86, 53, 51, 60, 12, 40, 13, 88, 27, 66, 37, 94, 6, 41, 59, 26, 67, 52, 36, 15, 84, 79, 83, 71, 46, 50, 25, 68, 57, 35, 93, 65, 23, 11, 30, 19, 91, 77, 7, 33, 16, 63, 17, 85, 14, 58, 80, 5]","[282, 226, 102, 99, 254, 337, 238, 285, 288, 154, 211, 377, 112, 104, 256, 349, 312, 115, 152, 277, 151, 356, 363, 133, 136, 163, 345, 140, 160, 280, 162, 246, 298, 186, 342, 311, 316, 369, 161, 399, 333, 264, 402, 96, 105, 236, 225, 384, 181, 118, 176, 122, 252, 233, 278, 320, 248, 304, 155, 296, 135, 237, 207, 401, 190, 301, 187, 199, 242, 404, 172, 159, 198, 290, 100, 329, 371, 250, 261, 331, 269, 293, 346, 123, 111, 132, 126, 324, 215, 171, 335, 260, 241, 130, 352, 400, 292, 192, 173, 370, 98, 234, 109, 328, 281, 271, 229, 193, 326, 380, 268, 286, 120, 144, 389, 178, 319, 244, 372, 283, 388, 143, 362, 157, 128, 239, 303, 164, 383, 174, 222, 185, 184, 95, 245, 308, 218, 385, 191, 323, 179, 253, 219, 175, 394, 310, 393, 235, 139, 405, 183, 302, 168, 309, 351, 231, 338, 279, 197, 305, 220, 273, 364, 350, 113, 166, 291, 378, 325, 203, 137, 366, 213, 209, 147, 272, 108, 361, 344, 348, 382, 251, 208, 156, 97, 343, 365, 158, 347, 165, 212, 224, 340, 317, 216, 397, 110, 315, 263, 353, 373, 300, 396, 227, 228, 255, 177, 395, 240, 390, 330, 375, 358, 376, 294, 182, 148, 314, 379, 259, 129, 359, 230, 217, 299, 202, 318, 374, 332, 354, 247, 150, 125, 167, 138, 194, 267, 381, 265, 103, 107, 258, 201, 204, 180, 195, 284, 116, 368, 313, 321, 287, 357, 169, 391, 117, 141, 121, 223, 127, 275, 210, 142, 124, 131, 327, 206, 232, 274, 339, 196, 392, 243, 403, 153, 266, 322, 114, 188, 360, 146, 341, 189, 170, 276, 289, 101, 119, 295, 297, 367, 336, 270, 106, 306, 149, 145, 134, 200, 262, 257, 249, 386, 334, 307, 355, 387, 221, 214, 398, 205]"
diversity_off_nsga2,43,-38.45946635,9.40053365,16.14053365,"[33, 29, 54, 82, 73, 81, 75, 44, 22, 31, 39, 4, 94, 10, 48, 64, 76, 89, 18, 20, 47, 69, 56, 55, 21, 45, 86, 53, 51, 27, 37, 6, 26, 3, 87, 13, 24, 32, 66, 60, 41, 67, 36, 15, 46, 68, 35, 65, 23, 43, 74, 63, 25, 40, 61, 93, 8, 52, 12, 50, 59, 62, 1, 84, 79, 83, 71, 57, 58, 5, 70, 11, 49, 80, 34, 78, 85, 77, 17, 42, 72, 2, 88, 90, 19, 91, 9, 28, 30, 92, 38, 16, 7, 14]","[341, 374, 217, 392, 391, 103, 327, 170, 107, 110, 232, 282, 318, 275, 322, 188, 201, 360, 313, 342, 287, 133, 297, 368, 321, 131, 265, 169, 206, 166, 124, 116, 306, 167, 356, 125, 258, 118, 136, 225, 142, 149, 262, 230, 204, 295, 151, 337, 122, 252, 233, 278, 320, 248, 304, 155, 296, 135, 237, 207, 401, 190, 301, 187, 199, 242, 172, 159, 198, 290, 100, 329, 371, 250, 261, 331, 269, 293, 316, 123, 111, 132, 253, 324, 215, 171, 335, 260, 241, 130, 352, 400, 292, 192, 370, 234, 109, 328, 281, 271, 229, 193, 326, 380, 268, 286, 120, 144, 389, 178, 319, 244, 372, 138, 388, 143, 362, 128, 303, 164, 383, 174, 222, 185, 184, 95, 245, 308, 218, 385, 191, 323, 179, 126, 219, 175, 394, 310, 390, 404, 294, 209, 393, 235, 139, 405, 183, 302, 168, 309, 351, 231, 338, 279, 98, 305, 220, 113, 273, 364, 257, 347, 227, 379, 373, 182, 340, 148, 274, 203, 366, 213, 173, 147, 272, 108, 361, 344, 348, 382, 251, 208, 156, 97, 343, 365, 158, 165, 212, 224, 317, 216, 397, 141, 315, 263, 353, 300, 396, 228, 255, 177, 395, 240, 288, 330, 375, 376, 197, 314, 259, 129, 359, 299, 332, 354, 247, 150, 283, 345, 267, 180, 195, 284, 333, 357, 117, 121, 223, 127, 339, 196, 276, 403, 153, 266, 114, 146, 189, 243, 289, 249, 367, 336, 270, 106, 145, 134, 200, 119, 386, 334, 307, 214, 210, 350, 358, 176, 384, 291, 221, 163, 202, 355, 387, 398, 205, 226, 102, 99, 137, 254, 238, 285, 154, 211, 377, 112, 104, 256, 312, 115, 152, 277, 363, 194, 140, 160, 280, 162, 246, 298, 186, 101, 311, 239, 381, 349, 157, 346, 369, 161, 399, 264, 402, 96, 105, 236, 181, 378, 325]"
diversity_off_nsga2,44,-67.8195215825,24.050478417500003,31.780478417499996,"[4, 24, 10, 64, 62, 47, 21, 53, 13, 18, 74, 85, 89, 3, 86, 52, 78, 51, 90, 25, 27, 91, 40, 20, 30, 76, 60, 81, 69, 32, 31, 41, 56, 48, 66, 8, 88, 73, 55, 19, 44, 23, 16, 87, 36, 77, 29, 67, 1, 15, 94, 42, 14, 79, 83, 37, 71, 6, 72, 59, 26, 46, 50, 68, 65, 45, 92, 7, 12, 2, 57, 54, 63, 93, 17, 80, 35, 84, 11, 33, 58, 5, 70, 61, 49, 43, 34, 28, 9, 82, 75, 22, 39, 38]","[99, 254, 337, 238, 285, 288, 154, 211, 112, 349, 312, 115, 152, 277, 151, 356, 363, 133, 136, 163, 345, 140, 160, 162, 246, 298, 342, 311, 316, 369, 161, 399, 333, 264, 105, 225, 384, 181, 118, 176, 122, 252, 278, 320, 248, 304, 155, 296, 135, 237, 207, 401, 190, 301, 187, 199, 172, 159, 290, 371, 250, 261, 269, 293, 346, 123, 111, 132, 126, 215, 171, 335, 260, 241, 130, 352, 400, 192, 173, 370, 98, 234, 109, 328, 281, 271, 229, 193, 326, 380, 268, 286, 120, 144, 389, 178, 319, 244, 372, 283, 388, 143, 157, 239, 164, 383, 222, 185, 184, 245, 308, 191, 323, 179, 253, 219, 310, 309, 373, 305, 220, 273, 364, 350, 113, 166, 291, 378, 325, 203, 137, 366, 213, 209, 251, 208, 343, 317, 240, 390, 330, 358, 376, 259, 129, 359, 230, 217, 318, 374, 332, 354, 247, 150, 125, 167, 138, 194, 267, 381, 265, 103, 107, 258, 201, 204, 180, 195, 284, 116, 368, 313, 321, 287, 357, 169, 391, 117, 141, 121, 223, 127, 275, 210, 142, 124, 131, 327, 232, 274, 339, 196, 243, 403, 153, 266, 322, 188, 360, 341, 189, 170, 276, 289, 119, 295, 297, 385, 197, 147, 272, 108, 361, 344, 348, 95, 302, 382, 231, 405, 206, 183, 394, 156, 97, 362, 202, 365, 303, 158, 347, 235, 165, 338, 212, 224, 340, 216, 397, 110, 315, 263, 353, 104, 351, 300, 396, 227, 228, 255, 177, 128, 395, 218, 174, 233, 101, 256, 392, 387, 186, 375, 146, 139, 168, 393, 294, 175, 182, 148, 314, 379, 114, 307, 279, 226, 280, 402, 242, 404, 96, 236, 299, 198, 377, 100, 329, 331, 324, 292, 367, 336, 270, 106, 306, 149, 145, 134, 200, 262, 257, 249, 386, 334, 355, 221, 214, 398, 205, 282, 102]"
diversity_off_nsga2,45,-89.62504788001716,28.21495211998283,46.57495211998283,"[92, 35, 91, 79, 25, 61, 81, 63, 31, 75, 43, 17, 28, 42, 18, 85, 49, 34, 20, 13, 59, 50, 82, 88, 22, 19, 44, 15, 64, 86, 54, 48, 87, 72, 58, 62, 90, 69, 24, 56, 93, 6, 46, 21, 45, 36, 77, 9, 3, 29, 60, 53, 67, 30, 52, 1, 66, 65, 16, 71, 5, 10, 80, 94, 7, 57, 14, 76, 11, 8, 39, 33, 26, 78, 27, 38, 23, 12, 4, 68, 47, 32, 41, 73, 83, 2, 40, 51, 74, 84, 37, 55, 89, 70]","[359, 341, 374, 217, 392, 391, 103, 357, 327, 121, 170, 381, 115, 107, 106, 141, 234, 277, 254, 386, 354, 99, 403, 214, 232, 282, 318, 275, 221, 322, 188, 201, 360, 313, 101, 287, 133, 297, 368, 321, 131, 163, 119, 266, 265, 169, 206, 195, 345, 153, 117, 166, 259, 299, 112, 186, 236, 124, 116, 306, 367, 167, 243, 332, 356, 276, 125, 194, 258, 189, 262, 118, 349, 159, 142, 149, 336, 230, 204, 146, 152, 295, 288, 151, 337, 249, 223, 202, 270, 285, 134, 200, 122, 252, 233, 312, 278, 320, 248, 355, 246, 304, 155, 298, 339, 296, 135, 207, 401, 311, 190, 160, 301, 333, 187, 199, 154, 280, 402, 211, 242, 404, 96, 172, 105, 317, 140, 225, 384, 181, 198, 377, 290, 145, 329, 371, 250, 261, 331, 269, 293, 176, 346, 123, 111, 132, 126, 324, 215, 171, 335, 260, 241, 130, 352, 400, 292, 192, 173, 205, 370, 98, 127, 109, 328, 281, 271, 229, 193, 185, 380, 268, 286, 120, 144, 389, 178, 319, 162, 208, 244, 372, 283, 388, 143, 362, 157, 128, 213, 375, 390, 239, 209, 303, 164, 315, 365, 383, 174, 240, 222, 256, 387, 330, 255, 326, 363, 184, 353, 95, 137, 366, 97, 373, 300, 396, 227, 228, 177, 218, 358, 156, 168, 376, 350, 291, 302, 196, 279, 253, 361, 395, 294, 175, 182, 148, 314, 226, 274, 129, 138, 102, 334, 289, 257, 284, 379, 114, 307, 351, 245, 220, 393, 273, 398, 323, 364, 113, 305, 238, 309, 310, 378, 183, 325, 219, 308, 203, 179, 385, 197, 147, 272, 108, 344, 348, 382, 231, 405, 251, 394, 139, 343, 191, 158, 347, 235, 165, 338, 212, 224, 342, 237, 316, 369, 161, 399, 264, 136, 247, 267, 150, 210, 100, 180, 340, 216, 397, 110, 263, 104]"
diversity_off_nsga2,46,-94.26239012499998,35.527609874999996,61.137609874999995,"[91, 9, 61, 36, 20, 58, 14, 27, 65, 41, 32, 6, 73, 85, 78, 94, 8, 16, 3, 34, 28, 86, 17, 71, 30, 33, 88, 12, 29, 54, 42, 82, 64, 44, 15, 4, 22, 52, 74, 89, 21, 18, 25, 75, 92, 1, 39, 67, 90, 43, 2, 13, 24, 79, 83, 37, 60, 84, 72, 59, 26, 46, 50, 68, 53, 35, 76, 93, 10, 80, 7, 63, 70, 66, 23, 47, 69, 56, 48, 55, 19, 49, 11, 77, 87, 38, 40, 31, 51, 5, 57, 45, 81, 62]","[342, 262, 242, 127, 271, 319, 103, 292, 145, 166, 308, 268, 121, 386, 365, 317, 139, 99, 403, 232, 282, 318, 275, 322, 188, 201, 234, 313, 101, 297, 368, 131, 163, 119, 266, 265, 169, 206, 195, 345, 117, 162, 299, 112, 124, 116, 381, 249, 284, 397, 164, 238, 125, 270, 253, 173, 362, 364, 114, 202, 306, 237, 132, 236, 369, 177, 239, 372, 267, 393, 349, 157, 174, 247, 189, 329, 343, 291, 98, 197, 325, 376, 190, 371, 338, 231, 315, 378, 215, 400, 341, 335, 256, 323, 233, 245, 148, 150, 152, 373, 208, 128, 316, 223, 355, 243, 272, 181, 390, 179, 205, 360, 399, 383, 310, 134, 305, 276, 136, 328, 289, 235, 224, 96, 280, 302, 311, 353, 191, 198, 295, 294, 304, 296, 143, 324, 405, 402, 156, 336, 263, 228, 370, 165, 344, 320, 123, 226, 404, 160, 287, 171, 141, 104, 211, 142, 209, 108, 326, 122, 334, 151, 303, 184, 111, 118, 240, 230, 379, 257, 385, 167, 102, 147, 250, 183, 110, 216, 222, 312, 298, 203, 227, 251, 153, 159, 301, 340, 252, 261, 172, 281, 274, 135, 283, 97, 178, 384, 367, 374, 300, 363, 346, 356, 375, 113, 279, 115, 193, 330, 176, 388, 220, 285, 175, 161, 213, 358, 339, 196, 361, 387, 337, 207, 347, 100, 351, 288, 331, 144, 333, 187, 380, 309, 130, 219, 149, 394, 401, 182, 168, 214, 392, 290, 95, 258, 212, 109, 260, 126, 120, 273, 140, 105, 307, 278, 286, 332, 293, 106, 200, 180, 264, 255, 377, 352, 350, 395, 314, 382, 221, 259, 398, 244, 246, 199, 185, 241, 396, 137, 154, 155, 158, 225, 129, 269, 210, 389, 229, 218, 366, 146, 133, 321, 192, 348, 277, 248, 217, 391, 357, 327, 170, 359, 107, 138, 254, 354, 194, 204, 186]"
diversity_off_nsga2,47,-100.53386963907224,33.27613036092776,63.46613036092776,"[9, 28, 29, 54, 42, 82, 73, 81, 43, 5, 70, 61, 8, 49, 80, 34, 78, 75, 72, 44, 22, 31, 39, 38, 4, 92, 2, 24, 10, 48, 64, 76, 89, 18, 62, 1, 32, 20, 47, 69, 56, 55, 87, 90, 21, 45, 86, 53, 51, 60, 12, 40, 13, 88, 27, 66, 37, 94, 6, 41, 59, 26, 67, 52, 36, 15, 84, 79, 83, 71, 46, 50, 25, 68, 57, 35, 93, 65, 23, 11, 30, 19, 91, 77, 7, 33, 16, 63, 17, 85, 14, 58, 74, 3]","[341, 374, 217, 392, 391, 103, 327, 170, 381, 107, 110, 232, 282, 318, 275, 322, 188, 201, 360, 313, 101, 287, 133, 297, 368, 321, 131, 265, 169, 206, 166, 124, 116, 306, 167, 356, 125, 258, 118, 136, 225, 142, 149, 262, 230, 204, 295, 288, 151, 337, 176, 122, 252, 257, 278, 320, 248, 304, 155, 296, 135, 237, 207, 401, 190, 301, 187, 199, 242, 404, 172, 159, 198, 290, 100, 329, 371, 250, 261, 331, 269, 293, 346, 123, 111, 132, 126, 324, 215, 171, 335, 260, 241, 130, 352, 400, 292, 192, 173, 370, 98, 234, 109, 328, 281, 271, 229, 193, 326, 380, 268, 286, 120, 144, 389, 178, 319, 244, 372, 283, 388, 143, 362, 157, 128, 239, 303, 164, 383, 174, 222, 185, 184, 95, 245, 308, 197, 385, 191, 323, 179, 253, 219, 175, 394, 310, 393, 235, 139, 405, 183, 302, 168, 309, 351, 231, 338, 279, 218, 305, 220, 113, 273, 364, 233, 347, 227, 379, 373, 182, 340, 148, 274, 203, 366, 213, 209, 147, 272, 108, 361, 344, 348, 382, 251, 208, 156, 97, 343, 365, 158, 165, 212, 224, 317, 216, 397, 141, 315, 263, 353, 300, 396, 228, 255, 177, 395, 240, 390, 330, 375, 376, 294, 314, 259, 129, 359, 299, 332, 354, 247, 150, 138, 194, 267, 180, 195, 284, 333, 357, 117, 121, 223, 127, 339, 196, 243, 403, 153, 266, 114, 146, 189, 276, 289, 249, 367, 336, 270, 106, 145, 134, 200, 119, 386, 334, 307, 214, 210, 350, 358, 384, 291, 221, 163, 202, 355, 387, 398, 205, 226, 102, 99, 137, 254, 238, 285, 154, 211, 377, 112, 104, 256, 349, 312, 115, 152, 277, 363, 345, 140, 160, 280, 162, 246, 298, 186, 342, 311, 316, 369, 161, 399, 264, 402, 96, 105, 236, 181, 378, 325]"
diversity_off_nsga2,48,-115.49481721286784,36.255182787132135,79.90518278713213,"[3, 19, 91, 9, 28, 14, 16, 7, 17, 30, 33, 29, 54, 42, 38, 73, 81, 75, 72, 44, 22, 31, 39, 82, 13, 92, 2, 24, 10, 48, 64, 76, 89, 18, 62, 1, 61, 20, 47, 69, 56, 55, 87, 83, 21, 45, 86, 53, 51, 60, 12, 40, 4, 88, 27, 66, 37, 94, 6, 41, 59, 26, 67, 52, 36, 15, 84, 79, 90, 71, 46, 50, 25, 68, 57, 35, 93, 65, 23, 11, 58, 43, 5, 70, 32, 63, 8, 49, 80, 34, 78, 74, 85, 77]","[325, 341, 374, 217, 392, 391, 103, 327, 170, 381, 107, 110, 232, 282, 318, 275, 322, 188, 201, 360, 313, 101, 287, 133, 297, 368, 321, 247, 265, 169, 206, 166, 124, 116, 306, 167, 356, 125, 258, 118, 136, 225, 142, 149, 262, 230, 204, 295, 288, 151, 337, 122, 252, 233, 278, 320, 248, 304, 155, 296, 135, 237, 207, 401, 190, 301, 187, 199, 177, 404, 172, 159, 198, 290, 100, 329, 371, 250, 261, 331, 269, 293, 346, 123, 111, 132, 126, 324, 215, 171, 335, 260, 241, 130, 352, 400, 292, 192, 173, 370, 98, 234, 109, 328, 281, 271, 229, 193, 326, 380, 268, 286, 120, 144, 389, 178, 319, 244, 372, 283, 388, 143, 362, 157, 128, 239, 303, 243, 383, 174, 222, 185, 184, 95, 245, 308, 218, 385, 191, 323, 179, 253, 219, 175, 394, 310, 393, 235, 139, 405, 183, 302, 168, 309, 351, 231, 338, 279, 197, 305, 220, 113, 273, 364, 257, 347, 227, 379, 373, 182, 340, 148, 274, 203, 366, 213, 209, 147, 272, 108, 361, 344, 348, 382, 251, 208, 156, 97, 343, 365, 158, 165, 212, 224, 317, 216, 397, 141, 315, 263, 353, 300, 396, 228, 255, 242, 395, 240, 390, 330, 375, 376, 294, 314, 259, 129, 359, 299, 332, 354, 131, 150, 138, 194, 267, 180, 195, 284, 333, 357, 117, 121, 223, 127, 339, 196, 164, 403, 153, 266, 114, 146, 189, 276, 289, 249, 367, 336, 270, 106, 145, 134, 200, 119, 386, 334, 307, 214, 210, 350, 358, 176, 384, 291, 221, 163, 202, 355, 387, 398, 205, 226, 102, 99, 137, 254, 238, 285, 154, 211, 377, 112, 104, 256, 349, 312, 115, 152, 277, 363, 345, 140, 160, 280, 162, 246, 298, 186, 342, 311, 96, 369, 161, 399, 264, 402, 316, 105, 236, 181, 378]"
diversity_off_nsga2,49,-54.10000000000001,10.780000000000001,30.100000000000005,"[32, 47, 19, 56, 46, 35, 54, 81, 7, 33, 75, 93, 31, 39, 30, 43, 68, 65, 63, 11, 72, 67, 2, 50, 59, 16, 58, 34, 26, 92, 49, 84, 83, 94, 28, 42, 91, 74, 41, 64, 87, 21, 45, 36, 77, 71, 3, 29, 86, 53, 4, 52, 48, 18, 82, 22, 37, 55, 12, 90, 88, 27, 79, 57, 60, 24, 44, 73, 62, 23, 38, 15, 20, 1, 89, 10, 8, 5, 13, 76, 70, 78, 40, 61, 51, 85, 66, 25, 80, 17, 14, 6, 9, 69]","[343, 298, 254, 354, 99, 403, 214, 232, 282, 318, 275, 221, 322, 188, 201, 360, 313, 120, 287, 133, 297, 368, 321, 131, 163, 266, 265, 169, 206, 195, 345, 153, 117, 162, 115, 299, 112, 339, 124, 116, 306, 367, 167, 243, 332, 356, 276, 125, 194, 258, 189, 262, 385, 334, 349, 142, 267, 150, 149, 336, 210, 230, 180, 204, 146, 357, 295, 288, 151, 337, 249, 223, 202, 270, 285, 134, 200, 122, 252, 233, 96, 384, 181, 371, 176, 111, 324, 173, 205, 109, 328, 281, 271, 143, 165, 380, 268, 286, 101, 144, 186, 178, 319, 166, 351, 244, 372, 283, 208, 119, 159, 347, 386, 231, 110, 307, 312, 278, 396, 227, 379, 320, 248, 355, 246, 304, 155, 127, 395, 251, 296, 135, 315, 342, 237, 207, 401, 311, 190, 316, 369, 373, 161, 160, 170, 399, 333, 187, 264, 199, 154, 280, 402, 211, 242, 404, 172, 105, 182, 236, 140, 225, 198, 377, 290, 100, 329, 118, 250, 261, 331, 269, 293, 346, 123, 314, 132, 126, 215, 171, 340, 335, 260, 241, 130, 352, 400, 292, 192, 229, 370, 277, 98, 234, 388, 193, 253, 185, 245, 220, 393, 273, 398, 323, 364, 350, 219, 113, 305, 238, 309, 310, 184, 291, 378, 183, 325, 362, 157, 308, 203, 137, 191, 365, 303, 158, 235, 326, 338, 212, 224, 317, 216, 397, 263, 353, 104, 228, 255, 177, 128, 218, 174, 341, 256, 390, 387, 330, 375, 358, 139, 168, 294, 175, 148, 136, 108, 240, 376, 147, 179, 107, 226, 327, 394, 284, 217, 392, 156, 138, 405, 196, 129, 302, 141, 114, 348, 257, 103, 279, 222, 300, 197, 272, 382, 106, 289, 359, 121, 152, 102, 145, 247, 391, 259, 274, 361, 389, 301, 344, 213, 374, 239, 209, 164, 383, 363, 95, 366, 97, 381]"
diversity_off_nsga2,50,-14.00012896153846,6.029871038461538,18.299871038461543,"[84, 66, 69, 59, 91, 68, 9, 71, 36, 20, 40, 26, 58, 14, 27, 5, 92, 81, 41, 32, 6, 73, 85, 78, 45, 80, 83, 94, 8, 16, 34, 28, 76, 17, 61, 33, 88, 63, 93, 65, 13, 54, 42, 82, 50, 2, 64, 37, 44, 60, 15, 4, 22, 3, 29, 86, 53, 67, 30, 52, 7, 48, 74, 89, 21, 18, 25, 75, 79, 51, 70, 1, 12, 46, 39, 90, 35, 57, 43, 55, 24, 77, 62, 31, 56, 87, 49, 72, 38, 10, 11, 47, 23, 19]","[276, 328, 339, 96, 280, 357, 198, 117, 294, 115, 324, 354, 402, 156, 282, 336, 229, 399, 316, 344, 300, 131, 196, 376, 361, 99, 145, 319, 346, 160, 329, 352, 173, 337, 182, 132, 257, 207, 404, 151, 202, 100, 116, 98, 253, 142, 188, 351, 120, 356, 103, 288, 242, 304, 265, 331, 107, 388, 144, 125, 322, 327, 333, 187, 320, 368, 175, 159, 380, 309, 169, 130, 219, 295, 318, 149, 326, 101, 199, 379, 389, 191, 296, 183, 178, 269, 148, 113, 371, 274, 170, 364, 193, 385, 393, 405, 335, 378, 141, 325, 190, 210, 124, 341, 206, 245, 217, 360, 230, 118, 394, 239, 204, 310, 401, 203, 232, 370, 215, 168, 214, 392, 163, 391, 290, 95, 172, 306, 197, 233, 231, 302, 258, 167, 155, 122, 166, 297, 136, 313, 143, 271, 367, 123, 226, 287, 171, 138, 220, 211, 108, 334, 127, 184, 111, 240, 102, 147, 225, 312, 298, 251, 153, 112, 301, 252, 261, 281, 135, 283, 97, 384, 374, 162, 150, 363, 308, 121, 201, 176, 137, 285, 161, 213, 192, 195, 109, 260, 126, 311, 273, 266, 140, 105, 307, 278, 289, 286, 332, 293, 106, 200, 180, 403, 264, 377, 272, 350, 299, 314, 382, 221, 259, 398, 244, 246, 185, 241, 119, 209, 154, 250, 248, 234, 365, 303, 158, 347, 235, 165, 338, 212, 224, 340, 317, 216, 397, 110, 315, 263, 353, 104, 373, 396, 227, 228, 255, 177, 128, 395, 218, 174, 222, 256, 390, 387, 330, 375, 358, 139, 386, 186, 268, 292, 342, 359, 249, 284, 164, 254, 279, 238, 270, 194, 362, 114, 237, 236, 369, 372, 267, 381, 349, 157, 345, 247, 189, 343, 291, 366, 146, 133, 321, 400, 348, 277, 323, 129, 152, 275, 208, 223, 355, 243, 181, 179, 205, 383, 262, 134, 305]"
diversity_off_nsga2,51,-105.52995465024233,31.590045349757688,82.17004534975766,"[77, 67, 19, 91, 9, 28, 14, 41, 16, 7, 17, 30, 33, 29, 24, 42, 82, 75, 81, 73, 72, 44, 22, 31, 39, 38, 4, 92, 2, 54, 10, 48, 64, 76, 89, 36, 18, 20, 47, 69, 56, 55, 87, 90, 21, 45, 86, 53, 51, 60, 12, 40, 13, 88, 27, 66, 78, 94, 6, 62, 59, 26, 3, 52, 1, 15, 84, 79, 83, 71, 46, 50, 25, 65, 57, 35, 93, 68, 23, 32, 58, 43, 5, 70, 61, 63, 11, 8, 49, 80, 34, 37, 74, 85]","[325, 341, 374, 217, 392, 391, 103, 327, 170, 381, 107, 110, 232, 282, 318, 275, 322, 188, 201, 360, 313, 101, 287, 133, 297, 368, 321, 131, 265, 169, 206, 166, 124, 116, 306, 167, 356, 125, 258, 118, 136, 225, 142, 149, 262, 230, 204, 295, 288, 151, 337, 122, 252, 233, 278, 320, 248, 304, 155, 296, 135, 237, 207, 401, 190, 301, 187, 199, 165, 404, 172, 159, 198, 290, 100, 329, 371, 250, 261, 331, 269, 293, 316, 123, 111, 132, 126, 324, 215, 171, 335, 260, 241, 130, 352, 400, 292, 192, 173, 370, 98, 234, 109, 328, 281, 271, 229, 193, 326, 380, 268, 286, 120, 144, 389, 178, 319, 244, 372, 283, 388, 143, 362, 157, 128, 239, 303, 164, 383, 174, 222, 185, 184, 95, 245, 308, 218, 385, 191, 323, 179, 253, 219, 175, 394, 310, 393, 235, 112, 405, 183, 302, 168, 309, 351, 231, 338, 279, 197, 305, 220, 113, 273, 364, 257, 347, 227, 379, 373, 182, 340, 148, 274, 203, 366, 213, 209, 147, 272, 108, 361, 344, 348, 382, 251, 208, 156, 97, 343, 365, 158, 242, 212, 224, 317, 216, 397, 141, 315, 263, 353, 300, 396, 228, 255, 177, 395, 240, 390, 330, 375, 376, 294, 314, 259, 129, 359, 399, 332, 354, 247, 150, 138, 194, 267, 180, 195, 284, 333, 357, 117, 121, 223, 127, 339, 196, 276, 403, 153, 266, 114, 146, 189, 243, 289, 249, 367, 336, 270, 106, 145, 134, 200, 119, 386, 334, 307, 214, 210, 350, 358, 176, 384, 291, 221, 163, 202, 355, 387, 398, 205, 226, 102, 99, 137, 254, 238, 285, 154, 211, 377, 139, 104, 256, 349, 312, 115, 152, 277, 363, 345, 140, 160, 280, 162, 246, 298, 186, 342, 311, 346, 369, 161, 299, 264, 402, 96, 105, 236, 181, 378]"
diversity_off_nsga2,52,-104.41918829838244,33.89081170161755,70.48081170161755,"[80, 67, 19, 91, 9, 28, 14, 41, 16, 7, 17, 30, 33, 29, 54, 42, 82, 73, 81, 75, 72, 44, 22, 31, 39, 38, 4, 92, 2, 24, 10, 48, 64, 76, 89, 36, 18, 20, 47, 69, 56, 55, 87, 90, 21, 45, 86, 32, 51, 60, 12, 40, 13, 88, 27, 66, 37, 94, 6, 62, 59, 74, 3, 52, 1, 15, 84, 79, 83, 71, 46, 50, 25, 68, 57, 35, 93, 65, 23, 53, 58, 43, 5, 61, 70, 63, 11, 34, 26, 85, 77, 78, 8, 49]","[374, 217, 392, 391, 103, 327, 170, 381, 107, 110, 232, 282, 318, 275, 322, 95, 201, 360, 313, 101, 287, 133, 297, 368, 321, 131, 265, 169, 206, 166, 124, 116, 306, 167, 356, 125, 258, 118, 136, 225, 142, 149, 262, 230, 204, 295, 115, 151, 337, 122, 252, 233, 278, 320, 248, 304, 155, 296, 135, 237, 207, 401, 190, 127, 187, 199, 242, 404, 172, 159, 198, 290, 329, 371, 250, 261, 331, 269, 293, 346, 123, 111, 132, 126, 324, 215, 171, 335, 260, 241, 130, 352, 145, 100, 276, 400, 292, 192, 173, 370, 98, 234, 109, 328, 281, 271, 229, 193, 326, 380, 268, 286, 120, 144, 389, 178, 319, 244, 372, 283, 388, 143, 362, 157, 128, 239, 303, 164, 383, 174, 222, 185, 184, 188, 245, 308, 218, 385, 191, 323, 179, 253, 219, 175, 394, 310, 393, 235, 139, 405, 183, 302, 168, 309, 351, 231, 338, 279, 197, 305, 220, 113, 273, 364, 150, 347, 227, 379, 373, 182, 340, 148, 274, 203, 366, 213, 209, 147, 272, 108, 361, 344, 348, 382, 251, 208, 156, 97, 343, 365, 158, 165, 212, 224, 317, 216, 397, 141, 315, 263, 353, 300, 396, 228, 162, 177, 395, 240, 390, 330, 375, 376, 294, 314, 259, 129, 359, 299, 332, 354, 247, 257, 138, 194, 267, 180, 195, 284, 333, 357, 117, 121, 223, 301, 339, 196, 243, 403, 153, 266, 114, 146, 189, 289, 249, 367, 336, 270, 106, 134, 200, 119, 386, 334, 307, 349, 210, 350, 358, 176, 384, 291, 221, 163, 202, 355, 387, 398, 205, 226, 102, 99, 137, 254, 238, 285, 154, 211, 377, 112, 104, 256, 214, 312, 288, 152, 277, 363, 345, 140, 160, 280, 255, 246, 298, 186, 342, 311, 316, 369, 161, 399, 264, 402, 96, 105, 236, 181, 378, 325, 341]"
diversity_off_nsga2,53,-21.296323262500003,7.213676737500001,19.2036767375,"[70, 38, 24, 63, 53, 14, 23, 12, 30, 34, 68, 47, 4, 69, 32, 55, 41, 22, 31, 87, 89, 3, 40, 28, 2, 17, 64, 94, 75, 93, 43, 5, 21, 92, 81, 51, 61, 11, 37, 18, 56, 85, 8, 71, 9, 36, 20, 13, 59, 26, 50, 82, 88, 73, 19, 44, 91, 16, 39, 60, 54, 45, 42, 35, 48, 83, 86, 66, 72, 46, 10, 58, 76, 79, 78, 90, 27, 77, 49, 84, 6, 25, 7, 1, 57, 62, 15, 67, 29, 74, 80, 52, 33, 65]","[339, 336, 367, 310, 213, 392, 156, 299, 368, 153, 138, 393, 239, 259, 266, 398, 99, 254, 139, 104, 133, 295, 188, 372, 149, 405, 294, 183, 196, 129, 302, 116, 326, 317, 233, 122, 389, 168, 263, 223, 318, 230, 141, 309, 351, 114, 362, 357, 354, 306, 231, 348, 206, 208, 103, 376, 144, 374, 388, 338, 244, 279, 341, 300, 197, 303, 375, 146, 240, 272, 270, 382, 106, 305, 220, 289, 359, 358, 337, 177, 287, 178, 121, 150, 152, 164, 174, 102, 275, 387, 320, 297, 131, 249, 113, 204, 222, 282, 273, 313, 142, 364, 166, 268, 145, 128, 134, 200, 257, 119, 159, 347, 386, 334, 110, 307, 312, 278, 396, 227, 379, 162, 248, 355, 246, 304, 155, 298, 395, 251, 296, 135, 315, 342, 237, 207, 401, 311, 190, 316, 369, 373, 161, 160, 301, 399, 333, 187, 195, 199, 154, 280, 402, 211, 242, 404, 172, 105, 107, 236, 140, 225, 198, 377, 290, 100, 329, 118, 250, 261, 331, 269, 293, 346, 123, 314, 132, 126, 215, 171, 340, 335, 260, 241, 130, 352, 400, 292, 192, 173, 370, 277, 98, 234, 109, 397, 112, 165, 271, 148, 212, 229, 193, 345, 391, 288, 125, 330, 151, 356, 124, 202, 319, 325, 274, 361, 323, 186, 256, 209, 380, 235, 170, 321, 332, 243, 344, 194, 216, 203, 383, 167, 255, 390, 169, 328, 371, 111, 205, 115, 157, 117, 185, 264, 247, 363, 184, 180, 285, 353, 96, 95, 267, 324, 137, 366, 97, 214, 262, 350, 283, 176, 384, 291, 221, 163, 381, 245, 308, 360, 218, 343, 385, 378, 101, 108, 191, 258, 224, 147, 281, 276, 403, 136, 120, 182, 238, 201, 253, 232, 179, 127, 228, 322, 226, 265, 219, 143, 175, 210, 189, 327, 365, 286, 349, 394, 158, 252, 284, 181, 217]"
diversity_off_nsga2,54,-18.3557496,8.354250400000002,10.544250400000001,"[33, 12, 63, 75, 43, 34, 39, 42, 74, 85, 41, 77, 45, 9, 78, 27, 90, 25, 51, 15, 40, 20, 30, 47, 81, 66, 69, 29, 53, 52, 87, 91, 56, 73, 2, 54, 67, 88, 84, 6, 79, 7, 55, 23, 16, 13, 28, 49, 8, 44, 26, 36, 35, 11, 61, 48, 1, 89, 70, 59, 83, 94, 57, 37, 60, 24, 72, 38, 31, 62, 19, 65, 71, 17, 46, 50, 68, 92, 14, 82, 76, 93, 10, 80, 5, 4, 21, 32, 22, 18, 64, 3, 86, 58]","[318, 275, 322, 188, 201, 234, 101, 133, 297, 368, 321, 131, 163, 119, 266, 169, 206, 345, 112, 124, 116, 249, 164, 125, 270, 173, 202, 306, 237, 132, 236, 369, 267, 210, 349, 247, 329, 98, 146, 190, 107, 215, 400, 335, 233, 152, 373, 187, 223, 355, 243, 360, 277, 134, 276, 136, 328, 280, 311, 198, 295, 304, 370, 367, 320, 123, 404, 160, 171, 211, 142, 122, 151, 111, 167, 230, 250, 110, 222, 298, 227, 159, 340, 248, 261, 172, 281, 274, 135, 150, 346, 356, 161, 339, 337, 207, 347, 351, 288, 331, 333, 316, 130, 100, 238, 378, 115, 296, 251, 265, 183, 254, 377, 109, 403, 396, 371, 205, 181, 117, 195, 285, 96, 324, 214, 262, 176, 384, 291, 221, 312, 189, 287, 402, 153, 301, 386, 118, 299, 149, 401, 182, 290, 258, 192, 260, 126, 140, 105, 278, 332, 293, 200, 180, 264, 352, 395, 314, 246, 199, 241, 154, 155, 225, 269, 252, 170, 141, 313, 354, 194, 204, 342, 242, 127, 292, 399, 166, 99, 232, 271, 229, 193, 326, 380, 268, 286, 120, 144, 389, 178, 319, 162, 208, 244, 372, 283, 388, 143, 253, 185, 245, 220, 393, 273, 398, 323, 364, 350, 219, 113, 305, 315, 309, 310, 184, 325, 362, 157, 308, 203, 137, 191, 365, 303, 158, 235, 338, 212, 224, 317, 216, 397, 263, 353, 104, 228, 255, 177, 128, 218, 174, 341, 256, 390, 387, 330, 375, 358, 139, 168, 294, 175, 148, 165, 379, 114, 307, 279, 226, 239, 129, 138, 383, 300, 336, 366, 213, 209, 363, 179, 385, 197, 240, 147, 272, 108, 361, 344, 348, 95, 302, 382, 231, 405, 186, 376, 394, 156, 97, 343, 102, 196, 334, 289, 257, 284, 359, 374, 217, 392, 391, 103, 357, 145, 327, 121, 381, 259, 106, 282]"
diversity_off_nsga2,55,-40.382475375,6.937524625,36.317524625,"[60, 27, 66, 6, 41, 59, 48, 14, 75, 90, 29, 5, 21, 92, 44, 10, 85, 35, 77, 72, 70, 89, 55, 24, 36, 31, 87, 49, 7, 15, 56, 30, 83, 93, 94, 16, 34, 37, 32, 28, 46, 68, 47, 23, 19, 84, 39, 38, 76, 43, 4, 45, 86, 53, 67, 1, 51, 12, 40, 13, 88, 26, 52, 79, 71, 50, 25, 57, 65, 11, 58, 63, 8, 80, 78, 74, 3, 91, 9, 17, 33, 54, 42, 73, 81, 22, 82, 2, 64, 18, 62, 61, 20, 69]","[381, 107, 110, 282, 318, 275, 322, 188, 201, 360, 313, 101, 287, 133, 297, 368, 321, 247, 249, 206, 166, 124, 306, 167, 356, 125, 258, 118, 136, 225, 142, 149, 262, 230, 204, 295, 151, 337, 122, 252, 233, 278, 320, 248, 304, 155, 296, 135, 237, 207, 401, 190, 301, 187, 199, 177, 404, 172, 159, 198, 290, 100, 329, 371, 250, 261, 331, 269, 293, 346, 123, 111, 132, 324, 215, 171, 335, 260, 241, 130, 352, 400, 292, 192, 173, 370, 98, 234, 109, 328, 281, 271, 229, 193, 326, 316, 268, 286, 120, 144, 389, 178, 319, 244, 372, 283, 388, 143, 362, 157, 128, 239, 303, 243, 383, 162, 222, 185, 184, 95, 245, 308, 218, 385, 191, 323, 179, 253, 219, 175, 394, 310, 393, 235, 139, 405, 183, 302, 168, 309, 351, 231, 338, 279, 197, 305, 113, 273, 364, 257, 347, 227, 379, 373, 182, 340, 148, 274, 203, 366, 213, 209, 147, 272, 108, 344, 348, 382, 251, 208, 156, 97, 343, 365, 158, 165, 224, 317, 216, 397, 141, 315, 263, 353, 300, 396, 228, 255, 242, 395, 240, 390, 330, 375, 376, 294, 314, 259, 129, 359, 299, 332, 354, 131, 150, 138, 194, 358, 212, 220, 126, 116, 265, 232, 214, 99, 339, 392, 361, 288, 403, 387, 217, 357, 267, 180, 195, 284, 333, 117, 121, 223, 127, 196, 164, 254, 266, 114, 146, 189, 276, 289, 169, 367, 336, 270, 106, 145, 134, 200, 119, 386, 334, 307, 210, 350, 176, 384, 291, 221, 163, 202, 355, 398, 205, 226, 102, 137, 153, 238, 285, 154, 211, 377, 112, 104, 256, 349, 312, 115, 152, 277, 363, 345, 140, 160, 280, 174, 246, 298, 186, 342, 311, 96, 369, 161, 399, 264, 402, 380, 105, 236, 181, 378, 325, 341, 374, 391, 103, 327, 170]"
diversity_off_nsga2,56,-25.659058074999997,6.7009419249999995,21.040941925000002,"[66, 88, 42, 44, 91, 26, 34, 46, 77, 15, 4, 13, 79, 83, 69, 84, 40, 37, 17, 25, 48, 75, 67, 51, 61, 50, 54, 41, 90, 29, 35, 93, 30, 60, 52, 19, 70, 92, 73, 36, 55, 71, 2, 63, 58, 89, 27, 45, 81, 1, 20, 72, 22, 3, 16, 87, 6, 59, 21, 68, 65, 10, 80, 94, 7, 57, 14, 76, 11, 8, 39, 33, 9, 43, 5, 12, 24, 49, 53, 82, 64, 38, 62, 28, 18, 86, 85, 74, 78, 23, 47, 32, 31, 56]","[344, 382, 395, 160, 317, 110, 315, 104, 396, 255, 222, 354, 390, 330, 375, 168, 289, 277, 198, 290, 329, 261, 293, 346, 123, 111, 126, 171, 359, 352, 400, 192, 341, 127, 328, 229, 326, 286, 319, 292, 270, 398, 208, 252, 113, 166, 351, 244, 372, 143, 253, 245, 220, 273, 323, 100, 305, 405, 397, 394, 156, 97, 137, 383, 366, 213, 377, 109, 403, 228, 362, 268, 121, 263, 371, 205, 158, 117, 185, 195, 363, 285, 96, 95, 324, 343, 214, 262, 350, 283, 176, 384, 291, 307, 312, 132, 373, 257, 207, 404, 151, 347, 281, 231, 202, 116, 128, 98, 122, 233, 142, 188, 226, 120, 356, 313, 103, 227, 288, 242, 235, 304, 265, 338, 331, 107, 197, 172, 388, 144, 105, 125, 322, 327, 333, 187, 223, 209, 368, 175, 340, 159, 380, 309, 169, 130, 219, 295, 358, 318, 149, 165, 199, 379, 389, 191, 296, 183, 174, 178, 269, 148, 232, 218, 274, 170, 364, 115, 193, 215, 385, 393, 139, 335, 378, 141, 203, 325, 190, 124, 332, 336, 206, 303, 204, 360, 230, 118, 177, 251, 355, 135, 240, 134, 224, 298, 216, 181, 162, 147, 212, 250, 260, 140, 201, 308, 401, 241, 164, 370, 321, 211, 271, 102, 310, 280, 254, 234, 154, 311, 348, 236, 155, 349, 225, 238, 302, 189, 106, 287, 196, 402, 153, 301, 279, 386, 259, 365, 184, 157, 300, 361, 179, 376, 353, 387, 294, 299, 186, 306, 392, 182, 314, 114, 221, 239, 129, 138, 334, 284, 173, 374, 217, 391, 357, 381, 256, 99, 282, 275, 101, 133, 297, 131, 163, 119, 266, 345, 112, 367, 167, 243, 276, 339, 194, 258, 200, 278, 320, 248, 246, 342, 237, 316, 369, 161, 399, 264, 136, 247, 267, 150, 210, 145, 180, 146, 152, 337, 249, 272, 108]"
diversity_off_nsga2,57,-65.4,11.13,34.300000000000004,"[30, 47, 92, 16, 87, 46, 35, 29, 54, 77, 36, 7, 33, 43, 21, 45, 65, 93, 90, 50, 59, 58, 68, 26, 71, 83, 94, 53, 72, 2, 84, 5, 70, 61, 81, 63, 11, 8, 75, 10, 4, 80, 34, 17, 39, 28, 42, 19, 74, 85, 41, 52, 48, 91, 82, 22, 37, 55, 12, 67, 88, 27, 79, 57, 60, 24, 44, 73, 62, 23, 38, 15, 6, 1, 49, 40, 13, 76, 89, 78, 51, 66, 25, 14, 20, 9, 69, 32, 56, 18, 64, 3, 86, 31]","[127, 254, 162, 354, 99, 403, 214, 232, 282, 318, 275, 221, 322, 188, 201, 360, 313, 101, 287, 133, 297, 368, 321, 131, 163, 266, 265, 320, 169, 206, 195, 345, 153, 117, 115, 299, 112, 339, 124, 116, 306, 367, 243, 332, 356, 276, 125, 194, 258, 189, 262, 136, 247, 349, 159, 142, 267, 150, 149, 164, 210, 230, 180, 204, 146, 152, 295, 288, 151, 337, 249, 223, 202, 270, 285, 134, 200, 122, 252, 233, 312, 278, 248, 355, 246, 304, 155, 298, 296, 135, 301, 274, 96, 384, 181, 371, 176, 123, 111, 324, 260, 166, 351, 238, 314, 347, 110, 396, 227, 395, 222, 315, 342, 237, 207, 401, 311, 190, 316, 369, 373, 161, 160, 170, 399, 333, 187, 264, 199, 154, 280, 402, 211, 242, 404, 172, 105, 182, 236, 140, 225, 198, 377, 290, 100, 329, 118, 250, 261, 331, 269, 293, 346, 119, 251, 132, 126, 215, 171, 340, 277, 291, 378, 183, 335, 167, 241, 130, 352, 400, 292, 192, 173, 205, 370, 98, 234, 109, 328, 281, 271, 229, 193, 326, 380, 268, 286, 120, 144, 389, 178, 319, 386, 208, 244, 372, 283, 388, 143, 253, 185, 245, 220, 393, 273, 398, 323, 364, 350, 219, 113, 305, 107, 309, 310, 184, 325, 362, 157, 308, 179, 137, 191, 365, 303, 158, 235, 338, 212, 224, 317, 216, 397, 263, 353, 104, 228, 255, 177, 128, 218, 174, 341, 256, 390, 387, 330, 375, 358, 139, 168, 294, 175, 148, 165, 379, 114, 307, 279, 226, 239, 129, 138, 383, 300, 336, 366, 213, 209, 363, 203, 385, 197, 240, 147, 272, 108, 361, 344, 348, 95, 302, 382, 231, 405, 186, 376, 394, 156, 97, 343, 102, 196, 334, 289, 257, 284, 359, 374, 217, 392, 391, 103, 357, 145, 327, 121, 381, 259, 106, 141]"
diversity_off_nsga2,58,-46.908745625,12.331254375,21.891254375,"[32, 91, 78, 49, 9, 28, 14, 41, 16, 7, 17, 30, 33, 29, 69, 42, 82, 73, 81, 75, 72, 44, 22, 31, 39, 38, 4, 92, 2, 24, 10, 48, 64, 76, 89, 36, 18, 20, 47, 54, 56, 55, 87, 90, 21, 45, 86, 53, 51, 60, 12, 67, 13, 88, 27, 66, 37, 94, 6, 62, 59, 26, 83, 71, 50, 25, 68, 35, 93, 43, 5, 57, 15, 40, 23, 74, 80, 52, 65, 77, 46, 1, 79, 58, 84, 70, 61, 63, 11, 19, 3, 34, 85, 8]","[248, 275, 113, 273, 351, 293, 282, 297, 237, 290, 323, 381, 244, 173, 210, 319, 374, 133, 344, 108, 261, 171, 361, 101, 278, 208, 253, 272, 198, 286, 167, 343, 143, 185, 156, 352, 391, 229, 346, 329, 337, 131, 182, 132, 257, 207, 404, 151, 347, 281, 231, 116, 122, 233, 142, 188, 120, 356, 313, 103, 288, 242, 235, 304, 265, 338, 331, 107, 197, 172, 388, 144, 125, 322, 327, 135, 373, 227, 128, 222, 308, 168, 174, 148, 232, 218, 274, 170, 193, 215, 385, 393, 139, 378, 141, 325, 190, 124, 206, 303, 360, 251, 147, 260, 201, 401, 241, 370, 321, 271, 310, 234, 348, 155, 225, 109, 362, 268, 371, 181, 95, 324, 283, 230, 302, 287, 301, 279, 184, 157, 203, 178, 192, 166, 123, 328, 366, 179, 335, 97, 118, 126, 364, 250, 269, 111, 292, 306, 164, 392, 175, 379, 239, 341, 217, 318, 368, 169, 258, 159, 252, 320, 296, 187, 199, 100, 136, 149, 204, 295, 130, 98, 326, 380, 389, 372, 245, 220, 219, 305, 309, 183, 383, 213, 209, 382, 405, 394, 191, 365, 158, 165, 212, 224, 317, 216, 397, 110, 315, 263, 353, 300, 396, 228, 255, 177, 395, 240, 390, 330, 375, 376, 294, 314, 259, 129, 359, 299, 332, 354, 247, 150, 138, 194, 267, 180, 195, 284, 333, 357, 117, 121, 223, 127, 339, 196, 243, 403, 153, 266, 114, 146, 189, 276, 289, 249, 367, 336, 270, 106, 145, 134, 200, 119, 386, 334, 307, 214, 262, 350, 358, 176, 384, 291, 221, 163, 202, 355, 387, 398, 205, 226, 102, 99, 137, 254, 238, 285, 154, 211, 377, 112, 104, 256, 349, 312, 115, 152, 277, 363, 345, 140, 160, 280, 162, 246, 298, 186, 342, 311, 316, 369, 161, 399, 264, 402, 96, 105, 236, 340, 400]"
diversity_off_nsga2,59,-19.88521714807692,20.31478285192308,8.614782851923078,"[9, 89, 46, 50, 65, 92, 35, 94, 54, 14, 5, 49, 68, 43, 18, 64, 87, 21, 33, 45, 36, 59, 77, 3, 29, 39, 53, 30, 7, 84, 31, 90, 70, 61, 81, 63, 11, 8, 75, 10, 4, 80, 34, 17, 86, 28, 42, 19, 74, 85, 41, 52, 48, 91, 82, 22, 37, 55, 12, 67, 88, 27, 79, 57, 60, 24, 44, 73, 62, 23, 38, 15, 6, 76, 58, 93, 26, 78, 51, 25, 40, 20, 47, 66, 69, 32, 56, 16, 1, 2, 13, 83, 71, 72]","[332, 206, 360, 162, 321, 295, 288, 151, 337, 249, 223, 134, 200, 122, 233, 278, 320, 248, 355, 246, 155, 356, 127, 103, 202, 270, 145, 349, 201, 159, 252, 115, 265, 254, 403, 121, 117, 195, 285, 214, 262, 221, 312, 189, 106, 287, 153, 259, 299, 306, 125, 392, 304, 374, 217, 391, 357, 327, 381, 354, 99, 282, 318, 275, 322, 188, 313, 101, 133, 297, 368, 131, 163, 266, 169, 345, 112, 116, 230, 164, 367, 243, 276, 339, 194, 258, 136, 298, 296, 135, 301, 274, 96, 384, 181, 371, 176, 123, 111, 324, 260, 166, 351, 238, 314, 347, 110, 396, 227, 395, 222, 315, 342, 237, 207, 401, 311, 190, 316, 369, 373, 161, 160, 170, 399, 333, 187, 264, 199, 154, 280, 402, 211, 242, 404, 172, 105, 182, 236, 140, 225, 198, 377, 290, 100, 329, 118, 250, 261, 331, 269, 293, 346, 119, 251, 132, 126, 215, 171, 340, 277, 291, 378, 183, 335, 167, 241, 130, 352, 400, 292, 192, 173, 205, 370, 98, 234, 109, 328, 281, 271, 229, 193, 326, 380, 268, 286, 120, 144, 389, 178, 319, 386, 208, 244, 372, 283, 388, 143, 253, 185, 245, 220, 393, 273, 398, 323, 364, 350, 219, 113, 305, 107, 309, 310, 184, 325, 362, 157, 308, 179, 137, 191, 365, 303, 158, 235, 338, 212, 224, 317, 216, 397, 263, 353, 104, 228, 255, 177, 128, 218, 174, 341, 256, 390, 387, 330, 375, 358, 139, 168, 294, 175, 148, 165, 379, 114, 307, 279, 226, 239, 129, 138, 383, 300, 336, 366, 213, 209, 363, 203, 385, 197, 240, 147, 272, 108, 361, 344, 348, 95, 302, 382, 231, 405, 186, 376, 394, 156, 97, 343, 102, 196, 334, 289, 257, 284, 359, 247, 142, 267, 150, 149, 210, 180, 204, 146, 152, 232, 141, 124]"
diversity_off_nsga2,60,-42.199732267307695,21.780267732692305,19.80026773269231,"[3, 17, 50, 16, 62, 35, 49, 11, 25, 7, 57, 30, 33, 29, 54, 42, 82, 73, 81, 75, 45, 44, 22, 31, 39, 38, 4, 92, 2, 24, 10, 48, 64, 76, 89, 36, 18, 20, 47, 69, 56, 55, 87, 90, 91, 72, 86, 53, 51, 60, 12, 40, 13, 88, 27, 66, 37, 94, 6, 15, 67, 74, 52, 61, 65, 77, 63, 84, 34, 70, 78, 8, 1, 79, 93, 43, 19, 23, 59, 21, 68, 9, 71, 26, 58, 14, 5, 41, 32, 85, 46, 28, 80, 83]","[398, 99, 139, 133, 162, 154, 372, 149, 405, 294, 183, 132, 129, 302, 116, 326, 233, 122, 389, 168, 263, 223, 318, 230, 141, 309, 351, 357, 354, 306, 231, 348, 206, 208, 103, 376, 144, 388, 224, 244, 341, 300, 197, 146, 272, 382, 106, 305, 296, 289, 358, 337, 177, 287, 178, 121, 150, 102, 275, 295, 297, 131, 113, 204, 282, 273, 313, 364, 166, 145, 134, 200, 257, 119, 159, 347, 334, 110, 307, 396, 227, 379, 320, 355, 246, 304, 155, 298, 395, 251, 220, 135, 207, 401, 311, 190, 316, 373, 161, 160, 301, 399, 333, 187, 264, 199, 188, 280, 402, 211, 242, 404, 172, 182, 140, 225, 198, 377, 290, 100, 329, 118, 250, 261, 331, 269, 293, 346, 123, 314, 196, 215, 171, 340, 335, 260, 241, 130, 352, 400, 192, 173, 370, 98, 109, 281, 165, 271, 148, 212, 229, 193, 391, 288, 125, 151, 356, 124, 202, 259, 274, 361, 258, 380, 170, 321, 332, 243, 344, 216, 203, 283, 266, 291, 378, 325, 157, 128, 213, 126, 375, 374, 299, 390, 239, 105, 209, 303, 278, 142, 336, 163, 153, 315, 276, 383, 174, 339, 222, 387, 330, 167, 255, 169, 328, 371, 111, 205, 117, 185, 195, 247, 158, 180, 285, 353, 96, 95, 267, 324, 137, 366, 97, 214, 262, 350, 176, 384, 221, 381, 245, 308, 360, 218, 343, 127, 101, 108, 191, 323, 338, 147, 112, 403, 136, 120, 179, 201, 253, 248, 234, 386, 317, 186, 365, 268, 292, 342, 359, 249, 284, 397, 164, 254, 279, 238, 270, 226, 362, 114, 237, 236, 369, 232, 107, 385, 228, 322, 194, 265, 219, 143, 104, 256, 349, 312, 115, 152, 277, 363, 345, 175, 210, 189, 327, 286, 394, 184, 252, 181, 217, 240, 367, 310, 392, 156, 368, 138, 393, 319, 235]"
diversity_off_nsga2,61,-104.48673870461218,33.10326129538782,77.21326129538782,"[76, 19, 91, 9, 28, 14, 16, 7, 30, 33, 29, 54, 82, 73, 81, 44, 31, 39, 38, 92, 24, 10, 48, 64, 3, 89, 18, 32, 20, 47, 69, 56, 55, 87, 45, 86, 60, 41, 67, 36, 15, 46, 68, 35, 65, 23, 74, 63, 25, 40, 93, 8, 52, 12, 50, 59, 62, 1, 84, 79, 83, 71, 57, 5, 80, 34, 78, 85, 77, 17, 42, 72, 2, 88, 90, 21, 53, 51, 13, 58, 43, 70, 61, 11, 22, 75, 49, 4, 27, 66, 37, 94, 6, 26]","[103, 327, 170, 381, 107, 110, 232, 282, 318, 275, 322, 188, 201, 360, 313, 101, 287, 133, 376, 368, 321, 131, 265, 169, 206, 166, 155, 124, 116, 306, 167, 356, 125, 258, 118, 136, 225, 142, 149, 262, 230, 204, 295, 288, 151, 337, 122, 252, 233, 278, 320, 248, 304, 253, 296, 135, 237, 207, 401, 190, 301, 187, 199, 242, 404, 172, 159, 198, 290, 100, 329, 371, 250, 261, 331, 269, 293, 346, 123, 111, 132, 126, 324, 215, 171, 335, 260, 241, 130, 352, 400, 292, 192, 370, 234, 109, 328, 281, 271, 229, 193, 326, 380, 268, 286, 120, 144, 389, 178, 319, 244, 372, 283, 388, 143, 362, 157, 128, 239, 303, 174, 222, 185, 184, 95, 245, 308, 218, 191, 323, 219, 175, 394, 310, 393, 235, 139, 405, 183, 302, 168, 309, 351, 231, 338, 279, 98, 305, 220, 113, 273, 364, 257, 347, 227, 379, 373, 182, 340, 148, 274, 203, 173, 382, 251, 208, 156, 97, 343, 365, 158, 165, 212, 224, 317, 216, 397, 141, 315, 263, 353, 300, 396, 228, 255, 177, 395, 240, 390, 330, 153, 297, 294, 314, 259, 129, 359, 299, 332, 137, 383, 164, 366, 213, 209, 99, 179, 385, 197, 147, 272, 403, 361, 344, 348, 354, 247, 150, 138, 194, 267, 180, 195, 284, 333, 357, 117, 121, 223, 127, 339, 196, 243, 108, 375, 266, 114, 146, 189, 276, 289, 249, 367, 336, 270, 106, 145, 134, 200, 119, 386, 334, 307, 214, 210, 350, 358, 176, 384, 291, 221, 163, 202, 355, 387, 398, 205, 226, 102, 254, 238, 285, 154, 211, 377, 112, 104, 256, 349, 312, 115, 152, 277, 363, 345, 140, 160, 280, 162, 246, 298, 186, 342, 311, 316, 369, 161, 399, 264, 402, 96, 105, 236, 181, 378, 325, 341, 374, 217, 392, 391]"
diversity_off_nsga2,62,-76.98779926464827,16.162200735351735,44.61220073535175,"[91, 9, 14, 16, 56, 17, 30, 35, 29, 42, 82, 44, 81, 75, 72, 73, 22, 31, 48, 38, 4, 92, 2, 24, 10, 39, 64, 76, 13, 41, 26, 89, 36, 20, 47, 18, 65, 69, 7, 55, 87, 90, 21, 45, 86, 53, 51, 60, 12, 40, 54, 88, 27, 66, 37, 94, 6, 62, 59, 28, 67, 52, 1, 15, 84, 79, 83, 71, 46, 50, 25, 68, 57, 33, 93, 23, 32, 58, 43, 5, 70, 61, 63, 11, 8, 49, 80, 34, 78, 74, 85, 77, 3, 19]","[325, 341, 374, 217, 392, 391, 103, 327, 170, 381, 107, 110, 232, 282, 318, 275, 322, 188, 201, 360, 313, 101, 287, 133, 297, 368, 321, 265, 169, 206, 166, 124, 116, 306, 167, 356, 125, 258, 118, 204, 225, 142, 149, 262, 230, 136, 295, 288, 151, 337, 122, 252, 233, 278, 320, 248, 304, 155, 296, 135, 237, 207, 401, 190, 301, 187, 199, 242, 404, 172, 159, 198, 290, 100, 329, 371, 250, 261, 331, 269, 293, 346, 123, 111, 132, 126, 324, 215, 171, 335, 260, 241, 130, 352, 400, 292, 192, 173, 370, 98, 234, 109, 328, 281, 271, 229, 193, 326, 380, 268, 286, 120, 144, 389, 178, 319, 244, 372, 283, 388, 143, 362, 157, 128, 239, 303, 164, 383, 174, 222, 185, 184, 95, 245, 308, 218, 385, 191, 323, 179, 253, 219, 175, 394, 310, 393, 235, 139, 405, 183, 131, 302, 168, 309, 351, 231, 338, 279, 197, 305, 220, 113, 273, 364, 257, 347, 227, 379, 373, 182, 340, 148, 274, 203, 366, 213, 209, 147, 272, 108, 361, 344, 348, 382, 251, 208, 156, 97, 343, 365, 158, 165, 212, 224, 317, 216, 397, 141, 315, 263, 353, 300, 396, 228, 255, 177, 395, 240, 390, 330, 375, 376, 294, 314, 259, 129, 359, 299, 332, 354, 247, 150, 138, 194, 267, 180, 195, 284, 114, 357, 117, 121, 223, 127, 339, 196, 243, 403, 153, 266, 333, 146, 189, 276, 289, 249, 367, 336, 270, 106, 145, 134, 200, 119, 386, 334, 307, 214, 210, 350, 358, 176, 384, 291, 221, 163, 202, 355, 387, 398, 205, 226, 102, 99, 137, 254, 238, 285, 154, 211, 377, 112, 104, 256, 349, 312, 115, 152, 277, 363, 345, 140, 160, 280, 162, 246, 298, 186, 342, 311, 96, 369, 161, 399, 264, 402, 316, 105, 236, 181, 378]"
diversity_off_nsga2,63,-27.57720495,6.2927950500000005,31.82279505,"[60, 91, 33, 68, 54, 41, 57, 71, 82, 2, 48, 81, 58, 14, 75, 90, 29, 5, 88, 21, 92, 26, 65, 44, 9, 13, 4, 10, 6, 52, 85, 35, 78, 77, 45, 72, 25, 51, 70, 61, 12, 39, 53, 89, 43, 55, 24, 36, 31, 87, 49, 38, 11, 62, 1, 79, 7, 67, 73, 15, 40, 56, 20, 66, 63, 17, 64, 30, 80, 83, 93, 94, 8, 16, 3, 27, 34, 37, 32, 28, 46, 86, 76, 47, 23, 42, 19, 84, 18, 74, 50, 69, 59, 22]","[395, 314, 382, 221, 259, 219, 337, 244, 246, 145, 199, 163, 101, 185, 241, 396, 119, 209, 154, 155, 158, 131, 250, 148, 269, 210, 229, 218, 248, 139, 204, 166, 386, 242, 317, 186, 271, 319, 365, 268, 194, 292, 342, 359, 308, 284, 124, 397, 164, 238, 125, 141, 270, 362, 364, 114, 202, 306, 237, 236, 369, 177, 137, 372, 267, 381, 393, 349, 157, 345, 174, 247, 189, 329, 343, 313, 98, 366, 146, 197, 206, 133, 325, 376, 190, 324, 338, 231, 315, 378, 215, 321, 400, 348, 341, 335, 277, 287, 297, 323, 233, 129, 300, 152, 373, 275, 208, 128, 318, 316, 223, 355, 243, 352, 181, 390, 179, 205, 360, 399, 254, 383, 310, 262, 134, 276, 136, 328, 289, 235, 224, 96, 280, 391, 302, 207, 353, 191, 198, 295, 117, 294, 304, 170, 296, 143, 115, 371, 405, 354, 402, 156, 282, 336, 263, 228, 370, 367, 344, 188, 320, 123, 226, 404, 160, 256, 171, 138, 104, 211, 142, 322, 108, 107, 326, 122, 334, 151, 303, 127, 184, 111, 118, 230, 379, 257, 385, 167, 102, 113, 225, 183, 327, 110, 222, 312, 298, 182, 227, 251, 153, 112, 159, 301, 340, 252, 261, 172, 281, 274, 103, 135, 283, 97, 178, 384, 165, 374, 162, 150, 363, 346, 356, 375, 147, 279, 249, 121, 201, 330, 176, 239, 285, 175, 161, 358, 212, 203, 192, 195, 220, 260, 187, 126, 311, 273, 100, 116, 95, 265, 232, 214, 144, 333, 99, 339, 392, 401, 169, 361, 288, 149, 130, 403, 290, 258, 387, 264, 255, 217, 357, 377, 272, 347, 368, 350, 299, 331, 266, 140, 105, 307, 173, 234, 109, 193, 380, 120, 389, 216, 240, 398, 132, 351, 388, 253, 245, 305, 309, 291, 213, 278, 286, 332, 293, 106, 200, 180, 196, 168, 394]"
diversity_off_nsga2,64,-88.25000535384615,25.29999464615385,51.94999464615385,"[18, 74, 85, 3, 86, 52, 78, 51, 25, 83, 91, 20, 54, 22, 30, 32, 31, 41, 56, 81, 88, 55, 19, 16, 87, 76, 47, 67, 2, 1, 71, 72, 46, 50, 68, 65, 45, 35, 75, 80, 21, 79, 61, 57, 14, 11, 59, 62, 58, 34, 26, 92, 84, 27, 66, 37, 70, 8, 10, 48, 60, 24, 44, 73, 23, 29, 15, 6, 42, 33, 63, 7, 94, 49, 40, 13, 64, 77, 89, 36, 69, 90, 17, 39, 9, 93, 43, 5, 4, 12, 53, 82, 38, 28]","[206, 303, 153, 112, 287, 384, 162, 363, 121, 201, 176, 285, 195, 239, 204, 310, 203, 232, 149, 222, 392, 163, 391, 95, 306, 114, 302, 258, 174, 200, 122, 233, 173, 109, 281, 395, 193, 326, 268, 144, 389, 178, 166, 351, 244, 372, 257, 215, 159, 347, 386, 231, 110, 307, 312, 396, 227, 379, 320, 397, 355, 246, 304, 155, 298, 271, 251, 296, 135, 342, 237, 207, 401, 311, 190, 316, 373, 161, 160, 301, 399, 333, 187, 264, 199, 154, 280, 402, 211, 242, 272, 172, 182, 236, 140, 225, 198, 252, 290, 100, 329, 118, 250, 261, 331, 269, 293, 346, 123, 314, 132, 194, 171, 340, 335, 260, 241, 130, 352, 400, 292, 192, 229, 370, 277, 98, 388, 220, 393, 273, 398, 364, 113, 305, 309, 183, 235, 165, 338, 212, 317, 248, 263, 104, 177, 358, 139, 168, 294, 148, 197, 279, 129, 138, 167, 297, 136, 313, 143, 374, 381, 286, 319, 283, 185, 323, 350, 184, 291, 362, 157, 308, 137, 383, 164, 366, 213, 209, 147, 404, 108, 361, 344, 348, 382, 208, 156, 97, 343, 365, 158, 224, 216, 315, 353, 300, 228, 255, 240, 390, 330, 126, 266, 105, 278, 289, 106, 387, 376, 175, 284, 359, 103, 357, 327, 115, 107, 254, 354, 99, 403, 282, 275, 221, 322, 133, 368, 131, 265, 169, 259, 181, 339, 356, 276, 125, 119, 202, 270, 189, 262, 247, 142, 134, 186, 369, 96, 299, 377, 324, 234, 349, 345, 238, 321, 328, 117, 196, 116, 145, 188, 223, 318, 253, 179, 101, 205, 218, 371, 274, 170, 385, 243, 378, 141, 325, 217, 360, 214, 341, 405, 267, 150, 336, 210, 230, 180, 146, 152, 295, 288, 151, 337, 249, 380, 245, 219, 394, 191, 120, 128, 256, 375, 367, 226, 334, 127, 111, 102, 124, 332]"
diversity_off_nsga2,65,-48.3999185483816,9.3000814516184,26.900081451618405,"[32, 56, 19, 23, 46, 35, 54, 81, 7, 33, 75, 31, 39, 4, 43, 68, 48, 63, 11, 93, 44, 50, 59, 16, 58, 34, 26, 92, 49, 28, 42, 18, 74, 41, 64, 87, 21, 45, 36, 77, 71, 3, 29, 86, 30, 73, 65, 91, 82, 22, 37, 55, 12, 90, 88, 27, 60, 24, 67, 52, 62, 47, 38, 15, 6, 1, 70, 8, 10, 40, 13, 76, 61, 80, 14, 20, 9, 79, 83, 94, 57, 53, 66, 72, 78, 25, 2, 84, 51, 17, 85, 89, 5, 69]","[127, 254, 354, 99, 403, 214, 232, 282, 318, 275, 221, 322, 188, 201, 360, 313, 101, 287, 133, 297, 368, 321, 131, 163, 266, 265, 169, 206, 195, 345, 153, 117, 162, 115, 299, 112, 339, 124, 116, 306, 323, 167, 243, 332, 356, 276, 125, 194, 258, 189, 262, 136, 247, 349, 142, 267, 150, 149, 336, 210, 230, 180, 204, 146, 357, 295, 288, 151, 337, 249, 208, 202, 270, 285, 134, 319, 223, 119, 159, 386, 231, 307, 379, 320, 105, 182, 314, 340, 277, 212, 224, 341, 168, 294, 175, 148, 385, 108, 200, 122, 252, 233, 312, 278, 248, 355, 246, 304, 155, 298, 296, 135, 342, 237, 207, 401, 311, 190, 316, 369, 161, 160, 301, 399, 333, 187, 264, 199, 154, 280, 402, 211, 242, 404, 96, 172, 236, 140, 225, 384, 181, 198, 377, 290, 100, 329, 371, 250, 261, 331, 269, 293, 176, 346, 123, 111, 132, 126, 324, 215, 171, 335, 260, 241, 130, 352, 400, 292, 192, 173, 205, 370, 98, 234, 109, 328, 281, 271, 229, 193, 326, 380, 268, 286, 120, 144, 389, 178, 118, 166, 351, 244, 372, 283, 388, 143, 253, 185, 245, 220, 393, 273, 398, 367, 364, 350, 219, 113, 305, 238, 309, 310, 184, 291, 378, 183, 259, 362, 157, 308, 203, 137, 251, 191, 365, 303, 158, 347, 235, 317, 216, 397, 110, 315, 263, 353, 104, 373, 396, 227, 228, 255, 177, 128, 395, 218, 174, 222, 256, 390, 387, 330, 375, 358, 139, 165, 338, 240, 376, 147, 179, 107, 226, 327, 394, 284, 217, 392, 156, 138, 405, 196, 129, 302, 141, 114, 348, 257, 103, 279, 300, 197, 272, 382, 106, 289, 359, 121, 152, 102, 145, 334, 391, 325, 274, 361, 186, 170, 344, 213, 374, 239, 209, 164, 383, 363, 95, 366, 97, 381, 343]"
diversity_off_nsga2,66,-112.12405949131183,36.585940508688175,69.97594050868818,"[19, 91, 9, 28, 14, 16, 7, 17, 30, 33, 29, 54, 42, 38, 73, 81, 68, 72, 44, 22, 31, 39, 82, 92, 2, 24, 10, 48, 35, 76, 89, 61, 4, 41, 36, 11, 18, 20, 47, 69, 56, 6, 87, 90, 21, 45, 86, 53, 51, 60, 12, 64, 13, 88, 27, 52, 37, 94, 55, 62, 59, 26, 67, 66, 1, 15, 84, 79, 83, 71, 46, 50, 25, 75, 57, 40, 93, 65, 23, 32, 58, 43, 5, 70, 63, 8, 49, 80, 34, 78, 74, 85, 77, 3]","[341, 374, 217, 392, 391, 103, 327, 170, 381, 107, 110, 232, 282, 318, 275, 322, 188, 201, 360, 313, 101, 287, 133, 297, 368, 321, 247, 265, 169, 206, 166, 124, 116, 306, 167, 356, 125, 222, 118, 136, 225, 142, 149, 262, 230, 204, 295, 288, 151, 337, 122, 252, 233, 278, 320, 248, 304, 155, 296, 135, 237, 207, 401, 190, 301, 187, 199, 177, 404, 172, 159, 198, 290, 100, 329, 371, 250, 261, 331, 269, 293, 346, 123, 111, 132, 126, 324, 215, 171, 335, 260, 241, 130, 352, 400, 292, 192, 173, 370, 98, 234, 109, 328, 281, 271, 229, 193, 326, 380, 268, 286, 120, 144, 389, 178, 319, 244, 372, 283, 388, 143, 362, 157, 128, 239, 303, 243, 164, 383, 174, 258, 185, 184, 95, 245, 308, 218, 385, 191, 323, 179, 253, 219, 175, 394, 310, 393, 235, 139, 405, 183, 302, 168, 309, 351, 231, 338, 279, 197, 305, 220, 113, 273, 364, 257, 347, 227, 379, 373, 182, 340, 148, 274, 203, 366, 213, 209, 147, 272, 108, 361, 344, 348, 382, 251, 208, 156, 97, 343, 365, 158, 165, 212, 224, 317, 216, 397, 141, 315, 263, 353, 300, 396, 228, 255, 242, 395, 240, 390, 330, 375, 376, 294, 314, 259, 129, 359, 299, 332, 354, 131, 150, 138, 194, 267, 180, 195, 284, 333, 357, 117, 121, 223, 127, 339, 196, 403, 153, 266, 114, 146, 189, 276, 289, 249, 367, 336, 270, 106, 145, 134, 200, 119, 386, 334, 307, 214, 210, 350, 358, 176, 384, 291, 221, 163, 202, 355, 387, 398, 205, 226, 102, 99, 137, 254, 238, 285, 154, 211, 377, 112, 104, 256, 349, 312, 115, 152, 277, 363, 345, 140, 160, 280, 162, 246, 298, 186, 342, 311, 96, 369, 161, 399, 264, 402, 316, 105, 236, 181, 378, 325]"
diversity_off_nsga2,67,-82.93017625,18.60982375,46.06982375,"[3, 19, 91, 9, 28, 14, 41, 16, 7, 17, 30, 29, 54, 42, 73, 81, 75, 39, 48, 72, 44, 22, 31, 82, 92, 4, 38, 2, 24, 10, 33, 64, 76, 90, 36, 18, 20, 47, 6, 56, 55, 87, 89, 21, 45, 86, 53, 51, 60, 12, 40, 13, 88, 27, 66, 37, 94, 69, 62, 59, 26, 67, 52, 1, 15, 84, 79, 83, 71, 46, 50, 25, 68, 57, 35, 93, 65, 23, 32, 58, 43, 5, 70, 61, 11, 63, 8, 49, 80, 34, 78, 74, 85, 77]","[341, 374, 217, 392, 391, 103, 327, 170, 381, 107, 110, 232, 282, 318, 275, 322, 188, 201, 360, 313, 101, 287, 133, 297, 368, 321, 131, 265, 169, 206, 166, 124, 116, 306, 167, 356, 125, 258, 118, 136, 225, 142, 149, 262, 230, 204, 295, 288, 151, 337, 122, 252, 233, 278, 320, 248, 304, 155, 296, 135, 237, 207, 401, 190, 301, 187, 199, 242, 404, 172, 159, 198, 269, 100, 329, 371, 250, 261, 331, 290, 293, 346, 123, 111, 132, 126, 324, 215, 171, 335, 260, 241, 130, 352, 400, 292, 192, 173, 370, 197, 234, 109, 328, 281, 271, 229, 193, 399, 380, 268, 286, 120, 144, 389, 178, 319, 244, 372, 283, 388, 143, 362, 157, 128, 239, 303, 164, 383, 174, 222, 185, 184, 95, 245, 308, 218, 385, 191, 323, 179, 253, 219, 175, 394, 310, 393, 235, 139, 405, 183, 302, 168, 309, 351, 231, 338, 279, 98, 305, 220, 113, 273, 364, 257, 347, 227, 379, 373, 182, 340, 148, 274, 203, 366, 213, 209, 147, 272, 108, 361, 344, 348, 382, 251, 208, 156, 97, 343, 365, 158, 165, 212, 224, 317, 216, 397, 141, 315, 263, 353, 300, 396, 228, 255, 177, 395, 240, 390, 330, 375, 376, 294, 314, 259, 129, 359, 299, 332, 354, 247, 150, 138, 194, 267, 180, 195, 284, 333, 357, 117, 121, 223, 127, 339, 196, 243, 403, 153, 266, 114, 146, 189, 276, 289, 249, 367, 336, 270, 106, 145, 134, 200, 119, 386, 334, 307, 214, 210, 350, 358, 176, 384, 291, 221, 163, 202, 355, 387, 398, 205, 226, 102, 99, 137, 254, 238, 285, 154, 211, 377, 112, 104, 256, 349, 312, 115, 152, 277, 363, 345, 140, 160, 280, 162, 246, 298, 186, 342, 311, 316, 369, 161, 326, 264, 402, 96, 105, 236, 181, 378, 325]"
diversity_off_nsga2,68,-20.7,10.61,11.4,"[11, 38, 63, 53, 14, 23, 12, 30, 34, 68, 47, 4, 44, 69, 32, 55, 41, 22, 77, 87, 89, 36, 2, 28, 40, 26, 58, 31, 75, 93, 43, 5, 21, 92, 13, 51, 61, 84, 42, 18, 17, 85, 8, 29, 9, 3, 20, 81, 59, 56, 50, 82, 88, 73, 19, 78, 91, 16, 39, 60, 54, 62, 37, 35, 48, 83, 72, 76, 79, 45, 57, 15, 6, 1, 33, 46, 7, 94, 49, 67, 10, 70, 80, 66, 65, 64, 90, 71, 25, 74, 86, 24, 52, 27]","[318, 300, 247, 239, 240, 233, 302, 375, 382, 357, 103, 153, 146, 374, 162, 339, 376, 133, 208, 231, 341, 272, 197, 230, 235, 141, 372, 392, 286, 309, 398, 206, 362, 183, 305, 294, 114, 299, 389, 104, 393, 156, 213, 326, 138, 196, 388, 122, 348, 254, 188, 244, 367, 129, 336, 270, 99, 279, 259, 106, 306, 263, 149, 168, 223, 317, 116, 405, 351, 310, 217, 145, 139, 338, 220, 289, 359, 358, 337, 177, 287, 178, 121, 150, 152, 164, 174, 102, 275, 387, 295, 297, 131, 249, 113, 204, 222, 282, 273, 313, 142, 364, 166, 268, 368, 128, 134, 200, 257, 119, 159, 347, 386, 334, 110, 307, 312, 278, 396, 227, 379, 320, 248, 355, 246, 304, 155, 298, 395, 251, 296, 135, 315, 342, 237, 207, 401, 311, 190, 316, 369, 373, 161, 160, 301, 399, 333, 187, 264, 199, 154, 280, 402, 211, 242, 404, 172, 105, 182, 236, 140, 225, 198, 377, 290, 100, 329, 118, 250, 261, 331, 269, 293, 346, 123, 314, 132, 126, 215, 171, 340, 335, 260, 241, 130, 352, 400, 292, 192, 229, 370, 277, 98, 234, 109, 397, 281, 165, 271, 148, 212, 173, 193, 345, 391, 288, 125, 330, 151, 356, 124, 202, 256, 325, 274, 361, 258, 186, 319, 209, 380, 266, 170, 321, 332, 243, 344, 194, 216, 203, 383, 167, 255, 390, 169, 328, 371, 111, 205, 115, 157, 117, 185, 195, 354, 363, 184, 180, 285, 353, 96, 95, 267, 324, 137, 366, 97, 214, 262, 350, 283, 176, 384, 291, 221, 163, 381, 245, 308, 360, 218, 343, 385, 378, 101, 108, 191, 323, 224, 147, 112, 276, 403, 136, 120, 179, 238, 201, 253, 232, 107, 127, 228, 322, 226, 265, 219, 143, 175, 210, 189, 327, 365, 144, 349, 394, 158, 252, 284, 181, 303]"
diversity_off_nsga2,69,-93.29988061264656,29.680119387353447,58.80011938735345,"[3, 19, 91, 9, 28, 14, 41, 16, 7, 17, 30, 48, 29, 54, 42, 39, 73, 81, 75, 72, 44, 22, 31, 82, 92, 4, 38, 2, 24, 10, 33, 64, 76, 89, 36, 18, 20, 47, 6, 56, 55, 87, 90, 21, 45, 86, 53, 51, 60, 12, 40, 13, 88, 27, 66, 37, 94, 69, 62, 59, 26, 67, 52, 1, 15, 84, 79, 83, 71, 46, 50, 25, 68, 57, 35, 93, 65, 23, 32, 58, 43, 5, 70, 61, 11, 63, 8, 49, 80, 34, 78, 74, 85, 77]","[374, 217, 392, 391, 103, 327, 170, 381, 107, 110, 232, 282, 318, 275, 322, 192, 188, 201, 360, 313, 101, 287, 133, 297, 368, 321, 131, 265, 169, 206, 166, 124, 116, 306, 167, 356, 125, 258, 118, 136, 225, 142, 149, 262, 230, 204, 295, 288, 151, 337, 122, 252, 233, 278, 320, 248, 304, 155, 296, 135, 237, 207, 401, 190, 301, 187, 199, 242, 404, 172, 159, 198, 269, 100, 329, 371, 250, 261, 331, 290, 293, 346, 123, 111, 132, 126, 324, 215, 197, 171, 335, 260, 241, 130, 352, 400, 292, 279, 173, 370, 98, 234, 109, 328, 281, 271, 229, 193, 326, 380, 268, 286, 120, 144, 389, 178, 319, 244, 372, 283, 388, 143, 362, 157, 128, 239, 303, 164, 383, 174, 222, 185, 184, 95, 245, 308, 218, 385, 191, 323, 179, 253, 219, 175, 394, 310, 393, 235, 139, 405, 183, 302, 168, 309, 351, 231, 338, 305, 220, 113, 273, 364, 257, 347, 227, 379, 373, 182, 340, 148, 274, 203, 366, 213, 209, 147, 272, 108, 361, 344, 348, 382, 251, 208, 156, 97, 343, 365, 158, 165, 212, 224, 317, 216, 397, 141, 315, 263, 353, 300, 396, 228, 255, 177, 395, 240, 390, 330, 375, 376, 294, 314, 259, 129, 359, 299, 332, 354, 247, 150, 138, 194, 267, 180, 195, 284, 333, 357, 117, 121, 223, 127, 339, 196, 243, 403, 153, 266, 114, 146, 189, 276, 289, 249, 367, 336, 270, 106, 145, 134, 200, 119, 386, 334, 307, 214, 210, 350, 358, 176, 384, 291, 221, 163, 202, 355, 387, 398, 205, 226, 102, 99, 137, 254, 238, 285, 154, 211, 377, 112, 104, 256, 349, 312, 115, 152, 277, 363, 345, 140, 160, 280, 162, 246, 298, 186, 342, 311, 316, 369, 161, 399, 264, 402, 96, 105, 236, 181, 378, 325, 341]"
diversity_off_nsga2,70,-93.29988061264656,29.680119387353447,58.80011938735345,"[3, 19, 91, 9, 28, 14, 41, 16, 7, 17, 48, 29, 54, 42, 39, 73, 81, 75, 72, 22, 31, 82, 38, 2, 24, 33, 25, 89, 36, 18, 47, 6, 56, 55, 87, 90, 21, 45, 86, 53, 51, 60, 40, 13, 88, 27, 66, 37, 94, 69, 62, 59, 26, 67, 52, 1, 15, 84, 79, 83, 71, 46, 50, 64, 68, 57, 35, 65, 23, 32, 43, 70, 61, 11, 63, 8, 49, 34, 78, 74, 85, 92, 44, 76, 93, 10, 80, 5, 30, 4, 20, 58, 12, 77]","[374, 217, 392, 391, 103, 327, 170, 381, 107, 110, 232, 282, 318, 275, 322, 192, 188, 201, 360, 313, 101, 287, 133, 297, 368, 321, 131, 265, 169, 206, 166, 124, 116, 306, 167, 356, 125, 258, 118, 136, 225, 142, 149, 262, 230, 204, 295, 288, 151, 337, 122, 252, 233, 278, 320, 248, 304, 155, 296, 135, 237, 207, 401, 190, 301, 187, 199, 242, 404, 172, 159, 198, 269, 100, 329, 371, 250, 261, 331, 290, 293, 346, 123, 111, 132, 126, 324, 215, 197, 171, 335, 260, 241, 130, 352, 400, 292, 279, 173, 370, 98, 234, 109, 328, 281, 271, 229, 193, 326, 268, 286, 120, 144, 389, 178, 319, 244, 372, 283, 388, 143, 362, 157, 128, 239, 303, 164, 383, 174, 222, 185, 184, 380, 95, 245, 308, 218, 385, 191, 323, 179, 253, 219, 175, 394, 310, 393, 235, 139, 405, 183, 302, 168, 309, 351, 231, 338, 305, 220, 113, 273, 364, 257, 347, 227, 379, 373, 182, 340, 148, 274, 203, 366, 213, 209, 147, 272, 108, 361, 344, 348, 382, 251, 208, 156, 97, 343, 365, 158, 165, 212, 224, 317, 216, 397, 141, 315, 263, 353, 300, 396, 228, 255, 177, 395, 240, 390, 330, 375, 376, 294, 314, 259, 129, 359, 299, 332, 354, 247, 150, 138, 194, 267, 180, 195, 284, 333, 357, 117, 121, 223, 127, 339, 196, 243, 403, 153, 266, 114, 146, 189, 276, 289, 249, 367, 336, 270, 106, 145, 134, 200, 119, 386, 334, 307, 214, 210, 350, 358, 176, 384, 291, 221, 163, 202, 355, 387, 398, 205, 226, 102, 99, 137, 254, 238, 285, 154, 211, 377, 112, 104, 256, 349, 312, 115, 152, 277, 363, 345, 140, 160, 280, 162, 246, 298, 186, 342, 311, 316, 369, 161, 399, 264, 402, 96, 105, 236, 181, 378, 325, 341]"
diversity_off_nsga2,71,-43.89565152278535,22.154348477214647,13.504348477214652,"[32, 41, 56, 48, 76, 55, 16, 91, 19, 62, 46, 1, 71, 77, 15, 43, 36, 7, 30, 82, 10, 22, 39, 11, 68, 45, 63, 80, 40, 61, 86, 8, 67, 26, 58, 14, 74, 25, 75, 53, 93, 3, 88, 21, 92, 65, 44, 9, 90, 34, 13, 51, 4, 31, 6, 52, 85, 35, 72, 12, 50, 59, 87, 42, 29, 64, 27, 37, 79, 83, 94, 57, 60, 24, 28, 73, 23, 2, 84, 17, 70, 5, 78, 38, 66, 49, 33, 89, 18, 20, 81, 47, 54, 69]","[391, 141, 121, 127, 275, 369, 327, 232, 274, 196, 392, 322, 188, 130, 341, 282, 370, 132, 297, 99, 106, 145, 299, 386, 334, 310, 184, 101, 239, 138, 107, 226, 217, 277, 403, 115, 279, 182, 368, 321, 131, 163, 119, 266, 265, 169, 206, 195, 345, 227, 117, 162, 257, 112, 339, 124, 116, 306, 367, 167, 243, 332, 356, 276, 125, 194, 258, 189, 262, 286, 136, 247, 349, 159, 142, 177, 150, 149, 336, 210, 230, 180, 204, 146, 152, 295, 288, 151, 337, 249, 223, 202, 270, 285, 134, 200, 122, 252, 233, 312, 278, 320, 248, 355, 304, 298, 186, 296, 135, 342, 237, 207, 401, 311, 190, 316, 102, 161, 160, 301, 399, 333, 187, 264, 280, 402, 211, 242, 404, 96, 172, 105, 236, 140, 384, 181, 198, 290, 100, 329, 371, 250, 261, 331, 293, 176, 346, 123, 111, 347, 126, 324, 215, 171, 335, 260, 360, 400, 292, 192, 173, 205, 170, 98, 234, 109, 328, 281, 271, 229, 193, 326, 380, 268, 118, 120, 144, 389, 178, 319, 166, 351, 372, 365, 388, 143, 253, 245, 393, 273, 323, 364, 219, 113, 305, 238, 309, 291, 378, 183, 325, 362, 157, 308, 203, 137, 383, 164, 366, 213, 209, 363, 179, 385, 197, 147, 272, 108, 361, 344, 348, 95, 302, 354, 405, 251, 208, 394, 156, 97, 343, 191, 283, 303, 289, 235, 165, 338, 212, 224, 340, 317, 216, 397, 110, 315, 263, 353, 104, 373, 300, 153, 228, 267, 128, 218, 174, 240, 222, 256, 390, 387, 330, 375, 358, 139, 168, 376, 294, 175, 255, 377, 352, 350, 395, 314, 382, 221, 259, 398, 244, 246, 199, 185, 241, 396, 220, 154, 155, 158, 225, 148, 269, 379, 114, 307, 129, 359, 254, 318, 374, 231, 381, 133, 103, 201, 284, 313, 214, 287, 357]"
diversity_off_nsga2,72,-33.723428863461535,5.576571136538461,49.07657113653847,"[44, 60, 52, 74, 89, 18, 25, 51, 70, 90, 62, 24, 38, 71, 79, 34, 20, 66, 11, 2, 32, 41, 56, 48, 82, 55, 88, 91, 19, 87, 46, 35, 29, 54, 77, 15, 81, 36, 7, 33, 75, 76, 10, 22, 31, 39, 28, 4, 43, 68, 45, 65, 63, 80, 40, 61, 58, 8, 67, 12, 50, 59, 57, 93, 73, 21, 42, 26, 1, 92, 49, 72, 94, 3, 27, 37, 86, 47, 23, 84, 69, 9, 14, 53, 5, 85, 6, 78, 83, 17, 30, 16, 13, 64]","[272, 350, 299, 395, 314, 382, 221, 259, 244, 246, 145, 199, 163, 101, 185, 241, 396, 119, 209, 154, 155, 131, 250, 148, 269, 210, 229, 218, 248, 139, 204, 166, 386, 242, 317, 370, 271, 319, 365, 268, 194, 292, 342, 359, 249, 284, 124, 397, 164, 238, 125, 141, 270, 362, 364, 114, 202, 306, 237, 236, 369, 177, 239, 372, 267, 381, 393, 182, 157, 345, 174, 178, 189, 329, 343, 313, 98, 366, 146, 197, 206, 133, 325, 376, 190, 371, 231, 315, 378, 215, 321, 220, 348, 341, 335, 277, 256, 297, 323, 233, 129, 300, 152, 373, 275, 208, 128, 318, 316, 223, 355, 243, 352, 181, 390, 179, 205, 360, 399, 254, 383, 310, 262, 134, 276, 136, 328, 289, 224, 96, 280, 391, 302, 357, 353, 191, 198, 295, 159, 347, 304, 170, 296, 143, 115, 324, 405, 354, 402, 156, 282, 336, 263, 228, 186, 367, 344, 188, 320, 123, 226, 404, 160, 287, 171, 138, 104, 211, 142, 322, 108, 107, 326, 122, 334, 151, 127, 184, 207, 118, 230, 379, 257, 385, 167, 102, 147, 225, 183, 327, 110, 222, 312, 298, 349, 227, 251, 153, 112, 117, 301, 340, 252, 261, 172, 281, 274, 103, 135, 97, 247, 384, 374, 162, 150, 363, 346, 356, 375, 113, 279, 308, 121, 201, 330, 176, 137, 285, 175, 161, 358, 339, 196, 361, 99, 387, 337, 111, 100, 116, 288, 265, 331, 144, 333, 187, 368, 169, 130, 219, 283, 303, 158, 294, 235, 165, 338, 212, 149, 217, 394, 401, 203, 232, 168, 214, 392, 290, 95, 258, 400, 192, 195, 260, 126, 311, 273, 266, 140, 105, 307, 173, 234, 109, 193, 380, 120, 389, 216, 240, 398, 132, 351, 388, 253, 245, 305, 309, 291, 213, 278, 286, 332, 293, 106, 200, 180, 403, 264, 255, 377]"
diversity_off_nsga2,73,-98.66134050119501,32.278659498804984,63.538659498804996,"[91, 9, 67, 77, 46, 28, 14, 38, 16, 7, 17, 30, 33, 29, 54, 42, 82, 73, 81, 75, 72, 44, 22, 31, 39, 41, 4, 92, 2, 24, 10, 48, 64, 76, 89, 36, 18, 20, 47, 69, 56, 55, 84, 90, 21, 45, 86, 53, 51, 60, 12, 40, 13, 88, 27, 66, 37, 5, 6, 62, 59, 26, 3, 52, 1, 15, 87, 79, 83, 71, 50, 25, 68, 57, 35, 93, 65, 23, 32, 58, 43, 94, 70, 61, 63, 11, 8, 49, 80, 34, 78, 74, 85, 19]","[341, 374, 217, 392, 391, 103, 327, 170, 381, 107, 110, 232, 282, 318, 275, 322, 188, 201, 360, 155, 101, 287, 133, 247, 297, 368, 321, 131, 265, 169, 206, 166, 124, 116, 306, 167, 356, 125, 258, 118, 136, 225, 142, 149, 262, 230, 204, 295, 390, 151, 337, 122, 252, 233, 278, 320, 248, 304, 313, 296, 135, 237, 207, 401, 190, 301, 187, 199, 242, 183, 172, 159, 198, 290, 100, 329, 371, 250, 261, 331, 269, 293, 346, 123, 111, 132, 126, 324, 215, 171, 335, 260, 241, 130, 352, 400, 292, 192, 173, 370, 98, 234, 109, 328, 281, 271, 229, 193, 326, 380, 268, 286, 120, 144, 389, 178, 319, 244, 372, 283, 388, 143, 362, 157, 128, 239, 164, 383, 174, 222, 185, 184, 95, 245, 308, 218, 385, 191, 323, 179, 253, 219, 175, 394, 310, 393, 235, 139, 273, 404, 302, 168, 309, 351, 231, 338, 279, 294, 305, 220, 113, 405, 364, 257, 347, 227, 379, 373, 182, 340, 148, 274, 203, 366, 213, 209, 147, 272, 108, 361, 344, 348, 382, 251, 208, 156, 97, 343, 365, 158, 165, 212, 224, 317, 216, 397, 141, 315, 263, 353, 300, 396, 228, 255, 177, 395, 240, 288, 330, 375, 376, 197, 314, 259, 129, 359, 299, 332, 354, 150, 138, 194, 267, 180, 195, 284, 333, 357, 117, 121, 223, 127, 339, 196, 243, 403, 153, 266, 114, 146, 189, 276, 289, 249, 367, 336, 270, 106, 145, 134, 200, 119, 386, 334, 307, 214, 303, 238, 210, 350, 358, 176, 384, 291, 221, 163, 202, 355, 387, 398, 205, 226, 102, 99, 137, 254, 285, 154, 211, 377, 112, 104, 256, 349, 312, 115, 152, 277, 363, 345, 140, 160, 280, 162, 246, 298, 186, 342, 311, 96, 369, 161, 399, 264, 402, 316, 105, 236, 181, 378, 325]"
diversity_off_nsga2,74,-75.69971225,16.380287749999997,40.000287750000005,"[91, 9, 28, 14, 53, 41, 67, 11, 16, 7, 17, 30, 33, 29, 54, 42, 82, 73, 81, 75, 72, 44, 31, 39, 38, 4, 92, 2, 24, 10, 48, 64, 76, 89, 18, 20, 47, 69, 56, 55, 90, 21, 45, 86, 36, 60, 84, 46, 51, 34, 12, 40, 13, 88, 27, 66, 37, 5, 6, 62, 59, 26, 3, 52, 1, 15, 87, 79, 83, 71, 22, 50, 25, 68, 57, 35, 93, 65, 23, 32, 58, 43, 94, 70, 61, 63, 8, 49, 80, 78, 74, 85, 77, 19]","[341, 374, 217, 392, 391, 103, 327, 170, 381, 107, 110, 232, 282, 318, 275, 322, 188, 201, 360, 313, 101, 287, 133, 297, 368, 321, 247, 265, 371, 206, 166, 124, 116, 306, 167, 356, 125, 258, 118, 136, 225, 142, 149, 262, 230, 204, 295, 288, 151, 337, 122, 252, 233, 278, 320, 248, 304, 155, 296, 135, 207, 401, 190, 301, 187, 199, 177, 404, 172, 159, 198, 290, 100, 329, 169, 250, 261, 331, 269, 293, 346, 123, 111, 132, 126, 324, 215, 171, 335, 260, 241, 130, 352, 400, 292, 192, 173, 370, 98, 234, 109, 328, 281, 271, 229, 193, 326, 380, 268, 286, 120, 144, 389, 178, 319, 244, 372, 283, 388, 143, 362, 303, 243, 157, 128, 239, 221, 237, 383, 174, 222, 185, 184, 95, 245, 308, 218, 385, 191, 323, 179, 253, 219, 175, 394, 310, 393, 235, 139, 405, 183, 302, 168, 309, 351, 231, 338, 279, 197, 305, 220, 113, 273, 364, 257, 347, 227, 379, 373, 182, 340, 148, 274, 203, 366, 213, 209, 147, 272, 108, 361, 344, 348, 382, 251, 208, 156, 97, 343, 365, 158, 165, 212, 224, 317, 216, 397, 141, 315, 263, 353, 300, 396, 228, 255, 242, 395, 240, 390, 330, 375, 376, 294, 314, 259, 129, 359, 299, 332, 354, 131, 150, 138, 194, 267, 180, 195, 284, 333, 357, 117, 121, 223, 127, 339, 196, 164, 403, 153, 266, 114, 146, 189, 276, 289, 249, 367, 336, 270, 106, 145, 134, 200, 119, 386, 334, 307, 214, 210, 350, 358, 176, 384, 291, 163, 202, 355, 387, 398, 205, 226, 102, 99, 137, 254, 238, 285, 154, 211, 377, 112, 104, 256, 349, 312, 115, 152, 277, 363, 345, 140, 160, 280, 162, 246, 298, 186, 342, 311, 96, 369, 161, 399, 264, 402, 316, 105, 236, 181, 378, 325]"
diversity_off_nsga2,75,-50.5,12.17,26.5,"[11, 31, 75, 43, 17, 39, 28, 42, 18, 85, 8, 49, 34, 68, 16, 57, 92, 35, 69, 14, 89, 37, 93, 10, 58, 20, 13, 59, 50, 82, 88, 73, 19, 44, 15, 64, 86, 54, 48, 87, 72, 62, 90, 55, 24, 56, 91, 6, 46, 7, 94, 21, 33, 45, 36, 77, 9, 3, 29, 60, 53, 67, 30, 52, 1, 66, 65, 71, 25, 74, 78, 27, 38, 23, 12, 4, 47, 32, 41, 22, 83, 2, 40, 51, 26, 84, 70, 76, 79, 80, 5, 61, 81, 63]","[197, 374, 217, 392, 391, 103, 357, 145, 327, 121, 170, 381, 115, 107, 106, 141, 127, 277, 254, 386, 354, 99, 403, 214, 232, 282, 318, 275, 221, 322, 188, 201, 360, 313, 101, 287, 133, 297, 368, 321, 131, 163, 119, 266, 265, 169, 206, 195, 345, 153, 117, 166, 259, 299, 112, 186, 124, 116, 306, 367, 167, 243, 332, 356, 276, 125, 194, 258, 189, 262, 118, 136, 247, 349, 142, 267, 150, 149, 336, 210, 230, 180, 204, 146, 152, 295, 288, 151, 337, 249, 223, 202, 270, 285, 233, 236, 159, 134, 200, 122, 252, 350, 312, 278, 320, 248, 355, 246, 304, 155, 298, 339, 296, 135, 342, 237, 207, 401, 311, 190, 316, 369, 161, 160, 301, 399, 333, 231, 302, 143, 271, 123, 226, 171, 209, 220, 211, 108, 334, 184, 111, 102, 147, 225, 251, 261, 281, 283, 97, 384, 162, 363, 308, 176, 137, 213, 192, 109, 156, 126, 273, 140, 105, 307, 289, 286, 293, 264, 377, 272, 314, 382, 398, 395, 185, 241, 138, 154, 250, 100, 234, 387, 330, 375, 358, 139, 268, 292, 359, 284, 164, 279, 238, 362, 114, 372, 365, 303, 158, 347, 235, 165, 338, 212, 224, 340, 317, 216, 397, 110, 315, 263, 353, 104, 373, 300, 396, 227, 228, 255, 177, 128, 244, 218, 174, 240, 222, 256, 390, 379, 343, 291, 366, 400, 348, 323, 129, 208, 181, 179, 205, 383, 305, 328, 96, 280, 198, 294, 324, 402, 260, 229, 344, 196, 376, 361, 319, 346, 329, 352, 173, 182, 132, 257, 404, 98, 253, 351, 120, 242, 331, 388, 144, 187, 175, 380, 309, 130, 219, 326, 199, 157, 389, 191, 183, 178, 269, 148, 113, 371, 274, 364, 193, 385, 393, 405, 335, 378, 325, 341, 245, 394, 239, 310, 172, 290, 215, 370, 95, 168, 203]"
diversity_off_nsga2,76,-75.25020459999999,32.359795399999996,37.1497954,"[9, 5, 53, 82, 64, 38, 62, 28, 13, 18, 74, 85, 89, 3, 86, 52, 78, 51, 90, 25, 27, 91, 40, 20, 30, 76, 60, 81, 69, 32, 31, 41, 56, 48, 66, 8, 88, 73, 55, 19, 44, 23, 16, 87, 36, 77, 29, 67, 1, 15, 94, 42, 14, 79, 83, 37, 71, 6, 72, 59, 17, 46, 50, 68, 65, 45, 92, 7, 12, 2, 57, 54, 63, 93, 26, 80, 35, 84, 47, 58, 43, 70, 61, 11, 22, 75, 49, 4, 34, 39, 24, 10, 21, 33]","[341, 374, 217, 390, 391, 103, 357, 145, 327, 121, 170, 115, 107, 259, 141, 127, 277, 254, 386, 354, 363, 403, 214, 232, 282, 318, 275, 184, 322, 188, 201, 360, 313, 222, 287, 133, 270, 368, 321, 131, 163, 119, 266, 265, 169, 251, 136, 247, 195, 153, 117, 166, 106, 112, 330, 124, 116, 306, 367, 167, 243, 332, 356, 276, 125, 194, 258, 189, 262, 118, 159, 142, 267, 150, 149, 336, 210, 230, 180, 204, 358, 152, 295, 288, 151, 337, 249, 223, 191, 297, 285, 134, 200, 122, 252, 240, 312, 278, 320, 248, 355, 246, 304, 155, 298, 339, 296, 135, 342, 237, 207, 401, 311, 190, 316, 369, 161, 160, 301, 399, 333, 187, 264, 199, 154, 211, 172, 105, 317, 140, 225, 384, 181, 290, 371, 250, 261, 293, 176, 346, 123, 111, 132, 126, 215, 171, 335, 260, 241, 130, 352, 400, 192, 205, 370, 98, 109, 328, 281, 364, 229, 193, 326, 380, 286, 120, 144, 389, 178, 319, 162, 208, 372, 283, 388, 143, 253, 185, 245, 220, 376, 273, 398, 323, 271, 219, 113, 305, 238, 309, 310, 221, 291, 378, 351, 325, 343, 308, 203, 137, 383, 164, 366, 213, 209, 99, 179, 385, 197, 147, 272, 108, 361, 344, 348, 95, 302, 382, 231, 405, 206, 183, 394, 156, 97, 362, 202, 365, 303, 158, 347, 235, 165, 338, 212, 224, 340, 216, 397, 110, 315, 263, 353, 104, 373, 300, 396, 227, 228, 255, 177, 128, 395, 218, 174, 233, 101, 256, 392, 387, 186, 375, 146, 139, 168, 393, 294, 175, 182, 148, 314, 379, 114, 307, 279, 226, 280, 402, 242, 404, 96, 236, 299, 198, 377, 100, 329, 331, 324, 292, 173, 269, 234, 268, 244, 239, 381, 349, 157, 345, 350, 274, 129, 138, 102, 196, 334, 289, 257, 284, 359]"
diversity_off_nsga2,77,-4.970454500632933,11.079545499367068,7.429545499367068,"[61, 49, 53, 82, 64, 42, 62, 28, 81, 86, 85, 3, 74, 52, 78, 46, 34, 41, 77, 45, 9, 29, 87, 91, 22, 69, 21, 2, 71, 40, 13, 90, 4, 36, 11, 18, 20, 47, 56, 6, 51, 60, 12, 88, 27, 37, 94, 55, 59, 26, 67, 66, 1, 15, 84, 79, 83, 50, 25, 68, 57, 35, 93, 65, 23, 32, 58, 43, 5, 70, 63, 8, 80, 19, 14, 16, 7, 17, 30, 33, 54, 38, 73, 75, 72, 44, 31, 39, 92, 24, 10, 48, 76, 89]","[318, 275, 188, 201, 360, 313, 101, 287, 133, 297, 368, 321, 247, 265, 169, 206, 166, 124, 116, 306, 167, 356, 125, 258, 118, 136, 225, 142, 149, 262, 230, 204, 295, 288, 151, 337, 122, 233, 278, 320, 248, 304, 155, 296, 237, 207, 401, 190, 187, 199, 177, 404, 172, 198, 290, 100, 242, 371, 331, 269, 293, 123, 111, 132, 126, 324, 215, 171, 335, 260, 241, 130, 352, 400, 292, 192, 173, 370, 98, 234, 109, 328, 271, 229, 193, 326, 380, 268, 286, 120, 144, 389, 319, 244, 372, 143, 362, 157, 128, 239, 303, 243, 164, 383, 174, 222, 185, 184, 95, 245, 218, 385, 191, 323, 179, 253, 219, 175, 394, 310, 393, 235, 139, 405, 302, 168, 309, 351, 231, 338, 197, 305, 220, 273, 250, 183, 110, 322, 312, 298, 227, 251, 153, 159, 301, 340, 252, 261, 281, 135, 283, 97, 178, 384, 374, 276, 346, 375, 113, 279, 308, 176, 388, 364, 257, 347, 379, 373, 182, 148, 274, 203, 366, 213, 209, 147, 272, 108, 361, 344, 348, 382, 208, 156, 343, 365, 158, 165, 212, 224, 317, 216, 397, 141, 315, 263, 353, 300, 396, 228, 255, 329, 395, 240, 390, 330, 376, 294, 314, 259, 129, 359, 299, 332, 354, 131, 150, 138, 194, 267, 180, 195, 284, 333, 357, 117, 121, 223, 127, 339, 196, 403, 266, 114, 146, 189, 289, 249, 367, 336, 270, 106, 145, 134, 200, 119, 386, 334, 307, 214, 210, 350, 358, 291, 221, 163, 202, 355, 387, 398, 205, 226, 102, 99, 137, 254, 238, 285, 154, 211, 377, 112, 104, 256, 349, 115, 152, 277, 363, 345, 140, 160, 280, 162, 246, 186, 342, 311, 96, 369, 161, 399, 264, 402, 316, 105, 236, 181, 378, 325, 341, 217, 392, 391, 103, 327, 170, 381, 107, 232, 282]"
diversity_off_nsga2,78,-83.7670977923077,30.582902207692303,46.53290220769232,"[91, 9, 61, 36, 20, 48, 14, 27, 65, 41, 32, 6, 73, 85, 78, 94, 8, 16, 24, 34, 28, 86, 17, 71, 30, 33, 88, 12, 29, 54, 42, 82, 64, 44, 15, 4, 22, 52, 74, 89, 21, 18, 25, 75, 92, 1, 39, 67, 90, 43, 2, 13, 3, 79, 83, 37, 60, 84, 72, 59, 26, 46, 50, 68, 53, 56, 76, 93, 10, 80, 7, 63, 70, 66, 23, 47, 69, 35, 58, 55, 19, 49, 11, 77, 87, 38, 40, 31, 51, 5, 57, 45, 81, 62]","[342, 262, 242, 127, 271, 319, 103, 292, 145, 166, 308, 268, 121, 386, 365, 317, 139, 99, 403, 232, 282, 318, 275, 322, 188, 201, 234, 313, 101, 297, 368, 131, 163, 119, 266, 265, 169, 206, 195, 345, 117, 162, 299, 112, 124, 116, 381, 249, 284, 397, 164, 238, 125, 270, 253, 173, 362, 364, 114, 202, 306, 237, 132, 236, 369, 177, 239, 372, 267, 393, 349, 157, 174, 247, 189, 329, 343, 291, 98, 197, 325, 376, 190, 371, 338, 231, 315, 378, 215, 400, 341, 335, 256, 323, 233, 245, 148, 150, 152, 373, 208, 128, 316, 223, 355, 243, 272, 181, 390, 179, 205, 360, 399, 383, 310, 134, 305, 276, 136, 328, 289, 235, 224, 96, 280, 302, 311, 353, 191, 198, 295, 294, 304, 296, 143, 324, 405, 402, 156, 336, 263, 228, 370, 165, 344, 320, 123, 226, 404, 160, 287, 171, 141, 104, 211, 142, 209, 108, 326, 122, 334, 151, 303, 184, 111, 118, 240, 230, 379, 257, 385, 167, 102, 147, 250, 183, 110, 216, 222, 312, 298, 203, 227, 251, 153, 159, 301, 340, 252, 261, 172, 281, 274, 135, 283, 97, 178, 384, 367, 374, 300, 363, 346, 356, 375, 113, 279, 115, 193, 330, 176, 388, 220, 285, 175, 161, 213, 358, 339, 196, 361, 387, 337, 207, 347, 100, 351, 288, 331, 144, 333, 187, 380, 309, 130, 219, 149, 394, 401, 182, 168, 214, 392, 290, 95, 258, 212, 109, 260, 126, 120, 273, 140, 105, 307, 278, 286, 332, 293, 106, 200, 180, 264, 146, 377, 352, 350, 395, 314, 382, 221, 259, 398, 244, 246, 199, 185, 241, 396, 137, 154, 155, 158, 225, 129, 269, 210, 389, 229, 218, 366, 255, 133, 321, 192, 348, 277, 248, 217, 391, 357, 327, 170, 359, 107, 138, 254, 354, 194, 204, 186]"
diversity_off_nsga2,79,-39.321563875,15.188436124999999,15.278436124999999,"[52, 51, 41, 67, 29, 70, 55, 2, 80, 27, 30, 1, 57, 22, 11, 34, 6, 36, 94, 53, 74, 59, 15, 28, 40, 26, 35, 31, 75, 93, 43, 5, 21, 92, 81, 25, 61, 84, 37, 18, 56, 85, 8, 71, 9, 3, 20, 13, 32, 17, 50, 82, 88, 69, 19, 44, 91, 16, 39, 60, 54, 45, 63, 58, 48, 83, 86, 66, 72, 46, 10, 64, 76, 79, 78, 90, 42, 77, 62, 65, 87, 49, 7, 4, 38, 23, 33, 68, 12, 24, 47, 14, 89, 73]","[300, 275, 299, 113, 273, 351, 177, 152, 398, 282, 104, 297, 200, 264, 145, 237, 339, 395, 315, 246, 249, 359, 244, 150, 374, 138, 133, 365, 307, 317, 259, 334, 284, 278, 208, 99, 316, 272, 357, 168, 126, 369, 235, 156, 349, 396, 119, 160, 222, 354, 372, 387, 337, 373, 257, 207, 404, 347, 231, 116, 128, 122, 233, 142, 188, 313, 103, 227, 242, 129, 304, 338, 197, 388, 144, 333, 187, 223, 209, 368, 159, 309, 295, 358, 318, 149, 326, 199, 379, 389, 296, 183, 174, 178, 364, 393, 139, 141, 190, 336, 206, 303, 204, 230, 251, 355, 135, 134, 240, 298, 158, 205, 401, 164, 211, 102, 310, 280, 254, 154, 311, 348, 155, 270, 362, 268, 121, 263, 181, 405, 350, 312, 146, 302, 106, 287, 196, 402, 153, 301, 279, 386, 376, 258, 320, 161, 342, 294, 220, 289, 252, 239, 306, 399, 166, 305, 172, 105, 182, 236, 140, 225, 198, 377, 290, 100, 329, 118, 250, 261, 331, 269, 293, 346, 123, 314, 132, 131, 215, 171, 340, 335, 260, 241, 130, 352, 400, 292, 192, 173, 370, 277, 98, 234, 109, 397, 281, 165, 271, 148, 212, 229, 193, 345, 391, 288, 125, 330, 151, 356, 124, 202, 319, 325, 274, 361, 394, 186, 256, 114, 380, 266, 170, 321, 332, 243, 344, 194, 216, 203, 383, 167, 255, 390, 169, 328, 371, 111, 162, 115, 157, 117, 185, 195, 247, 363, 184, 180, 285, 353, 96, 95, 267, 324, 137, 366, 97, 214, 262, 286, 283, 176, 384, 291, 221, 163, 381, 245, 308, 360, 218, 343, 385, 378, 101, 108, 191, 323, 224, 147, 112, 276, 253, 136, 120, 179, 238, 201, 403, 232, 107, 127, 228, 322, 226, 265, 219, 143, 175, 210, 189, 327, 375, 367, 341, 392, 217, 382, 213, 248, 110]"
diversity_off_nsga2,80,-30.5,11.66,12.5,"[11, 38, 63, 53, 14, 23, 12, 30, 34, 68, 47, 4, 44, 69, 25, 55, 41, 22, 77, 87, 89, 36, 2, 28, 40, 26, 58, 31, 75, 93, 43, 5, 21, 92, 13, 51, 61, 84, 42, 18, 17, 85, 8, 29, 9, 3, 20, 81, 59, 56, 50, 82, 88, 73, 19, 78, 91, 16, 39, 60, 54, 62, 37, 35, 48, 83, 72, 76, 79, 45, 57, 15, 6, 1, 33, 46, 7, 94, 49, 67, 10, 70, 80, 66, 65, 64, 90, 71, 32, 74, 86, 24, 52, 27]","[318, 300, 354, 239, 240, 233, 302, 375, 382, 357, 103, 153, 146, 374, 162, 339, 376, 133, 208, 231, 341, 272, 197, 230, 235, 141, 372, 392, 144, 309, 398, 206, 362, 183, 305, 294, 114, 299, 389, 104, 393, 156, 213, 326, 138, 196, 388, 122, 348, 254, 188, 244, 367, 129, 336, 270, 99, 279, 259, 106, 306, 263, 149, 168, 223, 317, 116, 405, 351, 310, 217, 145, 139, 338, 220, 289, 359, 358, 337, 177, 287, 178, 121, 150, 152, 164, 174, 102, 275, 387, 295, 297, 131, 249, 113, 204, 222, 282, 273, 313, 142, 364, 166, 268, 368, 128, 134, 200, 257, 119, 159, 347, 386, 334, 110, 307, 312, 278, 396, 227, 379, 320, 248, 355, 246, 304, 155, 298, 395, 251, 296, 135, 315, 342, 237, 207, 401, 311, 190, 316, 369, 373, 161, 160, 301, 399, 333, 187, 264, 199, 154, 280, 402, 211, 242, 404, 172, 105, 182, 236, 140, 225, 198, 148, 290, 100, 329, 118, 250, 261, 331, 269, 293, 346, 123, 314, 132, 126, 215, 171, 340, 335, 260, 241, 130, 352, 400, 292, 192, 229, 370, 277, 98, 234, 109, 397, 281, 165, 271, 377, 212, 173, 193, 345, 391, 288, 125, 330, 151, 356, 124, 202, 319, 325, 274, 361, 258, 186, 256, 209, 380, 266, 170, 321, 332, 243, 344, 194, 216, 203, 383, 167, 255, 390, 169, 328, 371, 111, 205, 115, 157, 117, 185, 195, 247, 363, 184, 180, 285, 353, 96, 95, 267, 324, 137, 366, 97, 214, 262, 350, 283, 176, 384, 291, 221, 163, 381, 245, 308, 360, 218, 343, 385, 378, 101, 108, 191, 323, 224, 147, 112, 276, 403, 136, 120, 179, 238, 201, 253, 232, 107, 127, 228, 322, 226, 265, 219, 143, 175, 210, 189, 327, 365, 286, 349, 394, 158, 252, 284, 181, 303]"
diversity_off_nsga2,81,-72.653852,16.466148,36.746148,"[41, 16, 32, 91, 9, 28, 7, 17, 30, 29, 54, 42, 82, 73, 75, 72, 44, 31, 39, 38, 4, 92, 2, 24, 10, 48, 64, 76, 89, 36, 88, 20, 47, 69, 56, 55, 90, 21, 45, 86, 53, 51, 60, 12, 40, 13, 18, 27, 66, 37, 26, 3, 87, 22, 94, 6, 62, 59, 67, 52, 1, 15, 84, 79, 83, 71, 46, 50, 25, 68, 57, 33, 93, 35, 65, 23, 19, 58, 43, 5, 70, 61, 63, 11, 8, 49, 80, 34, 78, 74, 85, 77, 81, 14]","[341, 374, 217, 392, 391, 103, 327, 170, 381, 107, 110, 232, 282, 318, 275, 322, 188, 201, 360, 313, 101, 287, 133, 297, 195, 321, 131, 265, 169, 206, 166, 124, 116, 306, 167, 356, 125, 258, 118, 136, 225, 142, 149, 262, 230, 204, 295, 151, 337, 122, 252, 233, 278, 320, 248, 304, 155, 296, 135, 237, 207, 401, 190, 301, 187, 199, 242, 404, 172, 159, 198, 269, 100, 329, 371, 250, 261, 331, 290, 293, 346, 123, 111, 132, 126, 324, 215, 171, 335, 260, 241, 130, 352, 400, 292, 192, 173, 370, 234, 109, 328, 281, 271, 229, 193, 326, 380, 268, 286, 120, 144, 389, 178, 319, 244, 372, 283, 388, 143, 362, 157, 128, 239, 164, 383, 174, 98, 247, 221, 222, 185, 184, 95, 245, 308, 218, 385, 191, 323, 179, 253, 219, 175, 394, 310, 393, 235, 139, 405, 183, 302, 168, 227, 351, 231, 338, 279, 197, 305, 220, 113, 363, 364, 257, 347, 309, 379, 373, 182, 340, 148, 274, 203, 366, 213, 209, 147, 272, 108, 361, 344, 348, 382, 251, 208, 156, 97, 343, 365, 158, 288, 165, 212, 224, 317, 216, 397, 141, 315, 263, 353, 300, 396, 228, 255, 177, 395, 240, 390, 330, 375, 376, 294, 314, 259, 129, 359, 299, 332, 354, 150, 138, 194, 267, 180, 368, 284, 333, 357, 117, 121, 223, 127, 339, 196, 243, 403, 153, 266, 114, 146, 189, 276, 289, 249, 367, 336, 270, 106, 145, 134, 200, 119, 386, 334, 307, 214, 210, 350, 358, 176, 384, 291, 303, 163, 202, 355, 387, 398, 205, 226, 102, 99, 137, 254, 238, 285, 154, 211, 377, 112, 104, 256, 349, 312, 115, 152, 277, 273, 345, 140, 160, 280, 162, 246, 298, 186, 342, 311, 316, 369, 161, 399, 264, 402, 96, 105, 236, 181, 378, 325]"
diversity_off_nsga2,82,-98.90906863871129,28.710931361288708,71.6909313612887,"[19, 91, 9, 28, 14, 41, 16, 7, 17, 30, 33, 29, 54, 42, 82, 73, 81, 75, 72, 44, 22, 31, 39, 38, 4, 92, 2, 24, 10, 64, 76, 89, 36, 18, 20, 47, 69, 56, 55, 87, 90, 21, 45, 53, 51, 60, 12, 40, 13, 88, 27, 66, 37, 94, 6, 62, 59, 26, 3, 52, 1, 15, 84, 79, 50, 25, 83, 71, 46, 48, 86, 68, 57, 35, 93, 65, 23, 32, 58, 43, 5, 70, 61, 63, 11, 8, 49, 80, 34, 78, 74, 85, 77, 67]","[325, 341, 374, 217, 392, 391, 103, 327, 170, 381, 107, 110, 232, 282, 318, 275, 322, 188, 201, 360, 313, 101, 287, 133, 297, 368, 321, 131, 265, 169, 206, 166, 124, 116, 306, 167, 356, 125, 258, 118, 136, 225, 142, 149, 262, 230, 204, 295, 288, 151, 337, 122, 252, 233, 278, 320, 248, 304, 155, 296, 135, 237, 207, 401, 190, 301, 187, 199, 242, 404, 172, 159, 198, 290, 100, 329, 371, 250, 261, 331, 269, 293, 346, 123, 111, 132, 126, 324, 215, 171, 335, 260, 241, 130, 352, 400, 292, 192, 173, 370, 98, 234, 109, 328, 281, 271, 229, 193, 326, 380, 268, 286, 120, 144, 389, 178, 319, 244, 372, 283, 388, 143, 362, 157, 128, 239, 303, 164, 383, 174, 222, 185, 184, 95, 245, 308, 218, 385, 191, 323, 179, 253, 219, 175, 394, 310, 393, 235, 139, 405, 183, 302, 168, 309, 351, 231, 338, 279, 197, 305, 386, 113, 273, 364, 257, 347, 227, 379, 373, 182, 340, 148, 274, 203, 366, 213, 209, 147, 272, 108, 361, 344, 348, 382, 251, 208, 156, 97, 343, 365, 158, 165, 212, 224, 270, 216, 397, 141, 315, 263, 353, 300, 396, 228, 255, 177, 395, 240, 390, 330, 375, 376, 294, 314, 259, 129, 359, 299, 332, 354, 247, 127, 138, 194, 267, 180, 195, 284, 333, 357, 117, 121, 223, 150, 339, 196, 243, 403, 153, 266, 114, 146, 189, 276, 289, 249, 367, 336, 317, 106, 145, 134, 200, 119, 220, 334, 307, 214, 210, 350, 358, 176, 384, 291, 221, 163, 202, 355, 387, 398, 205, 226, 102, 99, 137, 254, 238, 285, 154, 211, 377, 112, 104, 256, 349, 312, 115, 152, 277, 363, 345, 140, 160, 280, 162, 246, 298, 186, 342, 311, 316, 369, 161, 399, 264, 402, 96, 105, 236, 181, 378]"
diversity_off_nsga2,83,-115.49481721286784,36.255182787132135,79.90518278713213,"[3, 19, 91, 9, 28, 14, 16, 7, 17, 30, 33, 29, 54, 42, 82, 44, 81, 75, 72, 73, 22, 31, 48, 38, 4, 92, 2, 24, 10, 39, 64, 76, 89, 18, 62, 1, 32, 20, 47, 69, 45, 55, 87, 56, 21, 90, 86, 53, 51, 60, 12, 40, 13, 88, 27, 66, 37, 94, 6, 41, 59, 26, 67, 52, 36, 15, 84, 79, 83, 71, 46, 50, 25, 68, 57, 35, 93, 65, 23, 11, 58, 43, 5, 70, 61, 63, 8, 49, 80, 34, 78, 74, 85, 77]","[325, 341, 374, 217, 392, 391, 103, 327, 170, 381, 107, 110, 232, 282, 318, 275, 322, 188, 201, 360, 313, 101, 287, 133, 297, 368, 321, 247, 265, 169, 206, 166, 124, 116, 306, 167, 356, 125, 258, 118, 204, 225, 142, 149, 262, 230, 136, 295, 288, 151, 337, 122, 252, 233, 278, 320, 248, 304, 155, 296, 135, 237, 207, 401, 190, 301, 187, 199, 242, 404, 172, 159, 198, 290, 100, 329, 371, 250, 261, 331, 269, 293, 346, 123, 111, 132, 126, 324, 215, 171, 335, 260, 241, 130, 352, 400, 292, 192, 173, 370, 98, 234, 109, 328, 281, 271, 229, 193, 326, 380, 268, 286, 120, 144, 389, 178, 319, 244, 372, 283, 388, 143, 362, 157, 128, 239, 303, 164, 383, 174, 222, 185, 184, 95, 245, 308, 218, 385, 191, 323, 179, 253, 219, 175, 394, 310, 393, 235, 139, 405, 183, 302, 168, 309, 351, 231, 338, 279, 197, 305, 220, 113, 273, 364, 257, 347, 227, 379, 373, 182, 340, 148, 274, 203, 366, 213, 209, 147, 272, 108, 361, 344, 348, 382, 251, 208, 156, 97, 343, 365, 158, 165, 212, 224, 317, 216, 397, 141, 315, 263, 353, 300, 396, 228, 255, 177, 395, 240, 390, 330, 375, 376, 294, 314, 259, 129, 359, 299, 332, 354, 131, 150, 138, 194, 267, 180, 195, 284, 333, 357, 117, 121, 223, 127, 339, 196, 243, 403, 153, 266, 114, 146, 189, 276, 289, 249, 367, 336, 270, 106, 145, 134, 200, 119, 386, 334, 307, 214, 210, 350, 358, 176, 384, 291, 221, 163, 202, 355, 387, 398, 205, 226, 102, 99, 137, 254, 238, 285, 154, 211, 377, 112, 104, 256, 349, 312, 115, 152, 277, 363, 345, 140, 160, 280, 162, 246, 298, 186, 342, 311, 96, 369, 161, 399, 264, 402, 316, 105, 236, 181, 378]"
diversity_off_nsga2,84,-32.566789375,8.713210625,32.43321062500001,"[82, 73, 81, 75, 72, 44, 22, 24, 48, 64, 76, 36, 18, 20, 47, 69, 56, 55, 87, 90, 21, 15, 86, 32, 51, 60, 40, 13, 88, 27, 66, 37, 94, 74, 3, 52, 79, 71, 93, 39, 38, 63, 43, 4, 11, 31, 67, 12, 54, 45, 2, 42, 62, 58, 34, 26, 1, 49, 84, 59, 89, 46, 50, 68, 65, 8, 92, 10, 35, 6, 83, 25, 57, 23, 53, 5, 61, 70, 85, 77, 78, 80, 19, 91, 9, 28, 14, 41, 16, 7, 17, 30, 33, 29]","[248, 237, 242, 404, 198, 329, 331, 269, 324, 100, 292, 173, 370, 234, 268, 244, 157, 128, 239, 303, 383, 222, 308, 218, 385, 139, 168, 197, 150, 227, 373, 148, 274, 147, 158, 212, 224, 141, 315, 396, 162, 177, 240, 390, 330, 375, 294, 314, 299, 332, 354, 223, 339, 249, 134, 200, 119, 349, 210, 350, 358, 163, 129, 155, 298, 186, 135, 342, 317, 207, 311, 190, 316, 369, 161, 160, 399, 187, 264, 199, 154, 280, 211, 172, 105, 216, 225, 290, 364, 250, 261, 293, 346, 123, 111, 126, 215, 171, 335, 260, 241, 359, 352, 400, 192, 127, 328, 281, 271, 229, 193, 326, 380, 286, 120, 144, 389, 178, 319, 103, 202, 270, 333, 347, 145, 174, 140, 201, 401, 398, 102, 159, 132, 98, 397, 252, 113, 166, 351, 372, 388, 143, 253, 245, 220, 393, 273, 323, 219, 305, 309, 310, 378, 115, 296, 231, 405, 251, 208, 394, 156, 97, 343, 265, 183, 254, 348, 109, 403, 228, 362, 121, 263, 371, 205, 181, 117, 185, 195, 363, 285, 95, 137, 214, 262, 283, 176, 384, 291, 221, 312, 302, 189, 106, 287, 196, 153, 301, 279, 386, 259, 365, 184, 300, 203, 361, 366, 179, 376, 353, 247, 180, 267, 146, 282, 209, 276, 307, 164, 112, 284, 272, 266, 108, 133, 213, 138, 357, 382, 336, 243, 395, 275, 165, 289, 114, 367, 334, 344, 131, 99, 387, 194, 182, 257, 116, 142, 188, 356, 235, 304, 338, 107, 125, 322, 327, 368, 175, 340, 169, 130, 318, 101, 379, 191, 355, 226, 238, 377, 104, 256, 288, 152, 277, 345, 255, 246, 402, 96, 236, 325, 341, 374, 217, 392, 391, 170, 381, 110, 232, 360, 313, 297, 321, 206, 124, 306, 167, 258, 118, 136, 149, 230, 204, 295, 151, 337, 122, 233, 278, 320]"
diversity_off_nsga2,85,-43.89565152278535,22.154348477214647,13.504348477214652,"[32, 41, 56, 48, 76, 55, 16, 91, 19, 62, 46, 1, 71, 77, 15, 43, 36, 7, 30, 8, 10, 22, 39, 11, 68, 45, 63, 80, 40, 61, 86, 82, 67, 26, 58, 14, 74, 25, 75, 53, 93, 3, 88, 21, 92, 65, 44, 9, 90, 34, 13, 51, 4, 31, 6, 52, 85, 35, 72, 12, 50, 59, 87, 42, 29, 64, 27, 37, 79, 83, 94, 57, 60, 24, 28, 73, 23, 2, 84, 17, 70, 5, 78, 38, 66, 49, 33, 89, 18, 20, 81, 47, 54, 69]","[391, 141, 121, 127, 275, 369, 327, 232, 274, 196, 392, 322, 188, 130, 341, 282, 370, 132, 297, 99, 106, 145, 299, 386, 167, 310, 184, 101, 239, 138, 107, 226, 217, 277, 403, 115, 279, 182, 368, 321, 131, 163, 119, 266, 265, 169, 206, 195, 345, 227, 117, 162, 257, 112, 339, 124, 116, 306, 367, 334, 243, 332, 356, 276, 125, 194, 258, 189, 262, 286, 136, 247, 349, 159, 142, 177, 150, 149, 336, 210, 230, 180, 204, 146, 152, 295, 288, 151, 337, 249, 223, 202, 270, 285, 134, 200, 122, 252, 233, 312, 278, 320, 248, 355, 304, 298, 186, 296, 135, 342, 237, 207, 401, 311, 190, 316, 102, 161, 236, 301, 399, 333, 187, 264, 280, 402, 211, 242, 404, 96, 172, 105, 160, 140, 384, 181, 198, 290, 100, 329, 371, 250, 261, 331, 293, 176, 346, 123, 111, 347, 126, 324, 215, 171, 335, 260, 360, 400, 292, 192, 173, 205, 170, 98, 234, 109, 328, 281, 271, 229, 193, 326, 380, 268, 118, 120, 144, 389, 178, 319, 166, 351, 372, 365, 388, 143, 253, 245, 393, 273, 323, 364, 219, 113, 305, 238, 309, 291, 378, 183, 325, 362, 157, 308, 203, 137, 383, 164, 366, 213, 209, 363, 179, 385, 197, 147, 272, 108, 361, 344, 348, 95, 302, 354, 405, 251, 208, 394, 156, 97, 343, 191, 283, 303, 289, 235, 165, 338, 212, 224, 340, 317, 216, 397, 110, 315, 263, 353, 104, 373, 300, 153, 228, 267, 128, 218, 174, 240, 222, 256, 390, 387, 330, 375, 358, 139, 168, 376, 294, 175, 255, 377, 352, 350, 395, 314, 382, 221, 259, 398, 244, 246, 199, 185, 241, 396, 220, 154, 155, 158, 225, 148, 269, 379, 114, 307, 129, 359, 254, 318, 374, 231, 381, 133, 103, 201, 284, 313, 214, 287, 357]"
diversity_off_nsga2,86,-47.0,11.53,25.4,"[33, 68, 14, 41, 16, 7, 17, 30, 9, 29, 54, 42, 82, 73, 81, 75, 72, 44, 22, 31, 39, 38, 4, 92, 2, 24, 10, 48, 64, 76, 89, 36, 47, 69, 56, 8, 87, 90, 21, 45, 86, 51, 60, 12, 40, 13, 66, 37, 34, 62, 59, 26, 67, 52, 1, 15, 84, 79, 46, 50, 25, 74, 35, 83, 71, 57, 58, 5, 70, 93, 65, 23, 32, 43, 27, 6, 88, 53, 61, 63, 11, 55, 49, 80, 94, 78, 28, 85, 77, 3, 18, 20, 19, 91]","[325, 341, 374, 217, 392, 391, 103, 327, 170, 381, 107, 110, 232, 282, 318, 275, 322, 188, 201, 360, 313, 101, 287, 133, 297, 368, 321, 131, 265, 169, 206, 166, 124, 116, 306, 167, 356, 125, 258, 118, 136, 225, 142, 149, 262, 230, 204, 295, 288, 151, 337, 122, 252, 233, 278, 320, 248, 304, 155, 296, 135, 237, 207, 401, 190, 301, 187, 199, 242, 404, 172, 159, 198, 290, 100, 329, 371, 250, 261, 331, 269, 293, 346, 123, 111, 132, 126, 324, 215, 171, 335, 260, 241, 130, 352, 400, 292, 192, 173, 370, 98, 234, 109, 328, 281, 271, 229, 193, 326, 380, 357, 286, 120, 144, 389, 178, 319, 244, 372, 283, 388, 143, 362, 157, 128, 239, 303, 164, 383, 174, 222, 185, 184, 95, 245, 308, 218, 385, 191, 323, 179, 253, 219, 175, 394, 310, 393, 235, 139, 405, 183, 302, 168, 309, 351, 231, 338, 279, 197, 305, 220, 113, 273, 364, 257, 347, 227, 379, 373, 182, 340, 148, 274, 203, 366, 213, 209, 147, 272, 108, 361, 344, 348, 382, 251, 208, 156, 97, 343, 365, 158, 165, 212, 224, 317, 216, 397, 141, 315, 263, 353, 300, 396, 228, 255, 177, 395, 240, 390, 330, 375, 376, 294, 314, 259, 129, 359, 299, 332, 354, 247, 150, 138, 194, 267, 180, 195, 284, 333, 268, 117, 121, 223, 127, 339, 196, 243, 403, 153, 266, 114, 146, 189, 276, 289, 249, 367, 336, 270, 106, 145, 134, 200, 119, 386, 334, 307, 214, 210, 350, 358, 176, 384, 291, 221, 163, 202, 355, 387, 398, 205, 226, 102, 99, 137, 254, 238, 285, 154, 211, 377, 112, 104, 256, 349, 312, 115, 152, 277, 363, 345, 140, 160, 280, 162, 246, 298, 186, 342, 311, 316, 369, 161, 399, 264, 402, 96, 105, 236, 181, 378]"
diversity_off_nsga2,87,-3.938648425977505,9.021351574022496,8.361351574022496,"[49, 53, 82, 38, 62, 28, 42, 18, 74, 85, 3, 52, 25, 27, 23, 20, 78, 60, 81, 69, 31, 56, 88, 73, 55, 19, 66, 91, 29, 87, 36, 41, 16, 92, 57, 15, 13, 37, 6, 59, 89, 50, 65, 45, 67, 35, 75, 1, 21, 94, 54, 7, 61, 48, 86, 44, 72, 46, 64, 76, 79, 70, 90, 80, 14, 58, 63, 11, 8, 17, 39, 33, 9, 93, 5, 43, 71, 12, 4, 68, 47, 32, 77, 22, 83, 2, 40, 51, 26, 84, 34, 10, 24, 30]","[117, 115, 299, 112, 339, 116, 306, 367, 167, 232, 170, 277, 385, 124, 332, 360, 224, 147, 399, 321, 236, 243, 356, 276, 125, 194, 258, 189, 262, 136, 247, 349, 142, 267, 150, 149, 336, 210, 230, 180, 204, 146, 357, 295, 288, 151, 337, 249, 223, 202, 270, 285, 134, 200, 122, 252, 233, 166, 119, 159, 347, 386, 231, 110, 312, 278, 320, 248, 355, 246, 304, 155, 298, 251, 296, 135, 342, 237, 207, 401, 311, 190, 316, 369, 161, 109, 301, 212, 333, 191, 264, 199, 118, 340, 220, 393, 273, 398, 323, 364, 219, 113, 305, 238, 309, 310, 378, 183, 325, 308, 203, 187, 158, 235, 165, 338, 216, 397, 263, 104, 179, 197, 272, 108, 344, 348, 382, 405, 186, 394, 154, 280, 402, 211, 242, 404, 96, 172, 105, 317, 140, 225, 384, 181, 198, 377, 290, 100, 329, 371, 250, 261, 331, 269, 293, 176, 346, 123, 111, 132, 126, 324, 215, 171, 335, 260, 241, 130, 352, 400, 292, 192, 173, 205, 370, 98, 234, 160, 328, 281, 271, 229, 193, 326, 380, 268, 286, 120, 144, 389, 178, 319, 162, 208, 244, 372, 283, 388, 143, 362, 157, 128, 213, 375, 390, 239, 209, 303, 164, 315, 365, 383, 174, 240, 222, 256, 387, 330, 255, 185, 363, 184, 353, 95, 137, 366, 97, 373, 300, 396, 227, 228, 177, 218, 358, 139, 168, 289, 350, 291, 302, 196, 279, 253, 361, 395, 294, 175, 182, 148, 314, 226, 274, 129, 138, 102, 334, 376, 257, 284, 379, 114, 307, 351, 245, 156, 343, 359, 341, 374, 217, 392, 391, 103, 152, 145, 327, 121, 381, 259, 107, 106, 141, 127, 254, 354, 99, 403, 214, 282, 318, 275, 221, 322, 188, 201, 313, 101, 287, 133, 297, 368, 131, 163, 266, 265, 169, 206, 195, 345, 153]"
diversity_off_nsga2,88,-0.9211155262739581,8.658884473726042,8.278884473726041,"[36, 49, 53, 82, 64, 42, 62, 28, 81, 86, 85, 3, 74, 52, 78, 46, 34, 41, 77, 45, 9, 29, 87, 91, 22, 69, 21, 2, 71, 40, 13, 90, 88, 84, 6, 79, 20, 47, 56, 37, 51, 60, 12, 18, 27, 66, 10, 94, 59, 26, 67, 1, 15, 83, 50, 25, 68, 57, 35, 93, 65, 23, 32, 58, 43, 5, 70, 61, 63, 11, 8, 80, 19, 14, 16, 7, 17, 30, 33, 54, 73, 75, 72, 44, 31, 39, 38, 4, 92, 24, 55, 48, 76, 89]","[149, 262, 204, 295, 288, 151, 337, 233, 278, 248, 155, 237, 401, 190, 187, 199, 242, 404, 172, 269, 100, 329, 371, 331, 290, 293, 111, 132, 126, 215, 171, 335, 241, 130, 352, 400, 292, 192, 173, 197, 234, 109, 328, 271, 229, 193, 380, 268, 286, 120, 144, 389, 319, 244, 372, 362, 157, 128, 239, 164, 383, 174, 222, 185, 95, 245, 218, 323, 179, 253, 219, 394, 310, 393, 235, 139, 168, 309, 351, 231, 338, 98, 305, 220, 273, 364, 347, 373, 182, 148, 363, 289, 224, 96, 280, 302, 311, 353, 191, 198, 294, 304, 296, 143, 324, 405, 156, 263, 228, 370, 367, 320, 123, 226, 188, 287, 260, 138, 104, 211, 108, 326, 122, 334, 303, 184, 118, 240, 379, 257, 385, 230, 102, 147, 250, 183, 110, 322, 312, 298, 227, 251, 153, 159, 301, 340, 252, 261, 281, 135, 283, 97, 178, 384, 374, 276, 346, 375, 113, 279, 308, 176, 388, 137, 285, 175, 213, 358, 339, 196, 387, 207, 274, 203, 366, 209, 272, 361, 344, 348, 382, 208, 343, 365, 158, 165, 212, 317, 216, 397, 141, 315, 300, 396, 255, 177, 395, 390, 330, 376, 314, 259, 129, 359, 299, 332, 354, 247, 150, 194, 267, 180, 195, 284, 333, 357, 117, 121, 223, 127, 243, 403, 266, 114, 146, 189, 249, 336, 270, 106, 145, 134, 200, 119, 386, 307, 214, 210, 350, 291, 221, 163, 202, 355, 398, 205, 99, 254, 238, 154, 377, 112, 256, 349, 115, 152, 277, 345, 140, 160, 162, 246, 186, 342, 316, 369, 161, 399, 264, 402, 105, 236, 181, 378, 325, 341, 217, 392, 391, 103, 327, 170, 381, 107, 232, 282, 318, 275, 201, 360, 313, 101, 133, 297, 368, 321, 131, 265, 169, 206, 166, 124, 116, 306, 167, 356, 125, 258, 136, 225, 142]"
diversity_off_nsga2,89,-98.90906863871129,28.710931361288708,71.6909313612887,"[19, 91, 9, 28, 14, 41, 16, 7, 30, 33, 29, 54, 42, 82, 73, 81, 75, 44, 22, 31, 39, 38, 4, 92, 2, 24, 10, 48, 64, 76, 89, 36, 20, 37, 69, 56, 55, 87, 90, 21, 45, 51, 60, 12, 40, 13, 18, 47, 62, 59, 26, 67, 52, 1, 83, 71, 46, 50, 25, 32, 61, 8, 49, 34, 78, 74, 27, 6, 88, 53, 80, 84, 85, 68, 57, 66, 93, 65, 23, 11, 58, 43, 5, 70, 86, 63, 17, 94, 15, 35, 72, 79, 77, 3]","[325, 341, 374, 217, 392, 391, 103, 327, 170, 381, 107, 110, 232, 282, 318, 275, 322, 188, 201, 360, 313, 101, 287, 133, 297, 368, 321, 131, 265, 169, 206, 166, 124, 116, 306, 167, 356, 125, 258, 118, 136, 225, 142, 149, 262, 230, 204, 295, 288, 151, 329, 122, 252, 233, 278, 320, 248, 304, 155, 296, 135, 237, 207, 401, 190, 301, 187, 199, 242, 404, 172, 159, 198, 269, 100, 337, 371, 250, 261, 331, 290, 293, 346, 123, 111, 132, 126, 324, 215, 171, 335, 260, 241, 130, 352, 400, 292, 192, 173, 370, 197, 234, 109, 328, 281, 271, 229, 193, 326, 380, 268, 286, 120, 144, 389, 178, 319, 244, 372, 283, 388, 143, 362, 157, 128, 239, 303, 164, 383, 174, 222, 185, 184, 95, 245, 308, 218, 385, 191, 323, 179, 253, 219, 175, 394, 310, 393, 235, 139, 405, 183, 302, 168, 309, 351, 231, 338, 279, 98, 305, 220, 113, 273, 364, 257, 347, 227, 379, 373, 182, 340, 148, 274, 203, 366, 213, 209, 147, 272, 108, 361, 344, 348, 382, 251, 208, 156, 97, 343, 365, 158, 165, 212, 224, 317, 216, 397, 141, 315, 263, 353, 300, 396, 228, 255, 177, 395, 240, 390, 330, 375, 376, 294, 314, 259, 129, 359, 299, 332, 354, 247, 150, 138, 194, 267, 180, 195, 284, 333, 357, 117, 121, 223, 127, 339, 196, 243, 403, 153, 266, 114, 146, 189, 276, 289, 249, 367, 336, 270, 106, 145, 134, 200, 119, 386, 334, 307, 214, 210, 350, 358, 176, 384, 291, 221, 163, 202, 355, 387, 398, 205, 226, 102, 99, 137, 254, 238, 285, 154, 211, 377, 112, 104, 256, 349, 312, 115, 152, 277, 363, 345, 140, 160, 280, 162, 246, 298, 186, 342, 311, 316, 369, 161, 399, 264, 402, 96, 105, 236, 181, 378]"
diversity_off_nsga2,90,-77.90650847488851,35.543491525111484,36.893491525111486,"[19, 84, 66, 48, 69, 59, 91, 68, 9, 71, 36, 20, 40, 26, 58, 14, 27, 53, 5, 92, 81, 41, 32, 6, 73, 85, 46, 28, 80, 83, 94, 37, 18, 56, 3, 2, 50, 82, 88, 44, 16, 39, 62, 54, 45, 11, 35, 86, 72, 10, 64, 76, 47, 90, 49, 51, 25, 7, 57, 60, 15, 67, 29, 74, 52, 61, 65, 77, 38, 63, 23, 12, 30, 34, 4, 22, 70, 87, 89, 17, 78, 8, 33, 1, 13, 24, 55, 79, 93, 31, 75, 43, 21, 42]","[398, 99, 139, 104, 133, 162, 154, 372, 149, 405, 294, 183, 132, 129, 302, 116, 326, 233, 122, 389, 168, 263, 223, 318, 230, 141, 309, 351, 357, 354, 306, 231, 348, 206, 208, 103, 376, 144, 388, 224, 244, 341, 300, 197, 146, 272, 382, 106, 305, 296, 289, 358, 337, 177, 287, 178, 121, 150, 152, 102, 275, 295, 297, 131, 113, 204, 282, 273, 313, 364, 166, 145, 134, 200, 257, 119, 159, 347, 334, 110, 307, 312, 396, 227, 379, 320, 355, 246, 304, 155, 298, 395, 251, 220, 135, 207, 401, 311, 190, 316, 373, 161, 160, 301, 399, 333, 187, 264, 199, 188, 280, 402, 211, 242, 404, 172, 182, 140, 225, 198, 377, 290, 100, 329, 118, 250, 261, 331, 269, 293, 346, 123, 314, 196, 215, 171, 340, 335, 260, 241, 130, 352, 400, 192, 173, 370, 277, 98, 109, 281, 165, 271, 148, 212, 229, 193, 345, 391, 288, 125, 151, 356, 124, 202, 259, 274, 361, 258, 380, 170, 321, 332, 243, 344, 216, 203, 283, 266, 291, 378, 325, 157, 128, 213, 349, 126, 375, 374, 299, 390, 239, 105, 209, 303, 278, 142, 336, 163, 153, 315, 276, 383, 174, 339, 222, 256, 387, 330, 167, 255, 169, 328, 371, 111, 205, 115, 117, 185, 195, 247, 363, 158, 180, 285, 353, 96, 95, 267, 324, 137, 366, 97, 214, 262, 350, 176, 384, 221, 381, 245, 308, 360, 218, 343, 127, 101, 108, 191, 323, 338, 147, 112, 403, 136, 120, 179, 201, 253, 248, 234, 386, 317, 186, 365, 268, 292, 342, 359, 249, 284, 397, 164, 254, 279, 238, 270, 194, 362, 114, 237, 236, 369, 232, 107, 385, 228, 322, 226, 265, 219, 143, 175, 210, 189, 327, 286, 394, 184, 252, 181, 217, 240, 367, 310, 392, 156, 368, 138, 393, 319, 235]"
diversity_off_nsga2,91,-19.88521714807692,20.31478285192308,8.614782851923078,"[9, 89, 46, 50, 65, 92, 35, 94, 54, 14, 5, 49, 68, 43, 18, 64, 87, 21, 33, 45, 36, 59, 77, 3, 29, 39, 53, 91, 7, 84, 31, 90, 70, 61, 81, 63, 11, 8, 75, 10, 4, 80, 34, 17, 86, 28, 93, 19, 74, 85, 41, 52, 48, 30, 82, 22, 37, 55, 12, 67, 88, 27, 79, 57, 60, 24, 44, 73, 62, 23, 38, 15, 6, 76, 58, 42, 26, 78, 51, 25, 40, 20, 47, 66, 69, 32, 56, 16, 1, 2, 13, 83, 71, 72]","[332, 206, 360, 162, 321, 295, 288, 151, 337, 249, 223, 134, 200, 122, 233, 278, 320, 248, 355, 246, 155, 356, 127, 103, 202, 270, 145, 349, 201, 159, 252, 115, 265, 254, 403, 121, 117, 195, 285, 214, 262, 221, 312, 189, 106, 287, 153, 259, 299, 306, 125, 392, 304, 374, 217, 391, 357, 327, 381, 354, 99, 282, 318, 275, 322, 188, 313, 101, 133, 297, 368, 131, 163, 266, 169, 345, 112, 116, 230, 164, 367, 243, 276, 339, 194, 258, 136, 298, 296, 135, 301, 274, 96, 384, 181, 371, 176, 123, 111, 324, 260, 166, 351, 238, 314, 347, 110, 396, 227, 395, 222, 315, 342, 237, 207, 401, 311, 190, 316, 369, 373, 161, 160, 170, 399, 333, 187, 264, 199, 154, 280, 402, 211, 242, 404, 172, 105, 182, 236, 140, 225, 198, 377, 290, 100, 329, 118, 250, 261, 331, 269, 293, 346, 119, 251, 132, 126, 215, 171, 340, 277, 291, 378, 183, 335, 167, 241, 130, 352, 400, 292, 192, 173, 205, 370, 98, 234, 109, 328, 281, 271, 229, 193, 326, 380, 268, 286, 120, 144, 389, 178, 319, 386, 208, 244, 372, 283, 388, 143, 253, 185, 245, 220, 393, 273, 398, 323, 364, 350, 219, 113, 305, 107, 309, 310, 184, 325, 362, 157, 308, 179, 137, 191, 365, 303, 158, 235, 338, 212, 224, 317, 216, 397, 263, 353, 104, 228, 255, 177, 128, 218, 174, 341, 256, 390, 387, 330, 375, 358, 139, 168, 294, 175, 148, 165, 379, 114, 307, 279, 226, 239, 129, 138, 383, 300, 336, 366, 213, 209, 363, 203, 385, 197, 240, 147, 272, 108, 361, 344, 348, 95, 302, 382, 231, 405, 186, 376, 394, 156, 97, 343, 102, 196, 334, 289, 257, 284, 359, 247, 142, 267, 150, 149, 210, 180, 204, 146, 152, 232, 141, 124]"
diversity_off_nsga2,92,-0.43997339810878566,7.320026601891215,7.460026601891215,"[54, 49, 53, 82, 64, 42, 62, 28, 81, 86, 85, 29, 75, 44, 22, 31, 39, 38, 4, 92, 24, 10, 48, 76, 89, 18, 32, 20, 47, 69, 56, 55, 87, 45, 60, 41, 67, 36, 27, 46, 74, 25, 40, 8, 52, 12, 50, 59, 34, 21, 1, 26, 71, 37, 13, 90, 78, 51, 2, 15, 6, 88, 80, 84, 68, 57, 66, 93, 65, 23, 11, 58, 43, 5, 70, 61, 63, 17, 94, 83, 35, 72, 79, 77, 3, 19, 91, 9, 14, 16, 7, 30, 33, 73]","[204, 295, 288, 151, 337, 233, 278, 248, 155, 237, 401, 190, 187, 199, 242, 404, 172, 290, 100, 329, 371, 331, 269, 293, 111, 132, 126, 215, 171, 335, 241, 130, 352, 400, 292, 192, 173, 98, 234, 109, 328, 271, 229, 193, 380, 268, 286, 120, 144, 389, 319, 244, 372, 362, 157, 128, 239, 164, 383, 207, 222, 185, 95, 245, 218, 323, 179, 253, 219, 394, 310, 393, 235, 139, 168, 309, 351, 231, 338, 197, 305, 220, 273, 131, 378, 364, 347, 373, 182, 148, 363, 289, 224, 96, 280, 302, 311, 353, 191, 198, 294, 304, 296, 143, 324, 405, 156, 263, 228, 370, 367, 320, 123, 226, 188, 287, 260, 138, 104, 211, 108, 326, 122, 334, 303, 184, 118, 240, 379, 257, 385, 230, 102, 147, 250, 183, 110, 322, 312, 298, 227, 251, 153, 159, 301, 340, 252, 261, 281, 135, 283, 97, 178, 384, 374, 276, 346, 375, 113, 279, 308, 176, 388, 137, 285, 175, 213, 358, 339, 196, 387, 174, 274, 203, 366, 209, 272, 361, 344, 348, 382, 208, 343, 365, 158, 165, 212, 317, 216, 397, 141, 315, 300, 396, 255, 177, 395, 390, 330, 376, 314, 259, 129, 359, 299, 332, 354, 247, 150, 194, 267, 180, 195, 284, 333, 357, 117, 121, 223, 127, 243, 403, 266, 114, 146, 189, 249, 336, 270, 106, 145, 134, 200, 119, 386, 307, 214, 210, 350, 291, 221, 163, 202, 355, 398, 205, 99, 254, 238, 154, 377, 112, 256, 349, 115, 152, 277, 345, 140, 160, 162, 246, 186, 342, 316, 369, 161, 399, 264, 402, 169, 105, 236, 181, 325, 341, 217, 392, 391, 103, 327, 170, 381, 107, 232, 282, 318, 275, 201, 360, 313, 101, 133, 297, 368, 321, 265, 206, 166, 124, 116, 306, 167, 356, 125, 258, 136, 225, 142, 149, 262]"
diversity_off_nsga2,93,-81.40454847763804,17.61545152236196,46.29545152236196,"[67, 19, 91, 9, 28, 14, 41, 16, 7, 17, 30, 33, 29, 54, 82, 73, 81, 75, 72, 44, 22, 31, 39, 38, 4, 92, 2, 24, 10, 48, 64, 76, 89, 36, 18, 20, 47, 69, 56, 55, 87, 90, 21, 45, 86, 53, 51, 60, 12, 40, 13, 88, 27, 66, 94, 6, 62, 59, 26, 3, 52, 1, 15, 84, 79, 83, 46, 42, 71, 49, 37, 50, 25, 68, 57, 35, 93, 65, 23, 32, 58, 43, 5, 70, 61, 63, 11, 8, 80, 34, 78, 74, 85, 77]","[341, 374, 217, 392, 391, 103, 327, 170, 381, 107, 110, 232, 282, 318, 275, 322, 188, 201, 360, 313, 101, 287, 133, 297, 368, 321, 131, 265, 169, 206, 166, 124, 210, 306, 167, 356, 125, 258, 118, 136, 225, 142, 149, 262, 230, 204, 295, 288, 151, 337, 122, 252, 233, 278, 320, 248, 304, 155, 296, 135, 237, 207, 401, 190, 301, 187, 199, 242, 404, 172, 159, 198, 290, 100, 329, 371, 250, 261, 331, 269, 293, 346, 123, 111, 132, 126, 324, 215, 171, 335, 260, 241, 130, 352, 400, 292, 192, 173, 370, 98, 234, 109, 328, 281, 271, 229, 193, 326, 380, 268, 286, 120, 144, 389, 178, 319, 244, 372, 283, 388, 143, 362, 157, 128, 239, 303, 164, 383, 174, 222, 185, 184, 95, 245, 308, 218, 385, 191, 179, 253, 219, 175, 394, 310, 393, 235, 139, 405, 183, 302, 168, 309, 351, 231, 338, 279, 197, 305, 220, 113, 273, 364, 257, 347, 227, 379, 373, 182, 340, 148, 274, 203, 366, 213, 209, 147, 272, 108, 361, 344, 348, 382, 251, 208, 156, 97, 343, 365, 158, 165, 212, 317, 216, 397, 141, 315, 263, 353, 300, 396, 228, 255, 177, 395, 240, 390, 330, 375, 376, 294, 314, 259, 129, 359, 299, 332, 354, 247, 150, 138, 194, 267, 180, 195, 284, 333, 357, 323, 224, 238, 117, 121, 223, 127, 339, 196, 243, 403, 153, 266, 114, 146, 189, 276, 289, 249, 367, 336, 270, 106, 145, 134, 200, 119, 386, 334, 307, 214, 116, 350, 358, 176, 384, 291, 221, 163, 202, 355, 387, 398, 205, 226, 102, 99, 137, 254, 285, 154, 211, 377, 112, 104, 256, 349, 312, 115, 152, 277, 363, 345, 140, 160, 280, 162, 246, 298, 186, 342, 311, 316, 369, 161, 399, 264, 402, 96, 105, 236, 181, 378, 325]"
diversity_off_nsga2,94,-30.5,11.66,12.5,"[11, 38, 63, 53, 14, 23, 12, 30, 34, 68, 47, 4, 44, 69, 32, 55, 41, 22, 77, 87, 89, 36, 2, 28, 40, 26, 58, 31, 75, 93, 43, 5, 21, 92, 13, 51, 61, 84, 42, 18, 17, 85, 8, 29, 9, 3, 20, 81, 59, 56, 50, 82, 88, 73, 19, 78, 91, 16, 39, 60, 54, 62, 37, 35, 48, 83, 72, 76, 79, 45, 57, 15, 6, 1, 33, 46, 7, 94, 49, 67, 10, 70, 80, 66, 65, 64, 90, 71, 25, 74, 86, 24, 52, 27]","[318, 300, 354, 239, 240, 233, 302, 375, 382, 357, 103, 153, 146, 374, 162, 339, 376, 133, 208, 231, 341, 272, 197, 230, 235, 141, 372, 392, 144, 309, 398, 206, 362, 183, 305, 294, 114, 299, 389, 104, 393, 156, 213, 326, 138, 196, 388, 122, 348, 254, 188, 244, 367, 129, 336, 270, 99, 279, 259, 106, 306, 263, 149, 168, 223, 317, 116, 405, 351, 310, 217, 145, 139, 338, 220, 289, 359, 358, 337, 177, 287, 178, 121, 150, 152, 164, 174, 102, 275, 387, 295, 297, 131, 249, 113, 204, 222, 282, 273, 313, 142, 364, 166, 268, 368, 128, 134, 200, 257, 119, 159, 347, 386, 334, 110, 307, 312, 278, 396, 227, 379, 320, 248, 355, 246, 304, 155, 298, 395, 251, 296, 135, 315, 342, 237, 207, 401, 311, 190, 316, 369, 373, 161, 160, 301, 399, 333, 187, 264, 199, 154, 280, 402, 211, 242, 404, 172, 105, 182, 236, 140, 225, 198, 377, 290, 100, 329, 118, 250, 261, 331, 269, 293, 346, 123, 314, 132, 126, 215, 171, 340, 335, 260, 241, 130, 352, 400, 292, 192, 229, 370, 277, 98, 234, 109, 397, 281, 165, 271, 148, 212, 173, 193, 345, 391, 288, 125, 330, 151, 356, 124, 202, 319, 325, 274, 361, 258, 186, 256, 209, 380, 266, 170, 321, 332, 243, 344, 194, 216, 203, 383, 167, 255, 390, 169, 328, 371, 111, 205, 115, 157, 117, 185, 195, 247, 363, 184, 180, 285, 353, 96, 95, 267, 324, 137, 366, 97, 214, 262, 350, 283, 176, 384, 291, 221, 163, 381, 245, 308, 360, 218, 343, 385, 378, 101, 108, 191, 323, 224, 147, 112, 276, 403, 136, 120, 179, 238, 201, 253, 232, 107, 127, 228, 322, 226, 265, 219, 143, 175, 210, 189, 327, 365, 286, 349, 394, 158, 252, 284, 181, 303]"
diversity_off_nsga2,95,-35.5854984,15.9245016,14.1145016,"[19, 62, 46, 71, 43, 82, 10, 11, 68, 63, 80, 40, 61, 8, 26, 58, 14, 25, 75, 93, 88, 92, 65, 44, 34, 13, 4, 31, 6, 35, 72, 12, 50, 59, 87, 27, 37, 79, 83, 94, 57, 60, 24, 78, 39, 28, 54, 18, 74, 85, 41, 64, 90, 21, 33, 45, 36, 77, 9, 3, 29, 86, 53, 67, 30, 52, 1, 7, 48, 91, 17, 22, 15, 51, 2, 73, 23, 84, 70, 5, 38, 66, 49, 89, 20, 81, 47, 42, 69, 32, 56, 76, 55, 16]","[391, 141, 121, 127, 275, 369, 327, 232, 274, 196, 392, 322, 188, 130, 341, 282, 370, 132, 297, 99, 106, 145, 299, 386, 334, 310, 184, 101, 239, 138, 107, 226, 217, 277, 403, 115, 279, 182, 368, 321, 131, 163, 119, 266, 265, 169, 206, 195, 345, 227, 117, 162, 257, 112, 339, 124, 116, 306, 367, 167, 243, 332, 356, 276, 125, 194, 258, 189, 262, 286, 136, 247, 349, 159, 142, 177, 150, 149, 336, 210, 230, 180, 204, 146, 152, 295, 288, 151, 337, 249, 223, 202, 270, 285, 134, 200, 122, 252, 233, 312, 278, 320, 248, 355, 304, 298, 186, 296, 135, 342, 237, 207, 401, 311, 190, 316, 161, 160, 301, 399, 333, 187, 264, 280, 402, 211, 242, 404, 96, 172, 105, 236, 140, 384, 181, 198, 290, 100, 329, 371, 250, 261, 331, 293, 176, 346, 123, 111, 347, 126, 324, 215, 171, 335, 260, 360, 400, 292, 192, 173, 205, 170, 98, 234, 109, 328, 281, 271, 229, 193, 326, 380, 268, 118, 120, 318, 389, 178, 319, 166, 351, 372, 365, 388, 143, 253, 245, 393, 273, 323, 364, 219, 305, 238, 309, 291, 378, 183, 325, 362, 157, 308, 203, 137, 383, 164, 366, 213, 209, 363, 179, 385, 197, 147, 272, 108, 361, 344, 348, 95, 302, 354, 405, 251, 208, 394, 156, 97, 343, 191, 283, 303, 289, 235, 165, 338, 212, 224, 340, 317, 216, 397, 110, 315, 263, 353, 104, 373, 300, 153, 228, 267, 128, 254, 174, 240, 222, 256, 390, 387, 330, 375, 358, 139, 168, 376, 294, 175, 255, 377, 352, 350, 395, 314, 382, 221, 259, 398, 244, 246, 199, 185, 102, 113, 241, 396, 220, 154, 155, 158, 225, 148, 269, 379, 114, 307, 129, 359, 218, 144, 374, 231, 381, 133, 103, 201, 284, 313, 214, 287, 357]"
diversity_off_nsga2,96,-39.321563875,15.188436124999999,15.278436124999999,"[52, 51, 41, 67, 29, 70, 55, 2, 80, 27, 30, 1, 57, 22, 11, 34, 6, 36, 94, 53, 74, 59, 15, 28, 40, 26, 35, 31, 75, 93, 43, 5, 21, 92, 81, 25, 61, 84, 37, 18, 56, 85, 8, 71, 9, 3, 20, 13, 32, 63, 50, 82, 88, 69, 19, 44, 91, 16, 39, 60, 54, 45, 17, 58, 48, 83, 86, 66, 72, 46, 10, 64, 76, 79, 78, 90, 42, 77, 62, 65, 87, 49, 7, 4, 38, 23, 33, 68, 12, 24, 47, 14, 89, 73]","[300, 275, 299, 113, 273, 351, 177, 152, 398, 282, 104, 297, 200, 264, 145, 237, 339, 395, 315, 246, 249, 359, 244, 150, 374, 138, 133, 365, 307, 317, 259, 334, 284, 278, 208, 99, 316, 272, 357, 168, 126, 369, 235, 156, 349, 396, 119, 160, 222, 354, 372, 387, 337, 373, 257, 207, 404, 347, 231, 116, 128, 122, 233, 142, 188, 313, 103, 227, 242, 129, 304, 338, 197, 388, 144, 333, 187, 223, 209, 368, 159, 309, 295, 358, 318, 149, 326, 199, 379, 389, 296, 183, 174, 178, 364, 393, 139, 141, 190, 336, 206, 303, 204, 230, 251, 355, 135, 134, 240, 298, 158, 205, 401, 164, 211, 102, 310, 280, 254, 154, 311, 348, 155, 270, 362, 268, 121, 263, 181, 405, 350, 312, 146, 302, 106, 287, 196, 402, 153, 301, 279, 386, 376, 258, 320, 161, 342, 294, 220, 289, 252, 239, 306, 399, 166, 305, 172, 105, 182, 236, 140, 225, 198, 377, 290, 100, 329, 118, 250, 261, 331, 269, 293, 346, 123, 314, 132, 131, 215, 171, 340, 335, 260, 241, 130, 352, 400, 292, 192, 173, 370, 277, 98, 234, 109, 397, 281, 165, 271, 148, 212, 229, 193, 345, 391, 288, 125, 330, 151, 356, 124, 202, 319, 325, 274, 361, 394, 186, 256, 114, 380, 266, 291, 321, 332, 243, 344, 194, 216, 203, 383, 167, 255, 390, 169, 328, 371, 111, 162, 115, 157, 117, 185, 195, 247, 363, 184, 180, 285, 353, 96, 95, 267, 324, 137, 366, 97, 214, 262, 286, 283, 176, 384, 170, 221, 163, 381, 245, 308, 360, 218, 343, 385, 378, 101, 108, 191, 323, 224, 147, 112, 276, 253, 136, 120, 179, 238, 201, 403, 232, 107, 127, 228, 322, 226, 265, 219, 143, 175, 210, 189, 327, 375, 367, 341, 392, 217, 382, 213, 248, 110]"
diversity_off_nsga2,97,-13.59799975,5.45200025,15.90200025,"[66, 69, 59, 91, 68, 71, 20, 40, 26, 58, 14, 27, 5, 92, 81, 41, 32, 6, 73, 85, 78, 80, 83, 94, 8, 16, 34, 28, 76, 17, 61, 88, 63, 93, 65, 13, 54, 42, 82, 50, 2, 64, 37, 44, 60, 15, 4, 22, 30, 52, 33, 45, 36, 77, 9, 3, 29, 86, 53, 67, 7, 48, 74, 89, 21, 18, 25, 75, 49, 51, 70, 1, 12, 46, 39, 90, 35, 57, 43, 55, 24, 62, 31, 56, 87, 79, 72, 38, 10, 11, 47, 23, 19, 84]","[276, 328, 339, 96, 280, 357, 198, 117, 294, 115, 324, 354, 402, 156, 282, 336, 229, 399, 292, 344, 131, 196, 376, 361, 99, 145, 319, 346, 160, 329, 352, 173, 337, 182, 132, 257, 207, 404, 151, 254, 248, 98, 253, 142, 188, 351, 120, 356, 103, 288, 242, 304, 265, 331, 107, 388, 144, 125, 322, 327, 333, 187, 320, 368, 175, 159, 380, 309, 169, 130, 219, 295, 318, 149, 326, 101, 199, 379, 389, 191, 296, 183, 178, 269, 148, 113, 371, 274, 170, 364, 193, 385, 393, 405, 335, 378, 141, 325, 190, 210, 124, 341, 206, 245, 217, 360, 230, 118, 394, 239, 204, 310, 401, 203, 232, 370, 215, 168, 214, 392, 163, 391, 290, 95, 172, 306, 197, 233, 231, 302, 258, 167, 155, 122, 166, 297, 136, 313, 143, 271, 367, 123, 226, 287, 171, 138, 220, 211, 108, 334, 127, 184, 111, 102, 147, 225, 312, 298, 251, 153, 112, 301, 252, 261, 281, 135, 283, 97, 384, 374, 162, 150, 363, 308, 121, 201, 176, 137, 285, 161, 213, 192, 195, 109, 260, 126, 311, 273, 266, 140, 105, 307, 278, 289, 286, 332, 293, 106, 200, 180, 403, 264, 377, 272, 350, 299, 314, 382, 221, 259, 398, 244, 246, 185, 241, 119, 209, 154, 250, 100, 234, 116, 387, 330, 375, 358, 139, 386, 186, 268, 316, 342, 359, 249, 284, 164, 202, 279, 238, 270, 194, 362, 114, 237, 236, 369, 372, 267, 381, 349, 365, 110, 158, 347, 235, 165, 338, 212, 224, 340, 317, 216, 397, 303, 315, 263, 353, 104, 373, 300, 396, 227, 228, 255, 177, 128, 395, 218, 174, 240, 222, 256, 390, 157, 345, 247, 189, 343, 291, 366, 146, 133, 321, 400, 348, 277, 323, 129, 152, 275, 208, 223, 355, 243, 181, 179, 205, 383, 262, 134, 305]"
diversity_off_nsga2,98,-35.5854984,15.9245016,14.1145016,"[19, 62, 46, 71, 43, 82, 10, 11, 68, 63, 80, 40, 61, 8, 26, 58, 14, 25, 75, 93, 88, 92, 65, 44, 34, 13, 4, 31, 6, 35, 72, 12, 50, 59, 87, 27, 37, 79, 83, 94, 57, 60, 24, 78, 39, 28, 54, 18, 74, 85, 41, 64, 90, 21, 33, 45, 36, 77, 9, 3, 29, 86, 53, 67, 30, 52, 1, 7, 48, 91, 17, 22, 15, 51, 2, 73, 23, 84, 70, 5, 38, 66, 49, 89, 20, 81, 47, 42, 69, 32, 56, 76, 55, 16]","[391, 141, 121, 127, 275, 369, 327, 232, 274, 196, 392, 322, 188, 130, 341, 282, 370, 132, 297, 99, 106, 145, 299, 386, 334, 310, 184, 101, 239, 138, 107, 226, 217, 277, 403, 115, 279, 182, 368, 321, 131, 163, 119, 266, 265, 169, 206, 195, 345, 227, 117, 162, 257, 112, 339, 124, 116, 306, 367, 167, 243, 332, 356, 276, 125, 194, 258, 189, 262, 286, 136, 247, 349, 159, 142, 177, 150, 149, 336, 210, 230, 180, 204, 146, 152, 295, 288, 151, 337, 249, 223, 202, 270, 285, 134, 200, 122, 252, 233, 312, 278, 320, 248, 355, 304, 298, 186, 296, 135, 342, 237, 207, 401, 311, 190, 316, 161, 160, 301, 399, 333, 187, 264, 280, 402, 211, 242, 404, 96, 172, 105, 236, 140, 384, 181, 198, 290, 100, 329, 371, 250, 261, 331, 293, 176, 346, 123, 111, 347, 126, 324, 215, 171, 335, 260, 360, 400, 292, 192, 173, 205, 170, 98, 234, 109, 328, 281, 271, 229, 193, 326, 380, 268, 118, 120, 318, 389, 178, 319, 166, 351, 372, 365, 388, 143, 253, 245, 393, 273, 323, 364, 219, 305, 238, 309, 291, 378, 183, 325, 362, 157, 308, 203, 137, 383, 164, 366, 213, 209, 363, 179, 385, 197, 147, 272, 108, 361, 344, 348, 95, 302, 354, 405, 251, 208, 394, 156, 97, 343, 191, 283, 303, 289, 235, 165, 338, 212, 224, 340, 317, 216, 397, 110, 315, 263, 353, 104, 373, 300, 153, 228, 267, 128, 254, 174, 240, 222, 256, 390, 387, 330, 375, 358, 139, 168, 376, 294, 175, 255, 377, 352, 350, 395, 314, 382, 221, 259, 398, 244, 246, 199, 185, 102, 113, 241, 396, 220, 154, 155, 158, 225, 148, 269, 379, 114, 307, 129, 359, 218, 144, 374, 231, 381, 133, 103, 201, 284, 313, 214, 287, 357]"
diversity_off_nsga2,99,-24.300361475,17.789638525,11.099638525,"[9, 89, 46, 50, 65, 92, 35, 94, 49, 14, 5, 54, 68, 43, 18, 64, 87, 21, 45, 36, 59, 77, 3, 29, 74, 30, 7, 84, 31, 90, 70, 61, 81, 63, 75, 27, 80, 34, 17, 86, 28, 42, 19, 53, 85, 41, 52, 48, 91, 82, 22, 37, 55, 67, 88, 79, 57, 60, 24, 44, 73, 62, 15, 6, 58, 93, 51, 76, 11, 8, 39, 33, 26, 78, 10, 38, 23, 12, 4, 25, 40, 20, 47, 66, 69, 32, 56, 16, 1, 2, 13, 83, 71, 72]","[206, 360, 162, 321, 295, 288, 151, 337, 249, 223, 134, 275, 122, 233, 278, 320, 302, 355, 246, 155, 356, 127, 103, 202, 270, 145, 349, 201, 159, 252, 115, 265, 254, 403, 121, 117, 195, 285, 214, 262, 221, 312, 189, 106, 287, 153, 259, 299, 306, 125, 392, 304, 374, 217, 391, 357, 208, 381, 354, 99, 282, 318, 200, 322, 188, 313, 101, 133, 297, 368, 298, 163, 266, 169, 345, 112, 116, 230, 164, 367, 243, 276, 339, 194, 258, 131, 296, 135, 301, 274, 96, 384, 181, 371, 176, 324, 111, 123, 260, 166, 314, 110, 396, 227, 395, 222, 315, 207, 401, 311, 190, 373, 160, 170, 333, 187, 199, 154, 280, 402, 211, 242, 404, 172, 105, 182, 236, 140, 225, 198, 377, 290, 100, 329, 118, 250, 261, 331, 269, 293, 346, 119, 132, 126, 215, 171, 340, 277, 291, 335, 167, 241, 130, 352, 400, 292, 192, 173, 205, 370, 98, 234, 109, 328, 281, 271, 229, 193, 326, 380, 268, 286, 120, 144, 389, 178, 319, 386, 327, 244, 372, 283, 388, 143, 253, 185, 350, 107, 184, 362, 157, 137, 365, 303, 317, 216, 397, 263, 353, 104, 228, 255, 177, 128, 218, 174, 341, 256, 390, 387, 330, 375, 358, 168, 294, 175, 148, 379, 279, 226, 239, 129, 138, 383, 300, 336, 366, 213, 209, 363, 240, 361, 95, 248, 186, 376, 156, 97, 102, 196, 334, 289, 257, 284, 359, 142, 149, 114, 307, 351, 245, 220, 393, 165, 398, 323, 364, 113, 305, 238, 309, 310, 378, 183, 325, 219, 308, 203, 179, 385, 197, 147, 272, 108, 344, 348, 382, 231, 405, 251, 394, 139, 343, 191, 158, 347, 235, 273, 338, 212, 224, 342, 237, 316, 369, 161, 399, 264, 136, 247, 267, 150, 210, 180, 204, 146, 152, 232, 141, 124, 332]"
