experiment,solution_id,obj_1,obj_2,obj_3,breakfast_ids,lunch_ids
diversity_on_nsga2,0,-16.268895,6.281105,19.731105,"[60, 1, 70, 27, 29, 45, 62, 51, 5, 9, 35, 72, 11, 94, 61, 82, 32, 39, 17, 12, 43, 41, 10, 63, 78, 26, 48, 36, 74, 66, 38, 52, 90, 65, 2, 8, 86, 85, 4, 87, 13, 46, 69, 42, 28, 49, 53, 14, 23, 54, 33, 64, 67, 20, 88, 68, 34, 79, 24, 40, 58, 89, 18, 19, 81, 37, 84, 7, 47, 22, 71, 83, 6, 55, 21, 91, 77, 50, 56, 73, 76, 93, 75, 59, 16, 31, 25, 80, 3, 92, 30, 44, 57, 15]","[389, 188, 355, 225, 271, 100, 383, 163, 200, 221, 107, 354, 363, 399, 183, 175, 375, 104, 313, 146, 346, 202, 404, 199, 137, 302, 365, 229, 95, 308, 362, 101, 326, 241, 167, 187, 165, 234, 147, 176, 371, 174, 335, 149, 252, 299, 339, 381, 216, 336, 368, 390, 166, 292, 286, 344, 97, 329, 272, 211, 116, 287, 315, 309, 113, 348, 364, 232, 337, 281, 179, 246, 401, 288, 249, 206, 239, 265, 342, 262, 215, 310, 330, 333, 279, 317, 323, 402, 238, 369, 155, 226, 212, 228, 105, 361, 259, 170, 168, 201, 282, 139, 230, 295, 126, 307, 171, 334, 298, 213, 294, 181, 261, 400, 360, 190, 283, 251, 231, 254, 290, 222, 160, 388, 277, 219, 273, 162, 311, 136, 376, 110, 260, 405, 193, 332, 227, 173, 264, 353, 321, 198, 385, 327, 103, 233, 293, 141, 397, 392, 284, 398, 134, 210, 209, 347, 275, 145, 320, 148, 150, 140, 253, 301, 247, 291, 153, 214, 109, 192, 127, 356, 296, 300, 350, 131, 98, 324, 178, 159, 304, 285, 207, 169, 129, 236, 142, 203, 314, 120, 391, 358, 268, 255, 393, 123, 154, 386, 106, 276, 359, 114, 245, 152, 250, 118, 115, 394, 197, 257, 322, 387, 96, 102, 312, 125, 380, 341, 133, 266, 172, 384, 345, 325, 242, 263, 132, 186, 218, 220, 352, 177, 135, 395, 124, 373, 144, 182, 343, 208, 303, 191, 117, 319, 138, 378, 121, 122, 195, 158, 256, 357, 184, 248, 240, 99, 223, 108, 269, 274, 267, 372, 161, 224, 204, 403, 130, 297, 237, 128, 143, 306, 180, 379, 396, 351, 189, 112, 328, 111, 331, 243, 244, 278, 305, 367, 185, 270, 374, 157, 318, 156, 366, 377, 119, 196, 370, 151, 258, 194, 205, 217, 164, 316, 235, 349, 340, 338, 382, 289, 280]"
diversity_on_nsga2,1,-16.94220285,18.007797150000002,5.85779715,"[33, 32, 39, 69, 41, 10, 63, 78, 36, 74, 38, 90, 2, 9, 13, 46, 43, 28, 53, 4, 82, 18, 17, 85, 86, 87, 15, 59, 42, 48, 56, 81, 55, 21, 75, 16, 91, 88, 52, 80, 92, 24, 35, 66, 89, 72, 83, 79, 29, 27, 34, 26, 84, 22, 57, 62, 5, 61, 71, 30, 23, 12, 58, 47, 64, 67, 20, 68, 6, 54, 14, 60, 1, 70, 8, 45, 19, 37, 7, 49, 50, 94, 40, 31, 51, 25, 3, 65, 44, 73, 77, 11, 76, 93]","[152, 391, 121, 153, 112, 167, 297, 118, 104, 129, 140, 304, 292, 123, 195, 378, 318, 389, 393, 240, 380, 135, 285, 324, 220, 115, 280, 200, 358, 383, 137, 183, 272, 199, 287, 396, 192, 375, 95, 300, 106, 356, 177, 341, 163, 403, 165, 367, 185, 184, 302, 232, 309, 210, 221, 125, 281, 180, 276, 245, 179, 401, 186, 249, 154, 206, 191, 114, 265, 342, 158, 333, 279, 101, 317, 267, 357, 323, 130, 263, 238, 369, 155, 212, 228, 298, 325, 105, 361, 170, 303, 168, 201, 197, 120, 139, 274, 230, 126, 171, 328, 132, 334, 374, 213, 278, 294, 394, 261, 255, 102, 400, 360, 305, 283, 117, 143, 181, 291, 234, 116, 119, 134, 208, 138, 196, 371, 299, 370, 176, 151, 258, 382, 295, 194, 205, 217, 363, 316, 286, 337, 312, 235, 349, 340, 226, 253, 141, 348, 160, 259, 326, 321, 330, 97, 178, 246, 187, 288, 310, 103, 174, 136, 169, 313, 347, 289, 99, 215, 145, 190, 219, 365, 214, 308, 311, 402, 251, 353, 368, 131, 193, 262, 150, 164, 290, 239, 307, 98, 100, 266, 355, 282, 339, 236, 231, 254, 222, 223, 388, 277, 142, 273, 359, 162, 96, 122, 133, 376, 144, 110, 260, 338, 405, 332, 227, 242, 331, 173, 264, 319, 198, 385, 327, 233, 250, 293, 314, 387, 269, 386, 397, 392, 284, 398, 204, 362, 384, 209, 109, 404, 182, 381, 345, 108, 329, 377, 257, 175, 189, 128, 146, 315, 216, 270, 256, 301, 111, 395, 202, 229, 218, 351, 271, 322, 127, 399, 237, 148, 225, 124, 346, 159, 244, 366, 343, 113, 241, 211, 243, 306, 161, 390, 248, 172, 296, 156, 336, 107, 188, 157, 344, 166, 224, 207, 350, 203, 372, 320, 247, 364, 352, 149, 275, 252, 268, 354, 147, 373, 335, 379]"
diversity_on_nsga2,2,-99.31079939175407,38.63920060824591,73.88920060824591,"[3, 44, 2, 54, 5, 88, 28, 76, 80, 1, 77, 56, 92, 7, 49, 50, 37, 26, 68, 48, 70, 20, 39, 55, 10, 93, 82, 63, 79, 25, 57, 15, 86, 43, 89, 18, 64, 84, 22, 83, 33, 66, 85, 69, 34, 42, 46, 90, 59, 9, 31, 38, 67, 4, 21, 36, 8, 81, 94, 78, 75, 71, 23, 53, 60, 27, 58, 19, 47, 6, 45, 14, 40, 30, 91, 24, 62, 41, 73, 87, 11, 61, 74, 16, 17, 29, 13, 32, 51, 52, 12, 65, 72, 35]","[154, 342, 204, 108, 217, 298, 141, 271, 140, 167, 347, 153, 353, 392, 131, 323, 100, 317, 389, 165, 159, 212, 107, 397, 401, 247, 302, 339, 320, 287, 371, 172, 380, 193, 236, 252, 294, 219, 163, 105, 139, 301, 126, 238, 200, 277, 329, 234, 179, 296, 166, 404, 253, 206, 286, 173, 246, 216, 330, 149, 213, 239, 295, 381, 281, 262, 110, 375, 95, 299, 188, 210, 103, 134, 183, 291, 230, 390, 170, 369, 98, 147, 332, 405, 226, 174, 382, 400, 209, 337, 187, 360, 361, 398, 327, 315, 160, 309, 264, 308, 198, 199, 275, 374, 243, 244, 362, 297, 255, 403, 146, 343, 99, 119, 115, 143, 345, 169, 259, 383, 354, 207, 137, 300, 184, 366, 122, 335, 194, 384, 312, 385, 325, 196, 168, 132, 346, 363, 120, 229, 349, 225, 313, 336, 133, 280, 101, 208, 178, 254, 118, 237, 348, 377, 175, 121, 111, 176, 235, 283, 123, 205, 138, 316, 151, 215, 258, 310, 305, 367, 136, 326, 340, 402, 292, 365, 181, 145, 190, 331, 162, 318, 214, 135, 388, 319, 150, 227, 288, 311, 96, 289, 368, 117, 394, 372, 386, 357, 127, 232, 285, 284, 104, 328, 379, 303, 269, 276, 224, 130, 202, 201, 195, 395, 304, 221, 220, 321, 364, 242, 161, 376, 186, 245, 109, 356, 142, 233, 222, 352, 265, 156, 393, 257, 231, 144, 158, 279, 113, 249, 334, 358, 396, 250, 211, 102, 125, 333, 177, 223, 97, 261, 324, 241, 189, 128, 322, 171, 228, 274, 114, 314, 350, 293, 387, 124, 268, 378, 152, 359, 267, 251, 197, 306, 192, 148, 260, 273, 112, 373, 106, 157, 180, 272, 182, 164, 351, 344, 116, 338, 185, 355, 129, 256, 399, 270, 278, 370, 240, 266, 155, 391, 218, 282, 191, 307, 203, 263, 248, 290, 341]"
diversity_on_nsga2,3,-95.41056920836539,31.209430791634613,91.28943079163463,"[85, 21, 91, 77, 28, 6, 8, 19, 42, 50, 11, 43, 41, 75, 88, 74, 73, 38, 20, 93, 33, 44, 25, 3, 4, 82, 18, 17, 67, 60, 87, 15, 59, 92, 24, 35, 66, 89, 13, 72, 76, 5, 16, 83, 34, 26, 84, 22, 31, 57, 62, 81, 23, 94, 79, 71, 52, 80, 90, 65, 36, 61, 12, 58, 29, 47, 48, 53, 40, 2, 45, 39, 51, 10, 78, 69, 46, 63, 86, 37, 14, 9, 54, 27, 1, 56, 49, 7, 64, 32, 68, 70, 55, 30]","[388, 354, 273, 309, 218, 338, 322, 148, 130, 152, 164, 368, 358, 122, 283, 240, 124, 251, 341, 266, 154, 155, 269, 147, 191, 186, 304, 224, 285, 342, 387, 202, 129, 222, 199, 369, 336, 249, 201, 298, 102, 353, 156, 282, 167, 389, 112, 276, 355, 106, 230, 264, 116, 125, 393, 351, 379, 328, 384, 325, 385, 132, 346, 120, 229, 225, 165, 133, 280, 101, 178, 254, 118, 237, 175, 275, 296, 210, 362, 297, 255, 403, 183, 146, 343, 195, 115, 143, 173, 281, 345, 111, 252, 331, 243, 244, 383, 332, 278, 200, 110, 292, 367, 216, 357, 271, 185, 149, 290, 381, 270, 227, 374, 172, 400, 157, 318, 166, 121, 366, 291, 234, 377, 119, 134, 208, 138, 196, 371, 299, 370, 176, 151, 258, 246, 382, 295, 194, 205, 217, 363, 286, 316, 337, 312, 235, 349, 340, 226, 253, 141, 348, 160, 259, 326, 321, 190, 97, 288, 310, 103, 256, 174, 136, 169, 313, 347, 289, 99, 215, 145, 330, 219, 365, 214, 308, 311, 402, 100, 242, 198, 221, 140, 361, 123, 364, 161, 245, 109, 356, 142, 352, 257, 144, 158, 181, 396, 250, 265, 284, 177, 135, 261, 189, 128, 319, 274, 114, 150, 376, 113, 314, 293, 262, 302, 267, 399, 180, 397, 392, 204, 197, 203, 247, 391, 153, 307, 212, 272, 268, 187, 104, 378, 168, 306, 333, 211, 117, 359, 96, 386, 323, 317, 182, 192, 372, 373, 107, 233, 339, 162, 320, 287, 260, 380, 193, 236, 294, 163, 105, 139, 301, 126, 241, 327, 127, 209, 329, 239, 404, 263, 159, 401, 375, 238, 360, 277, 398, 315, 213, 207, 137, 300, 184, 335, 131, 170, 179, 108, 405, 98, 303, 395, 220, 223, 334, 324, 171, 228, 350, 232, 305, 394, 390, 344, 95, 206, 188, 279, 231, 248]"
diversity_on_nsga2,4,-8.1,7.449999999999999,7.6000000000000005,"[74, 33, 8, 49, 53, 4, 82, 18, 66, 87, 59, 42, 25, 90, 17, 86, 88, 65, 14, 23, 85, 16, 80, 3, 92, 30, 44, 57, 12, 13, 31, 54, 1, 70, 27, 29, 40, 83, 45, 62, 75, 19, 37, 84, 7, 22, 71, 73, 32, 52, 51, 58, 10, 89, 5, 79, 47, 81, 35, 63, 38, 36, 72, 56, 64, 67, 20, 43, 76, 68, 55, 34, 94, 24, 6, 21, 39, 78, 11, 15, 93, 46, 60, 91, 9, 2, 28, 77, 50, 61, 69, 41, 26, 48]","[313, 214, 402, 181, 164, 239, 98, 100, 173, 385, 327, 386, 392, 109, 404, 345, 175, 202, 271, 127, 399, 237, 346, 159, 296, 107, 188, 207, 350, 338, 141, 137, 243, 302, 365, 281, 229, 194, 110, 308, 324, 376, 362, 101, 326, 224, 254, 314, 156, 197, 374, 172, 241, 318, 165, 147, 316, 371, 174, 335, 149, 299, 339, 381, 265, 369, 114, 270, 216, 321, 390, 166, 292, 286, 290, 251, 344, 97, 115, 370, 272, 328, 330, 211, 233, 256, 393, 360, 337, 203, 295, 364, 289, 242, 357, 184, 179, 358, 277, 131, 359, 303, 263, 162, 235, 177, 195, 252, 187, 106, 182, 193, 342, 293, 400, 255, 157, 301, 264, 396, 219, 294, 348, 129, 140, 151, 222, 353, 204, 189, 230, 208, 315, 380, 227, 133, 103, 186, 280, 234, 136, 401, 167, 120, 122, 128, 113, 351, 146, 285, 253, 354, 311, 169, 398, 287, 108, 383, 199, 384, 332, 176, 125, 298, 228, 336, 368, 152, 142, 273, 329, 305, 223, 215, 116, 310, 260, 309, 248, 160, 217, 154, 205, 397, 218, 96, 134, 209, 347, 99, 201, 150, 196, 387, 300, 257, 232, 178, 126, 266, 269, 244, 105, 236, 325, 249, 102, 282, 389, 112, 276, 355, 405, 200, 121, 259, 261, 388, 312, 361, 363, 366, 250, 284, 245, 183, 132, 220, 352, 135, 395, 268, 373, 144, 343, 191, 117, 319, 138, 378, 158, 240, 274, 267, 372, 161, 185, 403, 130, 288, 377, 180, 323, 210, 275, 226, 213, 231, 145, 320, 148, 111, 139, 225, 322, 170, 331, 198, 247, 291, 153, 307, 212, 340, 124, 123, 168, 306, 379, 391, 297, 118, 104, 304, 246, 262, 192, 375, 356, 341, 163, 367, 221, 206, 333, 279, 317, 238, 155, 171, 334, 278, 394, 283, 143, 119, 258, 382, 95, 349, 190]"
diversity_on_nsga2,5,-98.83127374769691,37.508726252303084,66.46872625230309,"[3, 44, 2, 54, 5, 88, 28, 76, 80, 1, 77, 56, 92, 7, 49, 50, 37, 26, 68, 48, 70, 20, 39, 55, 11, 93, 33, 63, 79, 25, 57, 15, 86, 43, 89, 18, 64, 84, 22, 83, 82, 66, 85, 69, 34, 42, 46, 90, 59, 9, 31, 38, 67, 4, 21, 36, 8, 81, 94, 78, 75, 71, 23, 53, 60, 27, 58, 19, 47, 6, 45, 14, 40, 30, 91, 24, 62, 41, 73, 87, 10, 61, 74, 16, 17, 29, 13, 32, 51, 52, 12, 65, 72, 35]","[154, 342, 204, 108, 217, 199, 141, 271, 140, 167, 347, 153, 353, 392, 131, 323, 100, 317, 389, 165, 159, 212, 107, 397, 401, 247, 302, 339, 320, 287, 371, 172, 380, 193, 236, 252, 294, 219, 163, 105, 139, 301, 126, 238, 200, 277, 329, 234, 179, 296, 166, 404, 253, 206, 286, 173, 246, 216, 330, 149, 213, 239, 295, 381, 281, 262, 110, 375, 95, 299, 188, 210, 103, 134, 183, 291, 230, 390, 170, 369, 98, 147, 332, 405, 226, 174, 382, 400, 209, 337, 187, 360, 361, 398, 327, 315, 160, 309, 264, 308, 198, 298, 275, 374, 243, 244, 362, 297, 255, 403, 146, 343, 99, 119, 115, 143, 345, 169, 259, 383, 354, 207, 137, 300, 184, 366, 122, 335, 194, 384, 312, 385, 325, 196, 168, 132, 346, 363, 120, 229, 349, 225, 313, 336, 133, 280, 101, 208, 178, 254, 118, 237, 348, 377, 175, 121, 111, 176, 235, 283, 123, 205, 138, 316, 151, 215, 258, 310, 305, 367, 136, 326, 340, 402, 292, 365, 181, 145, 190, 331, 162, 318, 214, 135, 388, 319, 150, 227, 288, 311, 96, 289, 368, 117, 394, 372, 386, 357, 127, 232, 285, 284, 104, 328, 379, 303, 269, 276, 224, 130, 202, 201, 195, 395, 304, 221, 220, 321, 364, 242, 161, 376, 186, 245, 109, 356, 142, 233, 222, 352, 265, 156, 393, 257, 231, 144, 158, 279, 113, 249, 334, 358, 396, 250, 211, 102, 125, 333, 177, 223, 97, 261, 324, 241, 189, 128, 322, 171, 228, 274, 114, 314, 350, 293, 387, 124, 268, 378, 152, 359, 267, 251, 197, 306, 192, 148, 260, 273, 112, 373, 106, 157, 180, 272, 182, 164, 351, 344, 116, 338, 185, 355, 129, 256, 399, 270, 278, 370, 240, 266, 155, 391, 218, 282, 191, 307, 203, 263, 248, 290, 341]"
diversity_on_nsga2,6,-95.41056920836539,31.209430791634613,91.28943079163463,"[85, 21, 91, 77, 28, 6, 8, 19, 42, 50, 11, 43, 41, 75, 88, 74, 73, 38, 20, 93, 33, 44, 25, 3, 4, 82, 18, 17, 67, 60, 87, 15, 59, 92, 24, 35, 66, 89, 13, 72, 76, 5, 16, 83, 34, 26, 84, 22, 31, 57, 62, 81, 23, 94, 79, 71, 52, 80, 90, 65, 36, 61, 12, 58, 29, 47, 48, 53, 40, 2, 45, 39, 51, 10, 78, 69, 46, 63, 86, 37, 14, 9, 54, 27, 1, 56, 49, 7, 64, 32, 68, 70, 55, 30]","[388, 354, 273, 309, 218, 338, 322, 148, 130, 152, 164, 368, 358, 122, 283, 240, 124, 251, 341, 266, 154, 155, 269, 147, 191, 186, 304, 224, 285, 342, 387, 202, 129, 222, 199, 369, 336, 249, 201, 298, 102, 353, 156, 282, 167, 389, 112, 276, 355, 106, 230, 264, 116, 125, 393, 351, 379, 328, 384, 325, 385, 132, 346, 120, 229, 225, 165, 133, 280, 101, 178, 254, 118, 237, 175, 275, 296, 210, 362, 297, 255, 403, 183, 146, 343, 195, 115, 143, 173, 281, 345, 111, 252, 331, 243, 244, 383, 332, 278, 305, 110, 292, 367, 216, 357, 271, 185, 149, 290, 381, 270, 227, 374, 172, 400, 157, 318, 166, 121, 366, 291, 234, 377, 119, 134, 208, 138, 196, 371, 299, 370, 176, 151, 258, 246, 382, 295, 310, 205, 217, 363, 286, 316, 337, 312, 235, 349, 340, 226, 253, 314, 348, 160, 259, 326, 321, 190, 97, 288, 194, 103, 256, 174, 136, 169, 313, 347, 289, 99, 215, 145, 330, 219, 365, 214, 308, 311, 402, 100, 242, 198, 221, 140, 361, 123, 364, 161, 245, 109, 356, 142, 352, 257, 144, 158, 181, 396, 250, 265, 284, 177, 135, 261, 189, 128, 319, 274, 114, 150, 376, 141, 293, 262, 302, 267, 399, 180, 397, 392, 204, 197, 203, 247, 391, 153, 307, 212, 272, 268, 187, 104, 378, 168, 306, 333, 211, 117, 359, 96, 386, 323, 317, 182, 192, 372, 373, 107, 233, 339, 162, 320, 287, 260, 380, 193, 236, 294, 163, 105, 139, 301, 126, 241, 113, 327, 127, 209, 329, 239, 404, 263, 159, 401, 375, 238, 360, 277, 398, 315, 213, 207, 137, 300, 184, 335, 131, 170, 179, 108, 405, 98, 303, 395, 220, 223, 334, 324, 171, 228, 350, 232, 200, 394, 390, 344, 95, 206, 188, 279, 231, 248]"
diversity_on_nsga2,7,-97.31356313500001,32.316436865,69.18643686499999,"[88, 28, 76, 80, 1, 77, 92, 7, 14, 50, 37, 26, 17, 48, 70, 39, 55, 11, 93, 63, 79, 57, 15, 86, 43, 89, 18, 84, 22, 83, 82, 66, 85, 69, 34, 38, 46, 90, 59, 9, 65, 20, 56, 49, 54, 33, 25, 64, 3, 51, 31, 42, 67, 4, 21, 36, 8, 81, 94, 78, 75, 10, 23, 53, 60, 27, 58, 19, 47, 6, 45, 40, 30, 91, 24, 62, 41, 73, 87, 71, 61, 74, 16, 68, 29, 13, 32, 52, 12, 72, 35, 44, 2, 5]","[154, 342, 204, 108, 199, 141, 271, 140, 167, 347, 153, 353, 392, 131, 323, 100, 317, 389, 165, 159, 212, 107, 397, 401, 247, 302, 339, 320, 287, 371, 172, 380, 193, 236, 252, 294, 219, 163, 105, 139, 301, 126, 238, 200, 277, 329, 234, 179, 296, 166, 404, 253, 206, 286, 173, 246, 216, 330, 149, 213, 239, 295, 381, 281, 262, 110, 375, 95, 299, 188, 210, 103, 134, 183, 291, 230, 390, 170, 369, 98, 147, 332, 405, 226, 174, 382, 400, 209, 337, 187, 360, 361, 398, 327, 315, 160, 309, 264, 308, 198, 298, 275, 374, 243, 244, 362, 297, 255, 403, 146, 343, 99, 119, 115, 143, 345, 169, 259, 383, 354, 207, 137, 300, 184, 366, 122, 335, 194, 384, 312, 385, 325, 196, 168, 132, 346, 363, 120, 229, 349, 225, 313, 336, 133, 280, 101, 208, 178, 254, 118, 237, 348, 377, 175, 121, 111, 176, 235, 283, 123, 205, 138, 316, 151, 215, 258, 310, 305, 367, 136, 326, 340, 402, 292, 365, 181, 145, 190, 331, 162, 318, 388, 232, 284, 104, 328, 379, 303, 269, 276, 224, 130, 202, 201, 195, 395, 304, 221, 220, 321, 364, 242, 161, 186, 245, 109, 356, 142, 233, 222, 352, 265, 156, 393, 257, 231, 158, 279, 113, 249, 334, 358, 396, 250, 211, 102, 125, 333, 97, 324, 241, 171, 350, 192, 148, 260, 273, 180, 185, 355, 278, 370, 214, 177, 223, 135, 261, 217, 189, 128, 319, 228, 274, 114, 150, 376, 227, 127, 314, 288, 293, 311, 387, 124, 96, 378, 152, 359, 267, 289, 368, 251, 197, 306, 117, 394, 372, 386, 357, 268, 112, 373, 106, 285, 157, 144, 272, 182, 164, 351, 344, 116, 338, 322, 129, 256, 399, 270, 240, 266, 155, 391, 218, 282, 191, 307, 203, 263, 248, 290, 341]"
diversity_on_nsga2,8,-91.01952485000001,33.01047515,53.58047515,"[70, 31, 2, 43, 5, 88, 28, 76, 80, 1, 77, 56, 92, 49, 67, 64, 8, 25, 48, 84, 20, 39, 55, 11, 93, 33, 44, 79, 68, 3, 4, 82, 17, 18, 42, 51, 86, 87, 15, 59, 85, 38, 24, 21, 35, 66, 89, 13, 72, 19, 34, 37, 26, 9, 57, 62, 41, 54, 73, 81, 69, 46, 78, 90, 91, 36, 50, 94, 71, 30, 10, 75, 61, 74, 16, 29, 52, 12, 7, 22, 32, 65, 23, 53, 60, 27, 58, 83, 47, 6, 45, 14, 40, 63]","[341, 154, 342, 204, 108, 217, 199, 336, 271, 140, 389, 347, 153, 353, 392, 131, 323, 100, 317, 167, 141, 159, 212, 107, 397, 401, 247, 302, 339, 162, 320, 287, 371, 172, 380, 193, 236, 252, 294, 219, 163, 105, 139, 301, 126, 238, 110, 277, 329, 234, 254, 179, 97, 296, 335, 133, 404, 175, 253, 206, 137, 173, 246, 216, 330, 149, 213, 239, 295, 381, 281, 262, 375, 95, 299, 188, 210, 103, 134, 183, 101, 230, 390, 170, 369, 98, 354, 147, 332, 405, 226, 174, 166, 280, 382, 168, 346, 266, 400, 312, 209, 337, 187, 360, 361, 398, 327, 315, 160, 309, 264, 308, 198, 259, 201, 207, 300, 184, 366, 122, 194, 384, 325, 385, 196, 132, 363, 120, 229, 349, 225, 313, 165, 208, 178, 118, 237, 298, 377, 275, 374, 243, 244, 362, 297, 255, 185, 146, 343, 99, 195, 119, 115, 143, 345, 169, 121, 111, 176, 235, 123, 205, 138, 316, 151, 215, 258, 310, 305, 367, 136, 157, 340, 402, 292, 365, 181, 403, 190, 331, 318, 214, 135, 388, 319, 150, 227, 288, 311, 96, 289, 368, 117, 394, 372, 386, 357, 127, 232, 285, 284, 104, 328, 379, 303, 269, 276, 224, 130, 202, 383, 395, 304, 221, 220, 321, 364, 242, 161, 376, 186, 245, 109, 356, 142, 233, 222, 352, 265, 156, 393, 257, 231, 144, 158, 279, 113, 249, 334, 358, 396, 250, 211, 102, 125, 333, 177, 223, 291, 261, 324, 241, 189, 128, 322, 171, 228, 274, 114, 314, 350, 293, 387, 124, 268, 378, 152, 359, 267, 251, 197, 306, 192, 148, 260, 273, 200, 112, 373, 106, 326, 180, 272, 182, 164, 351, 344, 116, 338, 145, 355, 129, 256, 399, 283, 348, 270, 278, 370, 240, 286, 155, 391, 218, 282, 191, 307, 203, 263, 248, 290]"
diversity_on_nsga2,9,-95.31660943384615,31.013390566153845,59.083390566153845,"[31, 2, 54, 5, 88, 28, 44, 76, 80, 1, 77, 56, 92, 7, 49, 50, 64, 8, 68, 48, 70, 20, 39, 55, 11, 93, 33, 63, 79, 25, 3, 4, 82, 18, 17, 85, 51, 86, 87, 15, 59, 42, 94, 24, 21, 35, 66, 89, 13, 72, 83, 34, 37, 26, 84, 22, 57, 62, 41, 43, 73, 81, 23, 74, 38, 16, 71, 52, 27, 90, 65, 30, 61, 12, 58, 29, 47, 75, 53, 40, 32, 45, 78, 6, 67, 10, 19, 69, 46, 60, 36, 91, 14, 9]","[248, 369, 341, 154, 342, 204, 108, 275, 199, 170, 209, 140, 167, 153, 392, 323, 317, 389, 336, 329, 159, 212, 107, 397, 401, 247, 302, 162, 320, 287, 375, 380, 298, 294, 163, 105, 139, 301, 126, 238, 360, 361, 277, 398, 327, 315, 299, 213, 264, 198, 354, 207, 137, 300, 117, 184, 122, 335, 384, 325, 385, 132, 346, 120, 229, 225, 165, 133, 280, 305, 178, 254, 118, 237, 175, 388, 296, 210, 362, 297, 255, 403, 183, 146, 99, 195, 115, 143, 173, 281, 345, 111, 252, 331, 243, 244, 383, 332, 278, 101, 110, 292, 367, 405, 357, 271, 185, 149, 179, 381, 270, 227, 374, 172, 400, 157, 318, 166, 121, 366, 291, 234, 377, 119, 134, 208, 138, 196, 371, 309, 370, 176, 151, 258, 246, 382, 295, 194, 205, 217, 363, 286, 316, 337, 312, 235, 349, 340, 226, 253, 141, 348, 160, 259, 326, 123, 190, 135, 288, 310, 103, 256, 174, 136, 169, 313, 347, 289, 343, 215, 145, 330, 219, 365, 214, 308, 311, 402, 181, 353, 368, 131, 193, 262, 150, 164, 290, 239, 307, 98, 100, 266, 355, 282, 339, 236, 168, 283, 187, 127, 232, 285, 284, 104, 328, 379, 303, 269, 276, 224, 130, 202, 201, 395, 304, 221, 220, 321, 364, 242, 161, 376, 186, 245, 109, 356, 142, 233, 222, 352, 265, 156, 393, 257, 231, 144, 158, 279, 113, 249, 334, 358, 396, 250, 211, 102, 125, 333, 177, 223, 97, 261, 324, 241, 189, 128, 322, 171, 228, 274, 114, 314, 350, 293, 387, 124, 268, 378, 152, 359, 267, 251, 197, 306, 192, 148, 260, 273, 200, 147, 394, 390, 372, 386, 96, 391, 373, 106, 180, 272, 216, 182, 351, 344, 95, 116, 338, 319, 206, 129, 230, 188, 399, 240, 404, 155, 112, 218, 191, 203, 263]"
diversity_on_nsga2,10,-39.38926643333333,6.7607335666666675,22.01073356666667,"[59, 32, 16, 69, 63, 50, 6, 47, 84, 46, 2, 91, 9, 52, 80, 92, 75, 21, 35, 89, 13, 72, 36, 26, 22, 73, 81, 74, 94, 79, 71, 30, 61, 24, 23, 70, 55, 34, 68, 12, 65, 20, 56, 14, 54, 33, 25, 64, 3, 31, 44, 57, 15, 60, 1, 67, 8, 27, 29, 40, 58, 45, 18, 19, 37, 83, 42, 28, 49, 53, 41, 7, 62, 48, 38, 4, 90, 11, 39, 93, 82, 86, 78, 88, 77, 51, 17, 43, 10, 87, 76, 66, 85, 5]","[183, 291, 273, 354, 332, 405, 174, 165, 113, 400, 209, 333, 279, 226, 170, 211, 290, 337, 307, 388, 277, 192, 401, 141, 216, 295, 296, 166, 339, 232, 375, 171, 350, 131, 346, 98, 324, 320, 390, 159, 173, 341, 126, 147, 206, 304, 299, 105, 342, 252, 236, 199, 382, 137, 101, 281, 369, 234, 336, 280, 298, 353, 167, 389, 334, 188, 230, 95, 219, 203, 154, 312, 380, 172, 263, 248, 108, 204, 246, 271, 140, 347, 153, 392, 323, 100, 317, 292, 212, 107, 397, 247, 302, 287, 371, 260, 193, 294, 134, 163, 139, 301, 238, 200, 104, 110, 329, 254, 179, 335, 162, 221, 404, 175, 253, 286, 233, 168, 330, 149, 213, 239, 231, 241, 381, 187, 360, 361, 321, 398, 327, 315, 160, 309, 264, 308, 198, 259, 383, 207, 300, 148, 184, 366, 122, 194, 384, 325, 385, 196, 132, 363, 120, 229, 349, 225, 313, 133, 208, 178, 118, 237, 266, 377, 275, 374, 243, 244, 362, 297, 255, 403, 146, 343, 99, 195, 119, 115, 143, 345, 169, 328, 379, 303, 269, 276, 121, 224, 130, 202, 111, 201, 395, 220, 176, 235, 283, 123, 364, 205, 242, 161, 138, 316, 186, 245, 109, 151, 215, 356, 97, 142, 222, 258, 352, 310, 156, 305, 367, 393, 257, 144, 158, 136, 326, 340, 402, 262, 365, 249, 181, 358, 185, 396, 250, 190, 265, 102, 331, 125, 284, 318, 214, 177, 223, 135, 261, 217, 189, 128, 319, 228, 274, 114, 150, 376, 227, 127, 314, 288, 293, 311, 387, 124, 96, 378, 152, 359, 267, 289, 368, 251, 197, 306, 117, 394, 372, 386, 357, 268, 112, 373, 106, 285, 157, 180, 272, 182, 164, 351, 344, 116, 338, 322, 145, 355, 129, 256, 399, 270, 278, 370, 240, 348, 155, 391, 218, 282, 191, 210, 103]"
diversity_on_nsga2,11,-28.719525945576923,28.030474054423077,9.380474054423075,"[1, 26, 27, 89, 18, 37, 7, 22, 47, 67, 84, 87, 76, 21, 78, 56, 49, 2, 82, 86, 88, 13, 14, 66, 44, 36, 52, 68, 4, 75, 54, 64, 3, 92, 17, 31, 5, 8, 34, 72, 42, 63, 38, 85, 57, 15, 60, 62, 41, 43, 73, 74, 51, 9, 70, 55, 39, 20, 10, 28, 48, 33, 94, 16, 71, 91, 80, 90, 65, 30, 61, 12, 58, 29, 35, 23, 53, 40, 32, 45, 69, 81, 93, 59, 46, 83, 50, 79, 24, 6, 77, 11, 25, 19]","[120, 128, 113, 351, 198, 354, 287, 108, 384, 184, 394, 360, 390, 228, 159, 358, 240, 124, 251, 341, 370, 154, 155, 269, 147, 191, 348, 186, 304, 224, 285, 342, 387, 202, 129, 222, 199, 336, 249, 280, 201, 298, 102, 156, 282, 167, 389, 125, 142, 273, 114, 223, 243, 260, 309, 248, 397, 218, 96, 152, 300, 257, 232, 126, 105, 276, 178, 189, 118, 237, 175, 388, 296, 210, 362, 297, 255, 183, 146, 398, 131, 122, 197, 343, 195, 115, 143, 173, 281, 345, 111, 252, 331, 116, 244, 383, 332, 305, 110, 292, 245, 405, 357, 271, 185, 149, 179, 381, 227, 374, 172, 400, 157, 318, 166, 121, 366, 291, 234, 377, 119, 134, 208, 138, 196, 371, 299, 176, 151, 258, 246, 382, 368, 194, 205, 217, 363, 286, 316, 337, 312, 235, 349, 340, 226, 253, 141, 160, 259, 326, 123, 190, 97, 288, 310, 103, 174, 136, 169, 313, 347, 289, 99, 215, 145, 330, 268, 365, 214, 308, 311, 402, 181, 353, 295, 266, 193, 262, 150, 164, 290, 239, 98, 100, 403, 355, 339, 236, 168, 283, 187, 200, 261, 361, 250, 284, 132, 220, 352, 135, 395, 373, 144, 117, 319, 378, 158, 274, 267, 372, 161, 130, 180, 275, 213, 231, 320, 148, 139, 225, 322, 170, 247, 153, 307, 212, 112, 219, 369, 306, 379, 391, 104, 324, 192, 375, 356, 163, 367, 221, 206, 333, 279, 317, 238, 171, 334, 278, 323, 385, 327, 386, 392, 109, 404, 127, 399, 346, 107, 350, 207, 188, 338, 137, 302, 254, 95, 376, 101, 314, 241, 165, 335, 265, 329, 270, 216, 321, 344, 209, 272, 328, 211, 233, 256, 393, 203, 364, 325, 242, 277, 359, 303, 263, 162, 177, 106, 182, 293, 301, 396, 294, 140, 204, 229, 230, 315, 380, 133, 264, 401]"
diversity_on_nsga2,12,-11.997121000000002,10.572878999999999,7.802878999999999,"[11, 41, 48, 61, 39, 88, 10, 94, 73, 93, 76, 87, 38, 5, 35, 82, 46, 28, 19, 85, 21, 91, 77, 26, 75, 59, 74, 16, 90, 17, 69, 86, 56, 13, 32, 51, 12, 43, 52, 80, 65, 67, 72, 4, 14, 23, 54, 33, 25, 64, 34, 3, 92, 53, 9, 30, 44, 57, 15, 7, 55, 8, 83, 1, 20, 70, 68, 27, 79, 24, 29, 40, 58, 89, 45, 18, 36, 81, 37, 84, 60, 47, 22, 71, 6, 62, 63, 66, 49, 50, 2, 78, 42, 31]","[300, 246, 187, 301, 111, 97, 229, 127, 251, 356, 403, 237, 124, 346, 159, 317, 343, 313, 211, 243, 390, 172, 296, 98, 308, 381, 210, 333, 171, 344, 166, 340, 350, 375, 203, 320, 288, 247, 138, 364, 248, 275, 147, 373, 339, 235, 287, 291, 391, 150, 226, 153, 174, 212, 272, 297, 118, 104, 402, 205, 292, 123, 371, 378, 318, 331, 165, 283, 168, 155, 240, 324, 194, 220, 383, 357, 184, 179, 358, 277, 131, 359, 303, 263, 162, 401, 96, 122, 370, 117, 217, 265, 173, 394, 385, 103, 293, 141, 314, 387, 386, 294, 126, 398, 232, 266, 228, 109, 330, 191, 99, 348, 186, 206, 208, 244, 304, 299, 105, 342, 202, 252, 176, 169, 129, 362, 227, 236, 222, 382, 137, 281, 369, 234, 336, 249, 280, 201, 353, 156, 365, 282, 167, 334, 188, 112, 276, 355, 106, 230, 374, 95, 264, 134, 125, 405, 393, 351, 253, 143, 270, 225, 321, 326, 257, 338, 120, 323, 242, 198, 200, 325, 384, 256, 193, 121, 185, 161, 108, 259, 279, 231, 107, 170, 278, 261, 254, 290, 160, 223, 219, 114, 142, 354, 273, 312, 311, 400, 136, 139, 352, 133, 376, 361, 218, 144, 119, 260, 100, 322, 363, 148, 130, 152, 332, 368, 262, 241, 319, 302, 140, 366, 347, 175, 132, 207, 307, 360, 310, 306, 135, 295, 285, 116, 101, 145, 213, 164, 157, 102, 328, 349, 258, 110, 113, 389, 305, 149, 377, 115, 327, 238, 298, 192, 181, 395, 396, 214, 224, 379, 221, 335, 268, 380, 195, 289, 388, 309, 163, 372, 245, 199, 250, 267, 399, 274, 180, 397, 392, 284, 204, 177, 151, 209, 215, 329, 286, 337, 269, 197, 183, 158, 255, 233, 239, 189, 404, 154, 182, 345, 271, 190, 178, 128, 146, 316, 315, 196, 367, 341, 216]"
diversity_on_nsga2,13,-58.803016225,12.186983775000003,35.796983775,"[70, 47, 39, 55, 93, 44, 4, 18, 17, 85, 86, 87, 15, 59, 89, 13, 72, 83, 37, 84, 22, 57, 62, 41, 43, 73, 74, 94, 16, 65, 30, 61, 81, 29, 53, 40, 2, 54, 68, 12, 71, 20, 56, 14, 34, 33, 25, 64, 3, 36, 77, 24, 10, 76, 45, 51, 5, 42, 35, 63, 38, 78, 90, 91, 49, 48, 67, 8, 82, 75, 79, 32, 88, 52, 23, 6, 66, 11, 9, 80, 92, 21, 19, 69, 46, 60, 26, 58, 31, 28, 27, 1, 7, 50]","[369, 341, 154, 342, 204, 108, 275, 199, 170, 209, 140, 153, 392, 323, 317, 389, 336, 329, 212, 397, 401, 302, 375, 380, 95, 294, 163, 105, 139, 301, 126, 238, 360, 361, 277, 398, 327, 315, 309, 213, 264, 198, 354, 207, 137, 230, 184, 122, 335, 384, 325, 385, 346, 120, 229, 225, 165, 133, 280, 101, 178, 118, 237, 175, 210, 183, 173, 281, 345, 252, 243, 383, 332, 110, 367, 405, 271, 149, 179, 381, 374, 172, 400, 166, 366, 291, 234, 377, 134, 208, 196, 371, 299, 246, 382, 194, 363, 286, 312, 226, 253, 160, 259, 103, 174, 254, 313, 347, 330, 219, 308, 181, 353, 295, 131, 193, 239, 98, 100, 266, 236, 168, 187, 104, 304, 221, 321, 356, 142, 156, 231, 279, 113, 334, 358, 211, 333, 241, 171, 350, 148, 273, 200, 147, 390, 216, 298, 206, 300, 188, 404, 399, 270, 244, 362, 357, 255, 403, 132, 247, 292, 388, 349, 343, 99, 195, 119, 115, 143, 290, 169, 328, 379, 303, 269, 276, 121, 224, 130, 202, 111, 201, 395, 220, 176, 235, 283, 123, 97, 205, 242, 161, 138, 316, 186, 245, 109, 151, 215, 146, 364, 159, 222, 258, 352, 310, 232, 305, 337, 393, 257, 144, 158, 136, 326, 340, 402, 262, 365, 251, 167, 324, 185, 396, 250, 190, 265, 102, 331, 125, 284, 318, 214, 177, 164, 135, 261, 217, 189, 128, 319, 228, 274, 114, 150, 376, 227, 127, 314, 288, 293, 311, 387, 124, 96, 378, 152, 359, 267, 289, 368, 249, 197, 306, 117, 394, 386, 297, 268, 112, 106, 285, 157, 180, 272, 223, 182, 192, 141, 372, 373, 296, 107, 233, 339, 162, 320, 287, 260, 351, 344, 116, 338, 322, 145, 355, 129, 256, 278, 370, 240, 348, 155, 391, 218, 282, 191, 307, 203, 263, 248]"
diversity_on_nsga2,14,-77.68723079010046,22.532769209899538,32.01276920989954,"[30, 61, 24, 8, 28, 11, 41, 73, 76, 87, 10, 93, 75, 59, 74, 22, 17, 29, 13, 32, 69, 52, 12, 80, 23, 92, 25, 79, 3, 33, 72, 84, 15, 1, 70, 43, 27, 86, 89, 4, 7, 16, 47, 6, 45, 14, 83, 40, 63, 85, 19, 55, 9, 31, 50, 54, 46, 56, 82, 38, 2, 64, 48, 20, 53, 18, 5, 65, 39, 66, 77, 34, 57, 62, 68, 58, 51, 88, 78, 90, 37, 91, 42, 67, 49, 21, 36, 26, 81, 44, 60, 94, 35, 71]","[341, 154, 342, 204, 108, 199, 170, 369, 275, 191, 209, 140, 167, 153, 392, 323, 317, 389, 336, 329, 159, 212, 107, 397, 401, 247, 302, 162, 320, 287, 375, 380, 298, 294, 163, 105, 139, 301, 126, 238, 360, 361, 277, 398, 327, 315, 299, 213, 264, 198, 354, 207, 137, 300, 117, 184, 122, 335, 384, 325, 385, 132, 346, 120, 229, 225, 165, 145, 280, 305, 178, 254, 118, 237, 175, 388, 296, 210, 362, 297, 255, 403, 183, 146, 99, 149, 115, 143, 173, 281, 345, 111, 252, 331, 243, 244, 383, 332, 278, 101, 110, 292, 367, 405, 357, 271, 185, 195, 179, 381, 270, 227, 374, 172, 400, 157, 318, 166, 121, 366, 97, 234, 377, 119, 134, 208, 138, 196, 371, 309, 370, 177, 151, 258, 246, 382, 295, 194, 205, 217, 363, 286, 316, 337, 312, 235, 349, 340, 226, 253, 141, 348, 160, 259, 326, 123, 190, 135, 288, 310, 103, 256, 174, 136, 169, 313, 347, 289, 343, 215, 133, 330, 219, 365, 214, 308, 311, 402, 181, 353, 368, 131, 193, 262, 150, 164, 290, 239, 307, 98, 100, 266, 355, 282, 339, 236, 168, 283, 187, 127, 232, 285, 284, 104, 328, 379, 303, 269, 276, 224, 130, 202, 201, 395, 304, 221, 220, 321, 364, 242, 161, 376, 186, 245, 109, 356, 142, 233, 222, 352, 265, 156, 393, 257, 231, 144, 158, 279, 113, 249, 334, 358, 396, 250, 211, 102, 125, 333, 176, 223, 291, 261, 324, 241, 189, 128, 322, 171, 228, 274, 114, 314, 350, 293, 387, 124, 268, 378, 152, 359, 267, 251, 197, 306, 192, 148, 260, 273, 200, 147, 394, 390, 372, 386, 96, 391, 373, 106, 180, 272, 216, 182, 351, 344, 95, 116, 338, 319, 206, 129, 230, 188, 399, 240, 404, 155, 112, 218, 203, 263, 248]"
diversity_on_nsga2,15,-34.08979508461539,8.170204915384616,17.910204915384618,"[11, 26, 39, 93, 82, 86, 78, 74, 88, 77, 51, 17, 43, 10, 87, 76, 66, 85, 68, 59, 32, 61, 69, 36, 63, 25, 7, 47, 22, 71, 84, 46, 2, 94, 91, 9, 13, 21, 34, 5, 52, 12, 65, 20, 72, 4, 14, 23, 54, 33, 50, 64, 80, 3, 92, 35, 31, 30, 44, 57, 15, 60, 1, 67, 70, 8, 27, 79, 24, 29, 40, 58, 89, 45, 18, 19, 81, 37, 83, 42, 28, 49, 53, 41, 6, 62, 75, 55, 16, 48, 38, 73, 56, 90]","[183, 291, 273, 354, 332, 405, 174, 165, 113, 400, 209, 321, 333, 221, 226, 361, 259, 170, 130, 211, 290, 337, 327, 160, 309, 383, 326, 288, 310, 136, 215, 145, 214, 311, 402, 181, 368, 262, 164, 307, 284, 293, 388, 109, 229, 275, 272, 148, 376, 225, 261, 265, 399, 277, 192, 385, 401, 141, 216, 372, 208, 295, 387, 176, 97, 296, 364, 166, 300, 315, 305, 339, 344, 146, 207, 360, 316, 375, 278, 190, 171, 350, 131, 318, 346, 98, 324, 320, 178, 237, 390, 228, 243, 159, 297, 283, 150, 173, 313, 138, 308, 124, 251, 341, 345, 126, 370, 217, 235, 205, 155, 269, 147, 348, 206, 244, 304, 299, 105, 285, 342, 232, 202, 252, 169, 129, 362, 227, 236, 222, 199, 185, 137, 101, 281, 369, 289, 234, 336, 249, 280, 201, 298, 353, 156, 365, 282, 167, 389, 334, 188, 355, 230, 374, 95, 264, 116, 219, 386, 133, 220, 121, 158, 240, 306, 367, 382, 270, 157, 366, 377, 119, 196, 151, 194, 338, 356, 142, 203, 314, 120, 391, 358, 268, 255, 393, 123, 154, 106, 276, 359, 114, 245, 152, 250, 118, 115, 394, 197, 257, 322, 96, 102, 312, 125, 380, 266, 172, 384, 325, 242, 263, 132, 186, 218, 352, 177, 135, 395, 373, 144, 182, 343, 127, 303, 191, 117, 319, 378, 122, 195, 256, 357, 184, 248, 99, 223, 108, 274, 267, 161, 224, 204, 403, 246, 258, 128, 143, 180, 379, 396, 351, 189, 112, 328, 111, 331, 363, 349, 340, 271, 140, 347, 153, 392, 323, 100, 317, 398, 292, 212, 107, 397, 247, 302, 287, 371, 260, 193, 294, 134, 163, 139, 301, 238, 200, 104, 110, 329, 254, 179, 335, 162, 279, 404, 175, 253, 286, 233, 168, 330, 149, 213, 198, 187, 239, 231, 241, 381, 210, 103]"
diversity_on_nsga2,16,-90.78083758827464,31.319162411725372,52.11916241172537,"[70, 31, 2, 43, 5, 88, 28, 76, 80, 1, 77, 56, 27, 7, 21, 86, 64, 8, 68, 48, 84, 20, 39, 55, 11, 93, 33, 44, 79, 25, 3, 4, 82, 17, 18, 85, 51, 67, 87, 15, 59, 42, 38, 24, 49, 35, 66, 89, 13, 72, 83, 34, 57, 26, 9, 22, 37, 62, 41, 54, 73, 81, 69, 46, 78, 90, 91, 50, 36, 94, 71, 30, 10, 75, 61, 74, 16, 29, 32, 52, 12, 65, 23, 53, 60, 92, 58, 19, 47, 6, 45, 14, 40, 63]","[341, 154, 342, 204, 108, 217, 199, 141, 271, 140, 389, 347, 153, 173, 392, 131, 323, 100, 317, 167, 336, 159, 212, 107, 397, 401, 247, 302, 339, 162, 320, 287, 371, 172, 380, 118, 236, 252, 294, 219, 163, 105, 139, 301, 126, 238, 110, 277, 329, 234, 254, 179, 291, 296, 335, 133, 404, 175, 253, 206, 286, 137, 353, 246, 216, 330, 149, 213, 239, 295, 381, 281, 262, 375, 95, 299, 188, 210, 103, 134, 183, 101, 230, 390, 170, 369, 98, 354, 147, 332, 405, 226, 174, 165, 280, 382, 168, 346, 266, 400, 312, 209, 337, 187, 360, 361, 398, 327, 315, 160, 309, 264, 308, 198, 259, 383, 207, 300, 184, 366, 122, 194, 384, 325, 385, 196, 132, 363, 120, 229, 349, 225, 313, 166, 208, 178, 193, 237, 298, 377, 275, 374, 243, 244, 362, 297, 255, 185, 146, 343, 99, 195, 119, 115, 143, 345, 169, 121, 111, 176, 235, 240, 123, 205, 138, 316, 151, 215, 258, 310, 305, 367, 136, 157, 340, 402, 292, 365, 181, 403, 190, 331, 318, 214, 135, 388, 319, 150, 227, 288, 311, 96, 289, 368, 117, 394, 372, 386, 357, 127, 232, 285, 284, 104, 328, 379, 303, 269, 276, 224, 130, 202, 201, 395, 304, 221, 220, 321, 364, 242, 161, 376, 186, 245, 109, 356, 142, 233, 222, 352, 265, 156, 393, 257, 231, 144, 158, 279, 113, 249, 334, 358, 396, 250, 211, 102, 125, 333, 177, 223, 97, 261, 324, 241, 189, 128, 322, 171, 228, 274, 114, 314, 350, 293, 387, 124, 268, 378, 152, 359, 267, 251, 197, 306, 192, 148, 260, 273, 200, 112, 373, 106, 326, 180, 272, 182, 164, 351, 344, 116, 338, 145, 355, 129, 256, 399, 270, 278, 370, 283, 348, 155, 391, 218, 282, 191, 307, 203, 263, 248, 290]"
diversity_on_nsga2,17,-84.4540894608022,20.45591053919781,61.34591053919781,"[23, 92, 80, 70, 86, 84, 47, 6, 88, 46, 91, 9, 50, 77, 21, 59, 89, 13, 16, 36, 26, 22, 73, 15, 74, 4, 65, 30, 61, 39, 31, 2, 34, 68, 12, 71, 20, 56, 14, 54, 33, 25, 64, 3, 94, 44, 57, 81, 60, 1, 27, 45, 40, 58, 67, 63, 66, 85, 5, 8, 69, 29, 18, 19, 37, 83, 42, 35, 49, 53, 41, 7, 62, 48, 38, 43, 90, 10, 78, 11, 82, 79, 24, 55, 28, 76, 87, 93, 75, 72, 17, 32, 51, 52]","[342, 204, 108, 217, 199, 141, 271, 140, 167, 347, 153, 353, 392, 131, 323, 100, 317, 336, 159, 212, 107, 397, 401, 247, 302, 339, 162, 320, 287, 371, 260, 172, 380, 193, 236, 252, 294, 219, 163, 105, 139, 301, 126, 238, 200, 104, 110, 277, 234, 254, 179, 101, 296, 335, 166, 221, 404, 253, 206, 233, 137, 173, 246, 216, 330, 334, 149, 213, 295, 231, 241, 381, 281, 171, 262, 304, 350, 95, 299, 188, 324, 232, 211, 192, 103, 134, 291, 230, 390, 170, 369, 375, 98, 273, 354, 147, 279, 329, 286, 183, 175, 239, 210, 332, 405, 226, 174, 165, 280, 113, 382, 168, 346, 333, 266, 400, 312, 209, 337, 187, 360, 361, 321, 398, 327, 315, 160, 264, 308, 198, 259, 383, 207, 300, 148, 184, 366, 122, 194, 384, 325, 385, 196, 132, 363, 120, 229, 349, 225, 313, 133, 208, 178, 118, 237, 298, 377, 275, 374, 243, 244, 362, 297, 255, 403, 146, 343, 99, 195, 119, 115, 143, 345, 169, 328, 379, 303, 269, 276, 121, 224, 130, 202, 111, 201, 395, 186, 144, 223, 293, 116, 341, 220, 176, 235, 283, 123, 364, 205, 242, 161, 138, 316, 309, 245, 109, 151, 215, 356, 97, 142, 222, 258, 352, 310, 156, 305, 367, 393, 257, 158, 136, 326, 340, 402, 292, 365, 249, 181, 358, 185, 396, 250, 190, 265, 102, 331, 125, 284, 318, 214, 177, 135, 261, 388, 189, 128, 319, 228, 274, 114, 150, 376, 227, 127, 314, 288, 311, 387, 124, 96, 378, 152, 359, 267, 289, 368, 251, 197, 306, 117, 394, 372, 386, 357, 268, 112, 373, 106, 285, 157, 180, 272, 182, 164, 351, 344, 389, 338, 322, 145, 355, 129, 256, 399, 270, 278, 370, 240, 348, 155, 391, 218, 282, 191, 307, 203, 263, 248, 290, 154]"
diversity_on_nsga2,18,-93.98063975000001,26.949360249999998,57.01936025,"[31, 2, 54, 88, 28, 76, 27, 1, 77, 56, 38, 7, 49, 60, 64, 68, 48, 70, 47, 55, 11, 46, 33, 44, 79, 25, 3, 5, 8, 69, 34, 4, 82, 18, 17, 85, 51, 86, 87, 15, 9, 42, 92, 24, 21, 35, 66, 89, 13, 72, 83, 39, 37, 84, 22, 57, 62, 41, 43, 73, 23, 74, 94, 16, 71, 52, 80, 90, 65, 30, 61, 12, 58, 29, 20, 75, 53, 40, 32, 45, 78, 6, 67, 10, 19, 93, 63, 50, 26, 81, 36, 91, 14, 59]","[273, 341, 154, 342, 204, 108, 275, 199, 170, 209, 140, 167, 153, 392, 323, 317, 389, 336, 329, 159, 212, 152, 397, 401, 247, 302, 162, 320, 287, 375, 380, 298, 294, 163, 105, 139, 301, 126, 238, 360, 361, 277, 398, 327, 315, 309, 213, 264, 198, 354, 207, 137, 300, 117, 184, 122, 335, 384, 325, 385, 132, 346, 282, 229, 225, 165, 133, 280, 326, 178, 254, 118, 237, 175, 388, 296, 210, 362, 297, 255, 403, 183, 146, 343, 195, 115, 143, 173, 281, 345, 299, 252, 331, 243, 244, 383, 332, 305, 110, 292, 245, 405, 357, 271, 185, 149, 179, 381, 227, 374, 172, 400, 157, 318, 166, 121, 366, 291, 234, 377, 119, 134, 208, 138, 196, 371, 111, 176, 151, 258, 246, 382, 368, 194, 205, 217, 363, 286, 316, 337, 312, 235, 349, 340, 226, 253, 141, 160, 259, 101, 123, 190, 97, 288, 310, 103, 174, 136, 169, 313, 347, 289, 99, 215, 145, 330, 219, 365, 214, 308, 311, 402, 181, 353, 295, 266, 193, 262, 150, 164, 290, 239, 98, 100, 131, 355, 339, 236, 168, 283, 187, 200, 147, 390, 216, 95, 206, 230, 188, 404, 186, 367, 109, 356, 142, 222, 352, 156, 393, 257, 144, 158, 249, 128, 396, 250, 265, 102, 125, 284, 177, 223, 135, 261, 189, 358, 319, 228, 274, 114, 376, 127, 314, 293, 387, 124, 96, 378, 359, 267, 251, 197, 306, 394, 372, 386, 268, 112, 373, 106, 285, 180, 272, 182, 351, 344, 116, 338, 322, 129, 256, 399, 270, 278, 370, 240, 348, 155, 391, 218, 120, 191, 307, 203, 263, 248, 369, 260, 104, 328, 379, 303, 269, 276, 224, 130, 202, 201, 395, 304, 221, 220, 321, 364, 242, 161, 233, 231, 279, 113, 334, 211, 333, 324, 241, 171, 350, 107, 192, 148, 232]"
diversity_on_nsga2,19,-68.21142883461539,16.308571165384617,33.28857116538462,"[24, 68, 91, 9, 50, 54, 77, 56, 2, 48, 21, 71, 52, 30, 44, 66, 82, 11, 12, 65, 72, 53, 23, 86, 25, 35, 3, 16, 80, 61, 42, 15, 60, 1, 70, 43, 33, 39, 58, 89, 18, 19, 37, 7, 22, 64, 31, 81, 67, 8, 27, 29, 40, 45, 83, 57, 28, 49, 62, 38, 4, 90, 10, 46, 79, 76, 87, 75, 93, 59, 17, 69, 32, 51, 84, 47, 6, 88, 63, 20, 85, 5, 78, 26, 94, 55, 41, 73, 74, 36, 13, 92, 14, 34]","[342, 204, 108, 217, 199, 141, 271, 140, 167, 347, 153, 353, 392, 131, 323, 100, 317, 389, 336, 159, 212, 107, 397, 401, 247, 302, 339, 162, 320, 287, 371, 260, 172, 380, 193, 236, 252, 294, 219, 285, 105, 139, 301, 126, 238, 200, 104, 110, 277, 234, 254, 179, 101, 296, 335, 166, 221, 404, 253, 206, 233, 137, 173, 246, 216, 330, 334, 149, 213, 295, 231, 241, 381, 281, 171, 262, 304, 350, 375, 95, 299, 188, 324, 192, 103, 134, 261, 230, 290, 232, 170, 369, 211, 98, 273, 354, 147, 279, 332, 405, 226, 174, 165, 280, 113, 382, 168, 346, 333, 266, 400, 312, 209, 138, 360, 361, 321, 398, 327, 315, 160, 146, 264, 198, 259, 383, 207, 300, 148, 184, 366, 122, 194, 384, 325, 329, 286, 337, 308, 183, 175, 239, 210, 385, 196, 132, 363, 120, 229, 349, 225, 313, 133, 208, 178, 118, 237, 218, 377, 275, 374, 243, 244, 362, 297, 255, 403, 309, 356, 343, 99, 195, 119, 115, 143, 345, 169, 328, 379, 303, 269, 276, 121, 224, 130, 202, 111, 201, 395, 220, 176, 235, 283, 123, 364, 205, 242, 161, 187, 316, 186, 245, 109, 151, 215, 97, 142, 222, 258, 352, 310, 156, 305, 367, 393, 257, 144, 158, 136, 326, 340, 402, 292, 365, 249, 181, 358, 185, 396, 250, 190, 265, 102, 331, 125, 284, 318, 214, 177, 223, 135, 291, 388, 189, 128, 319, 228, 274, 114, 150, 376, 227, 127, 314, 288, 293, 311, 387, 298, 96, 378, 152, 359, 267, 289, 368, 251, 197, 306, 117, 394, 372, 386, 357, 268, 112, 373, 106, 163, 157, 180, 272, 182, 164, 351, 344, 116, 338, 322, 145, 355, 129, 256, 399, 270, 278, 370, 240, 348, 155, 391, 124, 282, 191, 307, 203, 263, 248, 390, 341, 154]"
diversity_on_nsga2,20,-50.067431815805186,12.752568184194809,22.932568184194807,"[85, 86, 37, 41, 43, 73, 74, 94, 16, 65, 30, 61, 81, 29, 53, 40, 2, 54, 68, 12, 71, 20, 56, 14, 33, 25, 64, 3, 36, 77, 17, 67, 50, 87, 15, 59, 92, 24, 35, 66, 89, 13, 72, 83, 34, 26, 84, 22, 31, 57, 62, 10, 76, 45, 51, 5, 42, 63, 38, 78, 90, 91, 49, 48, 8, 82, 75, 79, 32, 88, 52, 23, 6, 11, 9, 80, 21, 19, 69, 46, 60, 58, 28, 27, 1, 7, 70, 47, 39, 55, 93, 44, 4, 18]","[154, 342, 204, 108, 275, 199, 170, 209, 140, 153, 392, 323, 317, 389, 336, 329, 212, 397, 401, 302, 375, 380, 95, 294, 163, 105, 139, 301, 126, 238, 360, 361, 277, 398, 327, 315, 309, 213, 264, 198, 354, 207, 220, 230, 184, 122, 335, 384, 325, 385, 346, 120, 229, 225, 165, 133, 280, 101, 178, 118, 237, 175, 210, 183, 173, 281, 345, 252, 243, 383, 332, 110, 367, 405, 271, 149, 179, 381, 374, 172, 400, 166, 366, 291, 234, 377, 134, 208, 196, 371, 299, 246, 382, 194, 363, 286, 312, 226, 253, 160, 259, 103, 174, 254, 313, 347, 330, 219, 308, 181, 353, 295, 131, 193, 239, 98, 100, 266, 236, 168, 187, 104, 304, 221, 321, 356, 142, 156, 231, 279, 113, 334, 358, 211, 241, 171, 350, 148, 273, 200, 147, 390, 216, 298, 206, 300, 188, 404, 399, 270, 244, 362, 357, 255, 403, 132, 247, 292, 388, 349, 343, 99, 195, 119, 115, 143, 290, 169, 328, 379, 303, 269, 276, 102, 125, 333, 121, 224, 130, 202, 111, 201, 395, 137, 176, 235, 283, 123, 97, 205, 242, 161, 138, 316, 186, 245, 109, 151, 215, 146, 364, 159, 222, 258, 352, 310, 232, 305, 337, 393, 257, 144, 158, 136, 326, 340, 402, 262, 365, 251, 167, 324, 185, 396, 250, 190, 265, 331, 284, 318, 214, 177, 164, 135, 261, 217, 189, 128, 319, 228, 274, 114, 150, 376, 227, 127, 314, 288, 293, 311, 387, 124, 96, 378, 152, 359, 267, 289, 368, 249, 197, 306, 117, 394, 386, 297, 268, 112, 106, 285, 157, 180, 272, 223, 182, 192, 141, 372, 373, 296, 107, 233, 339, 162, 320, 287, 260, 351, 344, 116, 338, 322, 145, 355, 129, 256, 278, 370, 240, 348, 155, 391, 218, 282, 191, 307, 203, 263, 248, 369, 341]"
diversity_on_nsga2,21,-31.460117793365384,13.499882206634615,10.639882206634615,"[85, 13, 39, 43, 73, 94, 65, 76, 40, 74, 69, 93, 77, 49, 53, 41, 7, 38, 4, 90, 10, 78, 46, 82, 86, 87, 15, 59, 42, 48, 56, 2, 55, 21, 75, 16, 91, 88, 52, 80, 92, 24, 35, 66, 89, 72, 83, 79, 29, 27, 34, 26, 84, 22, 57, 62, 5, 61, 71, 30, 23, 12, 58, 47, 64, 67, 20, 68, 6, 54, 14, 60, 1, 70, 8, 45, 19, 37, 18, 32, 51, 81, 11, 50, 33, 36, 63, 9, 28, 25, 31, 44, 3, 17]","[154, 206, 191, 114, 265, 342, 158, 333, 279, 317, 267, 323, 130, 263, 238, 369, 155, 212, 228, 298, 105, 361, 170, 303, 168, 201, 197, 120, 139, 274, 230, 126, 171, 328, 334, 213, 278, 294, 394, 261, 102, 360, 283, 116, 370, 348, 321, 187, 207, 137, 300, 117, 184, 335, 384, 325, 132, 346, 229, 225, 165, 280, 101, 178, 118, 237, 244, 175, 296, 210, 362, 297, 255, 403, 183, 146, 343, 195, 115, 143, 281, 345, 111, 252, 243, 292, 383, 305, 367, 357, 271, 185, 149, 179, 381, 374, 172, 400, 157, 318, 166, 121, 366, 291, 234, 377, 119, 134, 208, 138, 196, 371, 299, 176, 151, 258, 246, 382, 194, 205, 217, 363, 286, 316, 337, 312, 235, 349, 340, 226, 253, 141, 160, 259, 326, 123, 97, 288, 310, 103, 174, 330, 181, 295, 392, 284, 398, 204, 106, 209, 109, 404, 182, 108, 329, 257, 189, 128, 315, 216, 270, 256, 136, 169, 313, 347, 289, 99, 215, 145, 190, 219, 365, 214, 308, 311, 402, 251, 353, 368, 131, 193, 262, 150, 164, 290, 239, 307, 98, 100, 266, 355, 282, 339, 236, 231, 254, 222, 223, 388, 277, 142, 273, 359, 162, 96, 122, 133, 376, 144, 110, 260, 338, 405, 332, 227, 242, 331, 173, 264, 319, 198, 385, 327, 233, 250, 293, 314, 387, 269, 386, 397, 301, 395, 202, 218, 351, 322, 127, 399, 148, 124, 159, 113, 241, 211, 306, 161, 390, 248, 156, 336, 107, 188, 344, 224, 350, 203, 372, 320, 247, 364, 352, 275, 268, 354, 147, 373, 379, 152, 391, 153, 112, 167, 104, 129, 140, 304, 378, 389, 393, 240, 380, 135, 285, 324, 220, 200, 358, 272, 199, 287, 396, 192, 375, 95, 356, 177, 341, 163, 302, 232, 309, 221, 125, 180, 276, 245, 401, 186, 249]"
diversity_on_nsga2,22,-24.975775025,21.654224974999998,9.124224975,"[54, 32, 39, 69, 41, 10, 63, 78, 36, 74, 38, 90, 2, 9, 13, 46, 43, 28, 53, 4, 82, 18, 17, 85, 86, 87, 15, 59, 42, 48, 56, 81, 55, 21, 75, 16, 91, 88, 52, 80, 92, 24, 35, 66, 89, 72, 83, 79, 29, 27, 34, 26, 84, 22, 57, 62, 5, 61, 71, 30, 23, 12, 58, 47, 64, 67, 20, 68, 6, 33, 14, 60, 1, 70, 8, 45, 40, 37, 7, 49, 50, 94, 19, 31, 51, 25, 3, 65, 44, 73, 77, 11, 76, 93]","[152, 391, 121, 153, 112, 167, 297, 118, 104, 129, 140, 304, 292, 123, 195, 378, 318, 389, 393, 240, 380, 135, 285, 324, 220, 115, 280, 200, 358, 383, 137, 183, 272, 199, 287, 396, 192, 375, 95, 300, 106, 356, 177, 341, 163, 403, 165, 367, 185, 184, 302, 232, 309, 210, 221, 125, 281, 180, 276, 245, 179, 401, 186, 249, 154, 206, 191, 114, 265, 342, 158, 333, 279, 101, 317, 267, 357, 323, 130, 263, 238, 369, 155, 212, 228, 298, 325, 105, 361, 170, 303, 168, 201, 197, 120, 139, 274, 230, 126, 171, 328, 132, 334, 374, 213, 278, 294, 394, 261, 255, 102, 400, 360, 305, 283, 117, 143, 181, 291, 234, 116, 119, 134, 208, 138, 196, 371, 299, 370, 176, 151, 258, 382, 295, 194, 205, 217, 363, 316, 286, 337, 312, 235, 349, 340, 226, 253, 141, 353, 160, 259, 326, 321, 330, 97, 178, 246, 187, 288, 310, 103, 174, 136, 169, 313, 347, 289, 99, 215, 145, 190, 219, 365, 214, 308, 311, 402, 251, 348, 368, 131, 193, 262, 150, 164, 290, 239, 307, 98, 100, 266, 355, 282, 339, 236, 231, 254, 222, 223, 388, 277, 142, 273, 359, 162, 96, 122, 133, 376, 144, 110, 260, 338, 405, 332, 227, 242, 331, 173, 264, 319, 198, 385, 327, 233, 250, 293, 314, 387, 269, 386, 397, 392, 284, 398, 204, 362, 384, 209, 109, 404, 182, 381, 345, 108, 329, 377, 257, 175, 189, 128, 146, 315, 216, 270, 256, 301, 111, 395, 202, 229, 218, 351, 271, 322, 127, 399, 237, 148, 225, 124, 346, 159, 244, 366, 343, 113, 241, 211, 243, 306, 161, 390, 248, 172, 296, 156, 336, 107, 188, 157, 344, 166, 224, 207, 350, 203, 372, 320, 247, 364, 352, 149, 275, 252, 268, 354, 147, 373, 335, 379]"
diversity_on_nsga2,23,-76.60000000000001,13.89,42.8,"[64, 68, 70, 47, 55, 46, 33, 44, 25, 3, 69, 4, 18, 17, 85, 86, 87, 39, 37, 41, 43, 73, 74, 94, 16, 71, 65, 30, 61, 12, 58, 29, 20, 53, 15, 59, 92, 24, 35, 66, 89, 13, 72, 83, 34, 26, 84, 22, 31, 57, 62, 10, 76, 45, 51, 5, 54, 63, 38, 78, 90, 91, 49, 48, 8, 82, 75, 79, 32, 88, 50, 23, 6, 11, 9, 80, 21, 40, 67, 19, 93, 52, 81, 36, 14, 2, 42, 28, 27, 1, 77, 56, 7, 60]","[273, 341, 154, 342, 345, 108, 275, 199, 170, 209, 140, 167, 153, 392, 323, 317, 389, 336, 329, 159, 212, 152, 397, 401, 247, 302, 162, 320, 287, 375, 380, 298, 294, 163, 105, 139, 301, 126, 238, 360, 361, 277, 398, 327, 315, 309, 213, 264, 198, 354, 207, 137, 300, 117, 184, 122, 335, 384, 325, 385, 132, 346, 282, 229, 225, 165, 133, 280, 326, 178, 254, 118, 237, 175, 388, 296, 210, 297, 403, 183, 146, 343, 195, 115, 143, 173, 281, 204, 299, 252, 331, 243, 383, 332, 305, 110, 292, 245, 405, 271, 185, 149, 179, 381, 227, 374, 172, 400, 157, 318, 166, 121, 366, 291, 234, 377, 119, 134, 208, 138, 196, 371, 111, 176, 151, 258, 246, 382, 368, 194, 205, 217, 363, 286, 316, 337, 312, 235, 349, 340, 226, 253, 141, 160, 259, 101, 123, 190, 97, 288, 244, 362, 357, 255, 310, 103, 174, 136, 169, 313, 347, 289, 99, 215, 145, 330, 219, 365, 214, 308, 311, 402, 181, 353, 295, 266, 193, 262, 150, 164, 290, 239, 98, 100, 131, 355, 339, 236, 168, 283, 187, 200, 147, 156, 216, 95, 206, 230, 188, 404, 186, 367, 109, 356, 142, 222, 352, 390, 393, 257, 144, 158, 249, 128, 396, 250, 265, 102, 125, 284, 177, 223, 135, 261, 189, 358, 319, 228, 274, 114, 376, 127, 314, 293, 387, 124, 96, 378, 359, 267, 251, 197, 306, 394, 372, 386, 268, 112, 373, 106, 285, 180, 272, 182, 351, 344, 116, 338, 322, 129, 256, 399, 270, 278, 370, 240, 348, 155, 391, 218, 120, 191, 307, 203, 263, 248, 369, 260, 104, 328, 379, 303, 269, 276, 224, 130, 202, 201, 395, 304, 221, 220, 321, 364, 242, 161, 233, 231, 279, 113, 334, 211, 333, 324, 241, 171, 350, 107, 192, 148, 232]"
diversity_on_nsga2,24,-85.11347622080869,23.176523779191303,45.686523779191305,"[77, 88, 30, 73, 48, 82, 10, 93, 29, 27, 43, 14, 25, 3, 64, 70, 45, 53, 75, 59, 74, 16, 17, 86, 56, 32, 41, 38, 68, 79, 12, 65, 20, 72, 23, 15, 80, 92, 35, 94, 44, 57, 60, 87, 1, 67, 52, 24, 4, 58, 89, 18, 19, 81, 2, 83, 40, 85, 63, 5, 8, 69, 34, 42, 49, 33, 13, 84, 21, 31, 26, 71, 61, 55, 28, 9, 37, 54, 7, 22, 90, 62, 91, 39, 36, 50, 76, 51, 47, 6, 66, 46, 78, 11]","[154, 342, 204, 108, 217, 199, 141, 271, 140, 167, 347, 153, 353, 392, 131, 323, 100, 317, 389, 336, 159, 212, 107, 397, 401, 302, 339, 162, 320, 287, 371, 260, 172, 380, 193, 236, 252, 294, 219, 163, 105, 139, 301, 126, 238, 200, 104, 110, 277, 329, 234, 179, 101, 390, 296, 335, 221, 404, 175, 253, 206, 348, 233, 137, 173, 246, 216, 330, 334, 149, 213, 239, 295, 231, 241, 381, 281, 171, 304, 350, 375, 95, 299, 188, 210, 324, 192, 103, 134, 183, 291, 230, 232, 170, 369, 211, 98, 273, 354, 147, 279, 332, 405, 226, 387, 174, 165, 280, 113, 382, 168, 346, 333, 400, 312, 220, 337, 187, 360, 361, 321, 398, 327, 315, 160, 309, 264, 308, 198, 259, 383, 207, 166, 298, 254, 293, 247, 292, 365, 249, 300, 148, 184, 366, 122, 194, 379, 325, 385, 196, 132, 363, 120, 229, 349, 225, 313, 133, 208, 178, 118, 237, 266, 377, 275, 374, 176, 244, 362, 297, 255, 403, 146, 343, 99, 195, 119, 115, 143, 345, 169, 328, 384, 303, 269, 276, 121, 224, 130, 359, 111, 201, 395, 209, 243, 235, 283, 123, 364, 205, 242, 161, 138, 316, 186, 245, 109, 151, 215, 356, 197, 142, 222, 258, 352, 310, 156, 305, 367, 393, 257, 144, 158, 136, 326, 340, 402, 262, 181, 396, 185, 358, 250, 190, 265, 102, 331, 125, 284, 318, 214, 177, 223, 135, 261, 388, 189, 128, 319, 228, 274, 114, 150, 376, 227, 127, 314, 288, 311, 124, 96, 378, 152, 202, 267, 289, 368, 251, 97, 306, 117, 394, 372, 386, 357, 268, 112, 373, 106, 285, 157, 180, 272, 182, 164, 351, 344, 116, 338, 322, 145, 355, 129, 256, 399, 270, 278, 370, 240, 286, 155, 391, 218, 282, 191, 307, 203, 263, 248, 290, 341]"
diversity_on_nsga2,25,-62.999204087500004,15.890795912500002,25.900795912499998,"[91, 24, 55, 39, 62, 41, 73, 87, 10, 93, 61, 74, 16, 17, 29, 13, 81, 51, 52, 12, 65, 72, 33, 25, 35, 3, 92, 80, 44, 57, 15, 86, 1, 70, 43, 89, 18, 37, 84, 7, 22, 83, 88, 82, 66, 85, 5, 8, 68, 90, 59, 9, 31, 50, 54, 56, 49, 38, 2, 64, 69, 34, 42, 19, 46, 20, 11, 67, 4, 21, 36, 26, 32, 94, 77, 28, 78, 48, 76, 75, 79, 71, 23, 53, 60, 27, 58, 47, 6, 45, 14, 40, 63, 30]","[154, 342, 204, 108, 217, 199, 141, 271, 140, 167, 347, 153, 353, 392, 131, 323, 100, 317, 165, 159, 212, 107, 397, 401, 247, 302, 339, 320, 287, 371, 172, 380, 193, 236, 252, 294, 219, 163, 105, 139, 301, 126, 238, 200, 277, 329, 234, 179, 296, 166, 404, 253, 206, 286, 173, 246, 216, 330, 149, 213, 239, 295, 381, 281, 262, 110, 375, 95, 299, 188, 210, 103, 134, 183, 291, 230, 390, 170, 369, 98, 147, 332, 405, 226, 174, 382, 400, 209, 337, 187, 360, 361, 398, 327, 315, 160, 264, 308, 198, 113, 259, 383, 354, 207, 137, 300, 184, 366, 122, 335, 194, 384, 385, 325, 196, 168, 132, 346, 363, 120, 229, 336, 280, 101, 254, 175, 162, 232, 104, 395, 304, 221, 321, 186, 233, 231, 144, 279, 334, 211, 333, 223, 324, 241, 171, 350, 293, 192, 148, 260, 273, 116, 266, 349, 225, 313, 133, 208, 178, 118, 237, 298, 377, 275, 374, 243, 244, 362, 297, 255, 403, 146, 343, 99, 195, 119, 115, 143, 345, 169, 328, 379, 303, 269, 276, 121, 224, 130, 202, 111, 201, 312, 220, 176, 235, 283, 123, 364, 205, 242, 161, 138, 316, 309, 245, 109, 151, 215, 356, 97, 142, 222, 258, 352, 310, 156, 305, 367, 393, 257, 158, 136, 326, 340, 402, 292, 365, 249, 181, 358, 185, 396, 250, 190, 265, 102, 331, 125, 284, 318, 214, 177, 135, 261, 388, 189, 128, 319, 228, 274, 114, 150, 376, 227, 127, 314, 288, 311, 387, 124, 96, 378, 152, 359, 267, 289, 368, 251, 197, 306, 117, 394, 372, 386, 357, 268, 112, 373, 106, 285, 157, 180, 272, 182, 164, 351, 344, 389, 338, 322, 145, 355, 129, 256, 399, 270, 278, 370, 240, 348, 155, 391, 218, 282, 191, 307, 203, 263, 248, 290, 341]"
diversity_on_nsga2,26,-53.5,11.350000000000001,24.100000000000005,"[74, 73, 76, 54, 37, 43, 81, 23, 94, 71, 52, 80, 38, 7, 49, 2, 64, 32, 68, 48, 70, 20, 39, 55, 63, 93, 33, 44, 16, 25, 3, 4, 82, 18, 17, 85, 51, 86, 87, 15, 59, 42, 92, 24, 21, 35, 66, 89, 13, 72, 83, 34, 36, 26, 84, 22, 57, 62, 41, 90, 65, 30, 61, 12, 58, 29, 47, 53, 40, 45, 78, 6, 67, 10, 69, 14, 11, 5, 91, 46, 9, 31, 60, 28, 27, 1, 77, 56, 8, 79, 19, 50, 75, 88]","[248, 369, 341, 154, 342, 108, 275, 199, 170, 140, 167, 153, 323, 317, 389, 336, 159, 212, 107, 401, 247, 302, 162, 320, 287, 375, 380, 298, 294, 163, 105, 139, 301, 126, 238, 360, 361, 277, 398, 327, 315, 213, 264, 198, 354, 313, 137, 300, 184, 122, 335, 384, 325, 385, 132, 346, 120, 229, 225, 165, 133, 280, 101, 178, 254, 118, 237, 175, 388, 296, 210, 362, 297, 255, 403, 183, 146, 343, 195, 115, 143, 173, 281, 345, 111, 252, 331, 243, 244, 383, 332, 278, 309, 148, 397, 392, 204, 209, 329, 305, 110, 292, 367, 405, 357, 271, 185, 149, 216, 381, 270, 227, 374, 172, 400, 157, 318, 166, 121, 366, 291, 234, 377, 119, 134, 208, 268, 196, 371, 299, 370, 176, 151, 258, 246, 382, 295, 194, 205, 217, 363, 286, 316, 337, 312, 235, 349, 340, 226, 253, 141, 348, 160, 259, 326, 321, 190, 97, 288, 310, 103, 256, 174, 136, 169, 207, 347, 289, 99, 215, 145, 330, 219, 365, 214, 308, 311, 402, 181, 353, 368, 131, 193, 262, 150, 164, 290, 239, 307, 98, 100, 266, 355, 282, 339, 236, 168, 283, 187, 127, 260, 285, 284, 104, 328, 379, 303, 269, 276, 224, 130, 202, 201, 395, 304, 221, 220, 123, 364, 242, 161, 376, 186, 245, 109, 356, 142, 233, 222, 352, 265, 156, 393, 257, 231, 144, 158, 279, 113, 249, 334, 358, 396, 250, 211, 102, 125, 333, 177, 223, 135, 261, 324, 241, 189, 128, 319, 171, 228, 274, 114, 314, 350, 293, 387, 124, 96, 378, 152, 359, 267, 251, 197, 306, 192, 117, 232, 273, 200, 147, 394, 390, 372, 386, 138, 112, 373, 106, 180, 272, 179, 182, 351, 344, 95, 116, 338, 322, 206, 129, 230, 188, 399, 240, 404, 155, 391, 218, 191, 203, 263]"
diversity_on_nsga2,27,-23.294246225000006,14.675753775000002,6.8057537749999995,"[33, 26, 36, 63, 8, 9, 28, 71, 54, 25, 64, 31, 44, 60, 1, 56, 34, 81, 70, 68, 16, 91, 3, 17, 85, 15, 59, 42, 92, 21, 35, 66, 89, 13, 72, 83, 39, 37, 22, 57, 43, 73, 94, 88, 80, 24, 65, 76, 61, 12, 58, 29, 20, 75, 40, 45, 74, 67, 19, 69, 93, 14, 77, 49, 53, 41, 7, 62, 48, 38, 4, 90, 10, 78, 46, 55, 87, 82, 27, 18, 79, 32, 51, 52, 23, 84, 86, 47, 6, 2, 11, 30, 5, 50]","[154, 206, 191, 114, 265, 342, 158, 333, 279, 317, 267, 323, 130, 263, 238, 369, 155, 212, 228, 298, 105, 361, 170, 303, 168, 201, 197, 120, 139, 274, 230, 126, 171, 328, 334, 213, 278, 294, 394, 261, 102, 360, 283, 251, 116, 370, 348, 321, 187, 207, 137, 300, 117, 184, 122, 335, 384, 325, 385, 132, 346, 282, 229, 225, 165, 133, 280, 101, 178, 254, 118, 237, 244, 175, 388, 296, 210, 362, 297, 255, 403, 183, 146, 343, 195, 115, 143, 173, 281, 345, 111, 252, 331, 243, 292, 383, 332, 305, 110, 367, 405, 357, 271, 185, 149, 179, 381, 227, 374, 172, 400, 157, 318, 166, 121, 366, 291, 234, 377, 119, 134, 208, 138, 196, 371, 299, 176, 151, 258, 246, 382, 368, 194, 205, 217, 363, 286, 316, 337, 312, 235, 349, 340, 226, 253, 141, 160, 259, 326, 123, 190, 97, 288, 310, 103, 174, 136, 169, 313, 347, 289, 99, 215, 145, 330, 219, 365, 214, 308, 311, 402, 181, 353, 295, 266, 193, 262, 150, 164, 290, 239, 98, 100, 131, 355, 339, 307, 236, 231, 222, 223, 277, 142, 273, 359, 162, 96, 376, 144, 260, 338, 242, 264, 319, 198, 327, 233, 250, 293, 314, 387, 269, 386, 397, 392, 284, 398, 204, 106, 209, 109, 404, 182, 108, 329, 257, 189, 128, 315, 216, 270, 256, 301, 395, 202, 218, 351, 322, 127, 399, 148, 124, 159, 113, 241, 211, 306, 161, 390, 248, 156, 336, 107, 188, 344, 224, 350, 203, 372, 320, 247, 364, 352, 275, 268, 354, 147, 373, 379, 152, 391, 153, 112, 167, 104, 129, 140, 304, 378, 389, 393, 240, 380, 135, 285, 324, 220, 200, 358, 272, 199, 287, 396, 192, 375, 95, 356, 177, 341, 163, 302, 232, 309, 221, 125, 180, 276, 245, 401, 186, 249]"
diversity_on_nsga2,28,-61.789570785384605,15.170429214615384,39.010429214615385,"[59, 24, 55, 39, 28, 62, 89, 73, 76, 87, 10, 93, 75, 61, 74, 16, 17, 29, 13, 32, 51, 52, 12, 65, 72, 23, 33, 25, 35, 3, 92, 80, 44, 57, 15, 60, 1, 70, 43, 27, 86, 58, 41, 18, 19, 37, 84, 7, 63, 47, 6, 45, 14, 83, 40, 88, 66, 21, 22, 5, 8, 69, 30, 42, 68, 46, 78, 90, 91, 9, 31, 50, 54, 77, 56, 49, 48, 38, 2, 64, 53, 20, 11, 67, 4, 82, 85, 36, 26, 81, 94, 79, 71, 34]","[154, 342, 204, 108, 217, 199, 141, 271, 140, 167, 347, 153, 353, 392, 131, 323, 100, 317, 389, 336, 159, 212, 107, 397, 401, 302, 339, 162, 320, 287, 371, 260, 172, 380, 193, 236, 252, 294, 219, 163, 105, 139, 243, 126, 238, 200, 104, 110, 277, 329, 234, 179, 101, 296, 335, 221, 404, 175, 253, 206, 286, 233, 137, 173, 246, 216, 330, 334, 149, 213, 239, 295, 231, 241, 381, 281, 171, 304, 350, 375, 95, 299, 188, 210, 324, 192, 103, 134, 183, 291, 230, 390, 232, 170, 369, 211, 98, 273, 354, 147, 279, 332, 405, 226, 174, 165, 240, 280, 113, 382, 168, 346, 333, 400, 312, 209, 337, 187, 360, 361, 321, 398, 327, 315, 160, 309, 264, 308, 198, 259, 383, 207, 166, 298, 254, 293, 247, 292, 365, 249, 300, 148, 184, 366, 122, 194, 384, 325, 385, 196, 387, 363, 120, 229, 349, 225, 313, 133, 208, 178, 118, 237, 266, 377, 275, 374, 301, 244, 362, 297, 255, 403, 146, 343, 99, 195, 119, 115, 143, 345, 169, 328, 379, 303, 269, 276, 121, 224, 130, 359, 111, 201, 395, 220, 176, 235, 283, 123, 364, 205, 242, 161, 138, 316, 186, 245, 109, 151, 215, 356, 197, 142, 222, 258, 352, 310, 156, 305, 367, 393, 257, 144, 158, 136, 326, 340, 402, 262, 181, 396, 185, 358, 250, 190, 265, 102, 331, 125, 284, 318, 214, 177, 223, 135, 261, 388, 189, 128, 319, 228, 274, 114, 150, 376, 227, 127, 314, 288, 311, 132, 124, 96, 378, 152, 202, 267, 289, 368, 251, 97, 306, 117, 394, 372, 386, 357, 268, 112, 373, 106, 285, 157, 180, 272, 182, 164, 351, 344, 116, 338, 322, 145, 355, 129, 256, 399, 270, 278, 370, 348, 155, 391, 218, 282, 191, 307, 203, 263, 248, 290, 341]"
diversity_on_nsga2,29,-42.246657453846154,8.823342546153846,30.353342546153847,"[59, 42, 91, 9, 17, 54, 77, 56, 2, 48, 21, 20, 11, 25, 32, 33, 35, 3, 80, 44, 15, 60, 1, 70, 86, 39, 89, 18, 38, 24, 66, 13, 83, 34, 36, 46, 14, 31, 5, 92, 28, 76, 88, 7, 49, 64, 8, 68, 55, 93, 63, 79, 37, 26, 84, 22, 57, 62, 41, 43, 73, 81, 23, 4, 94, 16, 71, 52, 27, 90, 65, 30, 61, 12, 58, 29, 47, 75, 53, 40, 72, 45, 78, 6, 67, 10, 19, 69, 74, 82, 50, 85, 51, 87]","[204, 108, 275, 199, 170, 209, 140, 167, 153, 392, 323, 317, 389, 336, 329, 159, 212, 107, 397, 401, 247, 302, 162, 320, 287, 375, 380, 298, 213, 163, 105, 139, 301, 126, 238, 360, 361, 277, 398, 327, 315, 299, 294, 264, 198, 354, 207, 137, 300, 117, 184, 122, 335, 384, 325, 385, 132, 346, 120, 229, 225, 165, 133, 280, 305, 178, 254, 118, 237, 175, 388, 296, 210, 362, 297, 255, 403, 183, 146, 99, 195, 115, 143, 173, 281, 134, 291, 226, 345, 111, 252, 331, 243, 244, 383, 332, 278, 101, 110, 292, 367, 405, 357, 271, 185, 149, 179, 381, 270, 227, 374, 172, 400, 157, 318, 166, 121, 366, 234, 377, 119, 208, 138, 196, 371, 309, 370, 176, 151, 258, 246, 382, 295, 194, 205, 217, 363, 286, 316, 337, 312, 235, 349, 340, 230, 253, 141, 348, 160, 259, 326, 123, 190, 135, 310, 103, 256, 174, 136, 169, 313, 347, 289, 343, 215, 145, 330, 219, 365, 214, 308, 311, 402, 181, 353, 368, 288, 96, 391, 373, 106, 131, 193, 262, 150, 164, 290, 239, 307, 98, 100, 266, 355, 282, 339, 236, 168, 283, 187, 127, 232, 285, 284, 104, 328, 379, 303, 269, 276, 224, 130, 202, 201, 395, 304, 221, 220, 321, 364, 242, 161, 376, 186, 245, 109, 356, 142, 233, 222, 352, 265, 156, 393, 257, 231, 144, 158, 279, 113, 249, 334, 358, 396, 250, 211, 102, 125, 333, 177, 223, 97, 261, 324, 241, 189, 128, 322, 171, 228, 274, 114, 314, 350, 293, 387, 124, 268, 378, 152, 359, 267, 251, 197, 306, 192, 148, 260, 273, 200, 147, 394, 390, 372, 386, 180, 272, 216, 182, 351, 344, 95, 116, 338, 319, 206, 129, 188, 399, 240, 404, 155, 112, 218, 191, 203, 263, 248, 369, 341, 154, 342]"
diversity_on_nsga2,30,-8.814998862210386,8.915001137789615,13.285001137789616,"[91, 49, 11, 22, 17, 29, 13, 32, 52, 12, 80, 23, 92, 25, 79, 3, 10, 72, 84, 15, 60, 1, 70, 54, 27, 86, 89, 18, 7, 16, 47, 6, 45, 14, 40, 63, 30, 55, 50, 83, 82, 66, 85, 69, 34, 42, 46, 90, 59, 9, 31, 38, 67, 4, 21, 36, 43, 56, 2, 64, 33, 20, 88, 5, 65, 39, 77, 57, 62, 68, 58, 51, 53, 78, 37, 26, 81, 94, 28, 8, 76, 41, 71, 19, 24, 75, 48, 87, 93, 61, 74, 73, 35, 44]","[301, 126, 238, 200, 277, 329, 234, 179, 296, 110, 361, 401, 223, 116, 166, 221, 404, 253, 206, 286, 233, 173, 246, 216, 330, 100, 293, 247, 334, 149, 213, 239, 295, 231, 241, 381, 281, 171, 262, 304, 350, 375, 95, 299, 188, 210, 324, 192, 322, 134, 183, 291, 230, 390, 170, 369, 211, 98, 273, 147, 279, 332, 405, 226, 174, 165, 113, 382, 333, 266, 400, 395, 209, 337, 187, 360, 153, 321, 398, 327, 315, 160, 309, 264, 308, 198, 148, 298, 275, 374, 243, 244, 362, 297, 255, 403, 146, 343, 99, 195, 119, 115, 143, 345, 169, 269, 276, 224, 130, 202, 201, 220, 364, 242, 161, 186, 245, 109, 259, 383, 354, 207, 137, 300, 184, 366, 122, 335, 194, 384, 312, 385, 325, 196, 168, 132, 346, 363, 120, 229, 349, 225, 313, 336, 133, 280, 101, 208, 178, 254, 118, 237, 348, 377, 175, 121, 111, 176, 235, 283, 123, 205, 138, 316, 151, 215, 258, 310, 305, 367, 136, 326, 340, 402, 292, 365, 181, 145, 190, 331, 162, 318, 214, 135, 388, 319, 150, 227, 288, 311, 96, 289, 368, 117, 394, 372, 386, 357, 127, 232, 285, 284, 104, 328, 379, 303, 356, 97, 142, 222, 352, 156, 393, 257, 144, 158, 249, 358, 185, 396, 250, 265, 102, 125, 177, 339, 261, 189, 128, 228, 274, 114, 376, 314, 387, 124, 378, 152, 359, 267, 251, 197, 306, 268, 112, 373, 106, 157, 180, 272, 182, 164, 351, 344, 389, 338, 103, 355, 129, 256, 399, 270, 278, 370, 240, 155, 391, 218, 282, 191, 307, 203, 263, 248, 290, 341, 154, 342, 204, 108, 217, 199, 141, 271, 140, 167, 347, 353, 392, 131, 323, 317, 159, 212, 107, 397, 302, 320, 287, 371, 260, 172, 380, 193, 236, 252, 294, 219, 163, 105, 139]"
diversity_on_nsga2,31,-46.072010250000005,10.20798975,34.82798974999999,"[26, 39, 93, 82, 86, 78, 74, 88, 77, 51, 17, 43, 10, 87, 66, 85, 68, 59, 32, 16, 69, 36, 63, 91, 9, 13, 21, 34, 5, 52, 14, 80, 70, 27, 45, 28, 53, 41, 12, 65, 20, 72, 4, 23, 54, 64, 50, 3, 92, 35, 31, 30, 44, 57, 15, 60, 1, 67, 8, 76, 79, 24, 29, 40, 58, 89, 18, 19, 22, 37, 84, 7, 47, 81, 71, 83, 6, 46, 2, 42, 49, 33, 94, 25, 62, 75, 55, 61, 48, 38, 73, 56, 90, 11]","[183, 291, 273, 354, 332, 405, 174, 221, 383, 145, 311, 265, 277, 192, 141, 216, 296, 166, 315, 375, 350, 98, 324, 237, 390, 297, 378, 269, 147, 206, 304, 299, 342, 232, 137, 101, 281, 234, 336, 249, 188, 95, 219, 157, 366, 391, 393, 245, 118, 257, 125, 218, 208, 108, 224, 204, 246, 363, 340, 140, 347, 193, 294, 134, 200, 110, 329, 254, 179, 404, 175, 253, 286, 149, 198, 187, 239, 165, 270, 382, 346, 127, 400, 312, 209, 190, 154, 189, 272, 352, 112, 260, 142, 250, 321, 358, 313, 367, 106, 326, 261, 353, 191, 115, 399, 173, 99, 348, 344, 131, 181, 264, 163, 185, 308, 362, 285, 159, 247, 359, 135, 370, 146, 240, 194, 100, 388, 318, 345, 128, 335, 215, 310, 330, 333, 279, 268, 317, 267, 357, 323, 130, 402, 256, 263, 238, 369, 155, 226, 151, 258, 212, 228, 374, 325, 105, 361, 259, 170, 303, 168, 201, 197, 120, 282, 139, 274, 230, 113, 295, 126, 307, 171, 328, 132, 334, 316, 298, 213, 150, 158, 143, 236, 403, 343, 202, 251, 180, 229, 114, 211, 392, 116, 104, 119, 124, 148, 162, 220, 107, 395, 302, 156, 401, 290, 123, 283, 292, 372, 196, 301, 398, 349, 225, 248, 161, 319, 262, 322, 280, 243, 389, 394, 176, 177, 167, 380, 341, 164, 144, 314, 214, 122, 379, 271, 385, 244, 356, 172, 96, 351, 121, 397, 306, 337, 339, 327, 203, 255, 160, 199, 233, 222, 102, 300, 284, 97, 371, 186, 373, 178, 136, 309, 133, 387, 252, 364, 207, 396, 360, 235, 227, 320, 152, 223, 111, 217, 305, 288, 365, 184, 169, 293, 376, 355, 182, 129, 287, 266, 117, 109, 368, 278, 289, 384, 276, 153, 242, 275, 195, 386, 138, 377, 331, 205, 338, 231, 241, 381, 210, 103]"
diversity_on_nsga2,32,-91.3720432320482,25.6279567679518,54.02795676795181,"[35, 77, 88, 30, 73, 48, 82, 10, 93, 29, 27, 43, 14, 25, 3, 64, 70, 45, 53, 75, 59, 74, 16, 17, 86, 56, 90, 38, 68, 52, 12, 65, 20, 72, 23, 60, 80, 92, 41, 94, 44, 57, 15, 87, 1, 67, 79, 24, 4, 58, 89, 18, 19, 81, 2, 83, 40, 85, 63, 5, 8, 69, 34, 42, 49, 33, 13, 84, 21, 36, 26, 71, 61, 55, 39, 28, 37, 76, 7, 22, 32, 62, 91, 9, 31, 50, 54, 51, 47, 6, 66, 46, 78, 11]","[341, 154, 342, 204, 108, 217, 246, 141, 271, 140, 167, 347, 153, 353, 392, 131, 323, 100, 317, 389, 336, 159, 212, 107, 397, 401, 302, 339, 162, 320, 287, 371, 260, 172, 380, 193, 236, 252, 294, 219, 163, 105, 139, 301, 126, 238, 200, 104, 110, 277, 329, 234, 279, 101, 390, 296, 335, 221, 404, 175, 253, 206, 348, 233, 137, 173, 199, 216, 330, 334, 149, 213, 239, 295, 231, 241, 381, 281, 171, 304, 350, 375, 95, 299, 188, 210, 324, 192, 103, 134, 183, 291, 230, 232, 170, 369, 211, 98, 273, 354, 147, 179, 332, 405, 226, 174, 165, 280, 113, 382, 168, 346, 333, 400, 312, 209, 337, 187, 360, 361, 321, 398, 327, 315, 160, 309, 264, 308, 198, 259, 383, 207, 166, 298, 254, 293, 247, 292, 365, 249, 300, 148, 184, 366, 122, 194, 384, 325, 385, 196, 387, 363, 120, 229, 349, 225, 313, 133, 208, 178, 118, 237, 266, 377, 275, 374, 243, 244, 362, 297, 255, 403, 146, 343, 99, 195, 119, 115, 143, 345, 169, 328, 379, 303, 269, 276, 121, 224, 130, 359, 111, 201, 395, 220, 176, 235, 283, 123, 364, 205, 242, 161, 138, 316, 186, 245, 109, 151, 215, 356, 197, 142, 222, 258, 352, 310, 156, 305, 367, 393, 257, 144, 158, 136, 326, 340, 402, 262, 181, 396, 185, 358, 250, 190, 265, 102, 331, 125, 284, 318, 214, 177, 223, 135, 261, 388, 189, 128, 319, 228, 274, 114, 150, 376, 227, 127, 314, 288, 311, 132, 124, 96, 378, 152, 202, 267, 289, 368, 251, 97, 306, 117, 394, 372, 386, 357, 268, 112, 373, 106, 285, 157, 180, 272, 182, 164, 351, 344, 116, 338, 322, 145, 355, 129, 256, 399, 270, 278, 370, 240, 286, 155, 391, 218, 282, 191, 307, 203, 263, 248, 290]"
diversity_on_nsga2,33,-86.29556802847445,25.764431971525557,48.10443197152555,"[9, 31, 2, 43, 5, 88, 28, 76, 80, 1, 77, 56, 7, 49, 67, 64, 8, 68, 48, 84, 20, 39, 55, 11, 93, 33, 44, 79, 25, 3, 82, 17, 18, 85, 51, 86, 87, 15, 59, 42, 38, 24, 21, 35, 66, 89, 13, 72, 83, 34, 37, 26, 70, 22, 57, 62, 41, 54, 46, 27, 73, 81, 69, 4, 78, 90, 91, 50, 36, 94, 71, 30, 10, 75, 61, 74, 16, 29, 32, 52, 12, 65, 23, 53, 60, 92, 58, 19, 47, 6, 45, 14, 40, 63]","[341, 154, 342, 204, 108, 217, 199, 141, 271, 140, 389, 347, 153, 353, 392, 131, 323, 100, 317, 167, 336, 159, 212, 107, 397, 401, 247, 302, 339, 162, 320, 287, 371, 172, 380, 193, 236, 252, 294, 219, 163, 105, 139, 301, 126, 238, 110, 277, 329, 234, 254, 179, 291, 296, 335, 133, 404, 175, 253, 206, 286, 137, 173, 246, 216, 330, 149, 213, 239, 295, 381, 281, 231, 375, 95, 299, 188, 210, 103, 134, 183, 101, 230, 390, 170, 369, 98, 354, 147, 332, 405, 226, 174, 165, 280, 382, 168, 346, 266, 400, 215, 209, 337, 187, 360, 361, 398, 327, 315, 160, 309, 264, 308, 198, 259, 383, 207, 300, 184, 366, 122, 194, 384, 325, 385, 196, 132, 363, 120, 229, 349, 225, 313, 166, 208, 178, 118, 237, 298, 377, 275, 374, 243, 244, 362, 297, 255, 185, 146, 343, 99, 195, 119, 115, 143, 345, 169, 121, 111, 176, 240, 123, 205, 138, 316, 151, 312, 258, 310, 305, 367, 136, 157, 340, 402, 292, 365, 181, 403, 190, 331, 318, 333, 214, 135, 388, 319, 150, 227, 288, 311, 96, 289, 368, 117, 394, 372, 386, 357, 127, 232, 285, 284, 104, 328, 379, 303, 269, 276, 224, 130, 202, 201, 395, 304, 221, 220, 321, 364, 242, 161, 376, 186, 245, 109, 356, 142, 233, 222, 352, 265, 156, 393, 257, 262, 144, 158, 279, 113, 249, 334, 358, 396, 250, 211, 102, 125, 235, 177, 223, 97, 261, 324, 241, 189, 128, 322, 171, 228, 274, 114, 314, 350, 293, 387, 124, 268, 378, 152, 359, 267, 251, 197, 306, 192, 148, 260, 273, 200, 112, 373, 106, 326, 180, 272, 182, 164, 351, 344, 116, 338, 145, 355, 129, 256, 399, 270, 278, 370, 283, 348, 155, 391, 218, 282, 191, 307, 203, 263, 248, 290]"
diversity_on_nsga2,34,-85.11347622080869,23.176523779191303,45.686523779191305,"[77, 88, 30, 73, 48, 82, 10, 93, 29, 27, 43, 14, 25, 3, 64, 70, 45, 53, 75, 59, 74, 16, 17, 86, 56, 32, 41, 38, 68, 79, 12, 65, 20, 72, 23, 15, 80, 92, 35, 7, 44, 57, 60, 87, 1, 67, 52, 24, 4, 58, 89, 18, 19, 81, 2, 83, 40, 85, 63, 5, 8, 69, 34, 42, 49, 33, 13, 84, 21, 31, 26, 71, 61, 55, 28, 9, 37, 54, 94, 22, 90, 62, 91, 39, 36, 50, 76, 51, 47, 6, 66, 46, 78, 11]","[154, 342, 204, 108, 217, 199, 141, 271, 140, 167, 347, 153, 353, 392, 131, 323, 100, 222, 389, 336, 159, 212, 107, 397, 401, 302, 339, 162, 320, 287, 371, 260, 172, 380, 193, 236, 252, 294, 219, 163, 105, 139, 301, 126, 238, 200, 104, 110, 277, 329, 234, 179, 101, 390, 296, 335, 221, 404, 175, 253, 206, 348, 233, 137, 173, 246, 216, 330, 334, 149, 213, 239, 295, 231, 241, 381, 281, 171, 304, 350, 375, 95, 299, 188, 210, 324, 192, 103, 134, 183, 291, 230, 232, 170, 369, 211, 98, 273, 354, 147, 279, 332, 405, 226, 387, 174, 165, 280, 113, 382, 168, 346, 333, 400, 312, 220, 337, 187, 360, 361, 321, 398, 327, 315, 160, 309, 264, 308, 198, 259, 383, 207, 166, 298, 254, 293, 247, 292, 365, 249, 300, 148, 184, 366, 122, 194, 379, 325, 385, 318, 132, 363, 120, 229, 349, 225, 313, 133, 208, 178, 118, 237, 266, 377, 275, 374, 176, 244, 362, 297, 255, 403, 146, 343, 99, 195, 119, 115, 143, 345, 169, 328, 384, 303, 269, 276, 121, 224, 130, 359, 111, 201, 395, 209, 243, 235, 283, 123, 364, 205, 242, 161, 138, 316, 186, 245, 109, 151, 215, 356, 197, 142, 317, 258, 352, 310, 156, 305, 367, 393, 257, 144, 158, 136, 326, 340, 402, 262, 181, 396, 185, 358, 250, 190, 265, 102, 331, 125, 284, 196, 214, 177, 223, 135, 261, 388, 189, 128, 319, 228, 274, 114, 150, 376, 227, 127, 314, 288, 311, 124, 96, 378, 152, 202, 267, 289, 368, 251, 97, 306, 117, 394, 372, 386, 357, 268, 112, 373, 106, 285, 157, 180, 272, 182, 164, 351, 344, 116, 338, 322, 145, 355, 129, 256, 399, 270, 278, 370, 240, 286, 155, 391, 218, 282, 191, 307, 203, 263, 248, 290, 341]"
diversity_on_nsga2,35,-85.09061605000001,24.399383949999997,40.209383949999996,"[9, 31, 2, 54, 5, 88, 28, 76, 80, 1, 77, 56, 92, 7, 49, 50, 64, 8, 68, 48, 70, 20, 39, 55, 11, 93, 33, 63, 79, 25, 3, 4, 82, 18, 17, 85, 51, 86, 87, 15, 59, 42, 38, 24, 21, 35, 66, 89, 13, 72, 83, 34, 37, 26, 84, 22, 57, 62, 41, 43, 73, 81, 23, 74, 94, 16, 71, 52, 27, 90, 65, 30, 61, 12, 58, 29, 47, 75, 53, 40, 32, 45, 78, 6, 67, 10, 19, 69, 46, 44, 60, 36, 91, 14]","[248, 369, 341, 154, 342, 204, 108, 275, 199, 170, 209, 140, 167, 153, 392, 323, 317, 389, 336, 329, 159, 212, 107, 397, 401, 247, 302, 162, 320, 287, 375, 380, 298, 294, 163, 105, 139, 301, 126, 238, 360, 361, 277, 398, 327, 315, 299, 213, 264, 198, 354, 207, 137, 300, 117, 184, 122, 335, 384, 325, 385, 132, 346, 120, 229, 225, 165, 133, 280, 305, 178, 254, 118, 237, 175, 388, 296, 210, 362, 297, 255, 403, 183, 146, 99, 195, 115, 143, 173, 281, 345, 111, 252, 331, 243, 244, 383, 332, 278, 101, 110, 292, 367, 405, 357, 271, 185, 149, 179, 381, 270, 227, 374, 172, 400, 157, 318, 166, 121, 366, 291, 234, 377, 119, 134, 208, 138, 196, 371, 309, 370, 176, 151, 258, 246, 382, 295, 194, 205, 217, 363, 286, 316, 337, 312, 235, 349, 340, 226, 253, 141, 348, 160, 259, 326, 123, 190, 135, 288, 310, 103, 256, 174, 136, 169, 313, 347, 289, 343, 215, 145, 330, 219, 365, 214, 308, 311, 402, 181, 353, 368, 131, 193, 262, 150, 164, 290, 239, 307, 98, 100, 266, 355, 282, 339, 236, 168, 283, 187, 127, 232, 285, 284, 104, 328, 379, 303, 269, 276, 224, 130, 202, 201, 395, 304, 221, 220, 321, 364, 242, 161, 376, 186, 245, 109, 356, 142, 233, 222, 352, 265, 156, 393, 257, 231, 144, 158, 279, 113, 249, 334, 358, 396, 250, 211, 102, 125, 333, 177, 223, 97, 261, 324, 241, 189, 128, 322, 171, 228, 274, 114, 314, 350, 293, 387, 124, 268, 378, 152, 359, 267, 251, 197, 306, 192, 148, 260, 273, 200, 147, 394, 390, 372, 386, 96, 391, 373, 106, 180, 272, 216, 182, 351, 344, 95, 116, 338, 319, 206, 129, 230, 188, 399, 240, 404, 155, 112, 218, 191, 203, 263]"
diversity_on_nsga2,36,-13.366914707711194,9.423085292288807,12.133085292288806,"[33, 26, 36, 63, 8, 9, 28, 71, 54, 25, 64, 31, 44, 60, 1, 56, 34, 81, 70, 68, 91, 21, 85, 15, 59, 92, 3, 66, 89, 13, 72, 39, 22, 57, 43, 73, 94, 88, 80, 24, 65, 76, 61, 12, 58, 83, 20, 75, 40, 45, 74, 67, 69, 93, 14, 77, 27, 18, 19, 37, 29, 42, 35, 49, 53, 41, 7, 62, 48, 38, 4, 90, 10, 78, 46, 55, 87, 82, 16, 17, 79, 32, 51, 52, 23, 84, 86, 47, 6, 2, 11, 30, 5, 50]","[317, 323, 130, 263, 238, 369, 155, 212, 228, 298, 105, 361, 170, 303, 168, 201, 197, 120, 139, 274, 230, 126, 290, 328, 213, 278, 294, 394, 261, 102, 360, 283, 251, 116, 370, 348, 321, 187, 207, 137, 300, 117, 184, 122, 335, 384, 325, 385, 132, 346, 282, 229, 225, 165, 133, 280, 101, 178, 254, 118, 237, 244, 175, 388, 296, 210, 362, 297, 255, 403, 183, 146, 343, 195, 115, 143, 173, 281, 345, 111, 252, 331, 243, 292, 383, 332, 305, 110, 367, 405, 357, 271, 185, 149, 179, 381, 227, 374, 172, 400, 157, 318, 166, 121, 366, 291, 402, 377, 119, 134, 208, 138, 196, 371, 299, 176, 151, 258, 246, 382, 368, 194, 205, 217, 363, 286, 316, 337, 312, 235, 349, 340, 226, 253, 141, 160, 259, 326, 123, 190, 97, 288, 310, 103, 174, 136, 169, 313, 347, 289, 99, 215, 145, 330, 219, 365, 214, 308, 311, 234, 181, 353, 295, 266, 193, 262, 150, 164, 171, 239, 98, 100, 131, 355, 339, 307, 236, 223, 277, 273, 359, 162, 96, 376, 260, 338, 242, 264, 319, 198, 327, 250, 293, 314, 387, 269, 386, 397, 392, 284, 398, 204, 106, 209, 404, 182, 108, 329, 189, 128, 315, 216, 270, 256, 301, 395, 109, 356, 142, 233, 222, 352, 265, 267, 393, 257, 231, 144, 158, 279, 113, 249, 334, 358, 202, 218, 351, 322, 127, 399, 148, 124, 159, 241, 211, 306, 161, 390, 248, 156, 336, 107, 188, 344, 224, 350, 203, 372, 104, 247, 364, 275, 268, 354, 147, 373, 379, 152, 391, 153, 112, 167, 320, 129, 140, 304, 378, 389, 240, 380, 135, 285, 324, 220, 200, 272, 199, 287, 396, 192, 375, 95, 177, 341, 163, 302, 232, 309, 221, 125, 180, 276, 245, 401, 186, 154, 206, 191, 114, 342, 333]"
diversity_on_nsga2,37,-92.99485505606665,27.84514494393336,56.305144943933364,"[24, 91, 9, 54, 5, 88, 28, 76, 27, 1, 77, 56, 50, 80, 92, 75, 21, 59, 89, 13, 72, 36, 26, 22, 73, 15, 74, 43, 69, 65, 30, 61, 39, 94, 85, 2, 34, 68, 12, 71, 20, 14, 33, 25, 64, 3, 31, 44, 57, 81, 60, 67, 8, 45, 40, 58, 29, 18, 19, 37, 83, 42, 35, 49, 53, 41, 7, 62, 48, 38, 4, 90, 10, 78, 46, 55, 87, 82, 16, 17, 79, 32, 51, 52, 23, 84, 86, 47, 6, 63, 66, 70, 93, 11]","[341, 154, 342, 204, 108, 199, 140, 153, 392, 323, 317, 389, 336, 212, 397, 401, 170, 369, 329, 209, 275, 247, 159, 167, 152, 302, 162, 320, 287, 375, 380, 298, 294, 163, 105, 139, 301, 126, 238, 360, 361, 277, 398, 327, 315, 309, 213, 264, 198, 354, 207, 137, 230, 117, 184, 122, 335, 384, 325, 385, 132, 346, 103, 229, 225, 165, 133, 280, 101, 178, 169, 118, 237, 175, 388, 296, 210, 362, 297, 255, 403, 183, 146, 343, 195, 115, 143, 173, 281, 345, 111, 252, 331, 243, 292, 383, 332, 305, 110, 244, 367, 405, 357, 271, 185, 149, 179, 381, 227, 374, 172, 400, 157, 318, 166, 121, 366, 291, 234, 377, 119, 134, 208, 138, 196, 371, 299, 176, 151, 258, 246, 382, 368, 194, 205, 217, 363, 286, 316, 337, 312, 235, 349, 340, 226, 253, 141, 160, 259, 326, 123, 190, 97, 288, 310, 120, 174, 136, 254, 313, 347, 289, 99, 215, 145, 330, 219, 365, 214, 308, 311, 402, 181, 353, 295, 131, 193, 262, 150, 164, 290, 239, 98, 100, 266, 355, 339, 236, 168, 283, 187, 127, 260, 285, 284, 104, 328, 379, 303, 269, 276, 224, 130, 202, 201, 395, 304, 221, 220, 321, 364, 242, 161, 376, 186, 245, 109, 356, 142, 233, 222, 352, 265, 267, 393, 257, 231, 144, 158, 279, 113, 249, 334, 358, 396, 250, 211, 102, 125, 333, 177, 223, 135, 261, 324, 241, 189, 128, 319, 171, 228, 274, 114, 314, 350, 293, 387, 124, 96, 378, 107, 359, 156, 251, 197, 306, 192, 148, 232, 273, 200, 147, 394, 390, 372, 386, 268, 112, 373, 106, 180, 272, 216, 182, 351, 344, 95, 116, 338, 322, 206, 300, 188, 404, 129, 256, 399, 270, 278, 370, 240, 348, 155, 391, 218, 282, 191, 307, 203, 263, 248]"
diversity_on_nsga2,38,-19.811449699999997,9.468550299999999,11.0885503,"[17, 32, 65, 33, 84, 46, 92, 25, 3, 51, 44, 15, 1, 28, 48, 11, 39, 93, 70, 27, 86, 18, 37, 7, 14, 4, 2, 31, 42, 38, 56, 64, 20, 88, 68, 49, 50, 55, 77, 54, 76, 5, 16, 24, 21, 35, 66, 89, 13, 72, 83, 34, 36, 26, 60, 22, 57, 62, 41, 43, 73, 81, 23, 74, 94, 79, 71, 52, 85, 90, 63, 30, 61, 12, 58, 29, 47, 75, 53, 40, 8, 45, 78, 6, 67, 10, 19, 82, 87, 80, 69, 59, 91, 9]","[400, 321, 221, 226, 361, 259, 290, 337, 160, 383, 284, 277, 401, 106, 216, 295, 296, 166, 344, 360, 375, 278, 171, 350, 131, 346, 98, 324, 390, 159, 291, 308, 144, 251, 341, 370, 155, 147, 206, 304, 299, 285, 342, 232, 252, 199, 137, 101, 281, 369, 289, 234, 336, 280, 353, 282, 167, 389, 334, 188, 355, 230, 95, 264, 116, 219, 240, 382, 270, 157, 154, 141, 394, 312, 266, 172, 263, 191, 256, 357, 224, 246, 112, 271, 140, 100, 161, 134, 184, 366, 122, 194, 384, 325, 385, 196, 132, 363, 120, 229, 349, 225, 313, 133, 208, 178, 118, 237, 298, 377, 275, 374, 243, 244, 362, 297, 255, 403, 146, 343, 99, 195, 119, 115, 143, 345, 169, 328, 379, 303, 269, 276, 121, 130, 202, 111, 201, 395, 220, 176, 235, 283, 123, 364, 205, 242, 138, 316, 186, 245, 109, 151, 215, 356, 97, 142, 222, 258, 352, 310, 156, 305, 367, 393, 257, 124, 158, 136, 326, 340, 402, 292, 365, 249, 181, 358, 185, 396, 250, 190, 265, 102, 331, 125, 129, 318, 214, 177, 351, 217, 228, 227, 288, 348, 311, 387, 347, 145, 371, 200, 110, 135, 261, 189, 128, 319, 274, 114, 150, 376, 127, 314, 293, 262, 302, 267, 399, 180, 397, 392, 204, 197, 203, 247, 391, 153, 307, 212, 272, 268, 187, 104, 378, 168, 306, 333, 211, 117, 359, 96, 386, 323, 317, 182, 192, 372, 373, 107, 233, 339, 162, 320, 287, 260, 380, 193, 236, 294, 163, 105, 139, 301, 126, 238, 108, 279, 170, 248, 179, 223, 388, 354, 273, 218, 338, 322, 152, 164, 113, 368, 209, 398, 327, 315, 309, 207, 300, 148, 329, 254, 335, 404, 175, 253, 286, 330, 149, 213, 198, 239, 231, 241, 381, 210, 103, 183, 173, 332, 405, 174, 165]"
diversity_on_nsga2,39,-87.43355840605236,26.556441593947643,48.16644159394764,"[9, 31, 2, 43, 25, 88, 28, 76, 80, 1, 60, 56, 92, 7, 87, 67, 64, 8, 68, 48, 84, 20, 39, 55, 11, 21, 33, 44, 79, 5, 3, 4, 82, 17, 18, 85, 51, 86, 23, 15, 59, 42, 38, 24, 93, 35, 66, 89, 13, 72, 83, 34, 37, 26, 70, 10, 57, 62, 41, 54, 73, 81, 69, 46, 78, 90, 91, 50, 36, 94, 71, 30, 22, 75, 61, 74, 16, 29, 32, 52, 12, 65, 49, 53, 77, 27, 58, 19, 47, 6, 45, 14, 40, 63]","[341, 154, 342, 204, 108, 217, 199, 141, 271, 140, 389, 347, 153, 392, 131, 323, 100, 317, 167, 336, 159, 212, 107, 397, 401, 247, 302, 339, 162, 320, 287, 371, 112, 380, 193, 236, 252, 294, 219, 163, 105, 139, 301, 126, 238, 110, 277, 329, 234, 254, 179, 291, 118, 335, 133, 404, 175, 253, 206, 137, 173, 246, 216, 330, 149, 213, 239, 295, 381, 281, 262, 375, 95, 299, 188, 210, 103, 134, 183, 101, 230, 390, 170, 369, 98, 354, 147, 332, 405, 226, 174, 165, 280, 382, 168, 346, 266, 400, 312, 209, 337, 187, 360, 361, 398, 327, 146, 160, 228, 308, 198, 259, 383, 207, 300, 184, 366, 122, 194, 384, 325, 385, 196, 132, 363, 120, 229, 349, 225, 313, 166, 208, 178, 296, 237, 298, 353, 264, 286, 377, 275, 374, 243, 244, 362, 297, 255, 185, 315, 343, 99, 195, 242, 115, 143, 345, 169, 121, 111, 176, 235, 240, 123, 205, 138, 316, 151, 215, 258, 310, 305, 367, 136, 157, 340, 402, 292, 365, 181, 403, 190, 331, 318, 214, 135, 388, 319, 150, 227, 288, 311, 96, 289, 368, 117, 394, 372, 386, 357, 127, 232, 285, 284, 104, 328, 379, 303, 269, 276, 224, 130, 202, 201, 395, 304, 221, 220, 321, 364, 119, 161, 376, 186, 245, 109, 356, 142, 233, 222, 352, 265, 156, 393, 257, 231, 144, 158, 279, 113, 249, 334, 358, 396, 250, 211, 102, 125, 333, 177, 223, 97, 261, 324, 241, 189, 128, 322, 171, 309, 274, 114, 314, 350, 293, 387, 124, 268, 378, 152, 359, 267, 251, 197, 326, 192, 148, 260, 273, 200, 172, 373, 106, 306, 180, 272, 182, 164, 351, 344, 116, 338, 145, 355, 129, 256, 399, 270, 278, 370, 283, 348, 155, 391, 218, 282, 191, 307, 203, 263, 248, 290]"
diversity_on_nsga2,40,-85.82900785,19.53099215,63.27099215,"[78, 43, 21, 91, 77, 28, 39, 11, 85, 41, 88, 74, 72, 20, 93, 16, 82, 17, 51, 87, 59, 66, 68, 34, 26, 52, 80, 90, 65, 12, 53, 45, 10, 36, 69, 63, 86, 14, 9, 5, 27, 56, 4, 23, 54, 64, 50, 3, 92, 35, 31, 30, 44, 57, 15, 60, 1, 67, 8, 76, 79, 24, 29, 40, 58, 89, 18, 19, 22, 37, 84, 7, 47, 81, 71, 83, 6, 46, 2, 42, 49, 33, 94, 25, 62, 75, 55, 61, 48, 38, 73, 32, 13, 70]","[154, 342, 199, 140, 167, 153, 323, 317, 389, 286, 159, 212, 401, 247, 162, 320, 287, 375, 400, 298, 294, 163, 105, 301, 126, 238, 360, 277, 398, 315, 213, 264, 198, 207, 137, 300, 122, 335, 384, 325, 385, 132, 346, 120, 229, 131, 280, 101, 178, 118, 237, 275, 296, 362, 297, 403, 146, 343, 195, 115, 143, 173, 281, 345, 111, 252, 331, 243, 244, 383, 278, 292, 262, 357, 271, 149, 179, 381, 270, 227, 374, 172, 318, 97, 291, 234, 377, 134, 359, 138, 371, 299, 370, 176, 246, 382, 295, 349, 205, 316, 235, 340, 226, 253, 141, 348, 326, 321, 190, 166, 103, 256, 174, 313, 289, 99, 330, 214, 308, 402, 181, 353, 225, 193, 150, 307, 98, 100, 266, 355, 306, 339, 236, 168, 283, 187, 127, 285, 104, 328, 379, 303, 269, 276, 224, 202, 201, 395, 304, 221, 220, 123, 364, 242, 186, 109, 223, 222, 206, 156, 393, 257, 249, 334, 358, 396, 211, 102, 125, 333, 135, 324, 171, 228, 314, 350, 387, 124, 96, 378, 208, 251, 282, 192, 117, 232, 200, 147, 394, 390, 372, 386, 268, 112, 373, 106, 272, 216, 182, 351, 344, 95, 116, 265, 129, 230, 188, 240, 121, 185, 161, 310, 108, 259, 279, 231, 107, 170, 248, 261, 254, 290, 160, 356, 388, 219, 114, 142, 354, 194, 273, 312, 165, 311, 380, 309, 139, 352, 133, 361, 218, 144, 119, 110, 260, 338, 322, 363, 148, 130, 152, 164, 332, 157, 368, 405, 241, 319, 302, 327, 366, 347, 113, 233, 250, 267, 399, 274, 180, 397, 392, 284, 204, 145, 177, 151, 217, 305, 288, 365, 184, 169, 293, 376, 209, 215, 245, 258, 329, 336, 337, 196, 197, 183, 158, 255, 175, 239, 189, 136, 128, 210, 203, 367, 404, 155, 391, 191, 263, 369, 341]"
diversity_on_nsga2,41,-74.24814165231487,26.34185834768514,27.75185834768514,"[30, 61, 24, 8, 28, 42, 41, 73, 76, 87, 10, 93, 75, 59, 74, 22, 17, 29, 13, 32, 46, 52, 12, 80, 23, 92, 25, 79, 3, 33, 72, 84, 15, 60, 1, 70, 43, 27, 86, 89, 18, 7, 16, 47, 6, 45, 14, 83, 40, 63, 85, 19, 55, 9, 31, 50, 54, 69, 56, 82, 38, 2, 64, 48, 20, 53, 4, 5, 65, 39, 66, 77, 34, 57, 62, 68, 58, 51, 88, 78, 90, 37, 91, 11, 67, 44, 49, 21, 36, 26, 81, 94, 35, 71]","[290, 341, 154, 342, 204, 108, 217, 199, 141, 271, 140, 167, 347, 361, 353, 392, 131, 323, 317, 116, 336, 159, 212, 107, 397, 401, 302, 223, 162, 320, 287, 371, 260, 172, 380, 193, 236, 252, 294, 219, 163, 105, 139, 301, 126, 238, 200, 104, 110, 277, 329, 234, 254, 179, 101, 296, 335, 166, 221, 404, 175, 253, 206, 286, 233, 137, 173, 246, 216, 330, 100, 293, 247, 334, 149, 213, 239, 295, 231, 241, 381, 281, 171, 262, 304, 350, 375, 95, 299, 188, 210, 324, 192, 322, 134, 183, 291, 230, 390, 232, 170, 369, 211, 98, 273, 354, 147, 279, 332, 405, 226, 174, 165, 280, 113, 382, 168, 346, 333, 266, 400, 395, 209, 337, 187, 360, 153, 321, 398, 327, 315, 160, 309, 264, 308, 198, 259, 383, 207, 300, 148, 184, 366, 122, 194, 384, 325, 385, 363, 132, 196, 120, 229, 349, 225, 313, 133, 208, 178, 118, 237, 298, 377, 275, 374, 243, 244, 362, 297, 255, 403, 146, 343, 99, 195, 119, 115, 143, 345, 169, 328, 379, 303, 269, 276, 121, 224, 130, 202, 111, 201, 312, 220, 176, 235, 283, 123, 364, 205, 242, 161, 138, 316, 186, 245, 109, 151, 215, 356, 97, 142, 222, 258, 352, 310, 156, 305, 367, 393, 257, 144, 158, 136, 326, 340, 402, 292, 365, 249, 181, 358, 185, 396, 250, 190, 265, 102, 331, 125, 284, 318, 214, 177, 339, 135, 261, 388, 189, 128, 319, 228, 274, 114, 150, 376, 227, 127, 314, 288, 311, 387, 124, 96, 378, 152, 359, 267, 289, 368, 251, 197, 306, 117, 394, 372, 386, 357, 268, 112, 373, 106, 285, 157, 180, 272, 182, 164, 351, 344, 389, 338, 103, 145, 355, 129, 256, 399, 270, 278, 370, 240, 348, 155, 391, 218, 282, 191, 307, 203, 263, 248]"
diversity_on_nsga2,42,-44.0,9.56,29.599999999999998,"[60, 1, 70, 27, 58, 19, 47, 45, 67, 14, 40, 63, 2, 31, 69, 38, 56, 64, 48, 88, 68, 6, 21, 50, 79, 91, 3, 4, 82, 18, 85, 51, 86, 15, 93, 92, 24, 8, 35, 66, 89, 83, 34, 37, 26, 84, 22, 57, 62, 41, 43, 73, 81, 23, 74, 94, 16, 71, 72, 80, 90, 77, 54, 30, 46, 17, 49, 25, 13, 36, 61, 55, 39, 28, 53, 76, 7, 29, 75, 32, 10, 5, 78, 9, 11, 42, 87, 59, 20, 12, 65, 52, 44, 33]","[389, 152, 273, 329, 248, 397, 218, 209, 300, 232, 405, 379, 183, 220, 373, 144, 372, 166, 366, 122, 384, 385, 229, 395, 225, 133, 118, 377, 275, 243, 244, 362, 297, 403, 146, 343, 195, 115, 345, 121, 224, 202, 111, 254, 123, 364, 178, 309, 210, 221, 125, 281, 180, 276, 245, 179, 401, 186, 249, 154, 206, 191, 114, 265, 342, 158, 333, 279, 101, 317, 267, 357, 327, 130, 263, 238, 369, 155, 212, 228, 298, 325, 105, 361, 170, 168, 201, 197, 120, 139, 274, 230, 126, 171, 132, 334, 374, 213, 278, 294, 394, 261, 255, 102, 400, 360, 305, 117, 143, 251, 291, 234, 116, 119, 134, 208, 138, 196, 371, 299, 370, 176, 151, 258, 246, 382, 295, 194, 205, 217, 363, 316, 286, 337, 312, 235, 349, 340, 226, 253, 141, 348, 160, 259, 326, 321, 330, 97, 288, 310, 103, 285, 136, 169, 313, 347, 289, 99, 215, 145, 190, 219, 365, 214, 308, 311, 402, 181, 353, 368, 131, 193, 262, 150, 164, 290, 239, 307, 98, 100, 266, 355, 282, 339, 236, 231, 293, 161, 109, 356, 142, 222, 352, 156, 283, 187, 127, 260, 174, 284, 104, 328, 200, 303, 269, 367, 393, 257, 247, 292, 358, 185, 396, 250, 331, 318, 177, 223, 135, 388, 189, 128, 319, 376, 227, 314, 242, 387, 124, 96, 378, 320, 148, 322, 153, 112, 268, 306, 391, 324, 192, 375, 163, 323, 386, 392, 404, 175, 271, 399, 346, 296, 107, 188, 207, 350, 338, 137, 302, 95, 110, 172, 241, 165, 335, 149, 381, 270, 216, 383, 272, 211, 233, 256, 203, 277, 359, 162, 252, 106, 182, 157, 301, 140, 204, 315, 380, 264, 113, 351, 198, 354, 398, 287, 108, 344, 332, 184, 237, 390, 159, 240, 173, 341, 147, 304, 129, 199, 336, 280, 167]"
diversity_on_nsga2,43,-55.03372482499999,11.896275175000001,31.966275175,"[70, 55, 11, 33, 44, 3, 69, 18, 17, 68, 15, 59, 92, 24, 35, 89, 72, 83, 39, 37, 57, 7, 22, 66, 47, 14, 84, 87, 76, 88, 85, 5, 8, 34, 64, 42, 63, 78, 52, 31, 54, 16, 82, 86, 13, 62, 41, 6, 73, 23, 74, 91, 80, 90, 65, 30, 61, 12, 58, 29, 75, 53, 40, 32, 45, 43, 10, 19, 93, 50, 36, 9, 77, 56, 49, 38, 2, 51, 48, 20, 46, 67, 4, 21, 26, 81, 94, 79, 71, 28, 27, 1, 60, 25]","[341, 154, 342, 204, 108, 275, 199, 170, 209, 140, 167, 153, 392, 323, 317, 389, 336, 329, 159, 212, 152, 397, 401, 302, 162, 320, 287, 375, 380, 298, 294, 163, 105, 139, 301, 126, 238, 360, 361, 277, 398, 327, 315, 309, 213, 264, 299, 354, 207, 137, 300, 117, 184, 122, 335, 384, 325, 385, 132, 346, 282, 229, 225, 165, 133, 280, 178, 254, 118, 237, 175, 296, 210, 362, 297, 255, 403, 183, 146, 343, 318, 115, 143, 173, 281, 345, 198, 252, 243, 244, 383, 332, 110, 245, 405, 357, 271, 149, 179, 381, 374, 172, 400, 157, 166, 121, 366, 291, 234, 377, 119, 134, 208, 138, 196, 371, 111, 176, 246, 382, 368, 101, 194, 205, 217, 363, 286, 316, 337, 312, 235, 349, 226, 253, 141, 160, 259, 123, 103, 174, 169, 313, 347, 289, 99, 145, 330, 219, 308, 311, 353, 295, 266, 193, 262, 233, 290, 239, 98, 100, 131, 355, 339, 236, 168, 283, 187, 200, 147, 390, 216, 95, 206, 188, 404, 186, 109, 144, 230, 293, 387, 124, 96, 378, 359, 267, 251, 197, 306, 394, 372, 386, 268, 112, 373, 106, 285, 180, 272, 182, 351, 344, 116, 338, 322, 129, 256, 151, 215, 364, 97, 142, 222, 258, 352, 310, 156, 305, 367, 393, 257, 247, 158, 136, 326, 340, 402, 292, 365, 249, 181, 358, 185, 396, 250, 190, 265, 102, 331, 125, 284, 195, 214, 177, 223, 135, 261, 388, 189, 128, 319, 228, 274, 114, 150, 376, 227, 127, 314, 288, 242, 399, 270, 278, 370, 240, 348, 155, 391, 218, 120, 191, 307, 203, 263, 248, 369, 260, 104, 328, 379, 303, 269, 276, 224, 130, 202, 201, 395, 304, 221, 220, 321, 356, 161, 164, 231, 279, 113, 334, 211, 333, 324, 241, 171, 350, 107, 192, 148, 232, 273]"
diversity_on_nsga2,44,-51.41237281990681,19.927627180093197,20.587627180093197,"[62, 41, 73, 76, 61, 74, 36, 87, 82, 10, 93, 75, 59, 16, 17, 69, 44, 89, 29, 13, 32, 51, 52, 12, 65, 80, 23, 53, 33, 25, 35, 3, 92, 72, 84, 57, 15, 60, 1, 70, 43, 27, 86, 58, 18, 19, 37, 7, 22, 47, 6, 45, 14, 83, 40, 88, 63, 66, 85, 5, 8, 34, 42, 68, 11, 78, 90, 91, 9, 31, 50, 54, 77, 56, 49, 38, 2, 64, 48, 20, 46, 67, 4, 21, 26, 81, 94, 79, 71, 30, 24, 55, 39, 28]","[263, 248, 290, 341, 154, 342, 204, 108, 217, 199, 141, 271, 140, 167, 347, 153, 353, 392, 131, 323, 100, 317, 389, 336, 159, 212, 107, 397, 401, 302, 339, 162, 320, 287, 371, 260, 172, 380, 193, 236, 252, 294, 219, 163, 105, 139, 301, 126, 238, 200, 104, 110, 277, 234, 254, 179, 101, 296, 335, 166, 221, 404, 253, 206, 233, 137, 173, 246, 216, 330, 334, 149, 213, 295, 231, 241, 381, 281, 171, 262, 304, 350, 211, 95, 299, 188, 324, 390, 103, 134, 291, 230, 192, 232, 170, 369, 375, 98, 273, 354, 147, 279, 329, 286, 183, 175, 239, 210, 144, 332, 405, 226, 174, 165, 280, 113, 382, 168, 346, 333, 266, 400, 312, 209, 337, 187, 360, 361, 321, 398, 327, 315, 160, 309, 264, 308, 198, 259, 383, 207, 300, 250, 184, 366, 122, 194, 384, 325, 385, 196, 109, 363, 120, 229, 349, 225, 313, 133, 208, 178, 118, 237, 298, 377, 275, 374, 243, 244, 362, 357, 255, 403, 146, 343, 99, 195, 119, 115, 143, 345, 169, 328, 379, 303, 269, 276, 121, 224, 130, 202, 111, 201, 395, 220, 176, 235, 283, 123, 364, 205, 293, 161, 138, 316, 186, 245, 132, 151, 215, 356, 97, 142, 222, 258, 352, 310, 156, 305, 367, 393, 257, 247, 158, 136, 326, 340, 402, 292, 365, 249, 181, 358, 185, 396, 148, 190, 265, 102, 331, 125, 284, 318, 214, 177, 223, 135, 261, 388, 189, 128, 319, 228, 274, 114, 150, 376, 227, 127, 314, 288, 242, 311, 387, 124, 96, 378, 152, 359, 267, 289, 368, 251, 197, 306, 117, 394, 372, 386, 297, 268, 112, 373, 106, 285, 157, 180, 272, 182, 164, 351, 344, 116, 338, 322, 145, 355, 129, 256, 399, 270, 278, 370, 240, 348, 155, 391, 218, 282, 191, 307, 203]"
diversity_on_nsga2,45,-86.623431025,19.636568975,64.47656897499999,"[55, 78, 43, 21, 91, 77, 28, 39, 2, 19, 42, 50, 11, 85, 41, 54, 88, 74, 73, 72, 76, 20, 93, 75, 44, 16, 25, 3, 4, 82, 18, 17, 51, 60, 87, 15, 59, 92, 24, 35, 66, 89, 68, 38, 83, 34, 71, 84, 22, 1, 62, 81, 23, 94, 79, 26, 52, 80, 90, 65, 30, 61, 12, 58, 29, 47, 48, 53, 40, 8, 56, 6, 67, 10, 36, 69, 46, 63, 86, 37, 14, 31, 9, 33, 5, 27, 57, 45, 49, 7, 64, 32, 13, 70]","[154, 342, 199, 140, 167, 153, 323, 317, 389, 286, 159, 212, 401, 247, 162, 320, 287, 375, 400, 298, 294, 163, 105, 301, 126, 238, 360, 277, 398, 315, 213, 264, 198, 207, 137, 300, 184, 122, 335, 384, 325, 385, 132, 346, 120, 229, 131, 280, 101, 178, 118, 237, 275, 296, 127, 297, 403, 146, 343, 195, 115, 143, 173, 281, 345, 111, 252, 331, 243, 244, 383, 278, 305, 292, 191, 357, 271, 149, 179, 381, 270, 227, 374, 172, 318, 97, 291, 234, 377, 100, 359, 138, 371, 299, 370, 176, 246, 382, 295, 349, 205, 217, 316, 235, 340, 226, 253, 141, 348, 326, 321, 190, 102, 288, 103, 256, 174, 169, 313, 289, 99, 330, 365, 214, 308, 402, 181, 353, 225, 193, 150, 307, 98, 134, 266, 355, 306, 339, 236, 168, 283, 187, 362, 285, 104, 328, 379, 303, 269, 276, 224, 202, 201, 395, 304, 221, 220, 123, 364, 242, 186, 109, 223, 222, 206, 156, 393, 257, 249, 334, 358, 396, 211, 166, 125, 333, 135, 324, 171, 228, 314, 350, 293, 387, 124, 96, 378, 208, 251, 282, 192, 117, 232, 200, 147, 394, 390, 372, 386, 268, 112, 373, 106, 272, 216, 182, 351, 344, 95, 116, 265, 129, 230, 188, 240, 121, 185, 161, 310, 108, 259, 279, 231, 107, 170, 248, 261, 254, 290, 160, 356, 388, 219, 114, 142, 354, 194, 273, 312, 165, 311, 380, 309, 139, 352, 133, 376, 361, 218, 144, 119, 110, 260, 338, 322, 363, 148, 130, 152, 164, 332, 157, 368, 405, 241, 319, 302, 327, 366, 347, 113, 233, 250, 267, 399, 274, 180, 397, 392, 284, 204, 145, 177, 151, 209, 215, 245, 258, 329, 336, 337, 196, 197, 183, 158, 255, 175, 239, 189, 136, 128, 210, 203, 367, 404, 155, 391, 262, 263, 369, 341]"
diversity_on_nsga2,46,-74.34393877500001,18.546061225000003,32.456061225000006,"[30, 59, 24, 55, 39, 28, 62, 89, 73, 76, 87, 10, 93, 75, 61, 74, 16, 17, 29, 13, 32, 51, 52, 12, 65, 72, 23, 53, 33, 25, 35, 3, 92, 80, 44, 57, 15, 60, 1, 70, 43, 27, 86, 58, 41, 18, 19, 37, 84, 7, 22, 47, 6, 45, 14, 83, 40, 88, 63, 66, 21, 5, 8, 69, 34, 42, 68, 46, 78, 90, 91, 9, 31, 50, 54, 77, 56, 49, 38, 2, 64, 48, 20, 11, 67, 4, 82, 85, 36, 26, 81, 94, 79, 71]","[263, 248, 290, 341, 154, 342, 204, 108, 217, 199, 141, 271, 140, 167, 347, 153, 353, 392, 131, 323, 100, 317, 389, 336, 159, 212, 107, 397, 401, 247, 302, 339, 162, 320, 287, 371, 260, 172, 380, 193, 236, 252, 294, 219, 163, 105, 139, 301, 126, 238, 200, 104, 110, 277, 329, 234, 254, 179, 101, 296, 335, 166, 221, 404, 175, 253, 206, 286, 233, 137, 173, 246, 216, 330, 334, 149, 213, 239, 295, 231, 241, 381, 281, 171, 262, 304, 350, 375, 95, 299, 188, 210, 324, 192, 103, 134, 183, 291, 230, 390, 232, 170, 369, 211, 98, 273, 354, 147, 279, 332, 405, 226, 174, 165, 280, 113, 382, 168, 346, 333, 266, 400, 312, 209, 337, 187, 360, 361, 321, 398, 327, 315, 160, 309, 264, 308, 198, 259, 383, 207, 300, 148, 184, 366, 122, 194, 384, 325, 385, 196, 132, 363, 120, 229, 349, 225, 313, 133, 208, 178, 118, 237, 298, 377, 275, 374, 243, 244, 362, 297, 255, 403, 146, 343, 99, 195, 119, 115, 143, 345, 169, 328, 379, 303, 269, 276, 121, 224, 130, 202, 111, 201, 395, 220, 176, 235, 240, 123, 364, 205, 242, 161, 138, 316, 186, 245, 109, 151, 215, 356, 97, 142, 222, 258, 352, 310, 156, 305, 367, 393, 257, 144, 158, 136, 326, 340, 402, 292, 365, 249, 181, 358, 185, 396, 250, 190, 265, 102, 331, 125, 284, 318, 214, 177, 223, 135, 261, 388, 189, 128, 319, 228, 274, 114, 150, 376, 227, 127, 314, 288, 293, 311, 387, 124, 96, 378, 152, 359, 267, 289, 368, 251, 197, 306, 117, 394, 372, 386, 357, 268, 112, 373, 106, 285, 157, 180, 272, 182, 164, 351, 344, 116, 338, 322, 145, 355, 129, 256, 399, 270, 278, 370, 283, 348, 155, 391, 218, 282, 191, 307, 203]"
diversity_on_nsga2,47,-52.378389150000004,15.611610850000002,23.821610850000003,"[25, 70, 55, 11, 46, 33, 44, 79, 48, 3, 69, 18, 17, 51, 15, 59, 92, 24, 35, 89, 72, 83, 39, 37, 57, 7, 22, 66, 47, 67, 14, 84, 87, 76, 88, 85, 5, 8, 34, 68, 42, 63, 38, 78, 52, 31, 54, 56, 49, 2, 16, 4, 82, 86, 21, 13, 62, 41, 6, 73, 23, 74, 94, 64, 71, 91, 80, 90, 65, 30, 61, 12, 58, 29, 20, 75, 53, 40, 32, 45, 43, 10, 19, 93, 50, 26, 81, 36, 9, 28, 27, 1, 77, 60]","[273, 341, 154, 342, 204, 108, 275, 199, 170, 209, 140, 167, 153, 392, 323, 317, 389, 336, 329, 159, 212, 152, 397, 401, 247, 302, 162, 320, 287, 375, 380, 298, 294, 163, 105, 139, 301, 126, 238, 360, 361, 277, 398, 327, 315, 309, 213, 264, 198, 354, 207, 137, 300, 117, 184, 122, 335, 384, 325, 385, 132, 346, 282, 229, 225, 165, 133, 280, 178, 254, 118, 237, 175, 388, 296, 210, 362, 297, 255, 403, 183, 146, 343, 195, 115, 143, 173, 281, 345, 299, 252, 331, 243, 244, 383, 332, 305, 110, 292, 245, 405, 357, 271, 185, 149, 179, 381, 227, 374, 172, 400, 157, 318, 166, 121, 366, 291, 234, 377, 119, 134, 208, 138, 196, 371, 111, 176, 151, 258, 246, 382, 368, 101, 194, 205, 217, 363, 286, 316, 337, 312, 235, 349, 340, 226, 253, 141, 160, 259, 326, 123, 190, 97, 288, 310, 103, 174, 136, 169, 313, 347, 289, 99, 215, 145, 330, 219, 365, 214, 308, 311, 402, 181, 353, 295, 266, 193, 262, 150, 164, 290, 239, 98, 100, 131, 355, 339, 236, 168, 283, 187, 200, 147, 390, 216, 95, 206, 249, 188, 404, 186, 367, 109, 356, 142, 222, 352, 156, 393, 257, 144, 158, 230, 128, 396, 250, 265, 102, 125, 284, 177, 223, 135, 261, 189, 358, 319, 228, 274, 114, 376, 127, 314, 293, 387, 124, 96, 378, 359, 267, 251, 197, 306, 394, 372, 386, 268, 112, 373, 106, 285, 180, 272, 182, 351, 344, 116, 338, 322, 129, 256, 399, 270, 278, 370, 240, 348, 155, 391, 218, 120, 191, 307, 203, 263, 248, 369, 260, 104, 328, 379, 303, 269, 276, 224, 130, 202, 201, 395, 304, 221, 220, 321, 364, 242, 161, 233, 231, 279, 113, 334, 211, 333, 324, 241, 171, 350, 107, 192, 148, 232]"
diversity_on_nsga2,48,-64.51733221230769,17.352667787692308,31.182667787692306,"[74, 88, 30, 73, 48, 82, 10, 93, 29, 27, 43, 14, 8, 3, 57, 70, 45, 53, 75, 59, 77, 16, 17, 86, 56, 32, 54, 38, 68, 79, 12, 65, 20, 72, 23, 15, 80, 92, 35, 94, 44, 64, 60, 87, 1, 67, 52, 24, 4, 58, 89, 18, 19, 81, 2, 83, 40, 37, 63, 5, 25, 69, 34, 42, 49, 33, 13, 84, 21, 31, 26, 71, 61, 55, 28, 9, 85, 41, 50, 22, 90, 62, 91, 39, 36, 7, 76, 51, 47, 6, 66, 46, 78, 11]","[154, 342, 204, 108, 217, 199, 141, 271, 140, 167, 347, 153, 353, 392, 131, 323, 100, 317, 389, 336, 159, 212, 107, 397, 401, 302, 339, 162, 320, 287, 371, 260, 172, 380, 193, 236, 252, 294, 219, 163, 105, 139, 301, 126, 238, 200, 104, 110, 277, 329, 234, 179, 101, 390, 296, 335, 221, 404, 175, 253, 206, 348, 233, 137, 173, 246, 216, 330, 334, 149, 213, 239, 295, 231, 241, 381, 281, 171, 304, 350, 375, 95, 299, 188, 210, 324, 192, 103, 134, 183, 291, 230, 232, 170, 369, 211, 98, 273, 354, 147, 279, 332, 405, 226, 387, 174, 165, 280, 113, 382, 168, 346, 333, 400, 312, 220, 337, 187, 360, 361, 321, 398, 327, 315, 160, 309, 264, 308, 198, 259, 383, 207, 166, 298, 254, 293, 247, 292, 365, 249, 300, 148, 184, 366, 122, 194, 379, 325, 385, 196, 132, 363, 120, 229, 349, 225, 313, 133, 208, 178, 118, 237, 266, 377, 275, 374, 176, 244, 362, 297, 255, 403, 146, 343, 99, 195, 119, 115, 143, 345, 169, 328, 384, 303, 269, 276, 121, 224, 130, 359, 111, 201, 395, 209, 243, 235, 283, 123, 364, 205, 242, 161, 138, 316, 186, 245, 109, 151, 215, 356, 197, 142, 222, 258, 352, 310, 156, 305, 367, 393, 257, 144, 158, 136, 326, 340, 402, 262, 181, 396, 185, 358, 250, 190, 265, 102, 331, 125, 284, 318, 214, 177, 223, 135, 261, 388, 189, 128, 319, 228, 274, 114, 150, 376, 227, 127, 314, 288, 311, 124, 96, 378, 152, 202, 267, 289, 368, 251, 97, 306, 117, 394, 372, 386, 357, 268, 112, 373, 106, 285, 157, 180, 272, 182, 164, 351, 344, 116, 338, 322, 145, 355, 129, 256, 399, 270, 278, 370, 240, 286, 155, 391, 218, 282, 191, 307, 203, 263, 248, 290, 341]"
diversity_on_nsga2,49,-56.66761050000001,14.0723895,26.0323895,"[93, 11, 24, 91, 9, 77, 80, 92, 75, 21, 59, 13, 72, 60, 26, 73, 15, 69, 65, 30, 61, 39, 94, 85, 2, 34, 68, 12, 20, 56, 14, 54, 25, 33, 64, 3, 31, 44, 57, 35, 1, 67, 49, 74, 42, 36, 8, 53, 41, 48, 38, 4, 90, 10, 78, 46, 55, 76, 87, 82, 5, 28, 16, 17, 23, 45, 43, 27, 79, 50, 29, 40, 58, 70, 89, 18, 19, 81, 37, 84, 7, 47, 22, 71, 83, 6, 62, 63, 32, 51, 52, 86, 88, 66]","[248, 345, 341, 154, 342, 108, 199, 141, 271, 140, 181, 347, 153, 353, 131, 323, 100, 317, 389, 336, 142, 212, 107, 401, 302, 339, 134, 320, 287, 371, 260, 172, 380, 193, 236, 252, 294, 219, 163, 105, 139, 301, 126, 238, 200, 104, 110, 277, 234, 254, 179, 101, 296, 335, 166, 221, 404, 253, 206, 233, 137, 173, 246, 216, 330, 171, 149, 213, 295, 231, 241, 381, 281, 334, 349, 350, 211, 95, 299, 188, 358, 192, 103, 162, 291, 230, 390, 156, 170, 369, 375, 98, 273, 354, 147, 279, 286, 210, 332, 405, 226, 174, 165, 280, 113, 382, 168, 346, 333, 266, 400, 313, 187, 360, 361, 321, 398, 327, 315, 160, 264, 308, 198, 259, 383, 207, 300, 148, 184, 366, 122, 194, 384, 325, 385, 120, 229, 356, 225, 312, 133, 208, 178, 118, 237, 298, 377, 275, 374, 243, 244, 362, 357, 403, 132, 247, 292, 388, 304, 161, 99, 195, 119, 115, 143, 290, 169, 328, 379, 303, 269, 276, 121, 224, 130, 202, 111, 201, 395, 220, 176, 235, 283, 123, 97, 205, 242, 343, 138, 316, 186, 109, 146, 364, 159, 222, 352, 310, 232, 305, 367, 393, 144, 136, 326, 340, 402, 262, 365, 251, 167, 324, 185, 396, 250, 190, 265, 102, 180, 125, 318, 214, 177, 164, 135, 261, 217, 189, 128, 319, 228, 114, 150, 376, 227, 127, 314, 288, 293, 311, 387, 124, 96, 378, 152, 359, 289, 368, 249, 306, 117, 394, 372, 386, 297, 268, 112, 373, 106, 285, 157, 272, 182, 223, 351, 344, 116, 338, 322, 355, 129, 256, 270, 267, 399, 274, 331, 397, 392, 284, 204, 145, 257, 151, 209, 215, 245, 258, 329, 363, 337, 196, 197, 183, 158, 255, 175, 239, 278, 309, 370, 240, 348, 155, 391, 218, 282, 191, 307, 203, 263]"
diversity_on_nsga2,50,-48.49999999999999,13.27,22.5,"[91, 9, 39, 11, 93, 74, 82, 85, 51, 87, 59, 21, 28, 1, 48, 52, 12, 65, 23, 53, 33, 25, 3, 92, 80, 57, 15, 60, 41, 70, 43, 27, 86, 58, 71, 18, 45, 67, 14, 40, 4, 2, 31, 83, 89, 66, 19, 37, 44, 7, 22, 6, 62, 69, 8, 49, 50, 61, 55, 84, 79, 47, 81, 35, 63, 38, 36, 72, 42, 56, 64, 26, 20, 88, 68, 34, 94, 24, 77, 54, 30, 90, 73, 76, 10, 5, 75, 16, 17, 29, 13, 32, 46, 78]","[273, 312, 165, 400, 218, 110, 338, 322, 152, 164, 332, 157, 113, 368, 209, 337, 361, 398, 327, 315, 160, 309, 259, 207, 300, 148, 366, 194, 385, 196, 132, 363, 200, 133, 329, 234, 254, 179, 101, 335, 166, 404, 271, 206, 286, 277, 137, 246, 216, 119, 330, 334, 149, 213, 239, 295, 231, 241, 381, 171, 350, 375, 95, 299, 188, 324, 344, 232, 396, 263, 278, 131, 346, 184, 357, 98, 394, 390, 159, 122, 240, 173, 124, 308, 251, 341, 370, 266, 154, 155, 147, 191, 348, 304, 285, 342, 387, 129, 227, 199, 382, 281, 369, 289, 336, 280, 353, 156, 282, 167, 389, 112, 355, 106, 230, 264, 116, 134, 405, 270, 321, 326, 253, 100, 383, 198, 325, 221, 384, 256, 140, 185, 127, 314, 288, 293, 311, 262, 302, 347, 267, 399, 180, 397, 392, 204, 145, 197, 203, 247, 120, 229, 349, 225, 313, 401, 208, 211, 118, 237, 298, 377, 275, 374, 243, 244, 362, 297, 255, 403, 245, 343, 99, 195, 115, 143, 345, 169, 328, 379, 303, 242, 161, 269, 276, 121, 224, 130, 202, 111, 201, 395, 220, 176, 235, 283, 123, 364, 205, 138, 316, 186, 146, 109, 151, 215, 356, 97, 142, 222, 258, 352, 310, 305, 367, 393, 257, 144, 158, 136, 340, 402, 292, 365, 249, 181, 358, 360, 250, 190, 265, 102, 331, 320, 284, 318, 214, 177, 351, 135, 261, 217, 189, 128, 319, 228, 274, 114, 150, 376, 391, 153, 307, 212, 272, 268, 183, 175, 210, 187, 291, 226, 174, 104, 378, 168, 306, 333, 178, 103, 117, 359, 96, 386, 323, 317, 182, 192, 141, 372, 373, 296, 107, 233, 339, 162, 125, 287, 371, 260, 172, 380, 193, 236, 252, 294, 219, 163, 105, 139, 301, 126, 238, 108, 279, 170, 248, 290, 223, 388, 354]"
diversity_on_nsga2,51,-15.2081735,7.5318265,16.2918265,"[60, 19, 28, 31, 38, 88, 6, 21, 50, 91, 3, 4, 82, 18, 85, 15, 93, 92, 24, 8, 35, 66, 89, 83, 34, 26, 84, 22, 41, 43, 73, 74, 16, 72, 77, 30, 17, 25, 13, 55, 67, 76, 75, 5, 11, 42, 87, 59, 20, 57, 62, 81, 23, 94, 79, 71, 52, 80, 90, 65, 36, 61, 12, 58, 29, 47, 48, 53, 40, 2, 45, 39, 51, 10, 78, 69, 46, 63, 86, 37, 14, 9, 54, 27, 1, 56, 49, 7, 64, 32, 68, 70, 44, 33]","[191, 342, 333, 279, 317, 327, 130, 263, 238, 369, 155, 212, 228, 298, 325, 105, 170, 168, 201, 197, 139, 230, 126, 171, 132, 334, 213, 294, 394, 102, 360, 117, 251, 116, 285, 353, 368, 131, 193, 164, 239, 307, 98, 266, 355, 282, 339, 236, 231, 222, 156, 283, 187, 127, 260, 104, 328, 200, 303, 269, 393, 247, 358, 120, 229, 225, 165, 133, 280, 101, 178, 254, 118, 237, 175, 275, 296, 210, 362, 297, 255, 403, 183, 146, 343, 195, 115, 143, 173, 281, 345, 111, 252, 331, 243, 244, 383, 332, 278, 305, 110, 292, 367, 216, 357, 271, 185, 149, 290, 381, 270, 227, 374, 172, 400, 157, 318, 166, 121, 366, 291, 234, 377, 119, 134, 208, 138, 196, 371, 299, 370, 176, 151, 258, 246, 382, 295, 310, 205, 217, 363, 286, 316, 337, 312, 235, 349, 340, 226, 253, 314, 348, 160, 259, 326, 321, 190, 97, 288, 194, 103, 256, 174, 136, 169, 313, 347, 289, 99, 215, 145, 330, 219, 365, 214, 308, 311, 402, 100, 242, 198, 221, 140, 361, 123, 364, 161, 245, 109, 356, 142, 352, 257, 144, 158, 181, 396, 250, 265, 284, 177, 135, 261, 189, 128, 319, 274, 114, 150, 376, 141, 293, 262, 302, 267, 399, 223, 388, 387, 124, 96, 378, 320, 148, 322, 153, 112, 268, 306, 391, 324, 192, 375, 163, 323, 386, 392, 404, 346, 107, 188, 207, 350, 338, 137, 95, 241, 335, 272, 211, 233, 203, 277, 359, 162, 106, 182, 301, 204, 315, 380, 264, 113, 351, 354, 398, 287, 108, 344, 184, 390, 159, 240, 341, 147, 304, 129, 199, 336, 167, 389, 152, 273, 329, 248, 397, 218, 209, 300, 232, 405, 379, 220, 373, 372, 122, 384, 385, 395, 224, 202, 309, 125, 180, 276, 179, 401, 186, 249, 154, 206]"
diversity_on_nsga2,52,-69.6032208,17.1467792,37.2967792,"[68, 91, 9, 50, 54, 77, 56, 2, 48, 21, 71, 20, 82, 11, 72, 86, 25, 35, 3, 80, 44, 42, 15, 1, 70, 43, 33, 39, 89, 18, 37, 7, 22, 64, 31, 81, 67, 8, 40, 45, 83, 57, 28, 49, 62, 38, 4, 90, 46, 79, 76, 87, 93, 59, 17, 69, 51, 84, 47, 6, 88, 63, 66, 85, 5, 78, 26, 94, 55, 41, 73, 30, 10, 75, 61, 74, 16, 29, 32, 52, 12, 65, 23, 53, 60, 27, 58, 19, 36, 13, 92, 14, 34, 24]","[217, 199, 141, 271, 140, 167, 347, 153, 353, 392, 131, 323, 100, 317, 389, 336, 159, 212, 107, 397, 401, 247, 302, 339, 162, 320, 287, 371, 172, 380, 193, 236, 252, 294, 219, 105, 139, 301, 126, 238, 110, 277, 234, 254, 179, 101, 296, 335, 404, 253, 206, 137, 173, 246, 216, 330, 149, 213, 295, 381, 281, 262, 375, 95, 299, 188, 103, 134, 230, 290, 170, 369, 98, 354, 147, 332, 405, 226, 174, 165, 280, 382, 168, 346, 266, 400, 312, 209, 360, 361, 398, 327, 315, 160, 264, 198, 259, 383, 207, 300, 329, 286, 337, 308, 183, 175, 239, 210, 133, 218, 309, 283, 187, 326, 291, 106, 163, 180, 184, 366, 122, 194, 384, 325, 385, 196, 132, 363, 120, 229, 349, 225, 313, 166, 208, 178, 118, 237, 298, 377, 275, 374, 243, 244, 362, 297, 255, 185, 146, 343, 99, 195, 119, 115, 143, 345, 169, 121, 111, 176, 235, 240, 123, 205, 138, 316, 151, 215, 258, 310, 305, 367, 136, 157, 340, 402, 292, 365, 181, 403, 190, 331, 318, 214, 135, 388, 319, 150, 227, 288, 311, 96, 289, 368, 117, 394, 372, 386, 357, 127, 232, 285, 284, 104, 328, 379, 303, 269, 276, 224, 130, 202, 201, 395, 304, 221, 220, 321, 364, 242, 161, 376, 186, 245, 109, 356, 142, 233, 222, 352, 265, 156, 393, 257, 231, 144, 158, 279, 113, 249, 334, 358, 396, 250, 211, 102, 125, 333, 177, 223, 97, 261, 324, 241, 189, 128, 322, 171, 228, 274, 114, 314, 350, 293, 387, 124, 268, 378, 152, 359, 267, 251, 197, 306, 192, 148, 260, 273, 200, 112, 373, 272, 182, 164, 351, 344, 116, 338, 145, 355, 129, 256, 399, 270, 278, 370, 348, 155, 391, 282, 191, 307, 203, 263, 248, 390, 341, 154, 342, 204, 108]"
diversity_on_nsga2,53,-80.862126905,18.827873095,39.737873095000005,"[59, 32, 16, 86, 63, 50, 6, 47, 84, 46, 2, 91, 9, 52, 80, 92, 75, 15, 35, 89, 13, 72, 36, 26, 22, 73, 81, 74, 94, 79, 71, 30, 61, 24, 23, 70, 55, 34, 68, 12, 65, 20, 56, 14, 54, 33, 25, 64, 3, 51, 44, 57, 21, 60, 1, 67, 8, 27, 29, 40, 58, 45, 18, 19, 37, 83, 42, 85, 49, 53, 41, 78, 10, 93, 5, 88, 76, 77, 38, 7, 48, 11, 4, 82, 17, 28, 31, 69, 87, 66, 39, 62, 43, 90]","[369, 341, 154, 342, 204, 108, 275, 199, 170, 209, 140, 167, 153, 392, 323, 317, 389, 336, 329, 159, 212, 397, 401, 247, 302, 162, 320, 287, 375, 380, 298, 294, 163, 105, 139, 301, 126, 238, 360, 361, 277, 398, 327, 315, 309, 213, 264, 198, 354, 207, 137, 300, 184, 122, 335, 384, 325, 385, 132, 346, 282, 229, 396, 165, 133, 280, 101, 178, 254, 118, 237, 175, 388, 296, 210, 362, 297, 255, 403, 183, 146, 343, 195, 115, 143, 173, 281, 345, 111, 252, 216, 244, 383, 332, 110, 292, 405, 271, 149, 179, 381, 374, 172, 400, 166, 121, 366, 291, 234, 377, 119, 134, 208, 138, 196, 371, 299, 176, 151, 258, 246, 382, 194, 205, 363, 286, 201, 337, 312, 235, 349, 226, 253, 141, 160, 259, 123, 97, 103, 174, 169, 313, 347, 99, 215, 145, 330, 219, 308, 353, 295, 266, 193, 290, 239, 98, 100, 131, 355, 339, 236, 168, 283, 187, 260, 104, 328, 379, 303, 269, 276, 224, 130, 202, 316, 190, 304, 221, 220, 321, 364, 242, 161, 186, 245, 109, 356, 243, 233, 222, 231, 279, 113, 334, 211, 333, 324, 241, 171, 350, 107, 192, 148, 232, 273, 200, 147, 390, 142, 95, 206, 230, 188, 404, 352, 310, 156, 305, 367, 393, 257, 180, 158, 136, 326, 340, 402, 262, 365, 249, 181, 358, 185, 225, 250, 395, 265, 102, 331, 125, 284, 318, 214, 177, 223, 135, 261, 217, 189, 128, 319, 228, 274, 114, 150, 376, 227, 127, 314, 288, 293, 311, 387, 124, 96, 378, 152, 359, 267, 289, 368, 251, 197, 306, 117, 394, 372, 386, 357, 268, 112, 373, 106, 285, 157, 144, 272, 182, 164, 351, 344, 116, 338, 322, 129, 256, 399, 270, 278, 370, 240, 348, 155, 391, 218, 120, 191, 307, 203, 263, 248]"
diversity_on_nsga2,54,-88.31039109999999,20.9196089,57.4896089,"[30, 85, 21, 91, 77, 28, 39, 8, 19, 42, 60, 11, 43, 41, 75, 88, 74, 73, 38, 76, 20, 93, 33, 44, 16, 25, 3, 4, 82, 18, 17, 67, 50, 87, 15, 59, 92, 24, 35, 66, 89, 13, 72, 83, 34, 26, 84, 22, 31, 57, 62, 81, 23, 94, 79, 71, 52, 80, 90, 65, 36, 61, 12, 58, 29, 47, 48, 53, 40, 2, 45, 6, 51, 10, 78, 69, 46, 63, 86, 37, 14, 9, 54, 5, 27, 1, 56, 49, 7, 64, 32, 68, 70, 55]","[154, 342, 199, 140, 167, 153, 323, 317, 389, 336, 159, 212, 401, 247, 162, 320, 287, 375, 400, 298, 294, 163, 105, 301, 126, 238, 360, 277, 398, 315, 213, 264, 198, 207, 137, 300, 184, 122, 335, 384, 292, 385, 132, 346, 120, 229, 131, 280, 101, 178, 118, 237, 275, 296, 362, 297, 403, 146, 343, 195, 115, 143, 173, 281, 345, 111, 252, 331, 243, 244, 383, 278, 170, 325, 307, 357, 271, 149, 179, 381, 270, 227, 108, 172, 318, 166, 291, 234, 377, 134, 359, 138, 371, 299, 370, 176, 246, 382, 295, 349, 205, 174, 316, 235, 340, 226, 253, 141, 348, 326, 321, 190, 97, 288, 103, 256, 217, 169, 313, 289, 99, 330, 365, 214, 308, 402, 181, 353, 225, 193, 150, 405, 98, 100, 266, 355, 306, 339, 236, 168, 283, 187, 127, 285, 104, 328, 379, 303, 269, 276, 224, 202, 201, 395, 304, 221, 220, 123, 364, 242, 186, 109, 223, 222, 265, 156, 367, 257, 249, 334, 358, 396, 211, 102, 125, 333, 135, 324, 171, 228, 314, 350, 293, 387, 124, 96, 378, 208, 251, 282, 192, 117, 232, 200, 147, 394, 390, 372, 386, 268, 112, 373, 106, 272, 216, 182, 351, 344, 95, 116, 206, 129, 230, 188, 240, 121, 185, 161, 310, 374, 259, 279, 231, 107, 305, 248, 261, 254, 290, 160, 356, 388, 219, 114, 142, 354, 194, 273, 312, 165, 311, 380, 309, 139, 352, 133, 376, 361, 218, 144, 119, 110, 260, 338, 322, 363, 148, 130, 152, 164, 332, 157, 368, 262, 241, 319, 302, 327, 366, 347, 113, 233, 250, 267, 399, 274, 180, 397, 392, 284, 204, 145, 177, 151, 209, 215, 245, 258, 329, 286, 337, 196, 197, 183, 158, 255, 175, 239, 189, 136, 128, 210, 203, 393, 404, 155, 391, 191, 263, 369, 341]"
diversity_on_nsga2,55,-8.7,7.789999999999999,14.1,"[93, 33, 15, 24, 21, 26, 41, 74, 94, 61, 4, 82, 18, 66, 87, 59, 42, 25, 90, 17, 86, 88, 65, 14, 23, 85, 16, 80, 3, 92, 30, 44, 57, 12, 13, 31, 54, 1, 70, 27, 29, 40, 83, 45, 62, 75, 19, 37, 84, 7, 22, 71, 73, 32, 52, 51, 58, 10, 89, 5, 79, 47, 81, 35, 63, 38, 36, 72, 56, 64, 67, 20, 43, 76, 68, 55, 34, 53, 78, 6, 69, 46, 60, 91, 9, 2, 28, 77, 49, 50, 8, 48, 39, 11]","[313, 214, 402, 181, 164, 239, 98, 100, 173, 385, 327, 386, 392, 109, 404, 345, 175, 202, 271, 127, 399, 237, 346, 159, 296, 107, 188, 207, 350, 338, 141, 137, 243, 302, 365, 281, 229, 95, 110, 308, 324, 376, 362, 101, 326, 224, 254, 314, 156, 197, 374, 172, 241, 318, 165, 147, 316, 371, 174, 335, 149, 299, 339, 381, 265, 369, 114, 270, 216, 321, 390, 166, 292, 286, 290, 251, 344, 97, 115, 370, 272, 328, 330, 211, 233, 256, 393, 360, 337, 203, 295, 364, 289, 242, 357, 184, 179, 358, 277, 131, 359, 303, 263, 162, 235, 177, 195, 252, 187, 106, 182, 193, 342, 293, 400, 255, 157, 301, 280, 396, 219, 294, 348, 129, 140, 151, 222, 353, 204, 189, 230, 208, 315, 380, 227, 133, 103, 186, 264, 234, 136, 401, 167, 120, 122, 128, 113, 351, 146, 285, 253, 354, 311, 169, 398, 287, 108, 383, 199, 384, 332, 176, 125, 298, 228, 336, 368, 152, 142, 273, 329, 305, 223, 215, 116, 310, 260, 309, 248, 160, 217, 154, 205, 397, 218, 96, 134, 209, 347, 99, 201, 150, 196, 387, 300, 257, 232, 178, 126, 266, 269, 244, 105, 236, 325, 249, 102, 282, 389, 112, 276, 355, 405, 200, 121, 259, 261, 388, 312, 361, 363, 366, 250, 284, 245, 183, 132, 220, 352, 135, 395, 268, 373, 144, 343, 191, 117, 319, 138, 378, 158, 240, 274, 267, 372, 161, 185, 403, 130, 288, 377, 180, 323, 210, 275, 226, 213, 231, 145, 320, 148, 111, 139, 225, 322, 170, 331, 198, 247, 291, 153, 307, 212, 340, 124, 123, 168, 306, 379, 391, 297, 118, 104, 304, 246, 262, 192, 375, 356, 341, 163, 367, 221, 206, 333, 279, 317, 238, 155, 171, 334, 278, 394, 283, 143, 119, 258, 382, 194, 349, 190]"
diversity_on_nsga2,56,-20.289326788461537,8.560673211538461,16.81067321153846,"[11, 26, 39, 93, 82, 86, 78, 74, 88, 51, 17, 43, 10, 87, 76, 66, 85, 68, 59, 32, 61, 69, 36, 63, 25, 7, 47, 22, 71, 84, 46, 94, 91, 13, 21, 34, 5, 52, 12, 65, 20, 72, 4, 14, 23, 54, 33, 50, 64, 80, 3, 92, 35, 31, 30, 44, 57, 15, 60, 1, 67, 70, 8, 27, 79, 24, 29, 40, 58, 89, 45, 18, 19, 81, 37, 83, 42, 53, 41, 6, 62, 75, 55, 16, 9, 2, 28, 77, 49, 48, 38, 73, 56, 90]","[275, 148, 376, 225, 261, 399, 192, 385, 401, 141, 372, 208, 387, 176, 296, 300, 315, 305, 146, 207, 375, 278, 190, 171, 350, 346, 98, 324, 320, 178, 237, 228, 243, 159, 297, 283, 150, 173, 313, 138, 308, 124, 341, 345, 326, 224, 254, 314, 156, 197, 374, 172, 241, 318, 165, 147, 316, 371, 174, 335, 149, 299, 339, 381, 265, 369, 114, 270, 216, 321, 390, 166, 292, 286, 290, 251, 344, 97, 115, 104, 272, 328, 330, 211, 233, 256, 393, 360, 337, 203, 295, 364, 289, 242, 357, 184, 179, 358, 277, 131, 359, 303, 263, 162, 235, 126, 217, 205, 155, 269, 348, 206, 244, 304, 105, 285, 342, 232, 202, 252, 169, 129, 362, 227, 236, 222, 199, 185, 137, 101, 281, 234, 336, 249, 280, 201, 298, 353, 365, 282, 167, 389, 334, 188, 355, 230, 95, 264, 116, 219, 386, 133, 220, 121, 158, 240, 306, 367, 382, 157, 366, 377, 119, 196, 151, 194, 338, 356, 142, 120, 391, 268, 255, 123, 154, 106, 276, 245, 152, 250, 118, 394, 257, 322, 96, 102, 312, 125, 380, 266, 384, 325, 132, 186, 218, 352, 177, 135, 395, 373, 144, 182, 343, 127, 191, 117, 319, 378, 122, 195, 248, 99, 223, 108, 274, 267, 161, 204, 403, 246, 258, 128, 143, 180, 379, 396, 351, 189, 112, 111, 331, 363, 349, 340, 271, 140, 347, 153, 392, 323, 100, 317, 398, 212, 107, 397, 247, 302, 287, 260, 193, 294, 134, 163, 139, 301, 238, 200, 370, 110, 329, 279, 404, 175, 253, 168, 213, 198, 187, 239, 231, 210, 103, 183, 291, 273, 354, 332, 405, 113, 400, 209, 333, 221, 226, 361, 259, 170, 130, 327, 160, 309, 383, 288, 310, 136, 215, 145, 214, 311, 402, 181, 368, 262, 164, 307, 284, 293, 388, 109, 229]"
diversity_on_nsga2,57,-76.24498885297123,19.005011147028764,34.355011147028755,"[41, 77, 88, 30, 73, 48, 82, 10, 93, 29, 27, 43, 14, 25, 3, 64, 70, 45, 53, 75, 59, 74, 16, 17, 86, 56, 32, 38, 68, 52, 12, 65, 20, 72, 23, 60, 80, 92, 35, 94, 44, 57, 15, 87, 1, 67, 79, 24, 4, 58, 89, 18, 19, 81, 2, 83, 40, 63, 85, 5, 8, 69, 34, 42, 49, 33, 13, 84, 21, 36, 26, 71, 61, 55, 39, 28, 62, 76, 7, 22, 90, 37, 91, 9, 31, 50, 54, 51, 47, 6, 66, 46, 78, 11]","[341, 154, 342, 204, 108, 217, 199, 141, 271, 140, 167, 347, 153, 353, 392, 131, 323, 100, 317, 389, 336, 159, 212, 107, 397, 401, 302, 339, 162, 320, 287, 371, 260, 172, 380, 193, 236, 252, 294, 219, 163, 105, 139, 301, 126, 238, 200, 104, 110, 277, 329, 234, 179, 101, 390, 296, 335, 221, 404, 175, 253, 206, 348, 233, 137, 173, 246, 216, 330, 334, 149, 213, 239, 295, 231, 241, 381, 281, 171, 304, 350, 375, 95, 299, 188, 210, 324, 192, 103, 134, 183, 291, 230, 232, 170, 369, 211, 98, 273, 354, 147, 279, 332, 405, 226, 174, 165, 280, 113, 382, 168, 346, 333, 400, 312, 209, 337, 187, 360, 361, 321, 398, 327, 315, 160, 309, 264, 308, 198, 259, 383, 207, 166, 298, 254, 293, 247, 292, 365, 249, 300, 148, 184, 366, 122, 194, 384, 325, 385, 196, 132, 363, 120, 229, 349, 225, 313, 133, 208, 178, 118, 237, 266, 377, 275, 374, 243, 244, 362, 297, 255, 403, 146, 343, 99, 195, 119, 115, 143, 345, 169, 328, 379, 303, 269, 276, 121, 224, 130, 202, 111, 201, 395, 220, 176, 235, 283, 123, 364, 205, 242, 161, 138, 316, 186, 245, 109, 151, 215, 356, 197, 142, 222, 258, 352, 310, 156, 305, 367, 393, 257, 144, 158, 136, 326, 340, 402, 262, 181, 358, 185, 396, 250, 190, 265, 102, 331, 125, 284, 318, 214, 177, 223, 135, 261, 388, 189, 128, 319, 228, 274, 114, 150, 376, 227, 127, 314, 288, 311, 387, 124, 96, 378, 152, 359, 267, 289, 368, 251, 97, 306, 117, 394, 372, 386, 357, 268, 112, 373, 106, 285, 157, 180, 272, 182, 164, 351, 344, 116, 338, 322, 145, 355, 129, 256, 399, 270, 278, 370, 240, 286, 155, 391, 218, 282, 191, 307, 203, 263, 248, 290]"
diversity_on_nsga2,58,-85.57896214375,18.67103785625,68.22103785624999,"[78, 43, 21, 91, 77, 28, 39, 2, 19, 42, 50, 11, 38, 41, 54, 88, 74, 73, 72, 76, 20, 93, 75, 44, 16, 25, 3, 4, 82, 18, 17, 51, 60, 87, 15, 59, 92, 24, 35, 66, 89, 61, 85, 83, 34, 71, 84, 22, 1, 62, 81, 23, 94, 79, 26, 52, 80, 90, 65, 30, 68, 12, 58, 29, 47, 48, 53, 40, 8, 56, 6, 67, 10, 36, 69, 46, 63, 86, 37, 14, 31, 9, 33, 5, 27, 57, 45, 49, 7, 64, 32, 13, 70, 55]","[342, 199, 140, 167, 153, 323, 317, 389, 286, 159, 212, 401, 247, 162, 320, 287, 375, 400, 298, 294, 282, 105, 301, 126, 238, 360, 277, 398, 315, 213, 264, 198, 207, 137, 300, 184, 122, 335, 384, 325, 385, 132, 346, 120, 229, 131, 280, 101, 178, 118, 237, 275, 296, 127, 297, 403, 146, 343, 195, 115, 143, 173, 281, 345, 111, 252, 331, 372, 244, 383, 278, 305, 292, 191, 357, 271, 149, 179, 381, 270, 227, 374, 172, 318, 97, 291, 234, 377, 100, 359, 138, 371, 299, 370, 176, 246, 382, 295, 349, 205, 217, 316, 235, 340, 226, 253, 141, 348, 326, 321, 190, 102, 288, 289, 99, 330, 365, 214, 308, 402, 181, 353, 225, 193, 150, 307, 98, 134, 266, 355, 306, 339, 236, 168, 283, 187, 362, 285, 104, 328, 379, 303, 269, 276, 224, 202, 201, 395, 304, 221, 220, 123, 364, 242, 186, 109, 223, 222, 206, 156, 103, 256, 174, 136, 169, 313, 393, 257, 249, 334, 358, 396, 211, 166, 125, 333, 135, 324, 171, 228, 314, 350, 293, 387, 124, 96, 378, 208, 251, 163, 192, 117, 232, 200, 147, 394, 390, 243, 386, 268, 112, 373, 106, 272, 216, 182, 351, 344, 95, 116, 265, 129, 230, 188, 240, 121, 185, 161, 310, 108, 259, 279, 231, 107, 170, 248, 261, 254, 290, 160, 356, 388, 219, 114, 142, 354, 194, 273, 312, 165, 311, 380, 309, 139, 352, 133, 376, 361, 218, 144, 119, 110, 260, 338, 322, 363, 148, 130, 152, 164, 332, 157, 368, 405, 241, 319, 302, 327, 366, 347, 113, 233, 250, 267, 399, 274, 180, 397, 392, 284, 204, 145, 177, 151, 209, 215, 245, 258, 329, 336, 337, 196, 197, 183, 158, 255, 175, 239, 189, 128, 210, 203, 367, 404, 155, 391, 262, 263, 369, 341, 154]"
diversity_on_nsga2,59,-34.08979508461539,8.170204915384616,17.910204915384618,"[11, 26, 39, 93, 82, 86, 78, 74, 88, 77, 51, 17, 43, 10, 87, 76, 66, 85, 68, 59, 32, 61, 69, 36, 63, 25, 7, 47, 22, 71, 84, 46, 2, 94, 91, 9, 29, 21, 34, 5, 52, 12, 65, 20, 72, 4, 14, 23, 54, 33, 50, 64, 80, 3, 92, 35, 31, 89, 44, 57, 15, 60, 1, 67, 70, 8, 27, 79, 24, 13, 40, 58, 30, 45, 18, 19, 81, 37, 83, 42, 28, 49, 53, 41, 6, 62, 75, 55, 16, 48, 38, 73, 56, 90]","[183, 291, 273, 354, 332, 405, 174, 165, 113, 400, 209, 321, 333, 221, 226, 361, 259, 170, 130, 211, 290, 337, 327, 160, 309, 383, 326, 288, 310, 136, 215, 145, 214, 311, 402, 181, 368, 262, 164, 307, 284, 293, 388, 109, 229, 275, 272, 148, 376, 225, 261, 265, 399, 277, 192, 385, 401, 141, 216, 372, 208, 295, 387, 176, 97, 296, 364, 166, 300, 315, 305, 339, 344, 146, 207, 360, 316, 375, 278, 190, 171, 350, 131, 318, 346, 98, 324, 320, 178, 237, 390, 228, 243, 159, 297, 283, 150, 173, 313, 138, 308, 124, 251, 341, 345, 126, 370, 217, 235, 205, 155, 269, 147, 348, 206, 244, 304, 299, 105, 285, 342, 232, 202, 252, 169, 129, 362, 227, 236, 222, 199, 185, 137, 101, 281, 369, 289, 234, 336, 249, 280, 201, 298, 353, 156, 365, 282, 167, 389, 334, 188, 355, 230, 374, 95, 264, 116, 219, 386, 133, 220, 121, 158, 240, 306, 367, 382, 270, 157, 366, 377, 119, 196, 151, 194, 338, 356, 142, 203, 314, 120, 391, 358, 268, 255, 393, 123, 154, 106, 276, 359, 114, 245, 152, 250, 118, 115, 394, 197, 257, 322, 96, 102, 312, 125, 380, 266, 172, 384, 325, 242, 263, 132, 186, 218, 352, 177, 135, 395, 373, 144, 182, 343, 127, 303, 191, 117, 319, 378, 122, 195, 256, 357, 184, 248, 99, 223, 108, 274, 267, 161, 224, 204, 403, 246, 258, 128, 143, 180, 379, 396, 351, 189, 112, 328, 111, 331, 363, 349, 340, 271, 140, 347, 153, 392, 323, 100, 317, 398, 292, 212, 107, 397, 247, 302, 287, 371, 260, 193, 294, 134, 163, 139, 301, 238, 200, 104, 110, 329, 254, 179, 335, 162, 279, 404, 175, 253, 286, 233, 168, 330, 149, 213, 198, 187, 239, 231, 241, 381, 210, 103]"
diversity_on_nsga2,60,-25.7,9.17,15.4,"[56, 90, 11, 26, 39, 93, 82, 86, 78, 74, 88, 77, 51, 53, 70, 55, 41, 17, 43, 10, 28, 62, 87, 27, 45, 66, 85, 5, 59, 32, 14, 16, 69, 36, 63, 34, 68, 52, 12, 65, 20, 72, 4, 23, 54, 64, 50, 3, 92, 35, 31, 30, 44, 57, 15, 60, 1, 67, 8, 76, 79, 24, 29, 40, 58, 89, 18, 19, 22, 37, 84, 7, 47, 81, 71, 83, 6, 46, 2, 42, 49, 33, 94, 25, 91, 9, 13, 21, 61, 80, 48, 38, 75, 73]","[311, 336, 342, 118, 340, 347, 393, 208, 366, 391, 145, 140, 297, 193, 245, 249, 125, 187, 141, 363, 269, 315, 294, 224, 257, 200, 219, 110, 277, 329, 234, 254, 179, 101, 296, 218, 166, 221, 404, 175, 253, 206, 286, 204, 137, 173, 246, 216, 149, 239, 231, 241, 381, 281, 304, 350, 375, 95, 299, 188, 210, 324, 192, 103, 134, 183, 291, 390, 232, 265, 98, 273, 354, 147, 332, 405, 174, 165, 270, 382, 346, 127, 400, 312, 209, 190, 154, 189, 272, 352, 112, 260, 142, 250, 321, 358, 313, 367, 106, 326, 261, 353, 191, 115, 399, 378, 99, 348, 344, 131, 181, 264, 163, 185, 308, 362, 285, 159, 247, 359, 135, 370, 146, 240, 194, 100, 388, 318, 345, 128, 335, 215, 310, 330, 333, 279, 268, 317, 267, 357, 323, 130, 402, 256, 263, 238, 369, 155, 226, 151, 258, 212, 228, 374, 325, 105, 361, 259, 170, 303, 168, 201, 197, 120, 282, 139, 274, 230, 113, 295, 126, 307, 171, 328, 132, 334, 316, 298, 213, 150, 158, 143, 236, 403, 343, 202, 251, 180, 229, 114, 211, 392, 116, 104, 119, 124, 148, 162, 220, 107, 395, 302, 156, 401, 290, 123, 283, 292, 372, 196, 301, 398, 349, 225, 248, 161, 319, 262, 322, 280, 243, 389, 394, 176, 177, 167, 380, 341, 164, 144, 314, 214, 122, 379, 271, 385, 244, 356, 172, 96, 351, 121, 397, 306, 337, 339, 327, 203, 255, 160, 199, 233, 222, 102, 300, 284, 97, 371, 186, 373, 178, 136, 309, 133, 387, 252, 364, 207, 396, 360, 235, 227, 320, 152, 223, 111, 217, 305, 288, 365, 184, 169, 293, 376, 355, 182, 129, 287, 266, 117, 109, 368, 278, 289, 384, 276, 153, 242, 275, 195, 386, 138, 377, 331, 205, 338, 108, 157, 383, 237, 198]"
diversity_on_nsga2,61,-82.11464875448694,20.765351245513077,38.185351245513075,"[30, 91, 24, 55, 39, 62, 41, 73, 87, 10, 93, 61, 74, 16, 17, 29, 13, 32, 51, 52, 12, 65, 72, 33, 25, 35, 3, 92, 80, 44, 57, 15, 86, 1, 70, 43, 89, 18, 37, 84, 7, 22, 83, 88, 82, 66, 85, 5, 8, 69, 34, 42, 68, 46, 90, 59, 9, 31, 50, 54, 56, 49, 38, 2, 64, 20, 11, 67, 4, 21, 36, 26, 81, 94, 77, 28, 78, 48, 76, 75, 79, 71, 23, 53, 60, 27, 58, 19, 47, 6, 45, 14, 40, 63]","[154, 342, 204, 108, 217, 199, 141, 271, 140, 167, 347, 153, 353, 392, 131, 323, 100, 317, 389, 336, 159, 212, 107, 397, 401, 247, 302, 339, 320, 287, 371, 172, 380, 193, 236, 252, 294, 219, 163, 105, 139, 301, 126, 238, 200, 277, 329, 234, 179, 296, 166, 404, 253, 206, 286, 173, 246, 216, 330, 149, 213, 239, 295, 381, 281, 262, 110, 375, 95, 299, 188, 210, 103, 134, 183, 291, 230, 390, 170, 369, 98, 147, 332, 405, 226, 174, 382, 400, 209, 337, 187, 360, 361, 398, 327, 315, 160, 309, 264, 308, 198, 298, 275, 374, 243, 244, 362, 297, 255, 403, 146, 343, 99, 113, 119, 115, 143, 345, 169, 259, 383, 354, 207, 137, 300, 184, 366, 122, 335, 194, 384, 312, 385, 325, 196, 168, 132, 346, 363, 120, 229, 349, 225, 313, 165, 133, 280, 101, 208, 178, 254, 118, 237, 266, 377, 175, 121, 111, 176, 235, 283, 123, 205, 138, 316, 151, 215, 258, 310, 305, 367, 136, 326, 340, 402, 292, 365, 181, 185, 190, 331, 162, 318, 214, 135, 388, 319, 150, 227, 288, 311, 96, 289, 368, 117, 394, 372, 386, 357, 127, 232, 285, 284, 104, 328, 379, 303, 269, 276, 224, 130, 202, 201, 395, 304, 221, 220, 321, 364, 242, 161, 376, 186, 245, 109, 356, 142, 233, 222, 352, 265, 156, 393, 257, 231, 144, 158, 279, 195, 249, 334, 358, 396, 250, 211, 102, 125, 333, 177, 223, 97, 261, 324, 241, 189, 128, 322, 171, 228, 274, 114, 314, 350, 293, 387, 124, 268, 378, 152, 359, 267, 251, 197, 306, 192, 148, 260, 273, 112, 373, 106, 157, 180, 272, 182, 164, 351, 344, 116, 338, 145, 355, 129, 256, 399, 270, 278, 370, 240, 348, 155, 391, 218, 282, 191, 307, 203, 263, 248, 290, 341]"
diversity_on_nsga2,62,-65.47443725,17.665562750000003,28.325562750000007,"[84, 46, 91, 9, 52, 80, 92, 75, 15, 89, 16, 72, 36, 26, 22, 73, 74, 6, 61, 69, 65, 51, 21, 23, 93, 88, 76, 77, 4, 47, 17, 2, 34, 68, 12, 71, 20, 56, 14, 54, 33, 25, 64, 3, 94, 44, 57, 81, 60, 1, 27, 45, 40, 58, 67, 63, 66, 85, 5, 8, 70, 29, 18, 19, 37, 83, 42, 35, 49, 53, 41, 7, 62, 48, 38, 43, 90, 10, 78, 11, 82, 79, 24, 55, 28, 31, 87, 39, 59, 32, 13, 86, 50, 30]","[341, 154, 342, 204, 108, 275, 199, 170, 209, 140, 167, 153, 392, 323, 317, 389, 336, 329, 159, 212, 397, 401, 247, 302, 162, 320, 287, 375, 380, 298, 294, 163, 105, 139, 301, 126, 238, 360, 361, 277, 398, 327, 315, 309, 213, 264, 198, 354, 207, 137, 300, 184, 122, 335, 384, 325, 385, 132, 346, 282, 229, 165, 133, 280, 101, 178, 254, 118, 237, 175, 388, 296, 210, 362, 297, 255, 403, 183, 146, 343, 195, 115, 143, 173, 281, 345, 111, 252, 216, 244, 383, 332, 110, 405, 271, 149, 179, 381, 374, 172, 400, 166, 121, 366, 291, 234, 377, 119, 134, 208, 138, 196, 371, 299, 176, 151, 258, 246, 382, 194, 205, 363, 286, 201, 337, 312, 235, 349, 226, 253, 141, 160, 259, 123, 97, 103, 174, 169, 313, 347, 99, 215, 145, 330, 219, 308, 353, 295, 266, 193, 290, 239, 98, 100, 131, 288, 339, 236, 168, 283, 187, 260, 104, 328, 379, 303, 269, 276, 224, 130, 202, 316, 304, 221, 220, 321, 364, 242, 161, 186, 245, 109, 356, 243, 233, 222, 231, 279, 113, 334, 211, 333, 324, 241, 171, 350, 107, 192, 148, 232, 273, 200, 147, 390, 142, 95, 206, 230, 188, 404, 352, 310, 156, 305, 367, 393, 257, 180, 158, 136, 326, 340, 262, 225, 402, 292, 365, 249, 181, 358, 185, 396, 250, 190, 395, 265, 102, 331, 125, 284, 318, 214, 177, 223, 135, 261, 217, 189, 128, 319, 228, 274, 114, 150, 376, 227, 127, 314, 355, 293, 311, 387, 124, 96, 378, 152, 359, 267, 289, 368, 251, 197, 306, 117, 394, 372, 386, 357, 268, 112, 373, 106, 285, 157, 144, 272, 182, 164, 351, 344, 116, 338, 322, 129, 256, 399, 270, 278, 370, 240, 348, 155, 391, 218, 120, 191, 307, 203, 263, 248, 369]"
diversity_on_nsga2,63,-44.375398733333334,10.214601266666667,19.12460126666667,"[19, 11, 67, 21, 36, 46, 33, 44, 25, 3, 69, 4, 18, 17, 85, 86, 87, 39, 37, 41, 43, 73, 74, 94, 16, 71, 65, 30, 61, 12, 58, 29, 20, 53, 15, 59, 92, 24, 35, 66, 89, 13, 72, 83, 34, 26, 84, 22, 31, 57, 62, 10, 76, 45, 51, 5, 54, 63, 38, 78, 90, 91, 49, 48, 8, 82, 75, 79, 32, 88, 50, 23, 6, 77, 28, 60, 27, 47, 14, 40, 55, 93, 81, 52, 80, 1, 70, 7, 68, 9, 56, 2, 64, 42]","[382, 400, 154, 342, 345, 108, 275, 199, 170, 209, 140, 167, 153, 392, 323, 317, 389, 336, 329, 159, 212, 152, 397, 401, 247, 302, 162, 320, 287, 375, 380, 298, 294, 163, 105, 139, 301, 126, 238, 360, 361, 277, 398, 327, 315, 309, 213, 264, 198, 354, 207, 137, 300, 117, 184, 122, 335, 384, 325, 385, 132, 346, 282, 229, 225, 165, 133, 280, 326, 178, 254, 118, 237, 175, 388, 296, 210, 297, 403, 183, 146, 343, 195, 115, 143, 173, 281, 204, 337, 187, 160, 308, 113, 259, 383, 366, 194, 196, 168, 363, 120, 101, 232, 104, 395, 304, 221, 321, 186, 233, 231, 144, 279, 334, 211, 333, 223, 324, 262, 171, 350, 293, 192, 148, 260, 273, 116, 266, 349, 313, 208, 377, 374, 243, 244, 362, 255, 99, 119, 169, 328, 379, 303, 269, 276, 121, 224, 130, 202, 111, 201, 312, 220, 176, 235, 283, 123, 364, 205, 242, 161, 138, 316, 245, 109, 151, 215, 356, 97, 142, 222, 258, 352, 310, 156, 305, 367, 393, 257, 158, 136, 340, 402, 292, 365, 249, 181, 358, 185, 396, 250, 190, 265, 102, 331, 125, 284, 318, 214, 177, 135, 261, 189, 128, 319, 228, 274, 114, 150, 376, 227, 127, 314, 288, 311, 387, 124, 96, 378, 359, 267, 289, 368, 251, 197, 306, 394, 372, 386, 357, 268, 112, 373, 106, 285, 157, 180, 272, 182, 164, 351, 344, 338, 322, 145, 355, 129, 256, 399, 270, 278, 370, 240, 348, 155, 391, 218, 191, 307, 203, 263, 248, 290, 341, 217, 141, 271, 347, 353, 131, 100, 107, 339, 371, 172, 193, 236, 252, 219, 200, 234, 179, 166, 404, 253, 206, 286, 246, 216, 330, 149, 239, 295, 381, 241, 110, 95, 299, 188, 103, 134, 291, 230, 390, 369, 98, 147, 332, 405, 226, 174]"
diversity_on_nsga2,64,-50.69626375,10.373736250000002,24.203736250000002,"[66, 22, 57, 62, 10, 76, 45, 51, 54, 78, 90, 91, 48, 82, 75, 88, 50, 6, 11, 59, 74, 16, 17, 86, 56, 32, 41, 38, 68, 79, 12, 65, 20, 72, 23, 15, 80, 92, 35, 94, 44, 64, 60, 87, 1, 67, 52, 24, 4, 58, 89, 18, 19, 81, 2, 83, 40, 37, 63, 5, 8, 69, 34, 42, 49, 33, 13, 84, 21, 31, 26, 71, 61, 55, 9, 93, 36, 14, 28, 27, 77, 7, 70, 47, 46, 25, 3, 85, 39, 43, 73, 30, 29, 53]","[273, 341, 154, 342, 345, 108, 275, 199, 170, 209, 140, 167, 153, 392, 323, 317, 389, 336, 329, 159, 212, 397, 401, 247, 302, 162, 320, 287, 375, 380, 298, 294, 163, 105, 139, 301, 126, 238, 360, 361, 277, 398, 327, 315, 309, 213, 264, 198, 354, 207, 137, 300, 184, 122, 335, 384, 325, 385, 132, 346, 229, 225, 165, 230, 280, 326, 178, 254, 118, 237, 175, 296, 210, 297, 403, 183, 146, 343, 195, 115, 143, 173, 281, 204, 299, 252, 243, 383, 332, 305, 110, 292, 245, 405, 271, 185, 149, 179, 381, 374, 172, 400, 166, 121, 366, 291, 234, 377, 119, 134, 208, 138, 196, 371, 111, 176, 151, 258, 246, 382, 194, 205, 217, 363, 316, 337, 312, 235, 349, 340, 226, 253, 141, 160, 259, 101, 123, 190, 244, 362, 255, 310, 103, 174, 136, 169, 313, 347, 99, 215, 330, 219, 365, 308, 402, 181, 353, 295, 266, 193, 262, 290, 239, 98, 100, 131, 339, 236, 168, 283, 187, 200, 147, 156, 216, 95, 206, 133, 188, 404, 186, 367, 109, 356, 142, 222, 352, 390, 393, 257, 144, 261, 249, 396, 250, 265, 102, 358, 293, 387, 359, 197, 348, 120, 307, 203, 263, 248, 369, 260, 104, 328, 379, 303, 269, 276, 224, 130, 201, 395, 304, 221, 220, 321, 364, 242, 161, 233, 231, 279, 113, 334, 211, 333, 324, 241, 331, 125, 284, 318, 214, 177, 223, 135, 158, 388, 189, 128, 319, 228, 274, 114, 150, 376, 227, 127, 314, 288, 311, 124, 96, 378, 152, 202, 267, 289, 368, 251, 97, 306, 117, 394, 372, 386, 357, 268, 112, 373, 106, 285, 157, 180, 272, 182, 164, 351, 344, 116, 338, 322, 145, 355, 129, 256, 399, 270, 278, 370, 240, 286, 155, 391, 218, 282, 191, 171, 350, 107, 192, 148, 232]"
diversity_on_nsga2,65,-32.12305225,18.12694775,11.976947749999999,"[9, 39, 11, 75, 74, 82, 85, 51, 87, 59, 21, 28, 1, 48, 52, 12, 65, 23, 53, 33, 25, 3, 19, 80, 36, 15, 60, 41, 70, 43, 27, 86, 18, 89, 58, 92, 37, 7, 22, 71, 83, 45, 67, 14, 40, 4, 2, 31, 66, 6, 62, 69, 49, 50, 61, 55, 84, 79, 30, 44, 57, 47, 81, 35, 63, 38, 72, 8, 42, 56, 64, 26, 20, 88, 68, 34, 94, 24, 77, 54, 90, 73, 76, 10, 5, 17, 16, 93, 29, 13, 32, 46, 78, 91]","[251, 341, 370, 154, 155, 191, 293, 285, 342, 252, 129, 236, 199, 289, 336, 353, 282, 167, 389, 112, 355, 106, 116, 380, 270, 271, 100, 256, 193, 140, 108, 107, 248, 290, 223, 388, 218, 260, 338, 322, 152, 164, 157, 368, 219, 163, 105, 139, 301, 126, 238, 200, 104, 110, 277, 234, 254, 179, 101, 296, 335, 166, 221, 404, 175, 253, 206, 137, 173, 246, 216, 330, 334, 149, 213, 239, 295, 231, 241, 381, 281, 171, 304, 350, 375, 95, 299, 188, 210, 324, 192, 103, 134, 183, 224, 230, 390, 232, 170, 369, 211, 98, 273, 354, 147, 279, 332, 405, 226, 174, 165, 280, 382, 168, 346, 333, 266, 400, 312, 187, 360, 361, 321, 398, 327, 315, 160, 309, 264, 308, 198, 259, 383, 207, 365, 148, 184, 122, 194, 384, 325, 385, 132, 363, 120, 229, 349, 225, 313, 133, 208, 178, 118, 237, 298, 377, 275, 374, 243, 244, 362, 297, 255, 403, 146, 343, 99, 195, 119, 115, 143, 345, 169, 328, 379, 303, 269, 276, 121, 291, 130, 202, 111, 201, 395, 220, 176, 235, 283, 123, 364, 205, 242, 161, 138, 316, 186, 109, 356, 97, 142, 222, 352, 310, 156, 305, 367, 393, 257, 144, 158, 136, 326, 340, 402, 292, 300, 249, 181, 358, 185, 396, 190, 265, 102, 331, 125, 318, 214, 351, 135, 261, 217, 189, 128, 319, 228, 177, 274, 114, 150, 376, 391, 153, 307, 212, 272, 268, 378, 306, 117, 96, 386, 323, 317, 182, 141, 372, 373, 233, 339, 162, 320, 287, 371, 172, 294, 113, 209, 337, 366, 196, 329, 286, 344, 263, 278, 131, 357, 394, 159, 240, 124, 348, 387, 227, 245, 127, 314, 288, 311, 262, 302, 347, 267, 399, 180, 397, 392, 204, 145, 197, 203, 247, 401, 151, 215, 258, 359, 250, 284]"
diversity_on_nsga2,66,-83.40541287500001,21.434587125000004,37.79458712499999,"[30, 91, 24, 55, 39, 62, 41, 73, 87, 10, 93, 61, 74, 16, 17, 29, 13, 32, 51, 52, 12, 65, 72, 33, 25, 35, 3, 92, 80, 44, 57, 15, 86, 1, 70, 43, 89, 18, 37, 84, 7, 22, 83, 88, 82, 66, 85, 5, 8, 69, 34, 42, 68, 46, 90, 59, 9, 31, 50, 54, 56, 49, 38, 2, 64, 20, 11, 67, 4, 21, 36, 26, 81, 94, 77, 28, 78, 48, 76, 75, 79, 71, 23, 53, 60, 27, 58, 19, 47, 6, 45, 14, 40, 63]","[154, 342, 204, 108, 217, 199, 141, 271, 140, 167, 347, 153, 353, 392, 131, 323, 100, 317, 389, 165, 159, 212, 107, 397, 401, 247, 302, 339, 320, 287, 371, 172, 380, 193, 236, 252, 294, 219, 163, 105, 139, 301, 126, 238, 200, 277, 329, 234, 179, 296, 166, 404, 253, 206, 286, 173, 246, 216, 330, 149, 213, 239, 295, 381, 281, 262, 110, 375, 95, 299, 188, 210, 103, 134, 183, 291, 230, 390, 170, 369, 98, 147, 332, 405, 226, 174, 382, 400, 209, 337, 187, 360, 361, 398, 327, 315, 160, 309, 264, 308, 198, 298, 275, 374, 243, 244, 362, 297, 255, 403, 146, 343, 99, 113, 119, 115, 143, 345, 169, 259, 383, 354, 207, 137, 300, 184, 366, 122, 335, 194, 384, 312, 385, 325, 196, 168, 132, 346, 363, 120, 229, 349, 225, 313, 336, 133, 280, 101, 208, 178, 254, 118, 237, 348, 377, 175, 121, 111, 176, 235, 283, 123, 205, 138, 316, 151, 215, 258, 310, 305, 367, 136, 326, 340, 402, 292, 365, 181, 185, 190, 331, 162, 318, 214, 135, 388, 319, 150, 227, 288, 311, 96, 289, 368, 117, 394, 372, 386, 357, 127, 232, 285, 284, 104, 328, 379, 303, 269, 276, 224, 130, 202, 201, 395, 304, 221, 220, 321, 364, 242, 161, 376, 186, 245, 109, 356, 142, 233, 222, 352, 265, 156, 393, 257, 231, 144, 158, 279, 195, 249, 334, 358, 396, 250, 211, 102, 125, 333, 177, 223, 97, 261, 324, 241, 189, 128, 322, 171, 228, 274, 114, 314, 350, 293, 387, 124, 268, 378, 152, 359, 267, 251, 197, 306, 192, 148, 260, 273, 112, 373, 106, 157, 180, 272, 182, 164, 351, 344, 116, 338, 145, 355, 129, 256, 399, 270, 278, 370, 240, 266, 155, 391, 218, 282, 191, 307, 203, 263, 248, 290, 341]"
diversity_on_nsga2,67,-22.5,12.110000000000001,8.8,"[33, 26, 36, 38, 2, 8, 9, 46, 28, 49, 14, 54, 25, 64, 48, 31, 44, 60, 1, 56, 34, 81, 70, 68, 27, 79, 55, 7, 47, 91, 3, 4, 82, 18, 17, 85, 51, 86, 87, 15, 59, 42, 92, 90, 21, 35, 66, 89, 13, 72, 83, 39, 37, 84, 22, 57, 62, 41, 43, 73, 23, 78, 94, 16, 71, 52, 80, 24, 65, 76, 61, 12, 58, 29, 20, 75, 53, 40, 32, 45, 74, 6, 67, 10, 19, 69, 93, 63, 88, 77, 11, 30, 5, 50]","[249, 154, 206, 191, 114, 265, 342, 158, 333, 279, 317, 267, 323, 130, 263, 238, 369, 155, 212, 228, 298, 105, 361, 170, 303, 168, 201, 197, 120, 139, 274, 230, 126, 171, 328, 334, 213, 278, 294, 394, 261, 102, 360, 283, 251, 116, 370, 348, 321, 187, 207, 137, 300, 117, 184, 122, 335, 384, 325, 385, 132, 346, 282, 229, 225, 165, 133, 280, 101, 178, 254, 118, 237, 175, 388, 296, 210, 362, 297, 255, 403, 183, 146, 343, 195, 115, 143, 173, 281, 345, 111, 252, 331, 243, 244, 383, 332, 305, 110, 292, 367, 405, 357, 271, 185, 149, 179, 381, 227, 374, 172, 400, 157, 318, 166, 121, 366, 291, 234, 377, 119, 134, 208, 138, 196, 371, 299, 176, 151, 258, 246, 382, 368, 194, 205, 217, 363, 286, 316, 337, 312, 235, 349, 340, 226, 253, 141, 160, 259, 326, 123, 190, 97, 288, 310, 103, 174, 136, 169, 313, 347, 289, 99, 215, 145, 330, 219, 365, 214, 308, 311, 402, 181, 353, 295, 266, 193, 262, 150, 164, 290, 239, 98, 100, 131, 355, 339, 307, 236, 231, 222, 223, 277, 142, 273, 359, 162, 96, 376, 144, 260, 338, 242, 264, 319, 198, 327, 233, 250, 293, 314, 387, 269, 386, 397, 392, 284, 398, 204, 106, 209, 109, 404, 182, 108, 329, 257, 189, 128, 315, 216, 270, 256, 301, 395, 202, 218, 351, 322, 127, 399, 148, 124, 159, 113, 241, 211, 306, 161, 390, 248, 156, 336, 107, 188, 344, 224, 350, 203, 372, 320, 247, 364, 352, 275, 268, 354, 147, 373, 379, 152, 391, 153, 112, 167, 104, 129, 140, 304, 378, 389, 393, 240, 380, 135, 285, 324, 220, 200, 358, 272, 199, 287, 396, 192, 375, 95, 356, 177, 341, 163, 302, 232, 309, 221, 125, 180, 276, 245, 401, 186]"
diversity_on_nsga2,68,-72.72671714372896,16.293282856271045,41.273282856271045,"[59, 32, 13, 86, 63, 50, 6, 82, 84, 46, 2, 91, 9, 52, 80, 92, 75, 15, 35, 89, 16, 72, 36, 26, 22, 73, 81, 74, 94, 79, 71, 30, 61, 24, 42, 70, 55, 34, 68, 12, 65, 20, 56, 14, 54, 33, 25, 64, 3, 51, 44, 57, 21, 60, 1, 67, 8, 27, 29, 40, 58, 45, 18, 19, 37, 83, 23, 85, 49, 53, 41, 78, 10, 93, 5, 88, 76, 77, 38, 7, 48, 11, 4, 47, 17, 28, 31, 69, 87, 66, 39, 62, 43, 90]","[369, 341, 154, 342, 204, 108, 275, 199, 170, 209, 140, 167, 153, 392, 323, 317, 389, 336, 329, 159, 212, 397, 401, 247, 302, 162, 320, 287, 375, 380, 298, 294, 163, 105, 139, 301, 126, 238, 360, 361, 277, 398, 327, 315, 309, 213, 264, 198, 354, 207, 137, 300, 184, 122, 335, 384, 325, 385, 132, 346, 282, 229, 396, 165, 133, 280, 101, 178, 254, 118, 237, 175, 388, 296, 210, 362, 297, 255, 403, 183, 146, 343, 195, 115, 143, 173, 281, 345, 111, 252, 216, 244, 383, 332, 110, 292, 405, 271, 149, 179, 381, 374, 172, 400, 166, 121, 366, 291, 234, 377, 119, 134, 208, 138, 196, 371, 299, 176, 151, 258, 246, 382, 194, 205, 363, 286, 201, 337, 312, 235, 349, 226, 253, 141, 160, 259, 123, 97, 103, 174, 169, 313, 347, 99, 215, 145, 330, 219, 308, 353, 295, 266, 193, 290, 239, 98, 100, 131, 355, 339, 236, 168, 283, 187, 260, 104, 328, 379, 303, 269, 276, 224, 130, 202, 316, 190, 304, 221, 220, 321, 364, 242, 161, 186, 245, 109, 356, 243, 233, 222, 231, 279, 113, 334, 211, 333, 324, 241, 171, 350, 107, 192, 148, 232, 273, 200, 147, 390, 142, 95, 206, 230, 188, 404, 352, 310, 156, 305, 367, 393, 257, 180, 158, 136, 326, 340, 402, 262, 365, 249, 181, 358, 185, 225, 250, 395, 265, 102, 331, 125, 284, 318, 214, 177, 223, 135, 261, 217, 189, 128, 319, 228, 274, 114, 150, 376, 227, 127, 314, 288, 293, 311, 387, 124, 96, 378, 152, 359, 267, 289, 368, 251, 197, 306, 117, 394, 372, 386, 357, 268, 112, 373, 106, 285, 157, 144, 272, 182, 164, 351, 344, 116, 338, 322, 129, 256, 399, 270, 278, 370, 240, 348, 155, 391, 218, 120, 191, 307, 203, 263, 248]"
diversity_on_nsga2,69,-85.09061605000001,24.399383949999997,40.209383949999996,"[9, 31, 2, 54, 5, 88, 28, 76, 80, 1, 77, 56, 92, 7, 49, 50, 64, 8, 68, 48, 70, 20, 39, 55, 11, 93, 33, 63, 79, 25, 3, 4, 82, 18, 17, 85, 51, 86, 87, 15, 59, 42, 38, 24, 21, 35, 66, 89, 13, 72, 83, 34, 37, 26, 84, 22, 57, 62, 41, 43, 73, 81, 23, 74, 94, 16, 71, 52, 27, 90, 65, 30, 61, 12, 58, 29, 47, 75, 53, 40, 32, 45, 78, 6, 67, 10, 19, 69, 46, 44, 60, 36, 91, 14]","[248, 369, 341, 154, 342, 204, 108, 275, 199, 170, 209, 140, 167, 153, 392, 323, 317, 389, 336, 329, 159, 212, 107, 397, 401, 247, 302, 162, 320, 287, 375, 380, 298, 294, 163, 105, 139, 301, 126, 238, 360, 361, 277, 398, 327, 315, 299, 213, 264, 198, 354, 207, 137, 300, 117, 184, 122, 335, 384, 325, 385, 132, 346, 120, 229, 225, 165, 133, 280, 305, 178, 254, 118, 237, 175, 388, 296, 210, 362, 297, 255, 403, 183, 146, 99, 195, 115, 143, 173, 281, 345, 111, 252, 331, 243, 244, 383, 332, 278, 101, 110, 292, 367, 405, 357, 271, 185, 149, 179, 381, 270, 227, 374, 172, 400, 157, 318, 166, 121, 366, 291, 234, 377, 119, 134, 208, 138, 196, 371, 309, 370, 176, 151, 258, 246, 382, 295, 194, 205, 217, 363, 286, 316, 337, 312, 235, 349, 340, 226, 253, 141, 348, 160, 259, 326, 123, 190, 135, 288, 310, 103, 256, 174, 136, 169, 313, 347, 289, 343, 215, 145, 330, 219, 365, 214, 308, 311, 402, 181, 353, 368, 131, 193, 262, 150, 164, 290, 239, 307, 98, 100, 266, 355, 282, 339, 236, 168, 283, 187, 127, 232, 285, 284, 104, 328, 379, 303, 269, 276, 224, 130, 202, 201, 395, 304, 221, 220, 321, 364, 242, 161, 376, 186, 245, 109, 356, 142, 233, 222, 352, 265, 156, 393, 257, 231, 144, 158, 279, 113, 249, 334, 358, 396, 250, 211, 102, 125, 333, 177, 223, 97, 261, 324, 241, 189, 128, 322, 171, 228, 274, 114, 314, 350, 293, 387, 124, 268, 378, 152, 359, 267, 251, 197, 306, 192, 148, 260, 273, 200, 147, 394, 390, 372, 386, 96, 391, 373, 106, 180, 272, 216, 182, 351, 344, 95, 116, 338, 319, 206, 129, 230, 188, 399, 240, 404, 155, 112, 218, 191, 203, 263]"
diversity_on_nsga2,70,-93.29485505606665,27.845144943933363,56.20514494393337,"[91, 9, 54, 5, 88, 28, 76, 27, 1, 77, 3, 50, 80, 92, 21, 59, 89, 13, 72, 36, 26, 22, 73, 15, 74, 43, 69, 65, 30, 61, 39, 94, 85, 2, 34, 68, 12, 71, 20, 14, 33, 84, 64, 56, 31, 44, 82, 81, 60, 67, 8, 58, 29, 18, 19, 37, 83, 42, 35, 49, 41, 7, 62, 48, 38, 4, 90, 10, 46, 55, 87, 57, 16, 17, 79, 75, 53, 40, 32, 45, 78, 51, 52, 23, 25, 86, 47, 6, 63, 66, 70, 93, 11, 24]","[341, 154, 342, 204, 108, 199, 140, 153, 392, 323, 317, 389, 336, 212, 397, 362, 170, 369, 373, 209, 275, 247, 159, 167, 152, 302, 162, 320, 287, 375, 380, 298, 294, 163, 105, 139, 301, 126, 103, 360, 361, 277, 398, 327, 315, 309, 213, 264, 198, 354, 207, 137, 230, 117, 184, 122, 335, 384, 325, 385, 132, 346, 238, 229, 225, 165, 133, 280, 101, 178, 169, 118, 237, 175, 388, 296, 210, 374, 297, 255, 403, 183, 146, 343, 195, 115, 143, 173, 281, 345, 111, 252, 331, 243, 292, 383, 332, 305, 110, 244, 367, 405, 357, 271, 185, 149, 179, 381, 227, 401, 172, 400, 157, 318, 166, 121, 366, 291, 234, 377, 119, 134, 208, 138, 196, 371, 299, 176, 151, 258, 246, 382, 368, 194, 205, 217, 363, 286, 316, 337, 312, 235, 349, 340, 226, 253, 141, 160, 259, 326, 123, 190, 97, 288, 310, 120, 174, 136, 254, 313, 347, 289, 231, 215, 145, 330, 219, 365, 214, 308, 311, 221, 181, 353, 295, 266, 193, 262, 150, 164, 290, 239, 98, 100, 131, 355, 339, 236, 168, 283, 187, 127, 260, 285, 284, 104, 328, 379, 303, 269, 276, 224, 130, 202, 201, 395, 304, 402, 220, 321, 364, 242, 161, 376, 186, 245, 109, 356, 142, 233, 222, 352, 265, 267, 393, 257, 99, 144, 158, 279, 113, 249, 334, 358, 396, 250, 211, 102, 125, 333, 177, 223, 191, 261, 324, 241, 189, 128, 319, 171, 228, 274, 114, 314, 350, 293, 387, 124, 96, 378, 107, 359, 156, 251, 197, 306, 192, 148, 232, 273, 200, 147, 394, 390, 372, 386, 268, 112, 329, 106, 180, 272, 216, 182, 351, 344, 95, 116, 338, 322, 206, 300, 188, 404, 129, 256, 399, 270, 278, 370, 240, 348, 155, 391, 218, 282, 135, 307, 203, 263, 248]"
diversity_on_nsga2,71,-27.917238750000003,6.6427612499999995,19.88276125,"[66, 46, 47, 6, 54, 83, 63, 5, 49, 69, 42, 26, 88, 78, 14, 25, 64, 3, 36, 75, 59, 74, 16, 17, 86, 56, 32, 38, 68, 52, 12, 65, 20, 72, 23, 60, 80, 92, 35, 94, 44, 57, 15, 87, 1, 67, 79, 24, 4, 58, 89, 18, 19, 81, 31, 30, 70, 43, 27, 29, 40, 45, 28, 41, 55, 61, 48, 73, 90, 11, 39, 93, 82, 77, 51, 10, 76, 85, 71, 91, 9, 21, 34, 50, 8, 13, 2, 53, 33, 37, 84, 7, 22, 62]","[183, 291, 273, 354, 332, 405, 174, 165, 113, 400, 209, 321, 333, 221, 226, 361, 259, 170, 211, 290, 337, 327, 160, 309, 383, 293, 148, 277, 192, 401, 141, 216, 295, 296, 166, 300, 315, 339, 207, 360, 375, 171, 350, 131, 346, 98, 324, 320, 390, 159, 173, 308, 341, 126, 147, 206, 304, 299, 105, 342, 232, 252, 236, 199, 137, 101, 281, 369, 234, 336, 280, 353, 167, 389, 334, 188, 230, 95, 264, 219, 382, 154, 312, 380, 266, 172, 263, 248, 108, 246, 271, 140, 323, 100, 317, 398, 107, 287, 260, 193, 294, 134, 163, 139, 184, 366, 122, 194, 384, 325, 385, 196, 132, 363, 120, 229, 349, 225, 313, 133, 208, 178, 118, 237, 298, 377, 275, 374, 243, 244, 292, 365, 249, 217, 348, 302, 347, 397, 392, 204, 247, 153, 212, 371, 301, 238, 200, 104, 110, 329, 254, 179, 335, 162, 279, 404, 175, 253, 233, 168, 330, 149, 213, 198, 187, 239, 231, 241, 362, 297, 255, 403, 146, 343, 99, 195, 119, 115, 143, 345, 169, 328, 379, 303, 269, 276, 121, 224, 130, 202, 111, 274, 395, 220, 176, 235, 283, 123, 364, 205, 242, 161, 138, 316, 186, 245, 109, 151, 215, 356, 197, 142, 222, 258, 352, 310, 156, 305, 367, 393, 257, 144, 158, 136, 326, 340, 402, 262, 181, 358, 185, 396, 250, 190, 265, 102, 331, 125, 284, 318, 214, 177, 223, 135, 261, 388, 189, 128, 319, 228, 201, 114, 150, 376, 227, 127, 272, 288, 311, 387, 124, 96, 378, 152, 359, 267, 289, 368, 251, 97, 306, 117, 394, 372, 386, 357, 268, 112, 373, 106, 285, 157, 180, 314, 182, 164, 351, 344, 116, 338, 322, 145, 355, 129, 256, 399, 270, 278, 370, 240, 286, 155, 391, 218, 282, 191, 307, 203, 381, 210, 103]"
diversity_on_nsga2,72,-95.31660943384615,31.013390566153845,59.083390566153845,"[31, 2, 54, 5, 88, 28, 76, 80, 1, 77, 56, 92, 7, 49, 50, 64, 8, 68, 91, 20, 70, 48, 39, 55, 11, 93, 33, 63, 79, 25, 3, 4, 82, 18, 17, 85, 51, 86, 87, 15, 59, 42, 38, 24, 21, 35, 66, 89, 13, 72, 83, 34, 37, 26, 84, 22, 57, 62, 41, 43, 73, 81, 23, 74, 94, 16, 71, 52, 27, 90, 65, 30, 61, 12, 58, 29, 47, 75, 53, 40, 32, 45, 78, 6, 67, 10, 19, 69, 46, 44, 60, 36, 14, 9]","[248, 369, 341, 154, 342, 204, 108, 275, 199, 170, 209, 140, 167, 153, 392, 323, 317, 389, 336, 329, 159, 212, 107, 397, 401, 247, 302, 162, 320, 287, 375, 380, 298, 294, 163, 105, 139, 301, 126, 238, 360, 361, 277, 398, 327, 315, 299, 213, 264, 198, 354, 207, 137, 300, 117, 184, 122, 335, 384, 325, 385, 132, 346, 120, 229, 225, 165, 133, 280, 305, 178, 254, 118, 237, 175, 388, 296, 210, 362, 297, 255, 403, 183, 146, 99, 195, 115, 143, 173, 281, 345, 111, 252, 331, 243, 244, 383, 332, 278, 101, 110, 292, 367, 405, 357, 271, 185, 149, 179, 381, 270, 227, 374, 172, 400, 157, 318, 166, 121, 366, 291, 234, 377, 119, 134, 208, 138, 196, 371, 309, 370, 176, 151, 258, 246, 382, 295, 194, 205, 217, 363, 286, 316, 337, 312, 235, 349, 340, 226, 253, 141, 348, 160, 259, 326, 123, 190, 135, 288, 310, 103, 256, 174, 136, 169, 313, 347, 289, 343, 215, 145, 330, 219, 365, 214, 308, 311, 402, 181, 353, 368, 131, 193, 262, 150, 164, 290, 239, 307, 98, 100, 266, 355, 282, 339, 236, 168, 283, 187, 127, 232, 285, 284, 104, 328, 379, 303, 269, 276, 224, 130, 202, 201, 395, 304, 221, 220, 321, 364, 242, 161, 376, 186, 245, 109, 356, 142, 233, 222, 352, 265, 156, 393, 257, 231, 144, 158, 279, 113, 249, 334, 358, 396, 250, 211, 102, 125, 333, 177, 223, 97, 261, 324, 241, 189, 128, 322, 171, 228, 274, 114, 314, 350, 293, 387, 124, 268, 378, 152, 359, 267, 251, 197, 306, 192, 148, 260, 273, 200, 147, 394, 390, 372, 386, 96, 391, 373, 106, 180, 272, 216, 182, 351, 344, 95, 116, 338, 319, 206, 129, 230, 188, 399, 240, 404, 155, 112, 218, 191, 203, 263]"
diversity_on_nsga2,73,-91.01952485000001,33.01047515,53.58047515,"[70, 31, 2, 43, 5, 88, 28, 76, 80, 1, 77, 56, 92, 7, 49, 67, 64, 8, 68, 48, 84, 20, 39, 55, 11, 93, 33, 44, 79, 25, 3, 4, 82, 17, 18, 42, 51, 86, 87, 15, 59, 85, 38, 24, 21, 35, 66, 89, 13, 72, 19, 34, 37, 26, 9, 22, 57, 62, 41, 54, 73, 81, 69, 46, 78, 90, 91, 36, 50, 94, 71, 30, 10, 75, 61, 74, 16, 29, 32, 52, 12, 65, 23, 53, 60, 27, 58, 83, 47, 6, 45, 14, 40, 63]","[341, 154, 342, 204, 108, 217, 199, 336, 271, 140, 389, 347, 153, 353, 392, 131, 323, 100, 317, 167, 141, 159, 212, 107, 397, 401, 247, 302, 339, 162, 320, 287, 371, 172, 380, 193, 236, 252, 294, 219, 163, 105, 139, 301, 126, 238, 110, 277, 329, 234, 254, 179, 97, 296, 335, 133, 404, 175, 253, 206, 286, 137, 173, 246, 216, 330, 149, 213, 239, 295, 381, 281, 262, 375, 95, 299, 188, 210, 103, 134, 183, 101, 230, 390, 170, 369, 98, 354, 147, 332, 405, 226, 174, 165, 280, 382, 168, 346, 266, 400, 312, 209, 337, 187, 360, 361, 398, 327, 315, 160, 309, 264, 308, 198, 259, 383, 207, 300, 184, 366, 122, 194, 384, 325, 385, 196, 132, 363, 120, 229, 349, 225, 313, 166, 208, 178, 118, 237, 298, 377, 275, 374, 243, 244, 362, 297, 255, 185, 146, 343, 270, 195, 119, 115, 143, 345, 169, 121, 111, 176, 235, 240, 123, 205, 138, 316, 151, 215, 258, 310, 305, 367, 136, 157, 340, 402, 292, 365, 181, 403, 190, 331, 318, 214, 135, 388, 319, 150, 227, 288, 311, 96, 289, 368, 117, 394, 372, 386, 357, 127, 232, 285, 284, 104, 328, 379, 303, 269, 276, 224, 130, 202, 201, 395, 304, 221, 220, 321, 364, 242, 161, 376, 186, 245, 109, 356, 142, 233, 222, 352, 265, 156, 393, 257, 231, 144, 158, 279, 113, 249, 334, 358, 396, 250, 211, 102, 125, 333, 177, 223, 291, 261, 324, 241, 189, 128, 322, 171, 228, 274, 114, 314, 350, 293, 387, 124, 268, 378, 152, 359, 267, 251, 197, 306, 192, 148, 260, 273, 200, 112, 373, 106, 326, 180, 272, 182, 164, 351, 344, 116, 338, 145, 355, 129, 256, 399, 99, 278, 370, 283, 348, 155, 391, 218, 282, 191, 307, 203, 263, 248, 290]"
diversity_on_nsga2,74,-21.4,11.68,7.9,"[33, 61, 32, 39, 12, 69, 41, 10, 63, 78, 26, 35, 36, 74, 66, 38, 52, 90, 65, 2, 9, 13, 46, 43, 28, 49, 53, 3, 4, 82, 17, 21, 51, 86, 87, 15, 59, 42, 92, 14, 23, 54, 94, 25, 64, 80, 48, 31, 30, 44, 57, 60, 1, 56, 34, 81, 67, 70, 68, 83, 6, 55, 85, 62, 75, 8, 27, 79, 24, 29, 40, 58, 89, 45, 18, 19, 20, 72, 37, 84, 7, 47, 22, 71, 16, 91, 88, 73, 77, 11, 76, 93, 5, 50]","[192, 375, 300, 177, 341, 243, 403, 165, 184, 302, 178, 309, 210, 221, 125, 180, 276, 245, 179, 401, 186, 154, 206, 191, 114, 265, 333, 279, 317, 267, 357, 323, 130, 263, 238, 155, 212, 228, 325, 361, 170, 303, 168, 197, 139, 274, 126, 171, 328, 132, 213, 278, 294, 394, 261, 102, 400, 360, 305, 283, 117, 143, 251, 291, 134, 208, 138, 371, 370, 176, 258, 246, 295, 205, 217, 363, 316, 286, 337, 312, 235, 349, 340, 226, 253, 141, 348, 160, 259, 326, 321, 330, 97, 288, 310, 103, 187, 174, 136, 313, 347, 99, 215, 145, 190, 214, 308, 311, 402, 181, 368, 131, 193, 262, 150, 164, 290, 299, 105, 285, 342, 232, 202, 252, 169, 129, 362, 227, 236, 222, 199, 185, 137, 101, 281, 369, 289, 234, 336, 249, 280, 201, 298, 353, 156, 365, 282, 167, 389, 334, 188, 355, 230, 374, 95, 264, 116, 219, 386, 133, 220, 121, 158, 240, 306, 367, 382, 270, 157, 366, 377, 119, 196, 151, 194, 338, 356, 142, 203, 314, 120, 391, 358, 268, 255, 393, 123, 239, 307, 98, 100, 266, 339, 231, 254, 223, 388, 277, 273, 359, 162, 96, 122, 376, 144, 110, 260, 405, 332, 242, 331, 173, 319, 198, 385, 327, 233, 250, 293, 387, 269, 397, 392, 284, 398, 204, 106, 384, 209, 109, 404, 182, 381, 345, 108, 329, 257, 175, 189, 128, 146, 315, 216, 256, 301, 111, 395, 229, 218, 351, 271, 322, 127, 399, 237, 148, 225, 124, 346, 159, 244, 343, 113, 241, 211, 163, 161, 390, 248, 172, 296, 107, 344, 166, 224, 207, 350, 372, 320, 247, 364, 352, 149, 275, 354, 147, 373, 335, 379, 152, 153, 112, 297, 118, 104, 140, 304, 292, 195, 378, 318, 380, 135, 324, 115, 200, 383, 183, 272, 287, 396]"
diversity_on_nsga2,75,-26.8,11.57,15.6,"[53, 33, 93, 61, 74, 73, 35, 44, 42, 91, 49, 11, 67, 21, 36, 22, 17, 29, 13, 32, 46, 25, 3, 92, 80, 57, 15, 60, 41, 70, 43, 27, 86, 58, 71, 18, 45, 14, 40, 4, 2, 31, 83, 89, 66, 19, 37, 7, 6, 62, 69, 8, 50, 55, 84, 79, 47, 81, 63, 38, 72, 56, 64, 26, 20, 88, 68, 34, 94, 24, 77, 54, 30, 90, 76, 10, 5, 75, 16, 78, 9, 39, 82, 85, 51, 87, 59, 28, 1, 48, 52, 12, 65, 23]","[273, 312, 165, 400, 218, 110, 322, 152, 164, 332, 157, 113, 368, 209, 337, 361, 398, 327, 315, 160, 309, 259, 207, 300, 148, 366, 194, 385, 196, 132, 363, 200, 133, 329, 234, 254, 179, 101, 335, 166, 404, 271, 206, 286, 277, 137, 246, 216, 119, 330, 334, 149, 213, 239, 295, 231, 241, 381, 171, 350, 375, 95, 299, 188, 324, 344, 232, 396, 263, 278, 131, 346, 184, 357, 98, 394, 390, 159, 122, 240, 173, 124, 308, 251, 341, 370, 266, 154, 155, 147, 191, 348, 304, 285, 342, 387, 227, 199, 382, 281, 369, 289, 336, 280, 353, 156, 282, 167, 389, 112, 106, 230, 264, 116, 134, 405, 270, 321, 326, 253, 100, 383, 198, 325, 221, 384, 256, 140, 185, 127, 314, 288, 293, 311, 262, 302, 347, 267, 399, 180, 397, 392, 204, 197, 203, 247, 120, 229, 349, 225, 313, 401, 208, 211, 118, 237, 298, 377, 275, 374, 243, 244, 362, 297, 255, 403, 245, 343, 99, 195, 115, 143, 345, 169, 328, 379, 303, 242, 161, 269, 276, 121, 224, 130, 202, 111, 201, 395, 220, 176, 235, 283, 123, 364, 205, 138, 316, 186, 146, 109, 151, 215, 356, 97, 142, 222, 258, 352, 310, 305, 367, 393, 257, 144, 158, 136, 340, 402, 292, 365, 249, 181, 358, 360, 250, 190, 265, 102, 331, 320, 284, 318, 214, 177, 351, 135, 261, 217, 189, 128, 319, 228, 274, 114, 150, 376, 391, 153, 307, 212, 272, 268, 183, 175, 210, 187, 291, 226, 174, 104, 378, 168, 306, 333, 178, 117, 359, 96, 386, 323, 317, 182, 192, 141, 372, 373, 296, 107, 233, 339, 162, 125, 287, 371, 260, 172, 252, 193, 236, 380, 338, 103, 145, 355, 129, 294, 219, 163, 105, 139, 301, 126, 238, 108, 279, 170, 248, 290, 223, 388, 354]"
diversity_on_nsga2,76,-72.72671714372896,16.293282856271045,41.273282856271045,"[59, 32, 13, 86, 63, 50, 6, 82, 84, 46, 2, 91, 9, 52, 80, 92, 75, 15, 35, 89, 16, 72, 36, 26, 22, 73, 81, 74, 94, 79, 71, 30, 61, 24, 42, 70, 55, 34, 68, 12, 65, 20, 56, 14, 54, 33, 25, 64, 3, 51, 44, 57, 21, 60, 1, 67, 8, 27, 29, 40, 58, 45, 18, 19, 37, 83, 23, 85, 49, 53, 41, 78, 10, 93, 5, 88, 76, 77, 38, 7, 48, 11, 4, 47, 17, 28, 31, 69, 87, 66, 39, 62, 43, 90]","[369, 341, 154, 342, 204, 108, 275, 199, 170, 209, 140, 167, 153, 392, 323, 317, 389, 336, 329, 159, 212, 397, 401, 247, 302, 162, 320, 287, 375, 380, 298, 294, 163, 105, 139, 301, 126, 238, 360, 361, 277, 398, 327, 315, 309, 213, 264, 198, 354, 207, 137, 300, 184, 122, 335, 384, 325, 385, 132, 346, 282, 229, 396, 165, 133, 280, 101, 178, 254, 118, 237, 175, 388, 296, 210, 362, 297, 255, 403, 183, 146, 343, 195, 115, 143, 173, 281, 345, 111, 252, 216, 244, 383, 332, 110, 292, 405, 271, 149, 179, 381, 374, 172, 400, 166, 121, 366, 291, 234, 377, 119, 134, 208, 138, 196, 371, 299, 176, 151, 258, 246, 382, 194, 205, 363, 286, 201, 337, 312, 235, 349, 226, 253, 141, 160, 259, 123, 97, 103, 174, 169, 313, 347, 99, 215, 145, 330, 219, 308, 353, 295, 266, 193, 290, 239, 98, 100, 131, 355, 339, 236, 168, 283, 187, 260, 104, 328, 379, 303, 269, 276, 224, 130, 202, 316, 190, 304, 221, 220, 321, 364, 242, 161, 186, 245, 109, 356, 243, 233, 222, 231, 279, 113, 334, 211, 333, 324, 241, 171, 350, 107, 192, 148, 232, 273, 200, 147, 390, 142, 95, 206, 230, 188, 404, 352, 310, 156, 305, 367, 393, 257, 180, 158, 136, 326, 340, 402, 262, 365, 249, 181, 358, 185, 225, 250, 395, 265, 102, 331, 125, 284, 318, 214, 177, 223, 135, 261, 217, 189, 128, 319, 228, 274, 114, 150, 376, 227, 127, 314, 288, 293, 311, 387, 124, 96, 378, 152, 359, 267, 289, 368, 251, 197, 306, 117, 394, 372, 386, 357, 268, 112, 373, 106, 285, 157, 144, 272, 182, 164, 351, 344, 116, 338, 322, 129, 256, 399, 270, 278, 370, 240, 348, 155, 391, 218, 120, 191, 307, 203, 263, 248]"
diversity_on_nsga2,77,-57.6067688625,13.7532311375,34.5932311375,"[54, 64, 94, 44, 57, 81, 41, 73, 76, 87, 10, 93, 75, 59, 74, 22, 17, 29, 13, 32, 46, 52, 12, 80, 23, 92, 72, 79, 3, 33, 25, 84, 15, 60, 1, 70, 43, 27, 86, 89, 18, 7, 16, 47, 6, 45, 14, 83, 40, 58, 67, 63, 66, 85, 5, 8, 69, 19, 37, 42, 35, 49, 53, 62, 48, 38, 90, 78, 11, 82, 24, 55, 28, 51, 88, 91, 9, 50, 77, 21, 36, 26, 4, 65, 30, 61, 39, 31, 2, 34, 68, 71, 20, 56]","[342, 204, 108, 217, 199, 141, 271, 140, 167, 347, 153, 353, 392, 131, 323, 100, 317, 336, 159, 212, 107, 397, 401, 247, 302, 339, 162, 320, 287, 371, 260, 172, 380, 193, 236, 252, 294, 219, 163, 105, 139, 301, 126, 238, 200, 104, 110, 277, 234, 254, 179, 101, 296, 335, 166, 221, 404, 253, 206, 233, 137, 173, 246, 216, 330, 334, 149, 213, 295, 231, 241, 381, 281, 171, 262, 304, 350, 95, 299, 188, 324, 232, 211, 192, 103, 134, 291, 230, 390, 170, 369, 375, 98, 273, 354, 147, 279, 329, 286, 183, 175, 239, 210, 332, 405, 226, 174, 165, 280, 113, 382, 168, 346, 333, 266, 400, 312, 209, 337, 187, 360, 361, 321, 398, 327, 315, 160, 264, 308, 198, 259, 383, 207, 300, 148, 184, 366, 122, 194, 384, 325, 385, 196, 132, 363, 120, 229, 349, 225, 313, 133, 208, 178, 118, 237, 298, 377, 275, 374, 243, 244, 362, 297, 255, 403, 146, 343, 99, 195, 119, 115, 143, 345, 169, 328, 379, 303, 269, 276, 121, 224, 130, 202, 111, 201, 395, 186, 144, 223, 293, 116, 341, 220, 176, 235, 283, 123, 364, 205, 242, 161, 138, 316, 309, 245, 109, 151, 215, 356, 97, 142, 222, 258, 352, 310, 156, 305, 367, 393, 257, 158, 136, 326, 340, 402, 292, 365, 249, 181, 358, 185, 396, 250, 190, 265, 102, 331, 125, 284, 318, 214, 177, 135, 261, 388, 189, 128, 319, 228, 274, 114, 150, 376, 227, 127, 314, 288, 311, 387, 124, 96, 378, 152, 359, 182, 164, 267, 289, 368, 251, 197, 306, 117, 394, 372, 386, 357, 268, 112, 373, 106, 285, 157, 180, 272, 351, 344, 389, 338, 322, 145, 355, 129, 256, 399, 270, 278, 370, 240, 348, 155, 391, 218, 282, 191, 307, 203, 263, 248, 290, 154]"
diversity_on_nsga2,78,-63.839868325,16.610131675,27.260131674999997,"[91, 36, 55, 39, 62, 41, 73, 87, 10, 93, 61, 74, 16, 17, 29, 13, 81, 51, 52, 12, 65, 72, 33, 25, 35, 3, 92, 80, 44, 57, 15, 86, 1, 70, 43, 89, 18, 37, 84, 7, 22, 83, 88, 82, 66, 85, 5, 8, 68, 90, 59, 9, 31, 50, 54, 56, 49, 38, 2, 64, 69, 34, 42, 19, 46, 20, 11, 67, 4, 21, 24, 26, 32, 94, 77, 28, 78, 48, 76, 75, 79, 71, 23, 53, 60, 27, 58, 47, 6, 45, 14, 40, 63, 30]","[154, 342, 204, 108, 217, 199, 141, 271, 140, 167, 347, 153, 353, 392, 131, 323, 100, 317, 165, 159, 212, 107, 397, 401, 247, 302, 339, 320, 287, 371, 172, 380, 193, 236, 252, 294, 219, 163, 105, 139, 301, 126, 238, 200, 277, 329, 234, 179, 296, 166, 404, 253, 206, 286, 173, 246, 216, 330, 149, 213, 239, 295, 381, 281, 262, 110, 375, 95, 299, 188, 210, 103, 134, 183, 291, 230, 390, 170, 369, 98, 147, 332, 405, 226, 174, 382, 400, 209, 337, 187, 360, 361, 398, 327, 315, 160, 264, 308, 198, 113, 259, 383, 354, 207, 137, 300, 184, 366, 122, 335, 194, 384, 385, 325, 196, 168, 132, 346, 363, 120, 229, 336, 280, 101, 254, 175, 162, 232, 104, 395, 304, 221, 321, 186, 233, 231, 144, 279, 334, 211, 333, 223, 324, 241, 171, 350, 293, 192, 148, 260, 273, 116, 266, 349, 225, 313, 133, 208, 178, 118, 237, 298, 377, 275, 374, 243, 244, 362, 297, 255, 403, 146, 343, 99, 195, 119, 115, 143, 345, 169, 328, 379, 303, 269, 276, 121, 224, 130, 202, 111, 201, 312, 220, 176, 235, 283, 123, 364, 205, 242, 161, 138, 316, 309, 245, 109, 151, 215, 356, 97, 142, 222, 258, 352, 310, 156, 305, 367, 393, 257, 158, 136, 326, 340, 402, 292, 365, 249, 181, 358, 185, 396, 250, 190, 265, 102, 331, 125, 284, 318, 214, 177, 135, 261, 388, 189, 128, 319, 228, 274, 114, 150, 376, 227, 127, 314, 288, 311, 387, 124, 96, 378, 152, 359, 267, 289, 368, 251, 197, 306, 117, 394, 372, 386, 357, 268, 112, 373, 106, 285, 157, 180, 272, 182, 164, 351, 344, 389, 338, 322, 145, 355, 129, 256, 399, 270, 278, 370, 240, 348, 155, 391, 218, 282, 191, 307, 203, 263, 248, 290, 341]"
diversity_on_nsga2,79,-43.653370925,9.246629075,17.446629075,"[55, 33, 44, 25, 3, 4, 18, 17, 86, 87, 39, 43, 74, 94, 16, 71, 65, 30, 61, 12, 58, 29, 20, 53, 15, 92, 83, 84, 31, 10, 76, 45, 51, 5, 63, 78, 90, 91, 49, 48, 59, 85, 38, 24, 21, 35, 66, 89, 69, 72, 19, 34, 37, 26, 9, 22, 57, 62, 41, 54, 73, 81, 13, 46, 8, 82, 75, 79, 32, 88, 50, 23, 6, 11, 80, 40, 67, 93, 52, 36, 14, 2, 42, 28, 27, 1, 77, 56, 7, 60, 64, 68, 70, 47]","[341, 154, 342, 345, 108, 275, 199, 170, 209, 140, 167, 153, 392, 323, 317, 389, 336, 329, 159, 212, 152, 397, 401, 247, 302, 162, 320, 287, 375, 380, 298, 294, 163, 105, 139, 301, 126, 238, 360, 361, 277, 398, 327, 315, 309, 213, 264, 198, 354, 207, 137, 300, 117, 184, 122, 335, 384, 325, 385, 132, 346, 282, 229, 225, 165, 133, 280, 178, 254, 118, 237, 175, 388, 296, 210, 297, 403, 183, 146, 343, 195, 115, 143, 173, 281, 204, 299, 252, 331, 243, 383, 332, 305, 110, 292, 245, 405, 271, 185, 149, 179, 381, 227, 374, 172, 400, 157, 318, 166, 121, 366, 291, 234, 377, 119, 134, 208, 138, 196, 371, 111, 176, 151, 258, 246, 382, 368, 194, 205, 217, 363, 286, 316, 337, 312, 235, 349, 340, 226, 253, 141, 160, 259, 101, 123, 190, 97, 288, 244, 362, 307, 255, 310, 103, 174, 136, 169, 313, 347, 289, 99, 215, 330, 219, 365, 214, 308, 311, 402, 181, 353, 295, 266, 193, 262, 150, 290, 239, 98, 100, 131, 339, 236, 168, 187, 147, 156, 216, 95, 261, 230, 188, 404, 186, 367, 109, 356, 142, 222, 352, 390, 393, 257, 144, 158, 249, 128, 396, 250, 265, 102, 125, 284, 177, 223, 135, 206, 189, 358, 319, 228, 274, 114, 376, 127, 314, 293, 387, 124, 96, 378, 359, 267, 251, 197, 306, 394, 372, 386, 268, 285, 322, 240, 120, 191, 357, 203, 263, 248, 369, 104, 328, 379, 303, 269, 276, 224, 130, 202, 201, 395, 304, 221, 220, 321, 364, 242, 161, 233, 231, 279, 113, 334, 211, 333, 324, 260, 273, 200, 112, 373, 106, 326, 180, 272, 182, 164, 351, 344, 116, 338, 145, 355, 129, 256, 399, 270, 278, 370, 283, 348, 155, 391, 218, 241, 171, 350, 107, 192, 148, 232]"
diversity_on_nsga2,80,-60.71485150000001,16.8651485,20.7851485,"[61, 39, 94, 85, 2, 34, 68, 12, 20, 59, 54, 33, 25, 64, 3, 31, 35, 67, 49, 74, 42, 36, 53, 41, 48, 38, 4, 90, 10, 78, 46, 92, 32, 44, 57, 15, 60, 1, 70, 43, 27, 86, 8, 84, 7, 22, 47, 6, 14, 83, 88, 63, 66, 21, 5, 79, 62, 76, 87, 82, 28, 16, 17, 23, 45, 50, 29, 40, 58, 89, 18, 19, 81, 37, 26, 55, 80, 51, 52, 93, 11, 24, 91, 9, 77, 75, 56, 13, 72, 71, 73, 69, 65, 30]","[248, 341, 154, 342, 108, 199, 141, 271, 140, 347, 153, 353, 131, 323, 100, 317, 389, 336, 212, 107, 401, 302, 339, 134, 320, 287, 371, 260, 172, 380, 193, 236, 252, 294, 219, 163, 105, 139, 301, 126, 238, 200, 110, 277, 234, 254, 179, 101, 296, 335, 166, 221, 404, 253, 206, 233, 137, 173, 246, 216, 330, 171, 149, 213, 295, 231, 241, 381, 362, 334, 304, 350, 211, 95, 299, 188, 104, 103, 162, 291, 230, 390, 170, 369, 375, 98, 273, 354, 147, 279, 286, 210, 332, 405, 226, 174, 280, 113, 382, 168, 346, 333, 266, 400, 187, 360, 312, 247, 290, 159, 232, 167, 324, 267, 397, 392, 204, 209, 329, 337, 183, 158, 175, 239, 361, 321, 398, 327, 315, 160, 309, 264, 308, 198, 259, 383, 207, 300, 148, 184, 366, 122, 194, 384, 325, 385, 196, 132, 363, 120, 229, 349, 225, 313, 133, 208, 178, 118, 161, 298, 377, 275, 374, 127, 355, 240, 292, 388, 281, 297, 255, 403, 146, 343, 99, 195, 119, 115, 143, 345, 169, 328, 379, 303, 269, 276, 121, 224, 130, 202, 111, 201, 395, 220, 176, 235, 283, 123, 364, 205, 242, 237, 138, 316, 186, 245, 109, 151, 215, 356, 97, 142, 222, 258, 352, 310, 156, 305, 367, 393, 257, 144, 192, 136, 326, 340, 402, 262, 365, 249, 181, 358, 185, 396, 250, 190, 265, 102, 331, 125, 284, 318, 214, 177, 223, 135, 261, 217, 189, 128, 319, 228, 274, 114, 150, 376, 227, 243, 314, 288, 293, 311, 387, 124, 96, 378, 152, 359, 165, 289, 368, 251, 197, 306, 117, 394, 372, 386, 357, 268, 112, 373, 106, 285, 157, 180, 272, 182, 164, 351, 344, 116, 338, 322, 145, 244, 129, 256, 399, 270, 278, 370, 348, 155, 391, 218, 282, 191, 307, 203, 263]"
diversity_on_nsga2,81,-77.52411266254384,17.145887337456156,57.77588733745616,"[26, 68, 20, 14, 54, 64, 1, 8, 49, 88, 76, 77, 7, 28, 31, 48, 70, 56, 39, 55, 11, 93, 63, 25, 87, 21, 33, 44, 79, 5, 3, 4, 82, 17, 18, 85, 51, 86, 23, 15, 59, 42, 94, 24, 35, 66, 89, 13, 72, 83, 34, 37, 9, 84, 22, 57, 62, 41, 43, 91, 81, 74, 38, 16, 71, 52, 27, 90, 65, 30, 61, 12, 58, 29, 47, 75, 53, 40, 32, 45, 78, 6, 67, 10, 19, 69, 46, 60, 36, 73, 50, 2, 80, 92]","[154, 342, 204, 108, 275, 199, 170, 209, 140, 167, 153, 392, 323, 317, 389, 336, 329, 159, 212, 397, 401, 247, 302, 162, 320, 287, 375, 380, 298, 294, 163, 105, 139, 301, 126, 238, 360, 361, 277, 398, 327, 315, 213, 264, 198, 354, 207, 137, 300, 184, 122, 335, 384, 325, 385, 132, 346, 282, 229, 165, 133, 280, 101, 178, 254, 118, 237, 175, 388, 296, 210, 362, 297, 255, 403, 183, 146, 343, 195, 115, 143, 173, 281, 345, 111, 252, 216, 244, 383, 332, 110, 292, 405, 271, 149, 179, 381, 374, 172, 400, 166, 121, 366, 291, 234, 377, 119, 134, 208, 138, 196, 371, 299, 176, 151, 258, 246, 382, 194, 205, 363, 286, 201, 337, 312, 235, 349, 226, 253, 141, 160, 259, 123, 103, 174, 169, 313, 347, 99, 215, 145, 330, 219, 308, 353, 295, 266, 193, 290, 239, 98, 100, 131, 355, 339, 236, 168, 283, 187, 104, 328, 379, 303, 269, 276, 224, 130, 202, 316, 190, 304, 221, 220, 321, 364, 242, 161, 186, 245, 109, 356, 243, 233, 222, 350, 107, 232, 142, 95, 206, 230, 188, 404, 352, 310, 156, 305, 367, 393, 257, 180, 136, 326, 340, 402, 262, 365, 181, 185, 225, 395, 265, 331, 284, 318, 214, 135, 217, 319, 228, 114, 150, 376, 227, 127, 314, 288, 293, 311, 387, 124, 96, 378, 152, 231, 144, 158, 279, 113, 249, 334, 358, 396, 250, 211, 102, 125, 333, 177, 223, 97, 261, 324, 241, 189, 128, 322, 171, 309, 274, 359, 289, 368, 117, 357, 268, 112, 373, 106, 285, 267, 251, 197, 306, 192, 148, 260, 273, 200, 147, 394, 390, 372, 386, 157, 272, 182, 164, 351, 344, 116, 338, 129, 256, 399, 270, 278, 370, 240, 348, 155, 391, 218, 120, 191, 307, 203, 263, 248, 369, 341]"
diversity_on_nsga2,82,-28.719525945576923,28.030474054423077,9.380474054423075,"[1, 26, 27, 89, 18, 37, 7, 22, 47, 67, 84, 87, 76, 21, 78, 56, 49, 2, 82, 86, 88, 13, 14, 66, 44, 36, 52, 68, 4, 75, 54, 64, 3, 92, 17, 31, 5, 8, 34, 72, 42, 63, 38, 85, 57, 15, 60, 62, 41, 43, 73, 74, 51, 9, 70, 55, 39, 20, 10, 28, 48, 33, 94, 16, 71, 91, 80, 90, 65, 30, 61, 12, 58, 29, 35, 23, 53, 40, 32, 45, 69, 81, 93, 59, 46, 83, 50, 79, 24, 6, 77, 11, 25, 19]","[120, 128, 113, 351, 198, 354, 287, 108, 384, 184, 394, 360, 390, 228, 159, 358, 240, 124, 251, 341, 370, 154, 155, 269, 147, 191, 348, 186, 304, 224, 285, 342, 387, 202, 129, 222, 199, 336, 249, 280, 201, 298, 102, 156, 282, 167, 389, 125, 142, 273, 114, 223, 243, 260, 309, 248, 397, 218, 96, 152, 300, 257, 232, 126, 105, 276, 178, 189, 118, 237, 175, 388, 296, 210, 362, 297, 255, 183, 146, 398, 131, 122, 197, 343, 195, 115, 143, 173, 281, 345, 111, 252, 331, 116, 244, 383, 332, 305, 110, 292, 245, 405, 357, 271, 185, 149, 179, 381, 227, 374, 172, 400, 157, 318, 166, 121, 366, 291, 234, 377, 119, 134, 208, 138, 196, 371, 299, 176, 151, 258, 246, 382, 368, 194, 205, 217, 363, 286, 316, 337, 312, 235, 349, 340, 226, 253, 141, 160, 259, 326, 123, 190, 97, 288, 310, 103, 174, 136, 169, 313, 347, 289, 99, 215, 145, 330, 268, 365, 214, 308, 311, 402, 181, 353, 295, 266, 193, 262, 150, 164, 290, 239, 98, 100, 403, 355, 339, 236, 168, 283, 187, 200, 261, 361, 250, 284, 132, 220, 352, 135, 395, 373, 144, 117, 319, 378, 158, 274, 267, 372, 161, 130, 180, 275, 213, 231, 320, 148, 139, 225, 322, 170, 247, 153, 307, 212, 112, 219, 369, 306, 379, 391, 104, 324, 192, 375, 356, 163, 367, 221, 206, 333, 279, 317, 238, 171, 334, 278, 323, 385, 327, 386, 392, 109, 404, 127, 399, 346, 107, 350, 207, 188, 338, 137, 302, 254, 95, 376, 101, 314, 241, 165, 335, 265, 329, 270, 216, 321, 344, 209, 272, 328, 211, 233, 256, 393, 203, 364, 325, 242, 277, 359, 303, 263, 162, 177, 106, 182, 293, 301, 396, 294, 140, 204, 229, 230, 315, 380, 133, 264, 401]"
diversity_on_nsga2,83,-79.6139053,18.1460947,60.98609470000001,"[78, 43, 83, 91, 77, 28, 39, 2, 68, 19, 42, 50, 11, 85, 41, 54, 88, 74, 73, 72, 76, 20, 93, 75, 44, 16, 25, 3, 4, 82, 18, 17, 51, 60, 87, 15, 59, 92, 24, 35, 66, 89, 13, 38, 21, 34, 71, 84, 22, 57, 62, 81, 23, 94, 79, 26, 52, 80, 90, 65, 30, 61, 12, 58, 29, 47, 48, 53, 40, 8, 45, 6, 67, 10, 36, 69, 46, 63, 86, 37, 14, 31, 9, 33, 5, 27, 1, 56, 49, 7, 64, 32, 70, 55]","[342, 199, 140, 167, 153, 323, 317, 389, 286, 159, 212, 401, 247, 162, 320, 287, 375, 400, 298, 294, 163, 105, 301, 126, 112, 238, 360, 277, 398, 315, 213, 264, 198, 207, 137, 300, 184, 122, 335, 384, 325, 385, 132, 346, 120, 229, 131, 280, 101, 178, 339, 237, 275, 296, 362, 297, 403, 146, 343, 195, 115, 143, 173, 281, 345, 111, 252, 331, 243, 244, 383, 278, 305, 292, 262, 357, 271, 149, 179, 381, 270, 227, 374, 172, 318, 97, 291, 234, 377, 134, 359, 138, 371, 299, 370, 176, 246, 382, 295, 349, 205, 217, 316, 235, 340, 226, 253, 141, 348, 326, 321, 190, 166, 288, 103, 256, 174, 169, 313, 289, 99, 330, 365, 214, 308, 402, 181, 353, 225, 193, 150, 307, 98, 100, 266, 355, 306, 118, 236, 168, 283, 187, 127, 285, 104, 328, 379, 303, 269, 276, 224, 202, 201, 395, 304, 221, 220, 123, 364, 242, 186, 109, 223, 222, 206, 156, 393, 257, 249, 334, 358, 396, 211, 102, 125, 333, 135, 324, 171, 228, 314, 350, 293, 387, 124, 96, 378, 208, 251, 282, 192, 117, 232, 200, 147, 394, 390, 372, 386, 268, 152, 373, 106, 272, 216, 182, 351, 344, 95, 116, 265, 129, 230, 188, 240, 121, 185, 161, 310, 108, 259, 279, 231, 107, 170, 248, 261, 254, 290, 160, 356, 388, 219, 114, 142, 354, 194, 273, 312, 165, 311, 380, 309, 139, 352, 133, 376, 361, 218, 144, 119, 110, 260, 338, 322, 363, 148, 130, 197, 164, 332, 157, 368, 405, 241, 319, 302, 327, 366, 347, 113, 233, 250, 267, 399, 274, 180, 397, 392, 284, 204, 145, 177, 151, 209, 215, 245, 258, 329, 336, 337, 196, 183, 158, 255, 175, 239, 189, 136, 128, 210, 203, 367, 404, 155, 391, 191, 263, 369, 341, 154]"
diversity_on_nsga2,84,-48.3545391625,14.955460837500002,21.6454608375,"[55, 39, 62, 41, 73, 87, 10, 93, 61, 74, 16, 17, 29, 13, 32, 51, 52, 12, 65, 72, 23, 33, 25, 35, 3, 92, 80, 57, 15, 86, 1, 70, 43, 27, 60, 58, 18, 84, 7, 22, 47, 6, 31, 83, 89, 66, 37, 19, 44, 45, 14, 40, 88, 82, 85, 5, 8, 69, 34, 42, 68, 46, 90, 59, 9, 50, 54, 56, 49, 38, 2, 64, 20, 11, 67, 4, 63, 21, 36, 26, 81, 94, 77, 28, 78, 48, 76, 53, 75, 79, 71, 30, 91, 24]","[341, 154, 342, 204, 199, 271, 140, 167, 347, 353, 392, 131, 100, 389, 336, 159, 397, 401, 247, 302, 200, 277, 329, 234, 179, 166, 221, 404, 253, 206, 286, 173, 246, 216, 330, 334, 149, 213, 239, 295, 231, 241, 381, 281, 171, 262, 110, 350, 375, 95, 299, 188, 324, 134, 230, 390, 232, 170, 369, 211, 98, 273, 147, 279, 332, 405, 113, 382, 400, 395, 209, 337, 361, 321, 398, 327, 315, 160, 309, 264, 308, 198, 298, 275, 374, 243, 244, 362, 297, 255, 403, 146, 343, 99, 195, 119, 115, 143, 345, 169, 259, 383, 354, 207, 137, 300, 148, 184, 366, 122, 335, 194, 384, 312, 385, 325, 242, 196, 132, 346, 363, 120, 229, 349, 307, 313, 165, 133, 280, 101, 208, 254, 118, 237, 266, 377, 304, 328, 379, 303, 269, 276, 121, 224, 130, 202, 111, 201, 220, 176, 235, 283, 123, 364, 205, 161, 138, 316, 186, 245, 109, 151, 215, 356, 97, 142, 222, 258, 352, 310, 156, 305, 367, 393, 257, 144, 326, 185, 396, 223, 388, 227, 127, 314, 288, 293, 311, 387, 124, 152, 267, 289, 368, 251, 197, 394, 357, 112, 106, 285, 157, 180, 164, 344, 116, 338, 322, 145, 355, 129, 256, 399, 270, 278, 370, 240, 348, 155, 158, 136, 340, 402, 292, 365, 249, 181, 358, 360, 178, 190, 265, 102, 331, 320, 284, 318, 214, 177, 351, 135, 261, 217, 189, 128, 319, 228, 274, 114, 150, 376, 391, 153, 225, 212, 272, 268, 183, 175, 210, 187, 291, 226, 174, 104, 378, 168, 306, 333, 250, 103, 117, 359, 96, 386, 323, 317, 182, 192, 141, 372, 373, 296, 107, 233, 339, 162, 125, 287, 371, 260, 172, 380, 193, 236, 252, 294, 219, 163, 105, 139, 301, 126, 238, 108, 218, 282, 191, 203, 263, 248, 290]"
diversity_on_nsga2,85,-8.1,7.449999999999999,7.6000000000000005,"[74, 33, 8, 49, 53, 4, 82, 18, 66, 87, 59, 42, 25, 90, 17, 86, 88, 65, 14, 23, 85, 16, 80, 3, 92, 30, 44, 57, 12, 13, 31, 54, 1, 70, 27, 29, 40, 83, 45, 62, 75, 19, 37, 84, 7, 22, 71, 73, 32, 52, 51, 58, 10, 89, 5, 79, 47, 81, 35, 63, 38, 36, 72, 56, 64, 67, 20, 43, 76, 68, 55, 34, 94, 24, 6, 21, 39, 78, 11, 15, 93, 46, 60, 91, 9, 2, 28, 77, 50, 61, 69, 41, 26, 48]","[313, 214, 402, 181, 164, 239, 98, 100, 173, 385, 327, 386, 392, 109, 404, 345, 175, 202, 271, 127, 399, 237, 346, 159, 296, 107, 188, 207, 350, 338, 141, 137, 243, 302, 365, 281, 229, 95, 110, 308, 324, 376, 362, 101, 326, 224, 254, 314, 156, 197, 374, 172, 241, 318, 165, 147, 316, 371, 174, 335, 149, 299, 339, 381, 265, 369, 114, 270, 216, 321, 390, 166, 292, 286, 290, 251, 344, 97, 115, 370, 272, 328, 330, 211, 233, 256, 393, 360, 337, 203, 295, 364, 289, 242, 357, 184, 179, 358, 277, 131, 359, 303, 263, 162, 235, 177, 195, 252, 187, 106, 182, 193, 342, 293, 400, 255, 157, 301, 264, 396, 219, 294, 348, 129, 140, 151, 222, 353, 204, 189, 230, 208, 315, 380, 227, 133, 103, 186, 280, 234, 136, 401, 167, 120, 122, 128, 113, 351, 146, 285, 253, 354, 311, 169, 398, 287, 108, 383, 199, 384, 332, 176, 125, 298, 228, 336, 368, 152, 142, 273, 329, 305, 223, 215, 116, 310, 260, 309, 248, 160, 217, 154, 205, 397, 218, 96, 134, 209, 347, 99, 201, 150, 196, 387, 300, 257, 232, 178, 126, 266, 269, 244, 105, 236, 325, 249, 102, 282, 389, 112, 276, 355, 405, 200, 121, 259, 261, 388, 312, 361, 363, 366, 250, 284, 245, 183, 132, 220, 352, 135, 395, 268, 373, 144, 343, 191, 117, 319, 138, 378, 158, 240, 274, 267, 372, 161, 185, 403, 130, 288, 377, 180, 323, 210, 275, 226, 213, 231, 145, 320, 148, 111, 139, 225, 322, 170, 331, 198, 247, 291, 153, 307, 212, 340, 124, 123, 168, 306, 379, 391, 297, 118, 104, 304, 246, 262, 192, 375, 356, 341, 163, 367, 221, 206, 333, 279, 317, 238, 155, 171, 334, 278, 394, 283, 143, 119, 258, 382, 194, 349, 190]"
diversity_on_nsga2,86,-79.6139053,18.1460947,60.98609470000001,"[78, 43, 83, 91, 77, 28, 39, 2, 19, 42, 50, 68, 11, 94, 41, 54, 88, 74, 73, 72, 76, 20, 93, 75, 44, 16, 25, 3, 4, 82, 18, 17, 51, 60, 87, 15, 59, 92, 24, 35, 66, 89, 13, 38, 21, 34, 71, 84, 22, 57, 62, 81, 23, 85, 79, 26, 52, 80, 90, 65, 30, 61, 12, 58, 29, 47, 48, 53, 40, 8, 45, 6, 67, 10, 36, 69, 46, 63, 86, 37, 14, 31, 9, 33, 5, 27, 1, 56, 49, 7, 64, 32, 70, 55]","[342, 199, 140, 167, 153, 323, 317, 389, 286, 159, 212, 401, 247, 162, 320, 287, 375, 400, 298, 294, 163, 105, 301, 126, 112, 236, 360, 277, 398, 315, 213, 264, 198, 207, 137, 300, 184, 122, 335, 384, 325, 385, 132, 346, 120, 229, 131, 280, 101, 178, 118, 237, 275, 296, 362, 297, 403, 146, 343, 195, 115, 143, 173, 281, 345, 111, 252, 331, 243, 244, 383, 278, 305, 292, 262, 357, 271, 149, 179, 381, 270, 227, 374, 172, 318, 97, 291, 234, 377, 134, 359, 138, 371, 299, 370, 176, 246, 382, 295, 349, 205, 217, 316, 235, 340, 226, 253, 141, 348, 326, 321, 190, 166, 288, 103, 256, 174, 169, 313, 289, 99, 330, 365, 214, 308, 402, 181, 353, 225, 193, 150, 307, 98, 100, 266, 355, 306, 339, 238, 168, 283, 187, 127, 285, 104, 328, 379, 303, 269, 276, 224, 202, 201, 395, 304, 221, 220, 123, 364, 117, 186, 109, 223, 222, 206, 156, 393, 257, 249, 334, 358, 396, 211, 102, 125, 333, 135, 324, 171, 228, 314, 350, 293, 387, 124, 96, 378, 208, 251, 282, 192, 242, 232, 200, 147, 394, 390, 372, 386, 268, 152, 373, 106, 204, 216, 182, 351, 344, 95, 116, 265, 129, 230, 188, 240, 121, 185, 161, 310, 108, 259, 279, 231, 107, 170, 248, 261, 254, 290, 160, 356, 388, 219, 114, 142, 354, 194, 273, 312, 165, 311, 380, 309, 139, 352, 133, 376, 361, 218, 144, 119, 110, 260, 338, 322, 363, 148, 130, 164, 332, 157, 368, 405, 241, 319, 302, 327, 366, 347, 113, 233, 250, 267, 399, 274, 180, 397, 392, 284, 272, 145, 177, 151, 209, 215, 245, 258, 329, 336, 337, 196, 197, 183, 158, 255, 175, 239, 189, 136, 128, 210, 203, 367, 404, 155, 391, 191, 263, 369, 341, 154]"
diversity_on_nsga2,87,-68.84311041226961,19.286889587730393,27.156889587730387,"[30, 91, 24, 55, 39, 62, 41, 73, 87, 10, 93, 61, 74, 16, 17, 29, 13, 32, 51, 52, 12, 65, 72, 23, 33, 25, 35, 3, 92, 80, 44, 57, 15, 86, 1, 70, 43, 27, 60, 58, 89, 18, 19, 37, 84, 7, 22, 47, 6, 45, 14, 83, 40, 88, 82, 66, 85, 5, 8, 69, 34, 42, 68, 46, 90, 59, 9, 31, 50, 54, 56, 49, 38, 2, 64, 20, 11, 67, 4, 63, 21, 36, 26, 81, 94, 77, 28, 78, 48, 76, 53, 75, 79, 71]","[290, 341, 154, 342, 204, 108, 217, 199, 141, 271, 140, 167, 347, 153, 353, 392, 131, 323, 100, 317, 389, 336, 159, 212, 107, 397, 401, 247, 302, 339, 117, 320, 287, 371, 260, 172, 380, 193, 236, 252, 294, 219, 163, 105, 139, 301, 126, 238, 200, 277, 329, 234, 179, 296, 166, 221, 404, 253, 206, 286, 233, 173, 246, 216, 330, 334, 149, 213, 239, 295, 231, 241, 381, 281, 171, 262, 110, 350, 375, 95, 299, 188, 210, 324, 192, 103, 134, 183, 291, 230, 390, 232, 170, 369, 211, 98, 273, 147, 279, 332, 405, 226, 174, 113, 382, 333, 400, 395, 209, 337, 187, 360, 361, 321, 398, 327, 315, 160, 309, 264, 308, 198, 298, 275, 374, 243, 244, 362, 297, 255, 403, 146, 343, 99, 195, 119, 115, 143, 345, 169, 259, 383, 354, 207, 137, 300, 148, 184, 366, 122, 335, 194, 384, 312, 385, 325, 242, 196, 168, 132, 346, 363, 120, 229, 349, 225, 313, 165, 133, 280, 101, 208, 178, 254, 118, 237, 266, 104, 377, 304, 175, 328, 379, 303, 269, 276, 121, 224, 130, 202, 111, 201, 220, 176, 235, 283, 123, 364, 205, 161, 138, 316, 186, 245, 109, 151, 215, 356, 97, 142, 222, 258, 352, 310, 156, 305, 367, 393, 257, 144, 158, 136, 326, 340, 402, 292, 365, 249, 181, 128, 185, 396, 250, 190, 265, 102, 331, 125, 284, 318, 214, 177, 223, 135, 261, 388, 189, 358, 319, 228, 274, 114, 150, 376, 227, 127, 314, 288, 293, 311, 387, 124, 96, 378, 152, 359, 267, 289, 368, 251, 197, 306, 162, 394, 372, 386, 357, 268, 112, 373, 106, 285, 157, 180, 272, 182, 164, 351, 344, 116, 338, 322, 145, 355, 129, 256, 399, 270, 278, 370, 240, 348, 155, 391, 218, 282, 191, 307, 203, 263, 248]"
diversity_on_nsga2,88,-65.47443725,17.665562750000003,28.325562750000007,"[84, 46, 91, 9, 52, 80, 92, 75, 15, 89, 16, 72, 36, 26, 22, 73, 74, 6, 61, 69, 65, 51, 21, 23, 93, 88, 76, 77, 4, 47, 17, 2, 34, 68, 12, 71, 20, 56, 14, 54, 33, 25, 64, 3, 94, 44, 57, 81, 60, 1, 27, 45, 40, 58, 67, 63, 66, 85, 5, 8, 70, 29, 18, 19, 37, 83, 42, 35, 49, 53, 41, 7, 62, 48, 38, 43, 90, 10, 78, 11, 82, 79, 24, 55, 28, 31, 87, 39, 59, 32, 13, 86, 50, 30]","[341, 154, 342, 204, 108, 275, 199, 170, 209, 140, 167, 153, 392, 323, 317, 389, 336, 329, 159, 212, 397, 401, 247, 302, 162, 320, 287, 375, 380, 298, 294, 163, 105, 139, 301, 126, 238, 360, 361, 277, 398, 327, 315, 309, 213, 264, 198, 354, 207, 137, 300, 184, 122, 335, 384, 325, 385, 132, 346, 282, 229, 165, 133, 280, 101, 178, 254, 118, 237, 175, 388, 296, 210, 189, 297, 255, 403, 183, 146, 343, 195, 115, 143, 173, 281, 345, 111, 252, 216, 244, 383, 332, 110, 405, 271, 149, 179, 381, 312, 172, 400, 166, 121, 366, 291, 234, 377, 119, 134, 208, 138, 196, 371, 299, 176, 151, 258, 246, 382, 194, 205, 363, 286, 201, 337, 374, 235, 349, 226, 253, 141, 160, 259, 123, 97, 103, 174, 169, 313, 347, 99, 215, 145, 330, 219, 308, 353, 295, 266, 193, 290, 239, 98, 100, 131, 288, 339, 236, 168, 283, 187, 260, 104, 328, 379, 303, 269, 276, 224, 130, 202, 316, 304, 221, 220, 321, 364, 242, 161, 186, 245, 109, 356, 243, 233, 222, 231, 279, 113, 334, 211, 333, 324, 241, 171, 350, 107, 192, 148, 232, 273, 200, 147, 390, 142, 95, 206, 230, 188, 404, 352, 310, 156, 305, 367, 393, 257, 180, 158, 136, 326, 340, 262, 225, 402, 292, 365, 249, 181, 358, 185, 396, 250, 190, 395, 265, 102, 331, 125, 284, 318, 214, 177, 223, 135, 261, 217, 362, 128, 319, 228, 274, 114, 150, 376, 227, 127, 314, 355, 293, 311, 387, 124, 96, 378, 152, 359, 267, 289, 368, 251, 197, 306, 117, 394, 372, 386, 357, 268, 112, 373, 106, 285, 157, 144, 272, 182, 164, 351, 344, 116, 338, 322, 129, 256, 399, 270, 278, 370, 240, 348, 155, 391, 218, 120, 191, 307, 203, 263, 248, 369]"
diversity_on_nsga2,89,-28.454869125000002,17.965130875,9.745130875000001,"[50, 62, 41, 74, 73, 20, 93, 33, 44, 25, 3, 4, 18, 17, 67, 60, 87, 15, 59, 92, 24, 35, 66, 89, 13, 72, 76, 5, 16, 83, 34, 26, 84, 22, 31, 57, 43, 81, 94, 71, 65, 36, 61, 12, 58, 29, 47, 53, 40, 2, 45, 39, 51, 10, 86, 37, 42, 63, 38, 78, 90, 91, 49, 48, 8, 82, 75, 79, 32, 88, 52, 23, 6, 11, 9, 80, 21, 19, 69, 46, 14, 54, 27, 1, 56, 7, 64, 68, 70, 55, 30, 85, 77, 28]","[309, 122, 341, 154, 342, 199, 336, 389, 230, 264, 384, 275, 198, 140, 361, 302, 397, 392, 204, 153, 212, 323, 317, 380, 294, 163, 105, 139, 301, 126, 327, 209, 329, 401, 375, 238, 360, 277, 398, 315, 213, 207, 184, 335, 170, 108, 220, 95, 325, 385, 346, 120, 229, 225, 165, 133, 280, 101, 178, 118, 237, 175, 210, 183, 173, 281, 345, 252, 243, 383, 332, 110, 367, 405, 271, 149, 179, 381, 374, 172, 400, 166, 366, 291, 234, 377, 134, 208, 196, 371, 299, 246, 382, 194, 363, 286, 312, 226, 253, 160, 259, 103, 174, 254, 313, 347, 330, 219, 308, 181, 353, 295, 131, 193, 239, 98, 100, 266, 236, 168, 187, 104, 304, 221, 321, 356, 142, 156, 231, 279, 113, 334, 358, 211, 241, 171, 350, 148, 273, 200, 147, 390, 216, 298, 206, 300, 188, 404, 399, 270, 244, 362, 357, 255, 403, 132, 247, 292, 388, 349, 343, 99, 195, 119, 115, 143, 290, 169, 328, 379, 303, 269, 276, 102, 125, 333, 121, 224, 130, 202, 111, 201, 395, 137, 176, 235, 283, 123, 97, 205, 242, 161, 138, 316, 186, 245, 109, 151, 215, 146, 364, 159, 222, 258, 352, 310, 232, 305, 337, 393, 257, 144, 158, 136, 326, 340, 402, 262, 365, 251, 167, 324, 185, 396, 250, 190, 265, 331, 284, 318, 214, 177, 164, 135, 261, 217, 189, 128, 319, 228, 274, 114, 150, 376, 227, 127, 314, 288, 293, 311, 387, 124, 96, 378, 152, 359, 267, 289, 368, 249, 197, 306, 117, 394, 386, 297, 268, 112, 106, 285, 157, 180, 272, 223, 182, 192, 141, 372, 373, 296, 107, 233, 339, 162, 320, 287, 260, 351, 344, 116, 338, 322, 145, 355, 129, 256, 278, 370, 240, 348, 155, 391, 218, 282, 191, 307, 203, 263, 248, 369, 354]"
diversity_on_nsga2,90,-83.2695260325,19.1304739675,42.0304739675,"[59, 75, 16, 32, 52, 35, 92, 80, 84, 47, 6, 69, 46, 91, 9, 50, 18, 63, 21, 89, 13, 72, 81, 26, 22, 2, 36, 74, 94, 79, 71, 30, 61, 24, 23, 70, 55, 34, 68, 12, 65, 20, 56, 14, 54, 33, 25, 64, 3, 31, 44, 57, 15, 60, 1, 67, 8, 27, 29, 40, 58, 45, 73, 19, 37, 83, 42, 28, 49, 53, 41, 7, 62, 48, 38, 4, 90, 11, 39, 93, 82, 86, 78, 88, 77, 51, 17, 43, 10, 87, 76, 66, 85, 5]","[341, 154, 342, 204, 108, 217, 199, 141, 271, 140, 167, 347, 153, 353, 113, 131, 323, 100, 317, 389, 336, 159, 212, 107, 397, 247, 302, 339, 117, 320, 287, 371, 260, 172, 380, 193, 236, 252, 294, 219, 163, 105, 139, 301, 126, 238, 200, 277, 329, 234, 179, 296, 166, 221, 404, 206, 286, 233, 173, 246, 216, 330, 334, 149, 213, 239, 295, 231, 241, 381, 281, 171, 110, 350, 375, 95, 299, 188, 210, 324, 192, 103, 134, 183, 291, 230, 390, 232, 170, 369, 211, 98, 273, 147, 279, 332, 405, 226, 367, 392, 382, 333, 400, 201, 187, 360, 361, 321, 337, 298, 354, 137, 335, 312, 168, 346, 165, 280, 101, 254, 104, 304, 175, 253, 227, 292, 401, 284, 318, 398, 327, 315, 160, 309, 264, 308, 198, 259, 383, 207, 300, 148, 184, 366, 122, 194, 384, 325, 385, 196, 132, 363, 120, 229, 349, 225, 313, 133, 208, 178, 118, 237, 266, 377, 275, 374, 243, 244, 362, 297, 255, 403, 146, 343, 99, 195, 119, 115, 143, 345, 169, 328, 379, 303, 269, 276, 121, 224, 130, 202, 111, 209, 395, 220, 176, 235, 283, 123, 364, 205, 242, 161, 138, 316, 186, 245, 109, 151, 215, 356, 97, 142, 222, 258, 352, 310, 156, 305, 174, 393, 257, 144, 158, 136, 326, 340, 402, 262, 365, 249, 181, 358, 185, 396, 250, 190, 265, 102, 331, 125, 214, 177, 223, 135, 261, 388, 189, 128, 319, 228, 274, 114, 150, 376, 127, 314, 288, 293, 311, 387, 124, 96, 378, 152, 359, 267, 289, 368, 251, 197, 306, 162, 394, 372, 386, 357, 268, 112, 373, 106, 285, 157, 180, 272, 182, 164, 351, 344, 116, 338, 322, 145, 355, 129, 256, 399, 270, 278, 370, 240, 348, 155, 391, 218, 282, 191, 307, 203, 263, 248, 290]"
diversity_on_nsga2,91,-91.3720432320482,25.6279567679518,54.02795676795181,"[35, 77, 88, 30, 73, 48, 82, 10, 93, 29, 27, 43, 14, 25, 3, 64, 70, 45, 53, 75, 59, 74, 16, 17, 86, 56, 90, 38, 68, 52, 12, 65, 20, 72, 67, 60, 80, 92, 41, 94, 44, 57, 15, 87, 1, 23, 79, 21, 4, 58, 89, 18, 19, 81, 2, 83, 40, 85, 63, 5, 8, 69, 34, 42, 49, 33, 13, 84, 24, 36, 26, 71, 61, 55, 39, 28, 37, 76, 7, 22, 32, 62, 91, 9, 31, 50, 54, 51, 47, 6, 66, 46, 78, 11]","[341, 154, 342, 204, 108, 217, 246, 141, 271, 140, 167, 347, 153, 353, 392, 131, 323, 100, 317, 389, 336, 159, 212, 107, 397, 401, 302, 339, 162, 320, 287, 371, 260, 172, 380, 193, 236, 252, 294, 219, 163, 105, 139, 301, 126, 238, 200, 104, 110, 277, 329, 234, 279, 101, 390, 296, 335, 221, 404, 175, 253, 206, 348, 233, 137, 173, 199, 216, 330, 334, 149, 213, 239, 295, 231, 241, 381, 281, 171, 304, 350, 375, 95, 299, 188, 210, 324, 192, 103, 134, 183, 291, 230, 232, 170, 369, 211, 98, 273, 354, 147, 179, 332, 405, 226, 174, 165, 280, 113, 382, 168, 346, 333, 400, 312, 209, 337, 187, 360, 361, 321, 398, 327, 315, 160, 309, 264, 308, 198, 259, 383, 207, 166, 298, 254, 293, 247, 292, 365, 249, 300, 148, 184, 366, 122, 194, 384, 325, 385, 196, 387, 363, 120, 229, 349, 225, 313, 133, 208, 178, 118, 237, 266, 377, 275, 374, 243, 244, 362, 297, 255, 403, 146, 343, 99, 195, 119, 115, 143, 345, 169, 328, 379, 303, 269, 276, 121, 224, 130, 359, 111, 201, 395, 220, 176, 235, 283, 123, 364, 205, 242, 161, 138, 316, 186, 245, 109, 151, 215, 356, 197, 142, 222, 258, 352, 310, 156, 305, 367, 393, 257, 144, 158, 136, 326, 340, 402, 262, 181, 396, 185, 358, 250, 190, 265, 102, 331, 125, 284, 318, 214, 177, 223, 135, 261, 388, 189, 128, 319, 228, 274, 114, 150, 376, 227, 127, 314, 288, 311, 132, 124, 96, 378, 152, 202, 267, 289, 368, 251, 97, 306, 117, 394, 372, 386, 357, 268, 112, 373, 106, 285, 157, 180, 272, 182, 164, 351, 344, 116, 338, 322, 145, 355, 129, 256, 399, 270, 278, 370, 240, 286, 155, 391, 218, 282, 191, 307, 203, 263, 248, 290]"
diversity_on_nsga2,92,-86.711184485,20.948815515000003,56.888815515,"[80, 92, 26, 68, 56, 14, 54, 64, 44, 1, 8, 49, 5, 88, 76, 77, 7, 28, 31, 48, 70, 20, 39, 55, 11, 93, 33, 63, 79, 25, 3, 4, 82, 18, 17, 85, 51, 86, 87, 15, 59, 42, 94, 24, 21, 35, 66, 89, 13, 72, 83, 34, 37, 9, 84, 22, 57, 62, 41, 43, 91, 81, 23, 74, 38, 16, 71, 52, 27, 90, 65, 30, 61, 12, 58, 29, 47, 75, 53, 40, 32, 45, 78, 6, 67, 10, 19, 69, 46, 60, 36, 73, 50, 2]","[369, 341, 154, 342, 204, 108, 275, 199, 170, 209, 140, 167, 153, 392, 323, 317, 389, 336, 329, 159, 212, 397, 401, 247, 302, 162, 320, 287, 375, 380, 298, 294, 163, 105, 139, 301, 126, 238, 360, 361, 277, 398, 327, 315, 309, 213, 264, 198, 354, 207, 137, 300, 184, 122, 335, 384, 325, 385, 132, 346, 282, 229, 396, 165, 133, 280, 101, 178, 254, 118, 237, 175, 388, 296, 210, 362, 297, 255, 403, 183, 146, 343, 195, 115, 143, 173, 281, 345, 111, 252, 216, 244, 383, 332, 110, 292, 405, 271, 149, 179, 381, 374, 172, 400, 166, 121, 366, 291, 234, 377, 119, 134, 208, 138, 196, 371, 299, 176, 151, 258, 246, 382, 194, 205, 363, 286, 201, 337, 312, 235, 349, 226, 253, 141, 160, 259, 123, 97, 103, 174, 169, 313, 347, 99, 215, 145, 330, 219, 308, 353, 295, 266, 193, 290, 239, 98, 100, 131, 355, 339, 236, 168, 283, 187, 104, 328, 379, 303, 269, 276, 224, 130, 202, 316, 190, 304, 221, 220, 321, 364, 242, 161, 186, 245, 109, 356, 243, 233, 222, 231, 279, 113, 334, 211, 333, 324, 241, 171, 350, 107, 232, 142, 95, 206, 230, 188, 404, 352, 310, 156, 305, 367, 393, 257, 180, 158, 136, 326, 340, 402, 262, 365, 249, 181, 358, 185, 225, 250, 395, 265, 102, 331, 125, 284, 318, 214, 177, 223, 135, 261, 217, 189, 128, 319, 228, 274, 114, 150, 376, 227, 127, 314, 288, 293, 311, 387, 124, 96, 378, 152, 359, 289, 368, 117, 357, 268, 112, 373, 106, 285, 267, 251, 197, 306, 192, 148, 260, 273, 200, 147, 394, 390, 372, 386, 157, 144, 272, 182, 164, 351, 344, 116, 338, 322, 129, 256, 399, 270, 278, 370, 240, 348, 155, 391, 218, 120, 191, 307, 203, 263, 248]"
diversity_on_nsga2,93,-90.78083758827464,31.319162411725372,52.11916241172537,"[70, 31, 2, 43, 5, 88, 28, 76, 80, 1, 77, 56, 27, 7, 49, 67, 64, 8, 68, 48, 84, 20, 39, 55, 11, 93, 33, 44, 79, 25, 3, 46, 82, 17, 18, 85, 51, 86, 87, 15, 59, 42, 38, 24, 21, 35, 66, 89, 13, 72, 83, 34, 37, 26, 9, 22, 57, 62, 41, 54, 73, 81, 69, 4, 78, 90, 91, 50, 36, 94, 71, 30, 10, 75, 61, 74, 16, 29, 32, 52, 12, 65, 23, 53, 60, 92, 58, 19, 47, 6, 45, 14, 40, 63]","[341, 154, 342, 204, 108, 217, 199, 141, 271, 140, 389, 347, 153, 173, 392, 131, 323, 100, 317, 167, 336, 159, 212, 107, 397, 401, 247, 302, 339, 162, 320, 287, 371, 172, 380, 193, 236, 252, 294, 219, 163, 105, 139, 301, 195, 238, 110, 277, 329, 234, 254, 179, 291, 296, 335, 133, 404, 175, 253, 206, 286, 137, 353, 246, 216, 330, 149, 213, 239, 295, 381, 281, 262, 375, 95, 299, 188, 210, 103, 134, 183, 101, 230, 390, 170, 369, 98, 354, 147, 332, 405, 226, 174, 165, 280, 382, 168, 346, 266, 400, 312, 209, 337, 187, 360, 361, 398, 327, 315, 160, 309, 264, 308, 198, 259, 383, 207, 300, 184, 366, 122, 194, 384, 325, 385, 196, 132, 363, 120, 229, 349, 225, 313, 166, 208, 178, 118, 237, 298, 377, 275, 374, 243, 244, 362, 297, 255, 185, 146, 343, 99, 126, 119, 115, 143, 345, 169, 121, 111, 176, 333, 240, 123, 205, 138, 316, 151, 215, 258, 310, 305, 367, 136, 157, 340, 402, 292, 365, 181, 403, 190, 331, 318, 214, 135, 388, 319, 150, 227, 288, 311, 96, 289, 368, 117, 394, 372, 386, 357, 127, 232, 285, 284, 104, 328, 379, 303, 269, 276, 224, 130, 202, 201, 395, 304, 221, 220, 321, 364, 242, 161, 376, 186, 245, 109, 356, 142, 233, 222, 352, 265, 156, 393, 257, 231, 144, 158, 279, 113, 249, 334, 358, 396, 250, 211, 102, 125, 235, 177, 223, 97, 261, 324, 241, 189, 128, 322, 171, 228, 274, 114, 314, 350, 293, 387, 124, 268, 378, 152, 359, 267, 251, 197, 306, 192, 148, 260, 273, 200, 112, 373, 106, 326, 180, 272, 182, 164, 351, 344, 116, 338, 145, 355, 129, 256, 399, 270, 278, 370, 283, 348, 155, 391, 218, 282, 191, 307, 203, 263, 248, 290]"
diversity_on_nsga2,94,-82.489974025,19.100025975,49.810025975,"[30, 85, 82, 91, 77, 28, 39, 8, 19, 42, 60, 11, 43, 41, 75, 88, 74, 73, 38, 76, 20, 93, 33, 44, 16, 25, 3, 4, 80, 18, 17, 67, 50, 87, 15, 59, 92, 24, 35, 66, 89, 13, 72, 83, 34, 26, 84, 22, 31, 57, 62, 81, 40, 45, 49, 90, 10, 46, 79, 69, 32, 51, 47, 6, 63, 5, 78, 94, 55, 36, 14, 68, 9, 54, 56, 2, 48, 71, 52, 12, 65, 53, 23, 86, 21, 61, 1, 70, 58, 37, 7, 64, 27, 29]","[154, 342, 199, 140, 167, 153, 323, 317, 389, 336, 159, 212, 401, 247, 100, 107, 397, 302, 339, 162, 320, 287, 371, 260, 172, 380, 193, 236, 252, 294, 219, 285, 105, 139, 301, 126, 238, 200, 104, 110, 277, 234, 254, 179, 101, 296, 335, 166, 221, 404, 253, 206, 233, 137, 173, 246, 216, 330, 334, 149, 213, 295, 231, 241, 381, 281, 171, 262, 304, 350, 375, 95, 299, 188, 324, 192, 103, 134, 261, 230, 290, 232, 170, 369, 211, 98, 273, 354, 147, 279, 332, 405, 226, 174, 165, 280, 113, 382, 168, 346, 333, 266, 400, 312, 209, 138, 360, 361, 321, 398, 327, 315, 160, 146, 264, 198, 259, 383, 207, 300, 148, 184, 366, 122, 194, 384, 325, 329, 286, 337, 308, 183, 175, 239, 210, 385, 196, 132, 363, 120, 229, 349, 225, 313, 133, 208, 178, 118, 237, 218, 377, 275, 374, 243, 244, 362, 297, 255, 403, 309, 356, 343, 99, 195, 119, 115, 143, 345, 169, 328, 379, 303, 269, 276, 121, 224, 130, 202, 111, 201, 395, 220, 176, 235, 283, 123, 364, 205, 242, 161, 187, 316, 186, 245, 109, 151, 215, 97, 142, 222, 258, 352, 310, 156, 305, 367, 393, 257, 144, 158, 136, 326, 340, 402, 292, 365, 249, 181, 358, 185, 396, 250, 190, 265, 102, 331, 125, 284, 318, 214, 177, 223, 135, 291, 388, 189, 128, 319, 228, 274, 114, 150, 376, 227, 127, 314, 288, 293, 311, 387, 298, 96, 378, 152, 359, 267, 289, 368, 251, 197, 306, 117, 394, 372, 386, 357, 268, 112, 373, 106, 163, 157, 180, 272, 182, 164, 351, 344, 116, 338, 322, 145, 355, 129, 256, 399, 270, 278, 370, 240, 348, 155, 391, 124, 282, 191, 307, 203, 263, 248, 390, 341, 204, 108, 217, 141, 271, 347, 353, 392, 131]"
diversity_on_nsga2,95,-40.60972225,14.43027775,13.49027775,"[9, 11, 41, 77, 88, 94, 73, 48, 82, 10, 50, 90, 29, 51, 43, 14, 25, 18, 60, 70, 45, 53, 75, 59, 74, 37, 17, 86, 56, 32, 38, 68, 78, 33, 65, 20, 72, 23, 93, 64, 80, 92, 35, 31, 30, 44, 63, 15, 87, 1, 67, 27, 79, 24, 4, 58, 89, 3, 19, 81, 16, 2, 83, 40, 57, 85, 5, 8, 69, 34, 42, 49, 12, 91, 13, 84, 21, 36, 26, 71, 61, 55, 39, 28, 62, 76, 7, 22, 47, 6, 66, 46, 52, 54]","[290, 341, 154, 342, 204, 108, 217, 199, 141, 316, 140, 167, 347, 153, 353, 392, 131, 323, 100, 317, 389, 336, 159, 212, 107, 397, 401, 144, 302, 339, 162, 320, 287, 371, 260, 172, 380, 193, 236, 252, 294, 219, 163, 105, 139, 301, 126, 238, 200, 104, 110, 277, 329, 234, 220, 179, 101, 237, 390, 296, 335, 184, 221, 261, 175, 253, 206, 286, 233, 137, 173, 246, 216, 330, 334, 149, 213, 239, 295, 231, 241, 381, 281, 171, 262, 304, 350, 375, 95, 299, 188, 210, 324, 192, 103, 134, 183, 291, 230, 232, 170, 369, 211, 98, 273, 354, 147, 279, 332, 405, 226, 174, 165, 280, 113, 382, 168, 346, 333, 266, 400, 312, 209, 337, 187, 360, 361, 321, 398, 327, 315, 160, 309, 264, 308, 198, 259, 383, 207, 300, 148, 166, 366, 122, 194, 384, 325, 385, 196, 132, 363, 120, 229, 395, 225, 313, 133, 208, 178, 118, 298, 377, 275, 374, 243, 244, 177, 297, 255, 403, 146, 343, 99, 195, 119, 115, 143, 345, 169, 328, 379, 303, 269, 276, 121, 224, 130, 202, 111, 201, 349, 254, 176, 235, 283, 123, 364, 205, 293, 161, 138, 271, 186, 245, 109, 151, 215, 356, 97, 142, 222, 258, 352, 310, 156, 305, 367, 393, 257, 247, 158, 136, 326, 340, 402, 292, 365, 249, 181, 358, 185, 396, 250, 190, 265, 102, 331, 125, 284, 318, 214, 362, 223, 135, 404, 388, 189, 128, 319, 228, 274, 114, 150, 376, 227, 127, 314, 288, 242, 311, 387, 124, 96, 378, 152, 359, 267, 289, 368, 251, 197, 306, 117, 394, 372, 386, 357, 268, 112, 373, 106, 285, 157, 180, 272, 182, 164, 351, 344, 116, 338, 322, 145, 355, 129, 256, 399, 270, 278, 370, 240, 348, 155, 391, 218, 282, 191, 307, 203, 263, 248]"
diversity_on_nsga2,96,-82.489974025,19.100025975,49.810025975,"[30, 85, 82, 91, 77, 28, 39, 8, 19, 42, 60, 11, 43, 41, 75, 88, 74, 73, 38, 76, 20, 93, 33, 44, 16, 25, 3, 4, 21, 18, 17, 67, 50, 87, 15, 59, 92, 24, 35, 66, 89, 13, 72, 83, 34, 26, 84, 22, 31, 57, 62, 81, 23, 94, 79, 71, 52, 80, 90, 65, 36, 61, 12, 58, 29, 47, 48, 53, 40, 2, 5, 6, 51, 10, 78, 69, 46, 63, 86, 37, 14, 9, 54, 45, 27, 1, 56, 49, 7, 64, 32, 68, 70, 55]","[154, 342, 199, 140, 167, 153, 323, 317, 389, 336, 159, 212, 401, 247, 162, 320, 287, 375, 400, 298, 294, 163, 105, 301, 126, 238, 360, 277, 398, 315, 213, 264, 198, 207, 137, 300, 184, 122, 335, 384, 292, 385, 132, 346, 120, 229, 131, 280, 101, 178, 118, 237, 275, 296, 362, 297, 403, 146, 343, 195, 115, 143, 173, 281, 345, 111, 252, 331, 243, 244, 383, 278, 170, 325, 307, 357, 271, 149, 179, 381, 270, 227, 108, 172, 318, 166, 291, 234, 377, 134, 359, 138, 371, 299, 370, 176, 246, 382, 295, 349, 205, 174, 316, 235, 340, 226, 253, 141, 348, 326, 321, 190, 97, 288, 103, 256, 217, 169, 313, 289, 99, 330, 365, 214, 308, 402, 181, 353, 225, 193, 150, 405, 98, 100, 266, 355, 306, 339, 236, 168, 283, 187, 127, 285, 104, 328, 379, 303, 269, 276, 224, 202, 201, 395, 304, 221, 220, 123, 364, 242, 186, 109, 223, 222, 265, 156, 367, 257, 249, 334, 358, 396, 211, 102, 125, 333, 135, 324, 171, 228, 314, 350, 293, 387, 124, 96, 378, 208, 251, 282, 192, 117, 232, 200, 147, 394, 390, 372, 386, 268, 112, 373, 106, 272, 216, 182, 351, 344, 95, 116, 206, 129, 230, 188, 240, 121, 185, 161, 310, 374, 259, 279, 231, 107, 305, 248, 261, 254, 290, 160, 356, 388, 219, 114, 142, 354, 194, 273, 312, 165, 311, 380, 309, 139, 352, 133, 376, 361, 218, 144, 119, 110, 260, 338, 322, 363, 148, 130, 152, 164, 332, 157, 368, 262, 241, 319, 302, 327, 366, 347, 113, 233, 250, 267, 399, 274, 180, 397, 392, 284, 204, 145, 177, 151, 209, 215, 245, 258, 329, 286, 337, 196, 197, 183, 158, 255, 175, 239, 189, 136, 128, 210, 203, 393, 404, 155, 391, 191, 263, 369, 341]"
diversity_on_nsga2,97,-46.825792500000006,10.264207499999998,26.574207500000004,"[85, 68, 59, 16, 71, 94, 91, 9, 21, 34, 50, 8, 17, 13, 32, 2, 12, 65, 72, 53, 33, 86, 37, 84, 7, 22, 62, 66, 46, 47, 6, 14, 83, 63, 4, 5, 49, 69, 42, 38, 92, 56, 26, 20, 88, 78, 23, 54, 52, 25, 64, 80, 3, 36, 35, 31, 30, 44, 57, 15, 60, 1, 67, 70, 43, 27, 79, 24, 29, 40, 58, 89, 45, 18, 19, 81, 28, 41, 75, 55, 61, 48, 73, 90, 11, 39, 93, 82, 74, 77, 51, 10, 87, 76]","[183, 291, 273, 354, 332, 405, 174, 165, 113, 400, 209, 321, 333, 221, 226, 361, 259, 170, 211, 290, 337, 327, 160, 309, 383, 368, 164, 284, 293, 388, 148, 277, 192, 401, 141, 216, 372, 295, 296, 166, 300, 315, 339, 344, 207, 360, 375, 278, 171, 350, 131, 346, 98, 324, 320, 390, 159, 173, 308, 124, 251, 341, 126, 370, 155, 147, 206, 304, 299, 105, 285, 342, 232, 252, 236, 199, 137, 101, 281, 369, 289, 234, 336, 280, 353, 282, 167, 389, 334, 188, 355, 230, 95, 264, 116, 219, 386, 240, 306, 382, 270, 157, 338, 154, 106, 359, 152, 394, 322, 96, 312, 380, 266, 172, 263, 218, 373, 182, 191, 117, 256, 357, 248, 223, 108, 224, 246, 112, 271, 140, 323, 100, 317, 398, 107, 287, 260, 193, 294, 134, 163, 139, 184, 366, 122, 194, 384, 325, 385, 196, 132, 363, 120, 229, 349, 225, 313, 133, 208, 178, 118, 237, 298, 377, 275, 374, 243, 244, 362, 297, 255, 403, 146, 343, 99, 195, 119, 115, 143, 345, 169, 328, 379, 303, 269, 276, 121, 130, 202, 111, 201, 395, 220, 176, 235, 283, 123, 364, 205, 242, 161, 138, 316, 186, 245, 109, 151, 215, 356, 97, 142, 222, 258, 352, 310, 156, 305, 367, 393, 257, 144, 158, 136, 326, 340, 402, 292, 365, 249, 181, 358, 185, 396, 250, 190, 265, 102, 331, 125, 129, 318, 214, 177, 351, 135, 261, 217, 189, 128, 319, 228, 274, 114, 150, 376, 227, 127, 314, 288, 348, 311, 387, 262, 302, 347, 267, 399, 180, 397, 392, 204, 145, 197, 203, 247, 391, 153, 307, 212, 272, 268, 371, 378, 301, 238, 200, 104, 110, 329, 254, 179, 335, 162, 279, 404, 175, 253, 286, 233, 168, 330, 149, 213, 198, 187, 239, 231, 241, 381, 210, 103]"
diversity_on_nsga2,98,-47.774790900000006,11.575209100000002,23.4252091,"[33, 16, 25, 3, 4, 17, 87, 59, 24, 21, 35, 13, 72, 36, 26, 62, 82, 73, 81, 23, 74, 94, 79, 71, 52, 65, 30, 61, 92, 80, 44, 57, 15, 86, 1, 70, 43, 27, 51, 58, 89, 18, 19, 37, 84, 7, 22, 47, 6, 45, 14, 83, 40, 88, 41, 66, 85, 5, 48, 69, 34, 42, 68, 46, 90, 91, 9, 31, 50, 54, 56, 49, 38, 12, 29, 75, 53, 8, 78, 67, 10, 63, 60, 28, 76, 77, 2, 64, 32, 20, 39, 55, 11, 93]","[341, 154, 342, 204, 108, 199, 170, 209, 140, 167, 153, 392, 323, 317, 389, 336, 329, 159, 212, 107, 397, 247, 302, 320, 287, 375, 380, 298, 294, 163, 105, 139, 301, 126, 238, 360, 361, 277, 398, 327, 315, 309, 213, 264, 198, 354, 207, 137, 300, 148, 184, 122, 335, 384, 325, 385, 132, 346, 120, 229, 225, 165, 133, 280, 101, 178, 254, 118, 237, 175, 275, 296, 210, 362, 297, 255, 403, 183, 146, 343, 195, 115, 143, 173, 281, 345, 252, 243, 244, 383, 332, 110, 405, 271, 149, 179, 381, 374, 172, 400, 166, 366, 291, 234, 377, 119, 134, 208, 196, 371, 299, 246, 382, 295, 194, 217, 363, 286, 337, 312, 349, 141, 348, 160, 259, 321, 103, 174, 169, 313, 347, 99, 330, 219, 308, 353, 131, 193, 262, 290, 239, 307, 98, 100, 266, 282, 339, 236, 168, 187, 260, 104, 328, 379, 303, 269, 395, 304, 221, 364, 242, 233, 231, 279, 113, 249, 334, 211, 333, 324, 241, 189, 171, 350, 192, 117, 232, 273, 200, 147, 390, 216, 95, 206, 230, 276, 121, 224, 130, 202, 111, 201, 220, 176, 235, 283, 123, 253, 205, 161, 138, 316, 186, 245, 109, 151, 215, 356, 97, 142, 222, 227, 352, 310, 156, 305, 367, 319, 257, 144, 158, 136, 326, 340, 402, 292, 365, 401, 181, 358, 185, 396, 250, 190, 265, 102, 331, 125, 284, 318, 214, 177, 223, 135, 261, 388, 226, 128, 393, 228, 274, 114, 150, 376, 258, 127, 314, 288, 293, 311, 387, 124, 96, 378, 152, 359, 267, 289, 368, 251, 197, 306, 162, 394, 372, 386, 357, 268, 112, 373, 106, 285, 157, 180, 272, 182, 164, 351, 344, 116, 338, 322, 145, 355, 129, 256, 399, 270, 278, 370, 240, 188, 404, 155, 391, 218, 191, 203, 263, 248, 369]"
diversity_on_nsga2,99,-40.60972225,14.43027775,13.49027775,"[9, 11, 41, 77, 88, 94, 73, 48, 82, 10, 50, 90, 29, 51, 43, 14, 25, 18, 60, 70, 45, 53, 75, 59, 74, 37, 17, 86, 56, 32, 38, 68, 78, 33, 65, 20, 72, 23, 93, 64, 80, 92, 35, 31, 30, 1, 63, 15, 87, 44, 67, 27, 79, 24, 4, 58, 89, 3, 19, 81, 16, 2, 83, 40, 57, 85, 5, 8, 69, 34, 42, 49, 12, 91, 13, 84, 21, 36, 26, 71, 61, 55, 39, 28, 62, 76, 7, 22, 47, 6, 66, 46, 52, 54]","[290, 341, 154, 342, 204, 108, 217, 199, 141, 316, 114, 167, 347, 153, 353, 392, 131, 323, 100, 317, 389, 336, 159, 212, 107, 397, 401, 144, 302, 339, 162, 320, 287, 371, 260, 172, 380, 193, 236, 252, 294, 219, 163, 105, 139, 301, 126, 238, 200, 104, 110, 277, 329, 234, 220, 179, 101, 237, 390, 296, 335, 184, 221, 261, 175, 253, 206, 286, 233, 137, 173, 246, 216, 330, 334, 149, 213, 239, 295, 231, 241, 381, 281, 171, 262, 304, 350, 375, 95, 299, 188, 210, 324, 192, 103, 134, 183, 291, 230, 232, 170, 369, 211, 98, 273, 354, 147, 279, 332, 405, 226, 174, 165, 280, 113, 382, 168, 346, 333, 266, 400, 312, 209, 337, 187, 360, 361, 321, 398, 327, 315, 160, 309, 264, 308, 198, 259, 383, 207, 300, 148, 166, 366, 122, 194, 384, 325, 385, 196, 132, 363, 352, 229, 395, 225, 313, 133, 208, 178, 118, 298, 377, 275, 374, 243, 244, 177, 297, 255, 403, 146, 343, 99, 195, 119, 115, 143, 345, 169, 328, 379, 303, 269, 276, 121, 224, 130, 202, 111, 201, 349, 254, 176, 235, 283, 123, 364, 205, 293, 161, 138, 271, 186, 245, 109, 151, 215, 356, 97, 142, 222, 258, 120, 310, 156, 305, 367, 393, 257, 247, 158, 136, 326, 340, 402, 292, 365, 249, 181, 358, 185, 396, 250, 190, 265, 102, 331, 125, 284, 318, 214, 362, 223, 135, 404, 388, 189, 128, 319, 228, 274, 140, 150, 376, 227, 127, 314, 288, 242, 311, 387, 124, 96, 378, 152, 359, 267, 289, 368, 251, 197, 306, 117, 394, 372, 386, 357, 268, 112, 373, 106, 285, 157, 180, 272, 182, 164, 351, 344, 116, 338, 322, 145, 355, 129, 256, 399, 270, 278, 370, 240, 348, 155, 391, 218, 282, 191, 307, 203, 263, 248]"
