experiment,solution_id,obj_1,obj_2,obj_3,breakfast_ids,lunch_ids
diversity_on_nsga2,0,-29.152288175,16.217711825000002,5.147711824999999,"[25, 50, 65, 76, 9, 46, 23, 41, 38, 10, 85, 51, 78, 94, 55, 62, 81, 13, 71, 21, 7, 26, 77, 87, 11, 17, 84, 53, 69, 83, 93, 54, 60, 4, 22, 37, 15, 1, 74, 32, 92, 70, 45, 52, 44, 3, 28, 56, 80, 31, 39, 33, 61, 40, 67, 66, 8, 72, 35, 36, 47, 90, 5, 82, 89, 59, 14, 49, 2, 64, 57, 29, 18, 42, 20, 79, 30, 27, 24, 16, 6, 68, 48, 63, 19, 12, 34, 43, 86, 58, 88, 91, 73, 75]","[400, 318, 190, 295, 394, 180, 102, 198, 358, 278, 159, 293, 404, 384, 253, 157, 359, 251, 280, 173, 241, 276, 271, 119, 249, 292, 332, 371, 248, 312, 235, 221, 175, 246, 240, 328, 289, 204, 310, 191, 391, 302, 398, 212, 311, 396, 200, 201, 130, 205, 214, 263, 170, 296, 325, 247, 95, 165, 314, 401, 128, 233, 357, 139, 123, 264, 316, 101, 342, 98, 186, 297, 155, 245, 177, 99, 338, 162, 405, 378, 202, 229, 124, 285, 216, 209, 294, 187, 226, 122, 210, 223, 184, 367, 208, 255, 269, 308, 135, 395, 116, 279, 172, 254, 237, 270, 267, 351, 261, 182, 176, 369, 117, 380, 397, 164, 313, 106, 348, 197, 354, 131, 256, 118, 341, 365, 333, 329, 331, 301, 374, 275, 319, 290, 337, 144, 217, 136, 196, 163, 211, 262, 355, 141, 300, 97, 324, 181, 368, 125, 350, 343, 284, 315, 105, 334, 111, 137, 138, 145, 231, 388, 286, 392, 232, 307, 282, 168, 215, 320, 330, 385, 268, 150, 132, 402, 114, 142, 96, 257, 154, 393, 185, 222, 219, 339, 298, 112, 169, 243, 192, 127, 372, 360, 370, 143, 126, 250, 133, 230, 403, 104, 171, 387, 353, 277, 227, 174, 287, 258, 283, 242, 389, 129, 252, 121, 265, 207, 110, 272, 120, 363, 218, 317, 148, 115, 239, 326, 167, 147, 134, 356, 386, 349, 361, 305, 156, 383, 273, 234, 166, 306, 390, 228, 304, 103, 322, 107, 178, 362, 109, 199, 179, 183, 206, 321, 291, 381, 140, 195, 364, 274, 382, 108, 203, 220, 299, 149, 323, 188, 260, 375, 379, 236, 373, 113, 259, 377, 152, 100, 193, 151, 238, 347, 153, 213, 344, 281, 161, 224, 336, 399, 158, 376, 327, 160, 335, 194, 288, 266, 225, 345, 352, 340, 346, 309, 146, 244, 366, 303, 189]"
diversity_on_nsga2,1,-17.57150125,4.65849875,21.02849875,"[54, 60, 46, 4, 86, 71, 1, 57, 8, 76, 81, 24, 11, 74, 44, 14, 92, 5, 64, 21, 40, 58, 79, 73, 32, 45, 6, 67, 17, 87, 25, 18, 66, 26, 52, 41, 36, 29, 83, 38, 85, 22, 2, 94, 56, 39, 55, 20, 84, 15, 48, 72, 88, 31, 47, 28, 80, 23, 19, 89, 70, 35, 42, 93, 59, 43, 27, 68, 82, 10, 75, 16, 90, 7, 65, 13, 61, 78, 33, 50, 62, 49, 3, 51, 37, 30, 91, 63, 77, 12, 34, 9, 53, 69]","[190, 300, 114, 392, 215, 378, 291, 282, 319, 144, 346, 343, 295, 337, 352, 199, 387, 196, 335, 176, 381, 289, 320, 361, 334, 286, 137, 288, 171, 279, 301, 140, 274, 161, 310, 107, 96, 394, 314, 154, 250, 401, 284, 345, 388, 376, 278, 145, 168, 364, 370, 316, 344, 396, 293, 205, 350, 341, 191, 116, 157, 382, 119, 302, 365, 102, 101, 254, 127, 195, 212, 109, 122, 324, 323, 183, 181, 404, 166, 210, 384, 261, 187, 330, 281, 321, 336, 118, 125, 106, 224, 380, 290, 179, 374, 262, 165, 369, 260, 375, 124, 398, 149, 357, 393, 383, 307, 228, 298, 358, 354, 213, 159, 270, 206, 264, 359, 294, 188, 296, 366, 245, 163, 399, 329, 333, 227, 198, 203, 105, 130, 99, 338, 108, 216, 217, 220, 277, 175, 148, 232, 194, 177, 133, 257, 104, 172, 223, 131, 351, 251, 126, 280, 173, 241, 231, 135, 327, 253, 225, 379, 305, 208, 156, 395, 234, 306, 202, 390, 204, 112, 311, 197, 201, 226, 170, 368, 95, 98, 174, 222, 276, 192, 385, 308, 143, 271, 219, 230, 249, 247, 299, 353, 97, 185, 342, 292, 214, 348, 155, 332, 371, 141, 248, 391, 331, 139, 233, 312, 256, 235, 221, 111, 273, 268, 405, 360, 237, 246, 240, 138, 328, 200, 263, 287, 258, 285, 283, 136, 186, 242, 150, 303, 339, 267, 164, 325, 123, 389, 372, 142, 349, 129, 252, 162, 367, 121, 209, 403, 265, 207, 255, 110, 103, 322, 272, 397, 211, 120, 363, 218, 132, 317, 182, 266, 115, 239, 128, 326, 167, 297, 147, 134, 356, 229, 152, 304, 373, 113, 259, 377, 386, 100, 193, 151, 238, 347, 153, 362, 309, 180, 269, 117, 315, 402, 178, 236, 158, 169, 340, 355, 160, 313, 146, 244, 184, 243, 189, 275, 400, 318]"
diversity_on_nsga2,2,-118.85133810892765,31.588661891072356,90.64866189107236,"[21, 19, 9, 67, 85, 77, 73, 47, 26, 14, 31, 49, 55, 46, 94, 38, 79, 3, 37, 36, 2, 40, 48, 64, 12, 30, 81, 50, 25, 41, 18, 74, 72, 58, 53, 33, 76, 20, 82, 88, 17, 84, 5, 1, 34, 22, 8, 15, 54, 16, 32, 92, 60, 44, 52, 87, 4, 83, 28, 56, 89, 70, 35, 42, 93, 59, 43, 27, 68, 23, 10, 75, 66, 6, 7, 65, 91, 13, 61, 78, 69, 11, 24, 39, 71, 51, 45, 57, 63, 90, 80, 29, 62, 86]","[224, 343, 273, 377, 225, 254, 395, 311, 274, 137, 320, 399, 108, 203, 236, 362, 196, 216, 291, 140, 161, 327, 289, 154, 335, 337, 301, 302, 347, 260, 220, 172, 127, 365, 178, 396, 350, 145, 317, 262, 261, 268, 119, 175, 134, 116, 179, 375, 168, 385, 149, 341, 109, 199, 310, 173, 176, 381, 361, 334, 286, 195, 288, 171, 279, 210, 336, 188, 107, 394, 284, 280, 285, 278, 192, 205, 345, 376, 165, 118, 299, 293, 157, 174, 206, 229, 106, 281, 212, 102, 270, 308, 122, 324, 181, 404, 166, 330, 384, 363, 187, 231, 125, 182, 147, 218, 380, 290, 128, 374, 143, 153, 369, 124, 297, 398, 357, 383, 307, 287, 228, 298, 241, 358, 136, 351, 386, 120, 132, 148, 354, 239, 326, 141, 356, 304, 113, 152, 100, 193, 130, 213, 159, 305, 156, 234, 202, 390, 264, 359, 294, 296, 366, 245, 163, 295, 208, 329, 333, 271, 219, 230, 249, 247, 353, 97, 185, 342, 292, 214, 348, 155, 332, 371, 167, 373, 391, 331, 184, 233, 312, 256, 235, 221, 111, 135, 227, 405, 360, 237, 246, 240, 138, 328, 200, 263, 253, 258, 101, 283, 222, 186, 242, 150, 303, 339, 267, 164, 325, 123, 389, 372, 255, 110, 103, 322, 272, 198, 151, 105, 201, 238, 170, 95, 314, 306, 99, 338, 226, 259, 217, 197, 204, 277, 115, 397, 393, 232, 194, 177, 142, 349, 129, 252, 162, 367, 121, 209, 403, 265, 207, 133, 257, 104, 223, 309, 180, 269, 117, 315, 402, 158, 169, 340, 211, 355, 266, 160, 379, 112, 313, 146, 244, 139, 243, 189, 275, 400, 318, 190, 300, 114, 392, 215, 378, 282, 319, 144, 251, 346, 276, 248, 368, 352, 96, 401, 387, 250, 388, 364, 370, 316, 344, 191, 131, 126, 98, 382, 323, 183, 321]"
diversity_on_nsga2,3,-10.802353624999999,5.857646375,9.297646375000001,"[73, 71, 30, 64, 70, 76, 74, 45, 84, 44, 26, 32, 67, 42, 4, 87, 46, 66, 41, 2, 83, 10, 14, 51, 53, 36, 62, 68, 63, 13, 12, 92, 82, 58, 88, 17, 31, 69, 1, 65, 34, 8, 15, 54, 78, 94, 56, 39, 55, 93, 27, 7, 57, 24, 86, 21, 19, 77, 85, 47, 43, 48, 72, 35, 28, 90, 80, 16, 75, 60, 59, 50, 38, 81, 49, 40, 20, 37, 9, 33, 79, 5, 29, 61, 6, 89, 23, 25, 91, 22, 18, 11, 52, 3]","[318, 190, 300, 158, 269, 114, 392, 215, 376, 401, 387, 282, 250, 388, 145, 168, 364, 370, 316, 344, 396, 293, 205, 319, 325, 253, 341, 191, 116, 131, 126, 173, 95, 98, 174, 192, 308, 332, 371, 141, 391, 301, 139, 233, 312, 235, 111, 268, 164, 382, 375, 175, 101, 276, 127, 198, 109, 323, 183, 222, 378, 119, 261, 281, 334, 278, 321, 336, 118, 256, 106, 224, 343, 280, 179, 262, 302, 347, 273, 385, 365, 102, 377, 212, 122, 324, 181, 404, 166, 210, 384, 363, 187, 231, 125, 182, 147, 380, 290, 314, 374, 143, 153, 369, 124, 297, 398, 357, 383, 307, 287, 228, 298, 218, 317, 241, 358, 136, 165, 260, 286, 248, 221, 393, 188, 351, 386, 120, 132, 148, 354, 239, 326, 167, 356, 304, 113, 152, 100, 193, 238, 213, 159, 305, 156, 234, 202, 390, 264, 359, 294, 296, 366, 245, 163, 295, 208, 329, 333, 271, 219, 230, 249, 247, 353, 97, 185, 342, 292, 214, 348, 155, 144, 135, 397, 225, 379, 151, 361, 405, 360, 237, 246, 240, 263, 258, 285, 283, 186, 150, 303, 339, 267, 400, 123, 389, 372, 349, 129, 367, 121, 209, 255, 110, 211, 115, 128, 254, 134, 229, 373, 259, 395, 306, 204, 112, 311, 197, 201, 226, 170, 368, 117, 284, 315, 274, 330, 265, 328, 180, 272, 137, 320, 142, 322, 394, 270, 252, 195, 251, 103, 149, 299, 138, 160, 162, 403, 242, 206, 157, 207, 399, 200, 108, 203, 220, 277, 236, 107, 178, 362, 196, 199, 244, 216, 172, 310, 291, 331, 381, 140, 279, 161, 227, 327, 355, 217, 105, 289, 154, 335, 130, 223, 176, 177, 194, 288, 257, 266, 337, 99, 169, 345, 338, 352, 313, 340, 346, 309, 146, 104, 402, 171, 96, 184, 243, 189, 133, 232, 275, 350]"
diversity_on_nsga2,4,-95.44538286000001,41.994617139999995,74.15461714,"[26, 21, 92, 19, 40, 85, 9, 67, 45, 50, 38, 74, 84, 8, 44, 30, 37, 33, 49, 28, 16, 57, 72, 63, 1, 4, 39, 47, 59, 10, 35, 64, 13, 54, 42, 58, 89, 53, 2, 60, 79, 76, 73, 20, 82, 88, 17, 31, 69, 6, 65, 22, 15, 78, 94, 56, 55, 43, 48, 90, 80, 75, 62, 3, 51, 91, 12, 34, 68, 41, 46, 86, 71, 81, 24, 70, 77, 14, 5, 32, 11, 93, 61, 27, 87, 25, 18, 66, 23, 52, 36, 29, 83, 7]","[254, 199, 321, 291, 330, 101, 161, 224, 262, 316, 350, 341, 157, 131, 174, 192, 308, 119, 229, 302, 273, 385, 365, 317, 122, 181, 166, 363, 187, 125, 182, 218, 380, 374, 369, 297, 383, 287, 358, 136, 148, 354, 239, 326, 167, 304, 152, 100, 193, 213, 305, 156, 234, 202, 264, 359, 294, 295, 208, 329, 271, 219, 230, 97, 185, 292, 348, 141, 139, 256, 235, 237, 395, 240, 263, 253, 258, 285, 283, 222, 186, 242, 150, 252, 121, 403, 265, 207, 103, 198, 151, 201, 170, 128, 306, 259, 197, 277, 246, 194, 133, 180, 154, 169, 340, 313, 146, 243, 275, 318, 190, 300, 370, 162, 228, 225, 257, 355, 204, 196, 378, 96, 189, 255, 290, 260, 298, 188, 205, 314, 391, 268, 322, 155, 351, 233, 356, 114, 334, 320, 158, 232, 284, 127, 397, 404, 216, 344, 175, 331, 249, 153, 184, 371, 247, 214, 163, 281, 108, 212, 293, 400, 206, 111, 138, 296, 238, 209, 109, 386, 217, 388, 347, 336, 270, 333, 159, 102, 220, 338, 366, 335, 301, 210, 342, 282, 357, 362, 352, 137, 124, 266, 346, 245, 160, 147, 113, 332, 164, 339, 353, 135, 95, 130, 310, 269, 191, 384, 226, 110, 364, 104, 392, 360, 276, 244, 387, 115, 396, 126, 171, 117, 373, 325, 178, 312, 390, 389, 106, 107, 377, 168, 116, 372, 143, 307, 112, 241, 398, 402, 309, 368, 319, 223, 343, 172, 98, 173, 231, 345, 183, 272, 123, 129, 120, 177, 349, 324, 179, 381, 140, 195, 221, 328, 200, 165, 405, 379, 367, 261, 267, 211, 118, 149, 375, 132, 142, 393, 303, 279, 227, 399, 215, 105, 315, 176, 99, 144, 251, 248, 337, 289, 311, 361, 286, 288, 394, 280, 250, 401, 376, 278, 327, 145, 274, 382, 203, 299, 323, 134, 236]"
diversity_on_nsga2,5,-97.54194267099999,41.818057329,89.358057329,"[74, 77, 14, 92, 5, 64, 32, 70, 93, 61, 6, 27, 87, 25, 18, 66, 23, 52, 36, 29, 83, 10, 7, 26, 21, 44, 58, 19, 37, 40, 85, 47, 9, 67, 45, 84, 38, 33, 41, 2, 79, 76, 73, 20, 82, 88, 17, 31, 69, 1, 65, 22, 8, 15, 54, 78, 94, 56, 39, 55, 43, 48, 72, 35, 28, 90, 80, 16, 75, 89, 59, 50, 62, 49, 3, 51, 30, 91, 63, 42, 12, 34, 53, 68, 60, 46, 4, 86, 71, 57, 13, 81, 24, 11]","[154, 250, 401, 284, 345, 388, 376, 278, 327, 145, 168, 364, 274, 382, 106, 203, 220, 299, 393, 149, 323, 188, 260, 375, 118, 134, 236, 196, 281, 254, 320, 178, 362, 109, 107, 199, 179, 171, 216, 183, 270, 172, 310, 206, 321, 291, 301, 330, 381, 165, 101, 140, 108, 195, 261, 279, 161, 224, 262, 127, 336, 370, 358, 344, 396, 293, 205, 350, 341, 191, 116, 157, 131, 126, 173, 98, 174, 192, 308, 268, 119, 229, 175, 302, 347, 273, 385, 365, 102, 317, 377, 212, 122, 324, 181, 404, 166, 210, 384, 363, 187, 231, 125, 182, 147, 218, 380, 290, 314, 374, 143, 265, 369, 124, 297, 398, 357, 383, 307, 287, 228, 298, 241, 316, 136, 351, 386, 120, 132, 148, 354, 239, 326, 167, 356, 304, 113, 152, 100, 193, 238, 213, 159, 305, 156, 234, 202, 390, 264, 359, 294, 296, 366, 245, 163, 295, 208, 329, 333, 271, 219, 230, 249, 247, 353, 97, 185, 342, 292, 214, 348, 155, 332, 371, 141, 373, 391, 331, 139, 233, 312, 256, 235, 221, 111, 135, 227, 405, 360, 237, 246, 240, 138, 328, 200, 263, 253, 258, 285, 283, 222, 186, 242, 150, 303, 339, 267, 164, 325, 123, 389, 372, 142, 349, 129, 252, 162, 367, 121, 209, 403, 153, 207, 255, 110, 103, 322, 272, 198, 151, 105, 201, 130, 170, 95, 128, 306, 99, 338, 226, 259, 217, 197, 204, 277, 115, 397, 395, 232, 194, 177, 133, 257, 104, 223, 309, 180, 269, 117, 315, 402, 158, 169, 340, 211, 355, 266, 160, 379, 112, 313, 146, 244, 184, 243, 189, 275, 400, 318, 190, 300, 114, 392, 215, 378, 282, 319, 144, 251, 346, 276, 248, 368, 343, 399, 337, 352, 387, 335, 176, 289, 311, 361, 334, 286, 137, 288, 96, 225, 394, 280]"
diversity_on_nsga2,6,-88.1822835335,25.347716466500003,67.11771646650001,"[19, 77, 85, 47, 9, 67, 26, 50, 62, 14, 31, 49, 56, 46, 94, 38, 79, 45, 73, 36, 2, 40, 34, 64, 37, 30, 81, 29, 25, 55, 18, 74, 72, 87, 53, 33, 89, 39, 82, 88, 17, 84, 8, 1, 48, 22, 5, 15, 54, 66, 32, 92, 60, 41, 52, 58, 20, 83, 28, 21, 76, 70, 35, 42, 93, 59, 43, 27, 68, 63, 10, 75, 16, 6, 7, 65, 91, 13, 61, 78, 69, 11, 24, 4, 71, 12, 3, 57, 23, 90, 80, 86, 44, 51]","[309, 290, 226, 170, 181, 368, 117, 284, 315, 334, 274, 382, 108, 203, 220, 277, 393, 149, 323, 188, 260, 375, 100, 379, 236, 107, 281, 254, 320, 178, 362, 109, 196, 199, 179, 171, 322, 183, 270, 172, 310, 206, 321, 301, 330, 381, 165, 101, 140, 106, 195, 261, 279, 161, 224, 262, 127, 336, 304, 227, 399, 333, 158, 269, 114, 392, 215, 376, 401, 387, 327, 355, 160, 217, 105, 314, 145, 154, 335, 130, 223, 176, 177, 194, 288, 257, 337, 99, 225, 169, 345, 338, 352, 313, 340, 346, 374, 146, 245, 104, 402, 244, 96, 184, 366, 243, 189, 294, 137, 296, 133, 232, 275, 400, 163, 318, 190, 295, 300, 394, 282, 250, 388, 180, 289, 365, 324, 125, 168, 210, 102, 329, 198, 357, 354, 364, 380, 378, 122, 370, 358, 187, 316, 278, 159, 396, 293, 404, 264, 343, 286, 205, 319, 384, 307, 119, 175, 291, 266, 144, 212, 350, 298, 287, 341, 191, 116, 157, 359, 231, 131, 351, 251, 126, 280, 173, 241, 95, 98, 174, 222, 276, 192, 385, 308, 143, 271, 219, 230, 249, 247, 299, 353, 97, 185, 342, 292, 214, 348, 155, 332, 371, 141, 248, 391, 331, 139, 233, 312, 256, 235, 221, 111, 135, 268, 405, 360, 237, 246, 240, 138, 328, 395, 263, 253, 258, 285, 283, 136, 186, 242, 150, 303, 339, 267, 164, 325, 123, 389, 372, 142, 349, 129, 252, 162, 367, 121, 209, 403, 265, 207, 255, 110, 103, 216, 272, 397, 211, 120, 363, 218, 132, 317, 182, 148, 115, 239, 128, 326, 167, 297, 147, 134, 356, 229, 386, 369, 373, 113, 259, 377, 152, 118, 193, 151, 238, 347, 153, 213, 344, 124, 361, 305, 208, 156, 383, 200, 273, 234, 166, 306, 202, 390, 228, 204, 112, 302, 398, 311, 197, 201]"
diversity_on_nsga2,7,-66.25367709999999,28.0563229,33.2463229,"[9, 67, 26, 46, 38, 73, 2, 37, 30, 19, 25, 18, 74, 58, 54, 82, 1, 22, 33, 32, 4, 88, 94, 8, 51, 55, 48, 16, 89, 20, 62, 3, 76, 69, 21, 13, 41, 15, 53, 34, 84, 49, 31, 50, 36, 64, 91, 72, 40, 66, 92, 60, 44, 52, 87, 28, 83, 29, 56, 81, 70, 35, 42, 93, 59, 43, 68, 23, 10, 75, 79, 7, 65, 14, 61, 78, 17, 11, 57, 39, 71, 12, 45, 24, 63, 90, 80, 86, 5, 27, 6, 77, 85, 47]","[161, 374, 302, 199, 254, 323, 262, 236, 273, 330, 376, 321, 166, 295, 401, 369, 145, 229, 394, 225, 203, 96, 290, 260, 188, 314, 363, 320, 127, 216, 344, 153, 163, 281, 206, 296, 109, 388, 347, 336, 270, 366, 301, 362, 245, 147, 310, 364, 286, 171, 178, 106, 107, 377, 172, 345, 183, 324, 179, 317, 140, 316, 165, 294, 118, 381, 154, 380, 125, 168, 210, 102, 357, 354, 122, 370, 358, 187, 278, 159, 293, 404, 264, 205, 384, 307, 119, 175, 291, 212, 350, 139, 341, 191, 116, 157, 359, 231, 131, 351, 132, 126, 280, 173, 241, 98, 174, 192, 385, 308, 143, 268, 299, 287, 136, 120, 148, 239, 193, 167, 297, 247, 386, 304, 113, 152, 100, 238, 213, 124, 305, 208, 156, 383, 234, 390, 228, 398, 284, 274, 108, 196, 220, 393, 149, 365, 261, 379, 250, 279, 218, 375, 195, 202, 333, 271, 219, 249, 356, 353, 342, 292, 214, 348, 155, 332, 371, 141, 373, 391, 331, 298, 233, 312, 256, 235, 221, 111, 135, 227, 405, 360, 237, 246, 240, 138, 328, 200, 263, 343, 285, 283, 222, 186, 242, 150, 303, 339, 267, 164, 325, 123, 389, 372, 142, 349, 129, 252, 162, 367, 121, 209, 403, 265, 207, 255, 110, 103, 322, 272, 198, 151, 105, 201, 130, 170, 95, 128, 306, 99, 338, 226, 259, 217, 197, 204, 277, 115, 397, 395, 232, 194, 177, 133, 257, 104, 223, 309, 180, 269, 117, 315, 402, 158, 169, 340, 355, 266, 160, 327, 329, 318, 253, 97, 211, 185, 230, 326, 134, 112, 313, 146, 244, 184, 243, 189, 275, 400, 190, 300, 114, 392, 215, 378, 282, 319, 144, 251, 346, 276, 248, 368, 258, 399, 337, 352, 387, 335, 176, 289, 311, 361, 334, 396, 137, 288, 182, 382, 224, 181, 101]"
diversity_on_nsga2,8,-94.20804931085453,37.72195068914545,78.79195068914547,"[74, 77, 14, 92, 5, 64, 49, 70, 93, 61, 6, 27, 87, 25, 18, 66, 23, 52, 36, 29, 83, 10, 7, 26, 21, 44, 58, 19, 37, 40, 53, 88, 9, 67, 45, 84, 34, 33, 41, 2, 79, 76, 73, 50, 82, 47, 17, 31, 69, 1, 65, 22, 8, 15, 54, 78, 94, 56, 39, 55, 43, 48, 72, 35, 28, 90, 80, 16, 75, 89, 59, 20, 38, 32, 3, 51, 30, 91, 63, 42, 12, 62, 85, 68, 60, 46, 4, 86, 71, 57, 13, 81, 24, 11]","[154, 250, 401, 161, 153, 388, 376, 278, 327, 145, 168, 364, 274, 382, 108, 203, 220, 299, 393, 149, 323, 188, 260, 375, 118, 236, 107, 281, 254, 320, 178, 362, 109, 196, 199, 179, 171, 216, 183, 270, 172, 310, 206, 321, 291, 301, 330, 381, 165, 101, 140, 106, 195, 261, 341, 284, 224, 262, 127, 336, 370, 316, 344, 396, 293, 205, 350, 279, 191, 116, 131, 126, 173, 98, 174, 192, 308, 268, 119, 229, 175, 302, 347, 273, 385, 365, 102, 317, 377, 212, 122, 324, 181, 404, 166, 210, 384, 363, 187, 231, 125, 182, 138, 218, 380, 290, 314, 374, 157, 345, 369, 124, 297, 398, 357, 383, 307, 287, 228, 298, 241, 358, 136, 351, 386, 120, 132, 148, 354, 239, 326, 167, 356, 304, 113, 152, 100, 193, 238, 213, 159, 305, 156, 234, 202, 390, 264, 359, 294, 296, 366, 245, 163, 295, 208, 329, 333, 271, 219, 230, 249, 247, 353, 97, 185, 342, 292, 214, 348, 155, 332, 371, 141, 373, 391, 331, 139, 233, 312, 256, 235, 221, 111, 135, 227, 405, 360, 237, 246, 240, 147, 328, 200, 263, 253, 258, 285, 283, 222, 134, 319, 186, 242, 150, 303, 339, 267, 164, 325, 123, 389, 372, 142, 349, 129, 252, 162, 367, 121, 209, 403, 265, 207, 255, 110, 103, 322, 272, 198, 151, 105, 201, 130, 170, 95, 128, 306, 99, 338, 226, 259, 217, 197, 204, 277, 115, 397, 395, 232, 194, 177, 133, 257, 104, 223, 309, 180, 269, 117, 315, 402, 158, 169, 340, 211, 355, 266, 160, 379, 112, 313, 146, 244, 184, 243, 189, 275, 400, 318, 190, 300, 114, 392, 215, 378, 282, 143, 144, 251, 346, 276, 248, 368, 343, 399, 337, 352, 387, 335, 176, 289, 311, 361, 334, 286, 137, 288, 96, 225, 394, 280]"
diversity_on_nsga2,9,-94.93852045,41.631479549999995,78.86147955000001,"[26, 21, 44, 19, 40, 85, 9, 67, 45, 84, 38, 74, 50, 8, 92, 30, 37, 33, 49, 28, 16, 57, 72, 63, 25, 4, 39, 47, 59, 10, 35, 64, 13, 54, 42, 58, 89, 53, 41, 60, 79, 76, 73, 20, 82, 88, 17, 31, 69, 1, 65, 22, 15, 78, 94, 56, 55, 43, 48, 90, 80, 75, 62, 3, 51, 91, 12, 34, 68, 2, 46, 86, 71, 81, 24, 11, 77, 14, 5, 32, 70, 93, 61, 27, 87, 6, 18, 66, 23, 52, 36, 29, 83, 7]","[254, 199, 321, 291, 330, 101, 161, 224, 262, 316, 350, 341, 157, 131, 174, 192, 308, 119, 229, 302, 273, 385, 365, 317, 122, 181, 166, 363, 187, 125, 182, 218, 380, 374, 369, 297, 383, 287, 358, 136, 148, 354, 239, 326, 167, 304, 152, 100, 193, 213, 305, 156, 234, 202, 264, 359, 294, 295, 208, 329, 271, 219, 230, 97, 185, 292, 348, 141, 139, 256, 235, 237, 395, 240, 263, 253, 258, 285, 283, 222, 186, 242, 150, 252, 121, 403, 265, 207, 103, 198, 151, 201, 170, 128, 306, 259, 197, 277, 246, 194, 133, 180, 315, 169, 340, 313, 146, 243, 275, 318, 190, 300, 370, 162, 228, 225, 257, 355, 204, 196, 378, 96, 189, 255, 290, 260, 298, 188, 205, 314, 391, 268, 322, 155, 351, 233, 356, 114, 334, 320, 158, 232, 284, 127, 397, 404, 216, 344, 175, 331, 249, 153, 184, 371, 247, 214, 163, 281, 108, 212, 293, 400, 206, 111, 138, 296, 238, 209, 109, 386, 217, 388, 347, 336, 270, 333, 159, 102, 220, 338, 366, 335, 301, 210, 342, 282, 357, 362, 352, 137, 124, 266, 346, 245, 160, 147, 113, 332, 164, 339, 353, 135, 95, 130, 310, 269, 191, 384, 226, 110, 364, 104, 392, 360, 276, 244, 387, 115, 396, 126, 171, 117, 373, 325, 178, 312, 390, 389, 106, 107, 377, 168, 116, 372, 143, 307, 112, 241, 398, 402, 309, 368, 319, 223, 343, 172, 98, 173, 231, 345, 183, 272, 123, 129, 120, 177, 349, 324, 179, 381, 140, 195, 221, 328, 200, 165, 405, 379, 367, 261, 267, 211, 118, 149, 375, 132, 142, 393, 303, 279, 227, 399, 215, 105, 154, 176, 99, 144, 251, 248, 337, 289, 311, 361, 286, 288, 394, 280, 250, 401, 376, 278, 327, 145, 274, 382, 203, 299, 323, 134, 236]"
diversity_on_nsga2,10,-42.65678476442308,33.67321523557692,17.943215235576925,"[30, 48, 88, 65, 11, 1, 6, 94, 58, 79, 19, 33, 16, 57, 4, 67, 59, 10, 13, 22, 24, 68, 38, 43, 32, 51, 23, 12, 25, 17, 3, 45, 89, 74, 41, 76, 62, 82, 85, 20, 69, 87, 90, 9, 81, 27, 73, 83, 21, 86, 8, 46, 55, 77, 35, 37, 14, 93, 54, 7, 92, 70, 18, 26, 52, 44, 56, 15, 53, 34, 84, 49, 31, 50, 60, 39, 28, 80, 36, 64, 91, 72, 63, 42, 40, 66, 29, 75, 71, 5, 61, 47, 2, 78]","[243, 121, 279, 248, 200, 125, 122, 218, 375, 242, 195, 187, 169, 267, 285, 202, 182, 213, 133, 239, 297, 382, 194, 358, 341, 170, 224, 181, 365, 289, 261, 315, 150, 374, 201, 348, 302, 280, 246, 247, 141, 278, 199, 403, 128, 235, 340, 103, 254, 208, 207, 323, 291, 190, 359, 262, 240, 131, 152, 222, 361, 277, 288, 274, 156, 186, 395, 283, 236, 330, 139, 258, 376, 321, 146, 136, 144, 252, 264, 295, 100, 197, 263, 401, 369, 259, 119, 151, 313, 145, 237, 337, 256, 134, 203, 385, 234, 251, 311, 394, 370, 162, 228, 225, 257, 355, 204, 196, 378, 96, 189, 290, 260, 298, 188, 205, 314, 391, 268, 322, 155, 363, 233, 356, 114, 158, 232, 127, 397, 404, 216, 344, 175, 249, 153, 184, 371, 214, 163, 108, 212, 400, 206, 111, 138, 117, 238, 109, 386, 217, 388, 347, 336, 270, 159, 102, 339, 366, 335, 301, 210, 342, 282, 362, 352, 137, 124, 167, 346, 245, 160, 147, 332, 164, 338, 353, 135, 95, 173, 310, 269, 191, 384, 226, 110, 364, 104, 392, 360, 276, 244, 387, 115, 396, 126, 171, 296, 178, 312, 390, 389, 106, 107, 377, 168, 372, 143, 307, 112, 398, 402, 309, 219, 223, 343, 172, 98, 130, 231, 345, 183, 272, 123, 129, 120, 177, 349, 324, 179, 308, 303, 305, 157, 405, 399, 317, 180, 140, 328, 275, 198, 266, 351, 193, 367, 316, 174, 149, 165, 221, 300, 294, 118, 215, 292, 381, 227, 154, 380, 327, 329, 318, 253, 97, 211, 185, 230, 326, 101, 284, 113, 166, 281, 241, 304, 161, 320, 357, 255, 286, 306, 354, 325, 229, 116, 220, 99, 148, 287, 176, 299, 132, 209, 293, 331, 142, 273, 333, 334, 368, 373, 192, 265, 350, 379, 383, 250, 319, 271, 393, 105]"
diversity_on_nsga2,11,-75.01765035000001,16.002349650000003,52.88234965,"[77, 85, 47, 91, 9, 67, 26, 50, 62, 1, 49, 41, 46, 94, 38, 16, 3, 36, 2, 73, 34, 64, 14, 51, 37, 30, 89, 4, 25, 55, 18, 74, 72, 58, 53, 33, 76, 20, 82, 88, 69, 84, 5, 31, 48, 22, 8, 15, 54, 66, 32, 92, 60, 44, 52, 87, 28, 83, 29, 56, 81, 70, 35, 42, 93, 59, 43, 27, 68, 23, 10, 75, 79, 6, 7, 65, 13, 61, 78, 17, 11, 57, 39, 71, 12, 45, 24, 21, 19, 40, 63, 90, 80, 86]","[284, 397, 344, 153, 108, 111, 138, 238, 209, 386, 347, 220, 124, 160, 147, 113, 164, 339, 135, 191, 260, 375, 118, 379, 236, 107, 109, 320, 178, 362, 254, 196, 199, 179, 171, 216, 183, 270, 151, 310, 206, 321, 301, 330, 381, 165, 101, 140, 106, 195, 261, 279, 161, 224, 262, 127, 336, 369, 227, 399, 333, 158, 174, 114, 392, 215, 376, 232, 307, 327, 355, 388, 217, 105, 314, 289, 167, 335, 130, 223, 176, 177, 194, 288, 257, 337, 99, 225, 169, 345, 338, 352, 340, 346, 309, 146, 245, 104, 402, 244, 96, 184, 366, 243, 189, 294, 137, 296, 133, 401, 275, 205, 163, 318, 190, 295, 300, 394, 282, 250, 267, 180, 145, 365, 351, 125, 168, 210, 102, 329, 198, 357, 354, 364, 281, 313, 380, 378, 122, 370, 358, 187, 316, 278, 159, 396, 293, 404, 264, 343, 286, 400, 319, 384, 387, 119, 175, 291, 266, 144, 212, 350, 298, 253, 341, 235, 116, 157, 359, 231, 131, 324, 251, 126, 280, 173, 241, 95, 98, 143, 222, 276, 192, 385, 308, 269, 271, 219, 230, 249, 247, 299, 353, 97, 185, 342, 292, 214, 348, 155, 332, 371, 141, 248, 391, 331, 139, 233, 226, 110, 360, 115, 117, 373, 325, 312, 390, 389, 377, 372, 112, 398, 368, 172, 272, 123, 129, 120, 349, 221, 328, 200, 405, 367, 211, 149, 132, 142, 393, 303, 315, 311, 361, 274, 382, 203, 323, 134, 229, 302, 273, 317, 181, 166, 363, 182, 218, 374, 297, 383, 287, 136, 148, 239, 326, 304, 152, 100, 193, 213, 305, 156, 234, 202, 208, 256, 237, 395, 240, 263, 258, 285, 283, 186, 242, 150, 252, 121, 403, 265, 207, 103, 201, 170, 128, 306, 259, 197, 277, 246, 154, 162, 228, 204, 255, 290, 188, 268, 322, 356, 334]"
diversity_on_nsga2,12,-93.48699953209163,36.45300046790835,78.51300046790837,"[74, 77, 14, 92, 5, 64, 49, 70, 93, 61, 6, 27, 87, 25, 18, 66, 23, 52, 36, 29, 83, 10, 7, 26, 21, 44, 58, 19, 37, 40, 85, 47, 9, 67, 45, 84, 34, 33, 41, 2, 79, 76, 73, 20, 82, 88, 17, 31, 69, 1, 65, 22, 8, 15, 54, 78, 94, 56, 39, 55, 43, 48, 72, 35, 28, 90, 80, 16, 75, 89, 59, 50, 38, 32, 3, 51, 30, 91, 63, 42, 12, 62, 53, 68, 60, 46, 4, 86, 71, 57, 13, 81, 24, 11]","[154, 250, 401, 161, 345, 388, 376, 278, 327, 145, 168, 364, 274, 382, 108, 203, 220, 299, 393, 149, 323, 188, 260, 375, 118, 236, 107, 281, 254, 320, 178, 362, 109, 196, 199, 179, 171, 216, 183, 270, 172, 310, 206, 321, 291, 301, 330, 381, 165, 101, 140, 106, 195, 261, 279, 284, 224, 262, 127, 336, 370, 316, 344, 396, 293, 205, 350, 341, 191, 116, 131, 126, 173, 98, 174, 192, 308, 268, 119, 229, 175, 302, 347, 273, 385, 365, 102, 317, 377, 212, 122, 324, 181, 404, 166, 210, 384, 363, 187, 231, 125, 182, 138, 218, 380, 290, 314, 374, 157, 153, 369, 124, 297, 398, 357, 383, 307, 287, 228, 298, 241, 358, 136, 351, 386, 120, 132, 148, 354, 239, 326, 167, 356, 304, 113, 152, 100, 193, 238, 213, 159, 305, 156, 234, 202, 390, 264, 359, 294, 296, 366, 245, 163, 295, 208, 329, 333, 271, 219, 230, 249, 247, 353, 97, 185, 342, 292, 214, 348, 155, 332, 371, 141, 373, 391, 331, 139, 233, 312, 256, 235, 221, 111, 135, 227, 405, 360, 237, 246, 240, 147, 328, 200, 263, 253, 258, 285, 283, 222, 134, 319, 186, 242, 150, 303, 339, 267, 164, 325, 123, 389, 372, 142, 349, 129, 252, 162, 367, 121, 209, 403, 265, 207, 255, 110, 103, 322, 272, 198, 151, 105, 201, 130, 170, 95, 128, 306, 99, 338, 226, 259, 217, 197, 204, 277, 115, 397, 395, 232, 194, 177, 133, 257, 104, 223, 309, 180, 269, 117, 315, 402, 158, 169, 340, 211, 355, 266, 160, 379, 112, 313, 146, 244, 184, 243, 189, 275, 400, 318, 190, 300, 114, 392, 215, 378, 282, 143, 144, 251, 346, 276, 248, 368, 343, 399, 337, 352, 387, 335, 176, 289, 311, 361, 334, 286, 137, 288, 96, 225, 394, 280]"
diversity_on_nsga2,13,-90.25561928098219,24.844380719017824,81.94438071901783,"[85, 77, 47, 26, 14, 38, 79, 37, 36, 2, 40, 64, 81, 25, 41, 18, 74, 58, 33, 84, 5, 32, 92, 44, 52, 87, 4, 83, 70, 93, 27, 23, 10, 66, 6, 7, 13, 61, 11, 24, 71, 76, 73, 20, 82, 88, 17, 31, 69, 1, 65, 22, 8, 15, 54, 78, 94, 56, 39, 55, 43, 48, 72, 35, 28, 90, 80, 16, 75, 89, 59, 50, 62, 49, 3, 51, 30, 91, 63, 42, 12, 34, 53, 68, 60, 46, 45, 57, 29, 86, 21, 19, 9, 67]","[224, 343, 273, 377, 225, 254, 311, 274, 137, 320, 399, 108, 203, 236, 362, 196, 216, 291, 140, 161, 327, 289, 154, 335, 337, 301, 302, 347, 260, 220, 172, 127, 365, 178, 396, 350, 145, 317, 262, 261, 268, 119, 175, 134, 116, 179, 375, 168, 385, 149, 341, 109, 199, 310, 173, 176, 381, 361, 334, 286, 195, 288, 171, 279, 210, 336, 188, 107, 394, 284, 280, 278, 192, 205, 345, 376, 165, 118, 299, 293, 157, 174, 206, 229, 106, 281, 212, 102, 270, 308, 122, 324, 181, 404, 166, 330, 384, 363, 187, 231, 125, 182, 147, 218, 380, 290, 374, 143, 369, 124, 297, 398, 357, 383, 307, 287, 228, 298, 241, 358, 136, 351, 386, 120, 132, 148, 354, 239, 326, 356, 304, 113, 152, 100, 193, 167, 101, 238, 314, 393, 265, 213, 159, 305, 156, 234, 202, 390, 264, 359, 294, 296, 366, 245, 163, 295, 208, 329, 333, 271, 219, 230, 249, 247, 353, 97, 185, 342, 292, 214, 348, 155, 332, 371, 141, 373, 391, 331, 139, 233, 312, 256, 235, 221, 111, 135, 227, 405, 360, 237, 246, 240, 138, 328, 200, 263, 253, 258, 285, 283, 222, 186, 242, 150, 303, 339, 267, 164, 325, 123, 389, 372, 142, 243, 129, 252, 162, 367, 121, 209, 403, 153, 207, 255, 110, 103, 322, 272, 198, 151, 105, 201, 130, 170, 95, 128, 306, 99, 338, 226, 259, 217, 197, 204, 277, 115, 397, 395, 232, 194, 177, 133, 257, 104, 223, 309, 180, 269, 117, 315, 402, 158, 169, 340, 211, 355, 266, 160, 379, 112, 313, 146, 244, 184, 349, 189, 275, 400, 318, 190, 300, 114, 392, 215, 378, 282, 319, 144, 251, 346, 276, 248, 368, 352, 96, 401, 387, 250, 388, 364, 370, 316, 344, 191, 131, 126, 98, 382, 323, 183, 321]"
diversity_on_nsga2,14,-79.66486998890298,21.705130011097026,58.63513001109701,"[19, 77, 85, 47, 9, 67, 26, 50, 62, 31, 49, 41, 46, 94, 38, 79, 3, 51, 2, 29, 34, 88, 37, 30, 64, 55, 74, 72, 58, 53, 33, 76, 36, 84, 17, 82, 5, 1, 48, 22, 8, 15, 54, 66, 32, 92, 60, 44, 89, 35, 42, 93, 59, 43, 27, 24, 10, 75, 16, 6, 7, 52, 73, 87, 25, 4, 18, 83, 28, 56, 81, 23, 20, 14, 70, 65, 91, 13, 61, 78, 69, 11, 57, 39, 71, 12, 45, 68, 63, 90, 80, 86, 21, 40]","[322, 201, 374, 290, 226, 170, 181, 368, 117, 284, 315, 334, 274, 382, 108, 203, 220, 239, 393, 149, 323, 188, 260, 375, 118, 114, 236, 107, 281, 254, 320, 137, 362, 109, 128, 199, 179, 171, 216, 183, 270, 172, 310, 206, 321, 291, 301, 330, 381, 165, 101, 140, 106, 195, 261, 279, 161, 224, 262, 127, 336, 369, 227, 399, 333, 158, 269, 379, 392, 215, 376, 401, 387, 327, 355, 160, 217, 105, 314, 289, 154, 335, 130, 223, 176, 177, 194, 288, 257, 266, 337, 99, 225, 169, 345, 338, 352, 313, 340, 346, 309, 146, 245, 104, 402, 244, 96, 184, 366, 243, 189, 294, 178, 296, 133, 232, 275, 400, 163, 318, 190, 295, 300, 394, 282, 250, 388, 180, 145, 365, 324, 125, 168, 210, 102, 329, 198, 357, 354, 364, 380, 378, 343, 370, 358, 187, 316, 278, 159, 396, 293, 404, 264, 122, 286, 205, 319, 384, 307, 144, 212, 350, 298, 253, 341, 191, 116, 157, 359, 231, 131, 351, 251, 135, 280, 173, 241, 95, 98, 174, 222, 276, 192, 385, 308, 143, 271, 219, 119, 230, 249, 247, 299, 353, 97, 185, 342, 292, 214, 348, 155, 332, 371, 141, 248, 391, 331, 139, 233, 312, 256, 235, 221, 111, 126, 268, 175, 405, 360, 237, 246, 240, 138, 328, 200, 263, 287, 258, 285, 283, 150, 186, 242, 136, 303, 339, 267, 361, 325, 123, 389, 372, 142, 349, 129, 252, 162, 367, 121, 209, 403, 265, 207, 255, 110, 272, 397, 211, 120, 363, 218, 132, 317, 182, 148, 115, 277, 196, 326, 167, 297, 147, 134, 356, 229, 386, 373, 113, 259, 377, 152, 100, 193, 151, 238, 347, 153, 213, 344, 124, 164, 305, 208, 156, 383, 395, 273, 234, 166, 306, 202, 390, 228, 204, 112, 302, 398, 311, 197, 304, 103]"
diversity_on_nsga2,15,-83.61607462568644,18.793925374313563,72.88392537431356,"[77, 85, 47, 91, 9, 26, 44, 62, 14, 7, 46, 94, 38, 27, 3, 51, 36, 73, 64, 37, 30, 49, 29, 25, 55, 18, 74, 76, 57, 72, 58, 53, 33, 2, 20, 48, 6, 81, 82, 88, 17, 84, 5, 1, 34, 22, 8, 15, 54, 66, 32, 80, 60, 50, 52, 87, 4, 83, 28, 56, 89, 70, 35, 42, 93, 59, 43, 16, 68, 23, 67, 75, 79, 31, 41, 65, 13, 61, 78, 69, 11, 10, 39, 71, 12, 45, 24, 63, 90, 92, 86, 21, 40, 19]","[260, 375, 118, 379, 107, 281, 254, 320, 362, 109, 196, 309, 179, 171, 216, 183, 270, 172, 310, 206, 321, 301, 330, 381, 165, 101, 140, 106, 195, 261, 279, 161, 224, 262, 127, 336, 369, 227, 399, 333, 269, 114, 392, 215, 376, 401, 387, 327, 355, 160, 217, 105, 314, 289, 154, 335, 130, 223, 176, 177, 194, 288, 257, 337, 99, 225, 169, 345, 338, 352, 313, 340, 96, 184, 366, 243, 189, 294, 137, 296, 133, 232, 275, 400, 163, 202, 295, 300, 346, 199, 146, 245, 104, 402, 117, 364, 380, 316, 323, 256, 318, 324, 315, 178, 283, 236, 147, 158, 190, 343, 244, 396, 394, 282, 250, 388, 180, 145, 365, 125, 273, 285, 168, 210, 102, 329, 198, 357, 354, 378, 122, 370, 358, 187, 278, 159, 293, 404, 264, 286, 205, 319, 384, 307, 119, 175, 291, 266, 144, 212, 350, 298, 253, 341, 191, 116, 157, 359, 231, 131, 351, 251, 126, 280, 173, 241, 95, 98, 174, 222, 276, 192, 385, 308, 143, 271, 219, 230, 249, 247, 299, 353, 97, 185, 342, 292, 214, 348, 155, 332, 371, 141, 248, 391, 331, 139, 233, 312, 235, 221, 111, 268, 405, 360, 237, 246, 240, 138, 328, 200, 263, 287, 258, 259, 136, 186, 242, 150, 303, 339, 267, 164, 325, 123, 389, 372, 142, 349, 129, 252, 162, 367, 121, 209, 403, 265, 207, 255, 103, 322, 272, 397, 110, 211, 120, 363, 218, 132, 317, 182, 148, 115, 239, 128, 326, 167, 297, 134, 356, 229, 386, 304, 373, 113, 377, 152, 100, 193, 151, 238, 347, 153, 213, 344, 124, 361, 305, 208, 156, 383, 395, 135, 234, 166, 306, 390, 228, 204, 112, 302, 398, 311, 197, 201, 374, 277, 226, 170, 181, 368, 284, 334, 274, 382, 108, 203, 220, 290, 393, 149, 188]"
diversity_on_nsga2,16,-93.06812882302526,33.571871176974746,83.43187117697474,"[9, 92, 76, 63, 12, 37, 14, 34, 91, 3, 69, 77, 81, 8, 71, 30, 51, 5, 64, 21, 40, 58, 79, 73, 32, 45, 6, 67, 17, 87, 25, 18, 66, 26, 52, 41, 36, 29, 83, 38, 85, 22, 2, 94, 56, 70, 55, 20, 84, 15, 48, 72, 88, 31, 47, 28, 80, 23, 19, 89, 39, 35, 42, 93, 59, 43, 27, 68, 82, 10, 75, 16, 90, 7, 65, 13, 61, 78, 33, 50, 62, 49, 74, 53, 1, 24, 11, 44, 46, 57, 86, 54, 4, 60]","[336, 270, 220, 301, 362, 310, 203, 376, 401, 289, 154, 288, 345, 96, 137, 394, 250, 388, 145, 365, 324, 168, 102, 364, 122, 370, 316, 278, 293, 404, 286, 205, 212, 350, 341, 191, 116, 157, 119, 396, 171, 178, 106, 107, 393, 149, 377, 183, 179, 317, 140, 165, 118, 381, 261, 279, 375, 195, 382, 224, 181, 101, 161, 302, 199, 254, 323, 291, 262, 361, 274, 236, 166, 210, 384, 363, 187, 125, 182, 147, 218, 380, 290, 314, 374, 153, 369, 124, 297, 398, 357, 383, 307, 215, 298, 358, 386, 120, 132, 354, 326, 167, 356, 304, 113, 152, 100, 193, 238, 213, 159, 264, 359, 294, 296, 366, 245, 163, 295, 329, 333, 373, 227, 239, 103, 322, 272, 198, 151, 105, 130, 128, 99, 338, 259, 217, 277, 115, 397, 148, 232, 194, 177, 133, 257, 104, 172, 223, 131, 351, 251, 126, 280, 173, 241, 231, 135, 327, 253, 225, 379, 305, 208, 156, 395, 234, 306, 202, 390, 204, 112, 311, 197, 201, 226, 170, 368, 95, 98, 174, 222, 276, 192, 385, 308, 143, 271, 219, 230, 249, 247, 299, 353, 97, 185, 342, 292, 214, 348, 155, 332, 371, 141, 248, 391, 331, 139, 233, 312, 256, 235, 221, 111, 273, 268, 405, 360, 237, 246, 240, 138, 328, 200, 263, 287, 258, 285, 283, 136, 186, 242, 150, 303, 339, 267, 164, 325, 123, 389, 372, 142, 349, 129, 252, 162, 367, 121, 209, 403, 265, 207, 255, 110, 309, 180, 269, 117, 315, 402, 158, 169, 340, 211, 355, 266, 160, 134, 313, 146, 244, 184, 243, 189, 275, 400, 318, 190, 300, 114, 392, 228, 378, 282, 319, 144, 346, 343, 399, 337, 352, 387, 335, 176, 330, 321, 229, 196, 260, 188, 334, 320, 284, 127, 216, 344, 175, 281, 108, 206, 109, 347]"
diversity_on_nsga2,17,-15.6,5.22,16.3,"[73, 67, 25, 18, 91, 26, 41, 29, 38, 85, 2, 4, 79, 84, 72, 47, 19, 89, 33, 50, 49, 37, 14, 51, 53, 36, 62, 68, 63, 13, 12, 92, 82, 20, 88, 17, 31, 69, 46, 65, 34, 30, 8, 15, 54, 66, 32, 94, 35, 44, 52, 87, 22, 83, 28, 56, 81, 70, 60, 42, 93, 59, 43, 27, 23, 10, 75, 16, 6, 7, 61, 78, 11, 57, 39, 71, 45, 24, 90, 80, 86, 21, 40, 48, 55, 77, 9, 1, 76, 3, 74, 58, 5, 64]","[318, 190, 300, 114, 392, 215, 378, 282, 319, 276, 248, 343, 387, 334, 286, 301, 314, 250, 401, 165, 388, 376, 278, 145, 180, 364, 370, 316, 396, 293, 205, 341, 191, 116, 131, 126, 173, 98, 174, 192, 308, 268, 382, 119, 358, 302, 347, 273, 385, 365, 102, 101, 127, 212, 109, 122, 324, 323, 183, 181, 404, 210, 384, 261, 313, 231, 281, 321, 336, 118, 125, 106, 218, 224, 380, 290, 280, 179, 374, 143, 262, 369, 260, 375, 264, 357, 393, 307, 287, 228, 298, 241, 175, 136, 351, 354, 159, 390, 398, 359, 294, 188, 296, 366, 245, 163, 295, 329, 333, 271, 219, 230, 247, 353, 97, 342, 292, 214, 332, 371, 141, 391, 139, 312, 256, 235, 221, 111, 253, 222, 164, 325, 198, 95, 249, 269, 158, 120, 363, 185, 317, 182, 148, 239, 326, 167, 297, 147, 356, 386, 304, 113, 377, 152, 100, 193, 238, 233, 153, 213, 344, 124, 305, 208, 156, 383, 132, 234, 166, 202, 348, 155, 144, 135, 397, 225, 379, 151, 361, 405, 360, 237, 246, 240, 263, 258, 285, 283, 186, 150, 303, 339, 267, 400, 123, 389, 372, 349, 129, 367, 121, 209, 255, 110, 211, 115, 128, 254, 134, 229, 373, 259, 395, 306, 204, 112, 311, 197, 201, 226, 170, 368, 117, 284, 315, 274, 330, 265, 328, 168, 272, 137, 320, 142, 322, 394, 270, 252, 195, 251, 103, 149, 299, 138, 160, 162, 403, 242, 206, 157, 207, 399, 200, 108, 203, 220, 277, 236, 107, 178, 362, 196, 199, 244, 216, 172, 310, 291, 331, 381, 140, 279, 161, 227, 327, 355, 217, 105, 289, 154, 335, 130, 223, 176, 177, 194, 288, 257, 266, 337, 99, 169, 345, 338, 352, 187, 340, 346, 309, 146, 104, 402, 171, 96, 184, 243, 189, 133, 232, 275, 350]"
diversity_on_nsga2,18,-18.5,7.119999999999999,14.6,"[88, 60, 46, 4, 86, 71, 1, 57, 8, 76, 81, 24, 11, 74, 44, 14, 92, 5, 64, 21, 40, 58, 79, 73, 32, 45, 6, 67, 17, 87, 25, 18, 66, 26, 52, 41, 36, 29, 84, 15, 54, 22, 83, 28, 56, 70, 35, 42, 93, 59, 43, 27, 68, 23, 10, 75, 16, 7, 65, 61, 49, 69, 39, 12, 63, 90, 80, 34, 13, 77, 19, 85, 47, 9, 31, 55, 48, 50, 62, 78, 91, 94, 38, 3, 51, 2, 37, 30, 89, 72, 53, 33, 20, 82]","[189, 318, 190, 300, 180, 378, 291, 282, 319, 144, 346, 343, 295, 337, 352, 199, 387, 196, 335, 176, 381, 289, 320, 361, 334, 286, 137, 288, 171, 279, 301, 140, 274, 161, 310, 107, 96, 394, 314, 154, 250, 401, 284, 345, 388, 376, 278, 145, 168, 364, 370, 316, 344, 396, 293, 205, 350, 341, 191, 116, 157, 382, 119, 302, 365, 102, 101, 254, 127, 195, 212, 109, 122, 324, 323, 183, 181, 404, 166, 210, 384, 261, 187, 330, 281, 321, 336, 118, 125, 106, 224, 380, 290, 179, 374, 262, 165, 369, 260, 375, 124, 398, 149, 357, 393, 383, 307, 228, 298, 358, 354, 213, 159, 270, 206, 264, 359, 294, 188, 296, 366, 245, 163, 399, 329, 333, 227, 198, 203, 105, 130, 99, 338, 108, 216, 217, 220, 277, 175, 148, 232, 194, 177, 133, 257, 104, 172, 223, 131, 351, 251, 126, 280, 173, 241, 231, 135, 327, 253, 225, 379, 305, 208, 156, 395, 234, 306, 202, 95, 98, 174, 222, 276, 192, 385, 308, 143, 271, 219, 230, 249, 247, 299, 353, 97, 218, 342, 292, 214, 348, 155, 332, 371, 141, 248, 391, 331, 139, 233, 312, 256, 235, 221, 111, 273, 268, 405, 360, 237, 246, 240, 138, 328, 263, 287, 258, 285, 283, 136, 186, 242, 150, 303, 339, 267, 164, 325, 123, 389, 372, 142, 349, 129, 252, 162, 367, 121, 209, 403, 265, 207, 255, 110, 103, 322, 272, 397, 211, 120, 363, 185, 317, 182, 115, 239, 128, 326, 167, 297, 147, 134, 356, 229, 386, 304, 373, 113, 259, 377, 152, 100, 193, 151, 238, 347, 153, 132, 390, 204, 112, 311, 197, 201, 236, 178, 362, 170, 226, 117, 315, 368, 200, 158, 269, 114, 392, 215, 355, 160, 275, 400, 266, 169, 313, 340, 309, 146, 402, 244, 184, 243]"
diversity_on_nsga2,19,-12.298612874999998,6.191387124999999,11.301387125,"[74, 33, 89, 50, 5, 32, 60, 52, 58, 76, 70, 59, 67, 42, 4, 87, 46, 66, 41, 2, 83, 10, 14, 51, 53, 36, 62, 68, 63, 13, 12, 92, 82, 20, 88, 17, 31, 93, 1, 65, 22, 8, 15, 54, 78, 94, 56, 39, 55, 69, 27, 7, 57, 24, 86, 21, 19, 77, 85, 47, 43, 48, 72, 35, 28, 90, 80, 75, 16, 6, 91, 61, 11, 71, 3, 23, 44, 9, 26, 84, 49, 38, 79, 45, 73, 40, 34, 64, 37, 30, 81, 29, 25, 18]","[318, 190, 300, 282, 250, 388, 289, 168, 364, 370, 316, 396, 293, 205, 319, 291, 266, 350, 341, 191, 116, 157, 131, 251, 126, 173, 95, 98, 174, 192, 308, 299, 331, 138, 253, 242, 325, 332, 371, 141, 391, 301, 139, 233, 312, 235, 111, 268, 164, 382, 375, 175, 101, 276, 127, 198, 109, 323, 183, 222, 378, 119, 261, 281, 334, 278, 321, 336, 118, 256, 106, 224, 343, 280, 179, 262, 302, 347, 273, 385, 365, 102, 377, 212, 122, 324, 181, 404, 166, 210, 384, 363, 187, 231, 125, 182, 147, 380, 290, 314, 374, 143, 153, 369, 124, 297, 398, 357, 383, 307, 287, 228, 218, 298, 317, 241, 358, 136, 165, 260, 286, 248, 221, 393, 188, 351, 386, 120, 132, 148, 354, 239, 326, 167, 356, 304, 113, 152, 100, 193, 238, 213, 159, 305, 156, 234, 202, 390, 264, 359, 294, 296, 366, 245, 163, 295, 208, 329, 333, 271, 219, 230, 249, 247, 353, 97, 185, 342, 292, 214, 348, 155, 144, 135, 397, 225, 379, 151, 361, 405, 360, 237, 246, 240, 263, 258, 285, 283, 186, 150, 303, 339, 267, 400, 123, 389, 372, 349, 129, 367, 121, 209, 255, 110, 211, 115, 128, 254, 134, 229, 373, 259, 395, 306, 204, 112, 311, 197, 201, 226, 170, 368, 117, 284, 315, 274, 330, 265, 328, 180, 272, 137, 320, 142, 322, 394, 270, 252, 195, 162, 403, 207, 103, 216, 344, 200, 309, 108, 203, 220, 277, 149, 236, 107, 178, 362, 196, 199, 171, 172, 310, 206, 381, 140, 279, 161, 227, 399, 158, 269, 114, 392, 215, 376, 401, 387, 327, 355, 160, 217, 105, 145, 154, 335, 130, 223, 176, 177, 194, 288, 257, 337, 99, 169, 345, 338, 352, 313, 340, 346, 146, 104, 402, 244, 96, 184, 243, 189, 133, 232, 275]"
diversity_on_nsga2,20,-77.26501212568644,18.36498787431356,63.03498787431356,"[77, 85, 47, 91, 9, 26, 50, 62, 14, 7, 46, 94, 38, 27, 3, 51, 36, 73, 64, 37, 30, 49, 29, 25, 55, 18, 74, 76, 57, 72, 81, 53, 33, 2, 20, 48, 6, 58, 82, 88, 17, 84, 5, 1, 34, 22, 8, 15, 54, 66, 32, 92, 60, 44, 52, 87, 56, 83, 28, 4, 89, 70, 35, 42, 93, 59, 43, 16, 68, 23, 67, 75, 79, 31, 41, 65, 13, 61, 78, 69, 11, 10, 39, 71, 12, 45, 24, 63, 90, 80, 86, 21, 40, 19]","[260, 375, 118, 379, 107, 281, 254, 320, 362, 109, 196, 309, 179, 171, 216, 183, 270, 172, 310, 206, 374, 301, 330, 381, 165, 101, 140, 106, 195, 261, 279, 161, 224, 262, 127, 336, 369, 227, 399, 333, 269, 114, 392, 215, 376, 401, 387, 327, 355, 160, 217, 105, 314, 289, 154, 335, 130, 223, 176, 177, 194, 288, 257, 337, 99, 225, 169, 345, 338, 352, 313, 340, 96, 184, 366, 243, 189, 294, 122, 296, 133, 232, 275, 400, 163, 202, 295, 300, 346, 199, 146, 245, 104, 402, 117, 364, 380, 316, 323, 256, 318, 324, 315, 178, 283, 236, 147, 158, 190, 343, 249, 396, 394, 282, 250, 388, 180, 145, 365, 125, 273, 285, 168, 210, 102, 329, 198, 357, 354, 378, 137, 370, 358, 187, 278, 159, 293, 404, 264, 286, 205, 319, 384, 307, 119, 175, 291, 266, 144, 212, 350, 298, 253, 341, 191, 116, 157, 359, 231, 131, 351, 251, 126, 280, 173, 241, 95, 98, 174, 222, 276, 192, 385, 308, 143, 271, 219, 230, 244, 247, 299, 353, 97, 185, 342, 292, 214, 348, 155, 332, 371, 141, 248, 391, 331, 139, 233, 312, 235, 221, 111, 268, 405, 360, 237, 246, 240, 138, 328, 200, 263, 287, 258, 259, 136, 186, 242, 150, 303, 339, 267, 164, 325, 123, 389, 372, 142, 349, 129, 252, 162, 367, 121, 209, 403, 265, 207, 255, 103, 322, 272, 397, 110, 211, 120, 363, 218, 132, 317, 182, 148, 115, 239, 128, 326, 167, 297, 134, 356, 229, 386, 304, 373, 113, 377, 152, 100, 193, 151, 238, 347, 153, 213, 344, 124, 361, 305, 208, 156, 383, 395, 135, 234, 166, 306, 390, 228, 204, 112, 302, 398, 311, 197, 201, 321, 277, 226, 170, 181, 368, 284, 334, 274, 382, 108, 203, 220, 290, 393, 149, 188]"
diversity_on_nsga2,21,-87.11614345982912,23.56385654017088,77.5838565401709,"[77, 14, 92, 5, 64, 32, 70, 20, 61, 6, 87, 25, 18, 66, 52, 36, 29, 83, 10, 7, 26, 21, 44, 58, 19, 37, 40, 85, 47, 9, 67, 45, 15, 38, 33, 41, 2, 79, 76, 73, 93, 82, 88, 17, 31, 69, 1, 65, 22, 8, 84, 54, 78, 94, 56, 39, 55, 43, 48, 72, 35, 28, 23, 90, 27, 59, 80, 16, 75, 89, 50, 62, 49, 3, 51, 30, 91, 24, 42, 12, 34, 53, 68, 60, 46, 4, 86, 71, 57, 13, 81, 63, 11, 74]","[168, 364, 274, 382, 108, 203, 220, 299, 149, 323, 188, 260, 375, 118, 236, 107, 281, 254, 320, 178, 362, 109, 196, 199, 179, 171, 216, 183, 270, 172, 310, 206, 321, 291, 301, 330, 381, 165, 101, 140, 106, 195, 261, 279, 161, 224, 262, 127, 336, 370, 316, 344, 396, 293, 205, 350, 341, 191, 116, 157, 131, 126, 173, 98, 174, 192, 308, 268, 119, 229, 175, 302, 347, 273, 385, 365, 102, 317, 377, 212, 122, 324, 181, 404, 166, 210, 384, 287, 358, 239, 401, 167, 202, 138, 222, 103, 363, 187, 231, 125, 182, 147, 218, 380, 290, 374, 143, 153, 369, 124, 297, 398, 357, 383, 307, 228, 298, 241, 136, 351, 386, 120, 132, 148, 354, 326, 356, 304, 113, 152, 100, 193, 213, 159, 305, 156, 234, 248, 390, 264, 359, 294, 296, 366, 245, 163, 295, 208, 329, 333, 271, 219, 230, 249, 247, 353, 97, 185, 342, 292, 214, 348, 155, 332, 371, 141, 373, 391, 331, 233, 312, 256, 235, 221, 111, 135, 227, 405, 360, 237, 246, 240, 328, 200, 263, 253, 258, 285, 283, 186, 242, 150, 303, 238, 314, 393, 379, 139, 339, 267, 164, 325, 123, 389, 372, 142, 349, 129, 252, 162, 367, 121, 209, 403, 265, 207, 255, 110, 322, 272, 198, 151, 105, 201, 130, 170, 95, 128, 306, 99, 338, 226, 259, 217, 197, 204, 277, 115, 397, 395, 232, 194, 177, 133, 257, 104, 223, 309, 180, 269, 117, 315, 402, 158, 169, 340, 211, 355, 266, 160, 134, 112, 313, 146, 244, 184, 189, 275, 400, 318, 190, 300, 243, 114, 392, 215, 378, 282, 319, 144, 251, 346, 276, 368, 343, 399, 337, 352, 387, 335, 176, 289, 311, 361, 334, 286, 137, 288, 96, 225, 394, 280, 154, 250, 284, 345, 388, 376, 278, 327, 145]"
diversity_on_nsga2,22,-69.074894,17.515106000000003,41.525105999999994,"[47, 9, 67, 26, 14, 31, 44, 38, 79, 45, 73, 36, 2, 40, 34, 64, 37, 30, 81, 19, 25, 18, 74, 58, 53, 33, 20, 82, 17, 84, 5, 1, 22, 8, 65, 32, 92, 52, 87, 83, 88, 70, 42, 93, 68, 23, 10, 61, 66, 94, 15, 54, 29, 51, 56, 39, 55, 43, 48, 72, 35, 28, 90, 80, 16, 75, 89, 59, 50, 62, 49, 3, 91, 63, 76, 12, 7, 11, 69, 21, 24, 13, 41, 78, 60, 46, 4, 86, 71, 57, 27, 6, 77, 85]","[161, 374, 302, 199, 254, 323, 262, 236, 273, 330, 376, 321, 166, 401, 369, 145, 229, 394, 225, 203, 96, 290, 260, 188, 314, 363, 320, 127, 216, 344, 153, 281, 206, 109, 388, 347, 336, 270, 301, 362, 147, 310, 364, 286, 171, 178, 106, 107, 377, 172, 345, 183, 324, 179, 317, 140, 316, 165, 118, 381, 154, 380, 125, 168, 210, 102, 357, 354, 122, 370, 358, 187, 278, 293, 404, 205, 384, 307, 119, 175, 291, 212, 350, 139, 341, 191, 116, 157, 231, 131, 351, 132, 126, 280, 173, 241, 98, 174, 192, 385, 308, 143, 268, 299, 287, 136, 120, 148, 239, 193, 167, 297, 356, 386, 304, 113, 152, 100, 326, 124, 383, 228, 398, 284, 274, 108, 196, 220, 393, 149, 365, 261, 379, 250, 279, 218, 375, 195, 238, 213, 159, 305, 156, 234, 202, 390, 264, 359, 294, 296, 366, 245, 163, 295, 208, 329, 333, 271, 219, 230, 249, 247, 353, 97, 185, 342, 292, 214, 348, 155, 332, 371, 141, 373, 391, 331, 298, 233, 312, 256, 235, 221, 111, 135, 227, 405, 360, 237, 246, 240, 138, 328, 200, 263, 253, 343, 285, 283, 222, 186, 242, 150, 303, 339, 267, 164, 325, 123, 389, 372, 142, 349, 129, 252, 162, 367, 121, 209, 403, 265, 207, 255, 110, 103, 322, 272, 198, 151, 105, 201, 130, 170, 95, 128, 306, 99, 338, 226, 259, 217, 197, 204, 277, 115, 397, 395, 232, 194, 177, 133, 257, 104, 223, 309, 180, 269, 117, 315, 402, 158, 169, 340, 211, 355, 266, 160, 134, 112, 313, 146, 244, 184, 243, 189, 275, 400, 318, 190, 300, 114, 392, 215, 378, 282, 319, 144, 251, 346, 276, 248, 368, 258, 399, 337, 352, 387, 335, 176, 289, 311, 361, 334, 396, 137, 288, 182, 382, 224, 181, 327, 101]"
diversity_on_nsga2,23,-78.72057612607634,21.179423873923668,61.87942387392367,"[77, 85, 58, 9, 67, 26, 50, 62, 31, 49, 46, 94, 38, 73, 36, 2, 40, 34, 64, 37, 30, 25, 65, 18, 74, 72, 87, 53, 33, 89, 82, 88, 84, 5, 1, 48, 22, 8, 15, 54, 66, 32, 92, 60, 41, 52, 47, 20, 21, 76, 16, 91, 13, 69, 4, 3, 28, 83, 29, 56, 81, 70, 35, 42, 93, 59, 43, 27, 68, 23, 10, 75, 79, 6, 7, 55, 14, 61, 78, 17, 11, 57, 39, 71, 12, 45, 24, 63, 90, 80, 86, 44, 51, 19]","[304, 154, 374, 135, 395, 368, 117, 284, 315, 334, 274, 382, 108, 203, 220, 277, 393, 149, 323, 188, 260, 375, 118, 379, 236, 107, 109, 320, 178, 362, 254, 196, 199, 179, 171, 216, 183, 270, 151, 310, 206, 321, 301, 330, 381, 165, 101, 140, 106, 195, 261, 279, 161, 224, 262, 127, 396, 160, 227, 399, 333, 158, 174, 114, 392, 215, 376, 232, 307, 327, 355, 217, 105, 314, 289, 167, 335, 130, 388, 223, 176, 177, 194, 288, 257, 337, 99, 225, 169, 345, 294, 352, 340, 346, 309, 146, 245, 104, 402, 244, 96, 184, 366, 243, 189, 338, 137, 296, 133, 401, 275, 205, 163, 318, 190, 295, 300, 394, 282, 250, 267, 180, 145, 365, 351, 125, 168, 210, 102, 329, 198, 357, 354, 364, 281, 313, 380, 378, 122, 370, 358, 187, 316, 278, 159, 336, 293, 404, 264, 343, 286, 400, 319, 384, 387, 119, 175, 291, 266, 144, 212, 350, 298, 253, 341, 235, 116, 157, 359, 231, 131, 324, 251, 126, 280, 173, 241, 95, 98, 143, 222, 276, 192, 385, 308, 269, 271, 219, 230, 249, 247, 299, 353, 97, 185, 342, 292, 214, 348, 155, 332, 371, 141, 248, 391, 331, 139, 233, 312, 256, 191, 221, 111, 273, 268, 405, 360, 237, 246, 240, 138, 328, 200, 263, 287, 258, 285, 283, 136, 186, 242, 150, 303, 339, 369, 164, 325, 123, 389, 372, 142, 349, 129, 252, 162, 367, 121, 209, 403, 265, 207, 255, 110, 103, 272, 397, 211, 120, 363, 218, 132, 317, 182, 148, 115, 239, 128, 326, 297, 147, 134, 356, 229, 386, 373, 113, 259, 377, 152, 193, 238, 347, 153, 213, 344, 124, 361, 305, 208, 156, 383, 234, 166, 306, 202, 390, 228, 204, 112, 302, 398, 311, 197, 201, 290, 226, 170, 181, 100, 322, 172]"
diversity_on_nsga2,24,-85.67658649999998,30.043413500000003,54.9234135,"[47, 9, 67, 26, 14, 31, 44, 46, 38, 79, 45, 73, 36, 2, 40, 34, 64, 37, 30, 81, 19, 25, 18, 74, 58, 53, 33, 20, 82, 17, 84, 5, 1, 22, 8, 65, 32, 92, 60, 52, 87, 4, 83, 88, 70, 42, 93, 68, 23, 10, 61, 66, 94, 15, 54, 29, 51, 56, 39, 55, 43, 48, 72, 35, 28, 90, 80, 16, 75, 89, 59, 50, 62, 49, 3, 91, 63, 76, 12, 7, 11, 69, 21, 24, 86, 71, 57, 13, 41, 78, 27, 6, 77, 85]","[327, 101, 161, 374, 302, 199, 254, 323, 262, 236, 273, 330, 376, 321, 166, 295, 401, 369, 145, 229, 394, 225, 203, 96, 290, 260, 188, 314, 363, 320, 127, 216, 344, 153, 163, 281, 206, 296, 109, 388, 347, 336, 270, 366, 301, 362, 245, 147, 310, 364, 286, 171, 178, 106, 107, 377, 172, 345, 183, 324, 179, 317, 140, 316, 165, 294, 118, 381, 154, 380, 125, 168, 210, 102, 357, 354, 122, 370, 358, 187, 278, 159, 293, 404, 264, 205, 384, 307, 119, 175, 291, 212, 350, 139, 341, 191, 116, 157, 359, 231, 131, 351, 132, 126, 280, 173, 241, 98, 174, 192, 385, 308, 143, 268, 299, 287, 136, 120, 148, 239, 193, 167, 297, 356, 386, 304, 113, 152, 100, 326, 238, 213, 124, 305, 208, 156, 383, 234, 390, 228, 398, 284, 274, 108, 196, 220, 393, 149, 365, 261, 379, 250, 279, 218, 375, 195, 202, 329, 333, 271, 219, 230, 249, 247, 353, 97, 185, 342, 292, 214, 348, 155, 332, 371, 141, 373, 391, 331, 298, 233, 312, 256, 235, 221, 111, 135, 227, 405, 360, 237, 246, 240, 138, 328, 200, 263, 253, 343, 285, 283, 222, 186, 242, 150, 303, 339, 267, 164, 325, 123, 389, 372, 142, 349, 129, 252, 162, 367, 121, 209, 403, 265, 207, 255, 110, 103, 322, 272, 198, 151, 105, 201, 130, 170, 95, 128, 306, 99, 338, 226, 259, 217, 197, 204, 277, 115, 397, 395, 232, 194, 177, 133, 257, 104, 223, 309, 180, 269, 117, 315, 402, 158, 169, 340, 211, 355, 266, 160, 134, 112, 313, 146, 244, 184, 243, 189, 275, 400, 318, 190, 300, 114, 392, 215, 378, 282, 319, 144, 251, 346, 276, 248, 368, 258, 399, 337, 352, 387, 335, 176, 289, 311, 361, 334, 396, 137, 288, 182, 382, 224, 181]"
diversity_on_nsga2,25,-84.52783491980125,21.972165080198767,59.27216508019877,"[77, 85, 47, 91, 9, 67, 26, 50, 74, 1, 49, 41, 46, 94, 38, 16, 3, 36, 2, 73, 34, 64, 13, 51, 37, 30, 89, 4, 25, 55, 18, 62, 72, 58, 53, 33, 76, 20, 82, 88, 69, 84, 5, 31, 48, 22, 8, 15, 54, 66, 32, 92, 60, 44, 52, 87, 28, 83, 29, 56, 81, 70, 35, 42, 93, 59, 43, 27, 68, 23, 10, 75, 79, 6, 7, 65, 14, 61, 78, 17, 11, 57, 39, 71, 12, 45, 24, 63, 90, 80, 86, 21, 40, 19]","[374, 290, 226, 170, 181, 368, 117, 284, 315, 334, 274, 382, 108, 203, 220, 277, 393, 149, 323, 188, 260, 375, 118, 379, 236, 107, 109, 320, 178, 362, 254, 196, 199, 179, 171, 216, 183, 270, 151, 310, 206, 321, 301, 330, 381, 165, 101, 140, 106, 195, 261, 279, 161, 224, 262, 127, 336, 160, 227, 399, 333, 158, 174, 114, 392, 215, 376, 232, 307, 327, 355, 217, 105, 314, 289, 167, 335, 130, 388, 223, 176, 177, 194, 288, 257, 337, 99, 225, 169, 345, 338, 352, 340, 346, 309, 146, 245, 104, 402, 244, 96, 184, 366, 243, 189, 294, 137, 296, 133, 401, 275, 205, 163, 318, 190, 295, 300, 394, 282, 250, 267, 180, 145, 365, 351, 125, 168, 210, 102, 329, 198, 357, 354, 364, 281, 313, 380, 378, 122, 370, 358, 187, 316, 278, 159, 396, 293, 404, 264, 343, 286, 400, 319, 384, 387, 119, 175, 291, 266, 144, 212, 350, 298, 253, 341, 235, 116, 157, 359, 231, 131, 324, 251, 126, 280, 173, 241, 95, 98, 143, 222, 276, 192, 385, 308, 269, 271, 219, 230, 249, 247, 299, 353, 97, 185, 342, 292, 214, 348, 155, 332, 371, 141, 248, 391, 331, 139, 233, 312, 256, 191, 221, 111, 273, 268, 405, 360, 237, 246, 240, 138, 328, 200, 263, 287, 258, 285, 283, 136, 186, 242, 150, 303, 339, 369, 164, 325, 123, 389, 372, 142, 349, 129, 252, 162, 367, 121, 209, 403, 265, 207, 255, 110, 103, 322, 272, 397, 211, 120, 363, 218, 132, 317, 182, 148, 115, 239, 128, 326, 154, 297, 147, 134, 356, 229, 386, 304, 373, 113, 259, 377, 152, 100, 193, 172, 238, 347, 153, 213, 344, 124, 361, 305, 208, 156, 383, 395, 135, 234, 166, 306, 202, 390, 228, 204, 112, 302, 398, 311, 197, 201]"
diversity_on_nsga2,26,-85.67658649999998,30.043413500000003,54.9234135,"[47, 9, 67, 26, 14, 31, 44, 46, 38, 79, 45, 73, 36, 2, 40, 34, 64, 37, 30, 81, 19, 25, 18, 74, 58, 53, 33, 54, 82, 17, 84, 5, 1, 22, 8, 65, 32, 92, 60, 52, 87, 4, 83, 88, 70, 42, 93, 68, 23, 10, 61, 66, 94, 15, 20, 29, 51, 56, 39, 55, 43, 48, 72, 35, 28, 90, 80, 16, 75, 89, 59, 50, 62, 49, 3, 91, 63, 76, 12, 7, 11, 69, 21, 24, 86, 71, 57, 13, 41, 78, 27, 6, 77, 85]","[327, 101, 161, 374, 302, 199, 254, 323, 262, 236, 371, 330, 376, 321, 166, 295, 401, 369, 145, 229, 394, 225, 203, 96, 290, 260, 188, 314, 363, 320, 127, 216, 344, 153, 163, 281, 206, 296, 109, 388, 347, 336, 270, 366, 301, 362, 245, 147, 310, 364, 286, 171, 178, 106, 107, 377, 172, 345, 183, 324, 179, 317, 140, 243, 165, 294, 118, 381, 154, 380, 125, 168, 210, 102, 357, 354, 122, 370, 358, 187, 278, 159, 293, 404, 264, 205, 384, 307, 119, 175, 291, 212, 350, 139, 341, 191, 116, 157, 359, 231, 131, 351, 132, 126, 280, 173, 241, 98, 174, 192, 385, 308, 143, 268, 299, 287, 136, 120, 148, 239, 193, 167, 297, 356, 386, 304, 113, 152, 100, 326, 238, 213, 124, 305, 208, 156, 383, 234, 390, 228, 398, 284, 274, 108, 196, 220, 393, 149, 365, 261, 379, 250, 279, 218, 375, 195, 202, 329, 333, 271, 219, 230, 249, 247, 353, 97, 332, 342, 292, 214, 348, 155, 185, 273, 141, 373, 391, 331, 298, 233, 312, 256, 235, 221, 111, 135, 227, 405, 360, 237, 246, 240, 138, 328, 200, 263, 253, 343, 285, 283, 222, 186, 242, 150, 303, 339, 267, 164, 325, 123, 389, 372, 142, 349, 129, 252, 162, 367, 121, 209, 403, 265, 133, 255, 110, 103, 322, 272, 198, 151, 105, 201, 130, 170, 95, 128, 306, 99, 338, 226, 259, 217, 197, 204, 277, 115, 397, 395, 232, 194, 177, 207, 257, 104, 223, 309, 180, 269, 117, 315, 402, 158, 169, 340, 211, 355, 266, 160, 134, 112, 313, 146, 244, 184, 316, 189, 275, 400, 318, 190, 300, 114, 392, 215, 378, 282, 319, 144, 251, 346, 276, 248, 368, 258, 399, 337, 352, 387, 335, 176, 289, 311, 361, 334, 396, 137, 288, 182, 382, 224, 181]"
diversity_on_nsga2,27,-32.47769379038461,7.182306209615385,36.52230620961539,"[60, 9, 26, 87, 68, 38, 55, 76, 51, 19, 85, 20, 69, 77, 81, 73, 71, 82, 79, 58, 6, 27, 7, 4, 22, 37, 1, 74, 32, 92, 70, 45, 52, 44, 56, 31, 39, 33, 41, 15, 61, 40, 67, 66, 84, 36, 47, 59, 83, 14, 2, 64, 57, 29, 93, 43, 25, 23, 78, 88, 65, 48, 72, 35, 28, 90, 80, 16, 75, 89, 5, 50, 62, 49, 3, 17, 30, 91, 63, 42, 12, 34, 53, 94, 18, 24, 11, 46, 8, 86, 54, 10, 13, 21]","[206, 109, 270, 301, 362, 310, 203, 401, 327, 154, 288, 225, 345, 96, 394, 250, 388, 145, 168, 364, 370, 316, 278, 273, 293, 205, 350, 341, 191, 116, 131, 126, 280, 173, 98, 174, 192, 308, 119, 396, 171, 178, 106, 107, 393, 172, 183, 179, 140, 165, 118, 381, 261, 279, 195, 382, 101, 302, 199, 254, 291, 262, 274, 220, 299, 149, 323, 188, 260, 375, 236, 347, 344, 281, 161, 224, 336, 376, 330, 321, 229, 196, 268, 334, 385, 365, 102, 317, 377, 212, 122, 324, 181, 404, 166, 210, 384, 363, 187, 231, 125, 182, 138, 218, 380, 290, 314, 374, 157, 153, 369, 124, 297, 398, 357, 383, 307, 287, 228, 298, 241, 358, 136, 351, 386, 120, 132, 148, 354, 239, 326, 167, 356, 304, 113, 152, 100, 193, 238, 213, 159, 305, 156, 234, 202, 390, 264, 359, 294, 296, 366, 245, 163, 295, 208, 329, 333, 271, 219, 230, 249, 247, 353, 97, 185, 342, 292, 214, 348, 155, 332, 371, 141, 373, 391, 331, 139, 233, 312, 256, 235, 221, 111, 135, 227, 405, 360, 237, 246, 240, 147, 328, 200, 263, 253, 258, 285, 283, 222, 134, 319, 186, 242, 150, 303, 339, 267, 164, 325, 123, 389, 372, 142, 349, 129, 252, 162, 367, 121, 209, 403, 265, 207, 255, 110, 103, 322, 272, 198, 151, 105, 201, 130, 170, 95, 128, 306, 99, 338, 226, 259, 217, 197, 204, 277, 115, 397, 395, 232, 194, 177, 133, 257, 104, 223, 309, 180, 269, 117, 315, 402, 158, 169, 340, 211, 355, 266, 160, 379, 112, 313, 146, 244, 184, 243, 189, 275, 400, 318, 190, 300, 114, 392, 215, 378, 282, 143, 144, 251, 346, 276, 248, 368, 343, 399, 337, 352, 387, 335, 176, 289, 311, 361, 286, 137, 320, 284, 127, 216, 175, 108]"
diversity_on_nsga2,28,-44.51849951153846,10.48150048846154,35.38150048846154,"[32, 50, 2, 49, 94, 38, 79, 3, 51, 14, 64, 30, 81, 91, 18, 41, 58, 42, 77, 76, 78, 13, 87, 34, 70, 75, 53, 69, 83, 54, 23, 46, 10, 24, 4, 22, 85, 73, 59, 1, 7, 9, 11, 26, 52, 44, 56, 61, 67, 15, 40, 48, 66, 72, 60, 35, 55, 31, 36, 21, 43, 20, 12, 84, 17, 68, 93, 6, 92, 27, 8, 88, 5, 47, 65, 25, 28, 16, 82, 19, 89, 33, 74, 39, 71, 37, 45, 57, 63, 90, 80, 29, 62, 86]","[309, 400, 269, 305, 117, 380, 316, 256, 402, 236, 158, 405, 340, 322, 169, 389, 97, 139, 267, 299, 283, 135, 355, 198, 245, 142, 227, 358, 205, 352, 193, 199, 328, 173, 287, 285, 379, 216, 209, 294, 187, 226, 246, 122, 210, 223, 151, 252, 295, 351, 211, 172, 212, 102, 217, 197, 204, 270, 308, 220, 277, 208, 113, 115, 326, 397, 315, 257, 244, 240, 343, 382, 229, 302, 347, 273, 317, 101, 254, 110, 377, 127, 195, 109, 323, 183, 181, 259, 166, 375, 261, 363, 330, 281, 334, 321, 336, 118, 128, 182, 106, 147, 218, 224, 290, 179, 374, 153, 262, 165, 369, 260, 124, 297, 398, 149, 393, 383, 228, 188, 386, 250, 388, 180, 145, 365, 324, 125, 168, 235, 178, 366, 396, 230, 350, 403, 353, 360, 367, 150, 359, 384, 356, 268, 292, 354, 119, 175, 291, 266, 160, 190, 134, 344, 112, 399, 116, 241, 258, 282, 364, 333, 312, 255, 185, 362, 385, 121, 275, 341, 156, 337, 318, 339, 387, 248, 404, 368, 221, 129, 196, 239, 253, 222, 138, 243, 346, 335, 167, 146, 103, 176, 191, 381, 289, 143, 148, 331, 320, 213, 311, 361, 319, 231, 163, 286, 137, 288, 390, 171, 279, 301, 372, 207, 313, 140, 274, 161, 271, 237, 310, 131, 276, 100, 348, 107, 349, 373, 251, 96, 225, 394, 391, 152, 392, 329, 314, 332, 249, 304, 154, 114, 401, 144, 215, 370, 164, 293, 141, 284, 371, 174, 307, 345, 303, 238, 111, 206, 376, 280, 278, 126, 192, 157, 327, 203, 105, 120, 219, 159, 201, 130, 214, 263, 170, 325, 247, 95, 300, 233, 357, 123, 264, 306, 342, 98, 186, 155, 99, 338, 108, 378, 202, 395, 184, 298, 232, 136, 272, 194, 265, 177, 133, 162, 104, 234, 296, 242, 132, 189, 200]"
diversity_on_nsga2,29,-74.26641932068344,22.273580679316563,47.533580679316564,"[85, 9, 30, 37, 58, 31, 62, 21, 51, 65, 46, 71, 50, 38, 24, 79, 12, 41, 81, 73, 7, 26, 77, 87, 11, 17, 84, 53, 69, 83, 93, 54, 2, 4, 22, 86, 15, 1, 74, 32, 92, 70, 45, 52, 44, 3, 19, 34, 28, 56, 80, 88, 39, 33, 61, 40, 67, 66, 8, 72, 35, 36, 47, 90, 5, 82, 89, 59, 14, 49, 60, 64, 57, 29, 18, 42, 20, 76, 78, 43, 91, 27, 68, 23, 10, 63, 16, 6, 94, 25, 48, 55, 13, 75]","[170, 202, 201, 197, 208, 395, 272, 228, 204, 196, 290, 260, 188, 108, 109, 362, 147, 226, 178, 390, 107, 112, 398, 117, 305, 166, 118, 284, 393, 306, 379, 281, 220, 234, 236, 199, 179, 171, 216, 183, 270, 172, 310, 206, 321, 291, 301, 330, 381, 165, 101, 140, 106, 195, 261, 279, 161, 224, 262, 127, 336, 369, 227, 399, 333, 158, 269, 114, 392, 215, 376, 401, 387, 327, 355, 95, 217, 105, 314, 289, 154, 335, 130, 223, 176, 177, 194, 288, 233, 266, 337, 99, 225, 169, 345, 338, 352, 313, 340, 346, 309, 146, 245, 104, 402, 244, 96, 184, 366, 243, 189, 294, 137, 296, 133, 232, 275, 400, 163, 388, 190, 295, 300, 394, 282, 250, 318, 180, 145, 365, 324, 125, 168, 210, 102, 329, 198, 357, 354, 364, 380, 378, 122, 370, 358, 187, 316, 278, 159, 396, 293, 404, 264, 343, 286, 205, 319, 384, 307, 144, 212, 120, 298, 253, 341, 191, 116, 157, 359, 231, 131, 351, 251, 126, 280, 173, 241, 160, 98, 174, 222, 276, 192, 385, 308, 143, 271, 219, 119, 230, 249, 247, 277, 353, 97, 185, 342, 292, 214, 348, 155, 332, 371, 141, 248, 391, 331, 139, 257, 312, 256, 235, 221, 397, 135, 268, 175, 405, 360, 237, 246, 240, 138, 328, 200, 263, 287, 258, 285, 283, 136, 186, 242, 150, 303, 339, 267, 164, 325, 123, 389, 372, 142, 349, 129, 252, 162, 367, 121, 209, 403, 265, 207, 255, 110, 103, 322, 374, 111, 211, 350, 363, 218, 132, 317, 182, 148, 115, 239, 128, 326, 167, 297, 383, 134, 356, 229, 386, 304, 373, 113, 259, 377, 152, 100, 193, 151, 238, 347, 153, 213, 344, 124, 361, 299, 149, 368, 320, 334, 273, 311, 274, 382, 203, 323, 254, 315, 302, 181, 375, 156]"
diversity_on_nsga2,30,-92.45481181021762,28.975188189782394,65.34518818978239,"[85, 72, 35, 90, 16, 5, 2, 51, 65, 67, 46, 71, 50, 38, 24, 12, 32, 42, 57, 73, 77, 10, 7, 26, 21, 44, 47, 19, 13, 87, 34, 11, 17, 84, 62, 53, 69, 43, 68, 83, 93, 54, 60, 4, 22, 86, 15, 1, 74, 41, 92, 70, 45, 52, 79, 3, 61, 6, 25, 66, 75, 28, 48, 80, 36, 88, 39, 94, 40, 33, 59, 81, 49, 58, 37, 9, 29, 89, 23, 91, 18, 30, 64, 76, 14, 63, 82, 20, 31, 8, 78, 56, 55, 27]","[224, 343, 273, 377, 225, 254, 395, 311, 274, 137, 320, 399, 108, 203, 236, 362, 196, 216, 291, 140, 161, 327, 289, 154, 335, 337, 301, 302, 347, 260, 220, 172, 127, 365, 178, 396, 350, 145, 317, 262, 261, 268, 119, 175, 134, 116, 179, 375, 168, 385, 149, 341, 109, 199, 310, 173, 176, 381, 361, 334, 286, 195, 288, 171, 279, 210, 336, 188, 107, 394, 284, 280, 285, 278, 192, 205, 345, 376, 165, 118, 299, 293, 157, 174, 206, 229, 106, 281, 212, 102, 270, 308, 122, 324, 181, 404, 166, 330, 384, 363, 187, 231, 125, 182, 147, 218, 380, 290, 128, 374, 143, 153, 369, 124, 297, 398, 357, 383, 307, 287, 228, 298, 241, 358, 136, 351, 386, 120, 132, 148, 354, 239, 326, 167, 356, 304, 113, 152, 100, 193, 130, 213, 159, 305, 156, 234, 202, 390, 264, 359, 294, 296, 366, 245, 163, 295, 208, 329, 333, 271, 219, 230, 249, 247, 353, 97, 185, 342, 292, 214, 348, 155, 332, 371, 141, 373, 391, 331, 184, 233, 312, 256, 235, 221, 111, 135, 227, 405, 360, 237, 246, 240, 138, 328, 200, 263, 253, 258, 101, 283, 222, 186, 242, 150, 303, 339, 267, 164, 325, 123, 389, 372, 142, 349, 129, 252, 162, 367, 121, 209, 403, 265, 207, 255, 110, 103, 322, 272, 198, 151, 105, 201, 238, 170, 95, 314, 306, 99, 338, 226, 259, 217, 197, 204, 277, 115, 397, 393, 232, 194, 177, 133, 257, 104, 223, 309, 180, 269, 117, 315, 402, 158, 169, 340, 211, 355, 266, 160, 379, 112, 313, 146, 244, 139, 243, 189, 275, 400, 318, 190, 300, 114, 392, 215, 378, 282, 319, 144, 251, 346, 276, 248, 368, 352, 96, 401, 387, 250, 388, 364, 370, 316, 344, 191, 131, 126, 98, 382, 323, 183, 321]"
diversity_on_nsga2,31,-64.69997567151016,22.50002432848983,28.200024328489828,"[85, 47, 91, 9, 67, 26, 50, 62, 14, 49, 40, 46, 94, 65, 3, 51, 36, 2, 41, 34, 64, 12, 16, 81, 25, 55, 18, 74, 72, 58, 53, 33, 76, 20, 82, 88, 32, 69, 42, 54, 4, 59, 87, 66, 28, 83, 10, 22, 78, 56, 39, 27, 68, 63, 13, 48, 93, 92, 86, 7, 52, 19, 37, 17, 84, 5, 29, 8, 61, 6, 60, 75, 79, 31, 43, 23, 30, 90, 35, 11, 21, 73, 80, 71, 24, 70, 15, 57, 1, 89, 38, 45, 44, 77]","[133, 232, 275, 400, 318, 190, 295, 282, 382, 254, 127, 109, 323, 183, 149, 180, 145, 365, 324, 168, 198, 354, 364, 122, 358, 316, 396, 286, 119, 291, 266, 144, 212, 350, 298, 341, 256, 241, 292, 351, 348, 135, 397, 225, 379, 193, 151, 305, 208, 360, 246, 258, 283, 136, 150, 339, 389, 349, 367, 121, 209, 255, 110, 211, 120, 218, 317, 239, 326, 134, 356, 386, 373, 113, 100, 156, 395, 234, 306, 204, 112, 197, 226, 368, 117, 315, 265, 272, 152, 129, 196, 253, 243, 167, 191, 381, 331, 320, 213, 311, 361, 319, 163, 223, 195, 390, 171, 279, 301, 372, 140, 302, 274, 161, 273, 237, 131, 276, 107, 377, 251, 96, 394, 391, 392, 240, 300, 332, 249, 114, 250, 347, 215, 370, 164, 293, 284, 371, 174, 238, 111, 388, 206, 376, 126, 192, 157, 141, 203, 159, 201, 214, 170, 325, 247, 95, 233, 299, 139, 264, 205, 101, 342, 98, 186, 108, 202, 229, 285, 222, 181, 271, 259, 404, 378, 166, 210, 123, 375, 261, 363, 187, 329, 330, 219, 231, 267, 328, 263, 155, 281, 334, 303, 278, 321, 336, 118, 125, 128, 182, 175, 97, 106, 147, 102, 224, 343, 380, 290, 280, 179, 374, 405, 143, 153, 262, 165, 369, 260, 384, 124, 115, 297, 398, 235, 248, 357, 221, 393, 138, 383, 307, 287, 228, 188, 142, 322, 270, 252, 103, 304, 160, 162, 403, 242, 148, 132, 207, 399, 200, 277, 236, 178, 362, 199, 216, 172, 310, 227, 327, 355, 288, 333, 158, 269, 401, 387, 344, 116, 359, 173, 308, 230, 353, 185, 312, 268, 385, 217, 105, 314, 289, 154, 335, 130, 176, 177, 194, 220, 257, 337, 99, 169, 345, 338, 352, 313, 340, 346, 309, 146, 245, 104, 402, 244, 184, 366, 189, 294, 137, 296]"
diversity_on_nsga2,32,-61.24536842151017,15.304631578489829,28.154631578489827,"[85, 47, 91, 9, 67, 26, 14, 50, 62, 49, 40, 46, 94, 65, 3, 51, 36, 2, 41, 34, 64, 12, 16, 81, 25, 55, 18, 74, 72, 32, 53, 33, 76, 20, 82, 88, 58, 69, 42, 54, 4, 59, 87, 66, 28, 83, 10, 22, 78, 56, 39, 27, 68, 63, 13, 48, 93, 92, 86, 7, 52, 19, 37, 17, 84, 5, 29, 8, 61, 6, 60, 75, 79, 31, 43, 23, 30, 90, 35, 11, 21, 73, 80, 71, 24, 70, 15, 57, 1, 89, 38, 45, 44, 77]","[232, 275, 400, 318, 190, 295, 282, 382, 254, 127, 109, 323, 183, 149, 105, 145, 365, 324, 168, 198, 354, 364, 122, 358, 316, 396, 286, 119, 291, 266, 144, 212, 350, 298, 341, 256, 292, 351, 348, 135, 397, 225, 379, 193, 151, 305, 208, 360, 246, 258, 283, 136, 150, 339, 389, 349, 367, 121, 209, 255, 110, 211, 120, 218, 317, 239, 326, 134, 356, 386, 373, 113, 100, 156, 395, 234, 306, 204, 112, 197, 226, 368, 117, 315, 265, 272, 152, 129, 196, 253, 243, 167, 191, 381, 331, 320, 213, 311, 361, 319, 163, 223, 195, 390, 171, 279, 301, 372, 140, 302, 274, 161, 273, 237, 131, 276, 107, 377, 251, 96, 394, 391, 392, 240, 300, 332, 249, 114, 250, 347, 215, 370, 164, 293, 284, 371, 174, 335, 111, 388, 206, 376, 126, 192, 157, 141, 203, 159, 201, 214, 170, 325, 247, 233, 299, 139, 264, 205, 101, 342, 186, 108, 202, 229, 285, 222, 181, 271, 259, 404, 378, 166, 210, 123, 375, 173, 241, 95, 98, 261, 363, 187, 329, 330, 219, 231, 267, 328, 263, 155, 281, 334, 303, 278, 321, 336, 118, 125, 128, 182, 175, 97, 106, 147, 102, 224, 343, 380, 290, 280, 179, 374, 405, 143, 153, 262, 165, 369, 260, 384, 124, 115, 297, 398, 235, 248, 357, 221, 393, 138, 383, 307, 287, 228, 188, 142, 322, 270, 252, 103, 304, 160, 162, 403, 242, 148, 132, 207, 399, 200, 277, 236, 178, 362, 199, 216, 172, 310, 227, 327, 355, 288, 333, 158, 269, 401, 387, 344, 116, 359, 308, 230, 353, 185, 312, 268, 385, 217, 180, 314, 289, 154, 238, 130, 176, 177, 194, 220, 257, 337, 99, 169, 345, 338, 352, 313, 340, 346, 309, 146, 245, 104, 402, 244, 184, 366, 189, 294, 137, 296, 133]"
diversity_on_nsga2,33,-34.21699295,7.483007049999999,24.48300705,"[32, 50, 14, 49, 94, 25, 41, 3, 51, 2, 64, 30, 29, 91, 18, 79, 20, 76, 34, 17, 9, 53, 54, 63, 22, 93, 73, 74, 1, 26, 67, 66, 8, 72, 88, 36, 31, 58, 27, 38, 5, 82, 92, 60, 44, 52, 87, 24, 84, 15, 48, 83, 39, 55, 62, 37, 21, 43, 28, 56, 81, 70, 35, 42, 85, 59, 47, 68, 23, 10, 75, 16, 6, 7, 65, 13, 61, 78, 69, 11, 57, 71, 12, 45, 4, 46, 90, 80, 86, 40, 19, 77, 89, 33]","[178, 236, 151, 321, 382, 254, 396, 288, 353, 359, 330, 381, 165, 104, 140, 195, 261, 279, 161, 224, 262, 127, 336, 369, 227, 399, 333, 158, 269, 114, 392, 215, 376, 401, 387, 327, 281, 160, 217, 105, 314, 289, 154, 335, 130, 223, 176, 177, 194, 350, 257, 337, 99, 225, 169, 345, 338, 352, 340, 346, 309, 146, 245, 305, 402, 244, 96, 184, 366, 243, 189, 294, 137, 296, 133, 117, 380, 313, 106, 232, 275, 400, 163, 318, 190, 295, 300, 394, 282, 250, 388, 180, 145, 365, 324, 125, 168, 210, 384, 153, 301, 181, 299, 187, 156, 201, 135, 343, 131, 354, 119, 175, 112, 116, 241, 216, 179, 375, 385, 290, 149, 341, 109, 358, 193, 199, 173, 404, 368, 183, 196, 253, 222, 191, 143, 148, 320, 213, 311, 361, 334, 188, 319, 231, 286, 390, 171, 302, 274, 230, 271, 398, 310, 198, 276, 100, 107, 377, 205, 251, 386, 329, 249, 166, 118, 347, 144, 370, 293, 284, 174, 307, 206, 393, 280, 278, 126, 192, 157, 203, 219, 159, 170, 247, 95, 291, 357, 264, 306, 98, 108, 378, 202, 97, 185, 342, 292, 214, 348, 155, 332, 371, 141, 248, 391, 331, 139, 233, 312, 256, 235, 221, 111, 273, 268, 405, 360, 237, 246, 240, 138, 328, 200, 263, 287, 258, 285, 283, 136, 186, 242, 150, 303, 339, 267, 164, 325, 123, 389, 372, 142, 349, 129, 252, 162, 367, 121, 209, 403, 265, 207, 255, 110, 103, 322, 272, 397, 211, 120, 363, 218, 132, 317, 182, 266, 115, 239, 128, 326, 167, 297, 147, 134, 356, 229, 152, 304, 373, 113, 197, 124, 379, 226, 122, 355, 351, 228, 212, 259, 102, 204, 270, 308, 220, 277, 208, 395, 298, 374, 383, 344, 260, 234, 238, 172, 362, 101, 364, 316, 323, 315]"
diversity_on_nsga2,34,-16.7639080125,8.2260919875,13.3360919875,"[81, 24, 11, 74, 44, 14, 92, 5, 64, 58, 73, 32, 45, 6, 67, 17, 87, 25, 18, 66, 26, 52, 41, 36, 29, 54, 22, 83, 28, 70, 42, 93, 59, 27, 68, 23, 10, 75, 16, 7, 65, 61, 49, 69, 39, 12, 63, 90, 80, 34, 13, 77, 19, 85, 2, 78, 94, 56, 79, 55, 21, 43, 20, 84, 15, 40, 48, 72, 35, 88, 31, 47, 9, 50, 62, 91, 38, 3, 51, 37, 30, 89, 53, 33, 82, 60, 46, 4, 86, 71, 1, 57, 8, 76]","[300, 180, 378, 291, 282, 319, 144, 346, 343, 295, 337, 352, 199, 387, 196, 335, 176, 381, 289, 320, 361, 334, 286, 137, 288, 171, 279, 301, 140, 274, 161, 310, 107, 96, 394, 314, 154, 250, 401, 284, 345, 388, 376, 278, 145, 168, 364, 370, 316, 344, 396, 293, 205, 350, 341, 191, 116, 157, 382, 119, 302, 365, 102, 101, 254, 127, 195, 212, 109, 122, 324, 323, 183, 181, 404, 166, 210, 384, 261, 187, 330, 281, 321, 336, 118, 125, 106, 224, 380, 290, 179, 374, 262, 165, 369, 260, 375, 124, 398, 149, 357, 393, 383, 307, 228, 298, 358, 354, 213, 159, 270, 206, 264, 359, 294, 188, 296, 366, 245, 163, 399, 329, 333, 227, 99, 338, 108, 216, 217, 220, 277, 175, 148, 232, 194, 177, 133, 257, 104, 172, 223, 131, 351, 251, 126, 280, 173, 241, 231, 135, 327, 253, 225, 379, 305, 208, 156, 395, 234, 202, 98, 174, 222, 276, 192, 385, 308, 143, 271, 219, 230, 249, 247, 299, 353, 97, 218, 342, 292, 214, 348, 155, 332, 371, 141, 248, 391, 331, 139, 233, 312, 256, 235, 221, 111, 273, 268, 405, 360, 237, 246, 240, 138, 328, 263, 287, 258, 285, 283, 136, 186, 242, 150, 303, 339, 267, 164, 325, 123, 389, 372, 142, 349, 129, 252, 162, 367, 121, 209, 403, 265, 207, 255, 110, 103, 322, 397, 211, 120, 363, 185, 317, 182, 115, 239, 326, 167, 297, 147, 134, 356, 229, 386, 304, 373, 272, 198, 151, 203, 105, 201, 130, 170, 95, 128, 306, 113, 259, 377, 152, 100, 193, 238, 347, 153, 132, 390, 204, 112, 311, 197, 236, 178, 362, 226, 117, 315, 368, 200, 158, 269, 114, 392, 215, 355, 160, 275, 400, 266, 169, 313, 340, 309, 146, 402, 244, 184, 243, 189, 318, 190]"
diversity_on_nsga2,35,-43.828105820543136,30.521894179456858,19.67189417945686,"[2, 78, 30, 26, 48, 88, 65, 80, 11, 1, 53, 94, 58, 31, 79, 62, 44, 33, 49, 28, 16, 57, 72, 25, 6, 4, 52, 47, 59, 10, 35, 64, 13, 54, 22, 24, 68, 38, 60, 43, 15, 84, 7, 32, 55, 51, 23, 56, 50, 12, 86, 17, 39, 37, 14, 42, 34, 40, 3, 45, 91, 89, 70, 74, 41, 92, 76, 19, 82, 85, 20, 69, 87, 90, 77, 5, 9, 81, 27, 73, 83, 21, 63, 29, 8, 75, 93, 18, 46, 71, 61, 67, 36, 66]","[105, 243, 121, 279, 248, 200, 125, 354, 122, 218, 375, 242, 195, 187, 169, 267, 285, 202, 182, 213, 133, 239, 297, 382, 194, 358, 341, 148, 170, 224, 181, 327, 101, 289, 97, 315, 161, 192, 374, 201, 348, 302, 280, 246, 304, 141, 278, 199, 150, 403, 128, 287, 235, 340, 103, 254, 208, 207, 323, 291, 190, 359, 262, 240, 131, 152, 222, 361, 277, 286, 288, 274, 156, 186, 395, 283, 236, 198, 330, 139, 258, 376, 321, 146, 136, 144, 252, 264, 166, 295, 100, 197, 263, 401, 369, 259, 119, 151, 313, 145, 237, 337, 256, 134, 203, 229, 385, 306, 234, 251, 311, 394, 370, 162, 228, 225, 257, 355, 204, 196, 160, 96, 189, 255, 290, 260, 298, 188, 205, 314, 391, 268, 322, 155, 363, 233, 356, 114, 334, 320, 158, 232, 284, 127, 397, 404, 216, 344, 175, 331, 249, 153, 184, 371, 247, 214, 163, 281, 108, 212, 293, 400, 206, 111, 138, 296, 238, 209, 109, 386, 217, 388, 347, 336, 270, 333, 159, 102, 220, 339, 366, 335, 301, 210, 342, 282, 357, 362, 352, 137, 124, 167, 346, 245, 378, 147, 113, 332, 164, 338, 353, 135, 95, 173, 310, 269, 191, 384, 226, 110, 364, 104, 392, 360, 276, 244, 387, 115, 396, 126, 171, 117, 373, 325, 178, 312, 390, 389, 106, 107, 377, 168, 116, 372, 143, 307, 112, 241, 398, 402, 309, 368, 219, 223, 343, 172, 98, 130, 231, 345, 183, 272, 123, 129, 120, 177, 349, 324, 179, 132, 308, 303, 305, 299, 157, 405, 399, 317, 180, 140, 328, 176, 275, 273, 266, 351, 193, 367, 316, 174, 149, 165, 221, 300, 294, 118, 215, 292, 381, 227, 154, 380, 365, 329, 318, 99, 253, 261, 211, 185, 230, 326, 265, 350, 379, 383, 250, 319, 142, 271, 393]"
diversity_on_nsga2,36,-80.26658975,23.70341025,40.73341025,"[85, 9, 30, 37, 58, 31, 62, 21, 51, 65, 46, 71, 50, 38, 24, 79, 12, 41, 81, 73, 7, 26, 77, 87, 11, 17, 84, 53, 69, 83, 93, 54, 60, 4, 22, 86, 15, 1, 74, 32, 92, 70, 45, 52, 44, 3, 19, 34, 28, 56, 80, 88, 39, 33, 61, 40, 67, 66, 8, 72, 35, 36, 47, 90, 5, 82, 89, 59, 14, 49, 2, 64, 57, 29, 18, 42, 20, 76, 78, 43, 91, 27, 68, 23, 10, 63, 16, 6, 94, 25, 48, 55, 13, 75]","[170, 202, 201, 197, 208, 395, 374, 228, 204, 196, 290, 260, 188, 108, 109, 362, 147, 226, 178, 390, 107, 112, 398, 117, 305, 166, 118, 284, 393, 306, 379, 281, 220, 234, 236, 199, 179, 171, 216, 183, 270, 172, 310, 206, 321, 291, 301, 330, 381, 165, 101, 140, 106, 195, 261, 279, 161, 224, 262, 127, 336, 369, 227, 399, 333, 158, 269, 114, 392, 215, 376, 401, 387, 327, 355, 95, 217, 105, 314, 289, 154, 335, 130, 223, 176, 177, 194, 288, 233, 266, 337, 99, 225, 169, 345, 338, 352, 313, 340, 346, 309, 146, 245, 104, 402, 244, 96, 184, 366, 243, 189, 294, 137, 296, 133, 232, 275, 400, 163, 388, 190, 295, 300, 394, 282, 250, 318, 180, 145, 365, 324, 125, 168, 210, 102, 329, 198, 357, 354, 364, 380, 378, 122, 370, 358, 187, 316, 278, 159, 396, 293, 404, 264, 343, 286, 205, 319, 384, 307, 144, 212, 120, 298, 253, 341, 191, 116, 157, 359, 231, 131, 351, 251, 126, 280, 173, 241, 160, 98, 174, 222, 276, 192, 385, 308, 143, 271, 219, 119, 230, 249, 247, 277, 353, 97, 185, 342, 292, 214, 348, 155, 332, 371, 141, 248, 391, 331, 139, 257, 312, 256, 235, 221, 397, 135, 268, 175, 405, 360, 237, 246, 240, 138, 328, 200, 263, 287, 258, 285, 283, 136, 186, 242, 150, 303, 339, 267, 164, 325, 123, 389, 372, 142, 349, 129, 252, 162, 367, 121, 209, 403, 265, 207, 255, 110, 103, 322, 272, 111, 211, 350, 363, 218, 132, 317, 182, 148, 115, 239, 128, 326, 167, 297, 383, 134, 356, 229, 386, 304, 373, 113, 259, 377, 152, 100, 193, 151, 238, 347, 153, 213, 344, 124, 361, 299, 149, 368, 320, 334, 273, 311, 274, 382, 203, 323, 254, 315, 302, 181, 375, 156]"
diversity_on_nsga2,37,-34.7,7.31,32.5,"[32, 70, 61, 6, 27, 87, 25, 18, 66, 23, 52, 36, 29, 83, 10, 7, 26, 44, 58, 19, 37, 40, 85, 47, 9, 50, 38, 2, 76, 73, 94, 55, 72, 28, 45, 39, 33, 41, 79, 82, 20, 57, 17, 31, 69, 1, 65, 22, 8, 15, 54, 78, 56, 84, 43, 48, 35, 42, 93, 59, 75, 16, 12, 24, 63, 90, 80, 86, 21, 89, 67, 62, 49, 3, 51, 30, 91, 34, 53, 68, 60, 46, 4, 71, 88, 13, 81, 11, 74, 77, 14, 92, 5, 64]","[362, 109, 107, 199, 179, 171, 183, 270, 172, 310, 206, 321, 301, 381, 165, 101, 140, 195, 279, 161, 224, 262, 127, 336, 344, 396, 192, 308, 268, 229, 302, 347, 273, 385, 365, 102, 317, 377, 324, 181, 166, 210, 125, 218, 380, 314, 374, 287, 316, 326, 167, 304, 294, 296, 366, 245, 163, 295, 333, 271, 230, 249, 247, 353, 185, 342, 214, 332, 371, 141, 391, 139, 233, 312, 235, 111, 227, 360, 237, 246, 240, 200, 258, 285, 283, 186, 242, 150, 164, 325, 123, 389, 372, 142, 349, 129, 252, 162, 110, 322, 105, 130, 99, 338, 259, 217, 232, 194, 177, 133, 257, 104, 223, 309, 180, 375, 261, 363, 330, 219, 267, 328, 263, 155, 281, 329, 198, 357, 354, 378, 122, 370, 358, 187, 278, 159, 293, 404, 264, 286, 205, 319, 384, 307, 119, 175, 291, 266, 144, 212, 350, 298, 253, 341, 191, 116, 157, 359, 231, 131, 351, 251, 126, 280, 173, 241, 95, 98, 174, 222, 276, 143, 97, 292, 348, 248, 331, 382, 221, 135, 405, 138, 395, 136, 303, 339, 367, 121, 209, 403, 265, 207, 255, 103, 216, 272, 397, 211, 120, 132, 182, 148, 115, 239, 128, 297, 147, 134, 356, 386, 369, 373, 113, 152, 100, 193, 151, 238, 153, 213, 124, 361, 305, 208, 156, 383, 234, 306, 202, 390, 228, 204, 112, 398, 311, 197, 201, 290, 226, 170, 368, 117, 284, 315, 334, 274, 108, 203, 220, 277, 393, 149, 188, 260, 118, 379, 236, 269, 402, 158, 169, 340, 355, 160, 313, 146, 244, 184, 243, 189, 275, 400, 318, 190, 300, 114, 392, 215, 282, 346, 343, 399, 337, 352, 387, 335, 176, 289, 137, 288, 96, 225, 394, 154, 250, 401, 345, 388, 376, 327, 145, 168, 364, 256, 106, 299, 323, 196, 254, 320, 178]"
diversity_on_nsga2,38,-59.377905238074966,23.352094761925038,21.922094761925045,"[39, 36, 72, 30, 37, 58, 31, 55, 62, 21, 2, 51, 65, 67, 46, 71, 50, 38, 24, 44, 12, 41, 42, 57, 73, 7, 26, 77, 13, 87, 34, 11, 17, 25, 5, 53, 69, 43, 68, 83, 93, 54, 60, 10, 4, 22, 86, 15, 1, 74, 32, 92, 70, 45, 52, 79, 3, 61, 6, 19, 84, 48, 88, 14, 90, 59, 75, 63, 81, 80, 47, 64, 49, 40, 9, 8, 76, 20, 82, 66, 29, 28, 56, 89, 35, 91, 27, 16, 94, 33, 85, 78, 18, 23]","[342, 371, 248, 391, 233, 268, 175, 263, 287, 285, 136, 242, 125, 325, 389, 129, 213, 100, 234, 236, 232, 116, 231, 160, 134, 382, 315, 310, 380, 353, 339, 128, 311, 354, 348, 170, 366, 334, 341, 217, 324, 239, 199, 385, 330, 331, 390, 316, 401, 235, 302, 214, 200, 131, 265, 159, 271, 121, 95, 256, 240, 398, 260, 137, 220, 147, 403, 404, 399, 289, 225, 132, 361, 149, 305, 317, 312, 360, 215, 155, 328, 162, 151, 189, 250, 104, 193, 327, 322, 262, 372, 168, 277, 247, 109, 139, 258, 357, 207, 146, 338, 227, 292, 103, 396, 321, 154, 333, 138, 267, 156, 283, 135, 355, 326, 185, 343, 198, 245, 319, 402, 112, 387, 323, 167, 238, 244, 346, 266, 152, 279, 211, 370, 394, 191, 288, 356, 350, 336, 150, 340, 190, 313, 111, 180, 280, 386, 368, 381, 363, 158, 108, 393, 219, 126, 237, 172, 306, 251, 195, 171, 296, 101, 241, 369, 223, 284, 113, 347, 166, 253, 183, 210, 269, 365, 290, 169, 320, 186, 255, 303, 110, 377, 273, 367, 114, 335, 107, 301, 318, 261, 400, 216, 230, 249, 142, 373, 243, 178, 161, 264, 204, 140, 127, 218, 182, 148, 304, 153, 181, 117, 274, 203, 188, 375, 254, 362, 196, 179, 291, 224, 176, 194, 257, 337, 352, 309, 96, 133, 163, 295, 282, 388, 145, 221, 364, 358, 278, 286, 384, 307, 359, 173, 98, 222, 276, 105, 192, 297, 205, 345, 376, 164, 165, 202, 329, 118, 299, 201, 120, 141, 130, 293, 99, 144, 378, 314, 123, 157, 174, 300, 332, 392, 206, 229, 124, 379, 209, 294, 187, 226, 246, 122, 106, 281, 351, 228, 212, 259, 102, 405, 197, 270, 308, 208, 115, 397, 395, 184, 298, 374, 272, 349, 383, 252, 177, 344, 275, 143, 119, 97]"
diversity_on_nsga2,39,-35.49999999999999,17.12,6.4,"[25, 50, 65, 76, 9, 46, 23, 41, 38, 10, 85, 51, 78, 94, 55, 62, 81, 13, 71, 21, 7, 26, 77, 87, 11, 17, 84, 53, 69, 83, 93, 54, 60, 4, 22, 37, 15, 1, 74, 32, 92, 70, 45, 52, 44, 3, 28, 56, 80, 31, 39, 33, 61, 40, 67, 66, 8, 72, 35, 36, 47, 90, 5, 82, 89, 59, 14, 49, 2, 64, 75, 79, 43, 30, 73, 24, 57, 91, 34, 12, 16, 18, 20, 88, 58, 42, 27, 68, 63, 48, 86, 19, 29, 6]","[275, 400, 318, 190, 295, 282, 254, 127, 323, 149, 105, 145, 365, 324, 168, 198, 354, 122, 358, 316, 396, 286, 119, 266, 144, 212, 350, 298, 341, 256, 292, 351, 348, 135, 397, 225, 379, 193, 151, 208, 360, 246, 136, 150, 339, 367, 209, 255, 211, 373, 113, 100, 395, 204, 112, 197, 226, 368, 117, 315, 294, 196, 253, 243, 191, 331, 320, 213, 311, 319, 163, 223, 171, 279, 301, 372, 302, 161, 237, 131, 276, 377, 251, 96, 394, 391, 392, 240, 300, 332, 249, 114, 250, 347, 215, 370, 164, 293, 284, 371, 335, 111, 388, 376, 126, 192, 157, 141, 159, 201, 214, 170, 325, 247, 233, 299, 139, 264, 205, 101, 342, 186, 202, 229, 285, 222, 181, 271, 259, 404, 378, 210, 123, 375, 173, 241, 95, 98, 261, 187, 329, 330, 219, 231, 267, 328, 263, 155, 281, 334, 303, 278, 152, 118, 125, 128, 182, 175, 97, 106, 102, 224, 343, 380, 290, 280, 374, 405, 143, 153, 262, 165, 369, 260, 384, 124, 297, 398, 235, 248, 357, 221, 393, 138, 307, 188, 142, 270, 160, 162, 403, 132, 399, 200, 277, 236, 216, 172, 310, 327, 355, 288, 333, 158, 269, 401, 227, 174, 287, 258, 283, 242, 389, 129, 252, 121, 265, 207, 110, 272, 120, 363, 218, 317, 148, 115, 239, 326, 167, 147, 134, 356, 386, 349, 361, 305, 156, 383, 273, 234, 166, 306, 390, 228, 304, 103, 322, 107, 178, 362, 109, 199, 179, 183, 206, 321, 291, 381, 140, 195, 364, 274, 382, 108, 203, 220, 387, 344, 116, 359, 308, 230, 353, 185, 312, 268, 385, 217, 180, 314, 289, 154, 238, 130, 176, 177, 194, 257, 337, 99, 169, 345, 338, 352, 313, 340, 346, 309, 146, 245, 104, 402, 244, 184, 366, 189, 336, 137, 296, 133, 232]"
diversity_on_nsga2,40,-22.686460825,10.893539175,6.4135391749999995,"[26, 50, 62, 14, 7, 46, 94, 38, 27, 3, 51, 36, 64, 37, 30, 49, 29, 25, 55, 73, 74, 57, 72, 58, 53, 33, 20, 48, 6, 81, 5, 34, 15, 54, 66, 32, 2, 79, 76, 18, 93, 82, 88, 17, 31, 69, 1, 65, 22, 8, 84, 92, 60, 44, 52, 87, 4, 83, 28, 56, 89, 70, 35, 42, 59, 43, 16, 68, 23, 67, 75, 41, 13, 61, 78, 11, 10, 39, 71, 12, 45, 24, 63, 90, 80, 86, 21, 40, 19, 77, 85, 47, 91, 9]","[275, 400, 300, 346, 199, 146, 104, 402, 117, 364, 323, 318, 315, 178, 283, 236, 158, 190, 343, 244, 394, 282, 250, 388, 180, 145, 285, 168, 198, 378, 278, 286, 319, 291, 266, 144, 251, 280, 95, 276, 299, 195, 261, 279, 161, 224, 262, 127, 336, 370, 316, 344, 396, 293, 205, 350, 341, 191, 116, 157, 131, 126, 173, 98, 174, 192, 308, 268, 119, 229, 175, 302, 347, 273, 385, 365, 102, 317, 377, 212, 122, 324, 181, 404, 166, 210, 384, 287, 358, 239, 401, 167, 202, 138, 222, 103, 363, 187, 231, 125, 182, 147, 218, 380, 290, 374, 143, 153, 369, 124, 297, 398, 357, 383, 307, 228, 298, 241, 136, 351, 386, 120, 132, 148, 354, 326, 356, 304, 113, 152, 100, 193, 213, 159, 305, 156, 234, 248, 390, 264, 359, 294, 296, 366, 245, 163, 295, 208, 329, 333, 271, 219, 230, 249, 247, 353, 97, 185, 342, 292, 214, 348, 155, 332, 371, 141, 373, 391, 331, 233, 312, 256, 235, 221, 111, 135, 227, 405, 360, 237, 246, 240, 328, 200, 263, 253, 258, 139, 259, 186, 242, 150, 303, 339, 267, 164, 325, 123, 389, 372, 142, 349, 129, 252, 162, 367, 121, 209, 403, 265, 207, 255, 322, 272, 397, 110, 211, 115, 128, 134, 151, 238, 361, 395, 306, 204, 112, 311, 197, 201, 277, 226, 170, 368, 284, 334, 274, 382, 108, 203, 220, 393, 149, 188, 260, 375, 118, 379, 107, 281, 254, 320, 362, 109, 196, 309, 179, 171, 216, 183, 270, 172, 310, 206, 321, 301, 330, 381, 165, 101, 140, 106, 399, 269, 114, 392, 215, 376, 387, 327, 355, 160, 217, 105, 314, 289, 154, 335, 130, 223, 176, 177, 194, 288, 257, 337, 99, 225, 169, 345, 338, 352, 313, 340, 96, 184, 243, 189, 137, 133, 232]"
diversity_on_nsga2,41,-56.16289434999999,19.567105650000006,26.137105650000002,"[9, 19, 23, 74, 25, 16, 91, 34, 18, 72, 47, 66, 90, 35, 84, 52, 3, 73, 80, 71, 30, 29, 64, 70, 15, 75, 57, 1, 89, 65, 76, 45, 33, 50, 77, 44, 26, 32, 69, 67, 54, 4, 59, 87, 46, 31, 41, 28, 36, 2, 83, 38, 10, 85, 51, 22, 53, 78, 94, 56, 39, 55, 62, 37, 21, 43, 20, 11, 17, 42, 12, 68, 60, 14, 93, 6, 92, 27, 8, 88, 5, 79, 86, 58, 49, 40, 61, 7, 13, 81, 24, 63, 48, 82]","[158, 154, 275, 398, 190, 300, 125, 102, 357, 380, 358, 278, 159, 343, 325, 384, 307, 291, 144, 298, 287, 99, 167, 345, 338, 352, 346, 309, 233, 104, 96, 366, 294, 137, 296, 133, 232, 163, 295, 394, 333, 269, 326, 215, 376, 401, 387, 282, 250, 388, 145, 168, 354, 364, 370, 316, 344, 396, 293, 264, 205, 350, 341, 191, 116, 157, 359, 208, 126, 173, 95, 98, 174, 192, 308, 230, 249, 247, 299, 353, 185, 342, 332, 371, 141, 177, 194, 288, 257, 266, 337, 391, 301, 139, 245, 312, 235, 111, 268, 360, 246, 240, 200, 119, 382, 229, 175, 214, 302, 347, 273, 385, 365, 218, 317, 101, 254, 276, 377, 127, 195, 198, 212, 237, 109, 122, 180, 324, 323, 183, 251, 181, 271, 259, 404, 378, 166, 210, 375, 261, 363, 187, 329, 330, 219, 231, 328, 263, 155, 281, 351, 280, 241, 143, 97, 292, 348, 248, 331, 256, 221, 135, 405, 138, 395, 136, 216, 272, 397, 211, 120, 132, 182, 148, 115, 239, 128, 297, 147, 356, 386, 369, 373, 113, 152, 100, 193, 151, 238, 153, 213, 124, 361, 305, 253, 258, 285, 283, 222, 134, 319, 186, 242, 150, 303, 339, 267, 164, 286, 123, 389, 372, 142, 349, 129, 252, 162, 367, 121, 209, 403, 265, 207, 255, 110, 146, 220, 202, 170, 172, 203, 379, 236, 274, 189, 243, 311, 320, 322, 270, 103, 149, 304, 160, 206, 399, 400, 114, 105, 392, 318, 244, 383, 336, 340, 234, 169, 306, 390, 362, 228, 310, 112, 314, 106, 197, 201, 118, 290, 262, 368, 393, 130, 107, 381, 196, 313, 171, 355, 184, 131, 284, 223, 188, 321, 279, 176, 327, 117, 161, 217, 226, 334, 289, 224, 335, 165, 315, 199, 204, 140, 227, 277, 108, 225, 156, 402, 178, 260, 374, 179]"
diversity_on_nsga2,42,-77.89990382221664,20.380096177783344,49.50009617778335,"[47, 9, 67, 26, 14, 44, 46, 38, 79, 45, 73, 36, 2, 40, 34, 64, 37, 30, 81, 19, 25, 89, 31, 58, 53, 33, 20, 82, 17, 5, 1, 22, 8, 65, 32, 92, 60, 52, 87, 4, 83, 88, 70, 42, 93, 68, 23, 10, 61, 66, 51, 15, 54, 29, 94, 56, 39, 55, 43, 48, 72, 35, 28, 90, 80, 16, 75, 18, 59, 50, 62, 49, 91, 63, 3, 74, 84, 76, 12, 7, 11, 69, 21, 24, 86, 71, 57, 13, 41, 78, 27, 6, 77, 85]","[273, 161, 274, 382, 203, 323, 320, 254, 401, 96, 395, 370, 224, 302, 260, 127, 350, 145, 317, 262, 268, 119, 134, 385, 341, 199, 361, 334, 286, 288, 188, 394, 284, 280, 101, 278, 192, 205, 376, 299, 338, 174, 229, 308, 181, 166, 330, 363, 182, 218, 290, 128, 374, 369, 297, 383, 287, 228, 298, 358, 136, 351, 148, 239, 326, 356, 304, 152, 100, 193, 213, 305, 156, 234, 202, 264, 359, 295, 208, 271, 230, 97, 185, 292, 348, 155, 141, 391, 233, 256, 235, 237, 246, 210, 263, 253, 258, 285, 283, 222, 186, 242, 150, 252, 162, 121, 403, 265, 207, 255, 103, 322, 151, 201, 170, 314, 306, 259, 197, 204, 277, 232, 194, 133, 257, 315, 158, 340, 355, 266, 313, 146, 139, 189, 190, 114, 378, 319, 144, 251, 248, 337, 291, 236, 397, 404, 216, 344, 175, 331, 249, 153, 184, 371, 247, 214, 163, 281, 335, 212, 293, 400, 206, 111, 138, 296, 238, 209, 109, 386, 217, 388, 347, 336, 270, 333, 159, 102, 220, 157, 366, 108, 301, 240, 342, 282, 357, 362, 352, 137, 124, 167, 346, 245, 160, 147, 113, 332, 164, 339, 353, 135, 95, 130, 310, 269, 191, 384, 226, 110, 364, 104, 392, 360, 276, 244, 387, 115, 396, 126, 171, 117, 272, 198, 105, 99, 177, 223, 309, 180, 402, 169, 211, 112, 243, 275, 318, 300, 215, 368, 399, 176, 289, 311, 327, 321, 225, 178, 106, 107, 377, 172, 345, 183, 324, 179, 116, 316, 165, 294, 118, 381, 154, 380, 125, 168, 354, 122, 187, 307, 140, 231, 131, 132, 173, 241, 98, 143, 120, 390, 398, 196, 393, 149, 365, 261, 379, 250, 279, 375, 195, 329, 219, 373, 312, 221, 227, 405, 328, 200, 343, 303, 267, 325, 123, 389, 372, 142, 349, 129, 367]"
diversity_on_nsga2,43,-53.065096056730766,12.354903943269232,29.73490394326923,"[30, 91, 41, 63, 77, 78, 12, 13, 34, 11, 9, 69, 24, 86, 71, 57, 73, 45, 61, 6, 46, 49, 7, 26, 67, 85, 40, 29, 25, 55, 18, 74, 72, 58, 53, 33, 76, 60, 82, 88, 17, 84, 5, 1, 48, 22, 8, 15, 54, 66, 32, 92, 20, 44, 52, 87, 4, 83, 28, 56, 81, 80, 59, 42, 93, 35, 43, 27, 68, 23, 10, 75, 79, 31, 36, 21, 47, 65, 90, 70, 16, 19, 89, 39, 50, 62, 14, 94, 38, 3, 51, 2, 64, 37]","[180, 400, 269, 305, 149, 382, 254, 230, 306, 353, 360, 317, 150, 268, 134, 112, 399, 258, 333, 312, 185, 156, 218, 142, 109, 227, 401, 387, 327, 355, 160, 217, 105, 314, 289, 154, 335, 130, 137, 176, 177, 194, 288, 257, 337, 99, 169, 345, 338, 352, 313, 340, 346, 309, 146, 245, 104, 402, 117, 364, 316, 323, 318, 324, 315, 178, 283, 236, 158, 190, 244, 396, 350, 359, 354, 119, 256, 266, 116, 282, 168, 385, 341, 198, 199, 310, 173, 368, 183, 129, 196, 253, 243, 167, 191, 381, 331, 320, 213, 311, 361, 319, 163, 223, 195, 390, 171, 279, 301, 372, 140, 302, 274, 161, 273, 237, 131, 276, 107, 377, 251, 96, 394, 391, 392, 240, 300, 332, 249, 114, 250, 347, 215, 370, 164, 293, 284, 371, 174, 238, 111, 388, 206, 376, 126, 192, 157, 141, 203, 159, 201, 214, 170, 325, 247, 95, 233, 299, 139, 264, 205, 101, 342, 98, 186, 108, 202, 229, 285, 222, 181, 271, 259, 404, 378, 166, 210, 123, 375, 261, 363, 187, 329, 330, 219, 231, 267, 328, 263, 155, 281, 334, 303, 278, 321, 336, 118, 125, 128, 182, 175, 97, 106, 147, 102, 224, 343, 380, 290, 280, 179, 374, 405, 143, 153, 262, 165, 369, 260, 384, 124, 115, 297, 398, 235, 248, 357, 221, 393, 138, 383, 307, 287, 228, 188, 209, 298, 241, 358, 292, 136, 351, 348, 339, 386, 144, 135, 367, 121, 403, 265, 207, 255, 103, 322, 272, 397, 211, 120, 132, 148, 286, 239, 326, 225, 379, 356, 304, 373, 113, 152, 100, 193, 151, 216, 294, 226, 246, 122, 295, 212, 110, 197, 204, 270, 308, 220, 277, 208, 395, 145, 184, 232, 349, 252, 344, 133, 275, 389, 162, 127, 366, 234, 365, 296, 242, 291, 189, 172, 200, 362]"
diversity_on_nsga2,44,-57.5,14.440000000000001,33.900000000000006,"[85, 47, 91, 9, 67, 26, 50, 74, 1, 49, 41, 46, 94, 38, 16, 3, 36, 2, 73, 34, 64, 13, 51, 37, 30, 89, 4, 20, 55, 18, 62, 72, 58, 53, 33, 76, 25, 82, 6, 69, 84, 5, 31, 48, 22, 8, 15, 54, 66, 32, 92, 60, 44, 52, 87, 28, 83, 29, 56, 81, 70, 35, 42, 93, 59, 43, 68, 23, 10, 75, 79, 7, 65, 14, 61, 78, 17, 11, 57, 39, 71, 12, 45, 24, 63, 90, 80, 86, 21, 40, 27, 88, 77, 19]","[313, 378, 396, 343, 400, 319, 387, 266, 273, 330, 376, 321, 166, 295, 401, 369, 145, 229, 394, 225, 203, 96, 290, 260, 188, 314, 363, 320, 127, 216, 344, 153, 163, 281, 206, 296, 109, 388, 347, 336, 270, 366, 301, 362, 245, 147, 310, 364, 286, 171, 178, 106, 107, 377, 172, 345, 183, 324, 179, 317, 140, 316, 165, 294, 118, 381, 154, 380, 125, 168, 210, 102, 357, 354, 122, 370, 358, 187, 278, 159, 293, 404, 264, 205, 384, 307, 119, 175, 291, 212, 350, 139, 341, 191, 116, 157, 359, 231, 131, 351, 132, 126, 280, 173, 241, 98, 174, 192, 385, 308, 143, 268, 299, 287, 136, 120, 148, 239, 193, 167, 297, 356, 386, 304, 113, 152, 100, 238, 213, 124, 305, 208, 156, 383, 234, 390, 228, 398, 284, 274, 108, 196, 220, 393, 149, 365, 261, 379, 250, 279, 218, 375, 195, 202, 333, 271, 219, 249, 247, 144, 298, 253, 235, 251, 95, 222, 276, 269, 230, 353, 97, 185, 342, 292, 214, 348, 155, 332, 371, 141, 248, 391, 331, 233, 312, 256, 221, 111, 405, 360, 237, 246, 240, 138, 328, 200, 263, 258, 285, 283, 186, 242, 150, 303, 339, 164, 325, 123, 389, 372, 142, 349, 129, 252, 162, 367, 121, 209, 403, 265, 207, 255, 110, 103, 322, 272, 397, 211, 182, 115, 128, 326, 134, 373, 259, 361, 395, 135, 306, 204, 112, 302, 311, 197, 201, 374, 226, 170, 181, 368, 117, 315, 334, 382, 277, 323, 236, 254, 199, 151, 101, 161, 224, 262, 160, 227, 399, 158, 114, 392, 215, 232, 327, 355, 217, 105, 289, 335, 130, 223, 176, 177, 194, 288, 257, 337, 99, 169, 338, 352, 340, 346, 309, 146, 104, 402, 244, 184, 243, 189, 137, 133, 275, 318, 190, 300, 282, 267, 180, 329, 198]"
diversity_on_nsga2,45,-22.299999999999997,8.46,12.3,"[66, 92, 87, 4, 83, 70, 9, 58, 5, 29, 71, 61, 18, 6, 52, 44, 73, 25, 2, 11, 23, 10, 13, 67, 45, 84, 64, 41, 8, 79, 76, 34, 38, 20, 88, 17, 31, 69, 1, 65, 22, 36, 15, 54, 78, 94, 56, 39, 55, 93, 27, 7, 57, 24, 86, 21, 19, 77, 85, 47, 43, 48, 72, 35, 28, 90, 80, 16, 75, 89, 59, 50, 82, 32, 3, 51, 30, 91, 63, 42, 12, 62, 53, 68, 60, 26, 14, 49, 46, 40, 33, 37, 81, 74]","[243, 189, 275, 400, 318, 190, 300, 125, 102, 357, 380, 358, 278, 159, 343, 286, 384, 307, 291, 266, 144, 298, 287, 194, 288, 257, 337, 99, 167, 345, 338, 352, 346, 309, 233, 104, 96, 366, 294, 137, 296, 133, 232, 163, 295, 394, 333, 269, 326, 215, 376, 401, 273, 282, 250, 388, 145, 168, 354, 364, 370, 316, 344, 396, 293, 264, 205, 350, 341, 191, 116, 157, 359, 131, 126, 173, 95, 98, 174, 192, 308, 230, 249, 247, 299, 353, 185, 342, 332, 371, 141, 391, 365, 139, 245, 312, 235, 111, 268, 360, 246, 240, 200, 119, 382, 229, 175, 214, 302, 347, 387, 385, 301, 218, 317, 132, 254, 276, 377, 127, 195, 198, 212, 237, 109, 122, 164, 324, 323, 183, 251, 181, 271, 259, 404, 378, 261, 210, 375, 166, 363, 187, 329, 330, 219, 231, 328, 263, 155, 281, 351, 280, 241, 143, 97, 292, 348, 248, 331, 256, 221, 135, 405, 138, 395, 136, 216, 272, 397, 211, 120, 101, 182, 148, 115, 239, 128, 297, 147, 356, 386, 369, 373, 113, 152, 100, 193, 151, 238, 153, 213, 124, 361, 305, 253, 258, 285, 283, 222, 134, 319, 186, 242, 150, 303, 339, 267, 180, 325, 123, 389, 372, 142, 349, 129, 252, 162, 367, 121, 209, 403, 265, 207, 255, 110, 103, 208, 156, 383, 234, 306, 202, 390, 228, 204, 112, 398, 311, 197, 201, 290, 226, 170, 368, 117, 284, 315, 334, 274, 108, 203, 220, 277, 393, 149, 188, 260, 118, 379, 236, 107, 320, 178, 362, 196, 199, 179, 171, 322, 270, 172, 310, 206, 321, 381, 165, 140, 106, 279, 161, 224, 262, 336, 304, 227, 399, 158, 114, 392, 327, 355, 160, 217, 105, 314, 289, 154, 335, 130, 223, 176, 177, 225, 169, 313, 340, 374, 146, 402, 244, 184]"
diversity_on_nsga2,46,-93.06812882302526,33.571871176974746,83.43187117697474,"[9, 92, 76, 63, 12, 14, 34, 69, 77, 81, 8, 71, 5, 64, 21, 58, 79, 73, 32, 45, 6, 67, 17, 87, 25, 18, 26, 52, 41, 36, 83, 38, 85, 22, 2, 94, 56, 70, 55, 20, 84, 15, 48, 72, 88, 31, 47, 28, 80, 23, 19, 89, 39, 35, 74, 53, 1, 24, 11, 42, 93, 59, 43, 27, 68, 82, 10, 16, 90, 54, 65, 13, 61, 40, 33, 50, 62, 49, 3, 51, 37, 30, 91, 44, 78, 66, 29, 75, 46, 57, 86, 7, 4, 60]","[336, 270, 220, 301, 362, 310, 203, 376, 401, 289, 154, 288, 345, 96, 137, 394, 250, 388, 145, 365, 324, 168, 102, 364, 122, 370, 316, 278, 293, 404, 286, 205, 212, 350, 341, 191, 116, 157, 119, 396, 171, 178, 106, 107, 393, 149, 377, 183, 179, 317, 140, 165, 118, 381, 261, 279, 375, 195, 382, 224, 181, 101, 161, 302, 199, 254, 323, 291, 262, 361, 274, 236, 166, 210, 384, 363, 187, 125, 182, 147, 218, 380, 290, 314, 374, 153, 369, 124, 297, 398, 357, 383, 307, 358, 386, 120, 132, 354, 167, 356, 304, 113, 152, 100, 193, 238, 213, 159, 264, 359, 294, 296, 366, 245, 163, 295, 333, 239, 148, 172, 131, 351, 251, 126, 280, 173, 241, 231, 225, 379, 305, 208, 156, 234, 202, 390, 311, 368, 98, 174, 276, 192, 385, 308, 143, 271, 299, 248, 139, 151, 268, 287, 258, 136, 228, 346, 219, 249, 247, 353, 342, 292, 214, 348, 155, 332, 371, 141, 373, 391, 331, 298, 233, 312, 256, 235, 221, 111, 135, 227, 405, 360, 237, 246, 240, 138, 328, 200, 263, 343, 285, 283, 222, 186, 242, 150, 303, 339, 267, 164, 325, 123, 389, 372, 142, 349, 129, 252, 162, 367, 121, 209, 403, 265, 207, 255, 110, 103, 322, 272, 198, 273, 105, 201, 130, 170, 95, 128, 306, 99, 338, 226, 259, 217, 197, 204, 277, 115, 397, 395, 232, 194, 335, 133, 257, 104, 223, 309, 180, 269, 117, 315, 402, 158, 169, 340, 355, 266, 160, 327, 329, 318, 253, 97, 211, 185, 230, 326, 134, 112, 313, 146, 244, 184, 243, 189, 275, 400, 190, 300, 114, 392, 215, 378, 282, 319, 144, 399, 337, 352, 387, 177, 176, 330, 321, 229, 196, 260, 188, 334, 320, 284, 127, 216, 344, 175, 281, 108, 206, 109, 347]"
diversity_on_nsga2,47,-40.400000000000006,13.74,10.8,"[30, 74, 72, 53, 89, 66, 32, 4, 9, 68, 5, 71, 61, 18, 6, 34, 25, 2, 11, 58, 23, 10, 13, 67, 45, 84, 38, 33, 41, 36, 79, 76, 73, 82, 20, 88, 17, 31, 69, 1, 65, 22, 8, 15, 54, 78, 94, 39, 55, 43, 48, 92, 60, 44, 52, 87, 28, 83, 85, 56, 81, 70, 35, 42, 93, 59, 27, 75, 16, 7, 91, 57, 12, 24, 3, 63, 90, 80, 86, 21, 51, 19, 77, 29, 47, 26, 50, 62, 14, 49, 46, 40, 64, 37]","[243, 189, 275, 400, 318, 190, 300, 125, 102, 357, 380, 358, 278, 159, 343, 286, 384, 307, 291, 266, 144, 298, 287, 194, 288, 257, 337, 99, 167, 345, 352, 346, 309, 233, 104, 96, 366, 294, 137, 296, 133, 232, 163, 295, 394, 333, 269, 326, 215, 376, 401, 387, 282, 250, 388, 145, 168, 354, 364, 399, 316, 344, 396, 293, 264, 205, 319, 350, 253, 341, 191, 116, 157, 359, 131, 126, 173, 95, 98, 174, 192, 308, 230, 249, 247, 299, 353, 185, 342, 332, 371, 348, 391, 301, 139, 245, 312, 235, 111, 268, 360, 240, 336, 258, 164, 325, 372, 285, 349, 129, 389, 119, 382, 229, 175, 186, 214, 302, 347, 273, 385, 365, 218, 317, 101, 254, 110, 276, 377, 142, 127, 283, 195, 198, 212, 237, 109, 122, 180, 324, 323, 183, 251, 222, 181, 271, 404, 378, 166, 210, 123, 375, 261, 363, 187, 329, 330, 219, 231, 202, 328, 263, 155, 281, 351, 280, 241, 143, 97, 292, 141, 248, 331, 256, 221, 135, 405, 138, 395, 136, 303, 339, 367, 209, 338, 216, 272, 397, 211, 120, 132, 182, 148, 115, 239, 297, 147, 134, 356, 386, 369, 373, 113, 152, 100, 193, 151, 238, 153, 213, 124, 361, 305, 208, 156, 383, 234, 267, 390, 112, 398, 311, 226, 368, 117, 284, 315, 334, 274, 108, 203, 220, 393, 149, 260, 118, 379, 236, 107, 320, 178, 362, 196, 199, 179, 171, 322, 270, 172, 310, 206, 321, 381, 165, 140, 106, 279, 161, 224, 262, 200, 304, 227, 370, 158, 114, 392, 327, 355, 160, 217, 105, 314, 289, 335, 130, 223, 176, 177, 225, 169, 313, 340, 374, 242, 150, 252, 121, 403, 265, 207, 103, 201, 170, 128, 306, 259, 197, 277, 246, 154, 162, 228, 204, 255, 290, 188, 146, 402, 244, 184]"
diversity_on_nsga2,48,-26.384449676923072,5.445550323076923,29.91555032307692,"[60, 61, 40, 48, 68, 25, 23, 34, 18, 72, 47, 31, 90, 35, 52, 3, 73, 30, 13, 33, 80, 71, 16, 24, 64, 70, 15, 75, 57, 1, 89, 76, 65, 45, 74, 50, 77, 44, 26, 32, 7, 69, 67, 63, 42, 54, 4, 59, 87, 46, 66, 11, 28, 36, 2, 29, 83, 38, 10, 85, 14, 51, 22, 19, 78, 94, 56, 39, 55, 62, 37, 21, 88, 20, 12, 84, 17, 91, 93, 6, 92, 27, 8, 43, 5, 79, 86, 58, 82, 53, 49, 81, 41, 9]","[190, 151, 382, 211, 403, 317, 261, 268, 266, 160, 399, 149, 109, 138, 346, 103, 381, 148, 334, 231, 267, 207, 274, 161, 237, 328, 251, 332, 304, 114, 345, 388, 206, 359, 105, 134, 307, 366, 260, 356, 221, 129, 389, 321, 404, 218, 235, 152, 215, 323, 233, 209, 193, 96, 197, 139, 158, 392, 243, 386, 216, 318, 128, 150, 224, 397, 375, 254, 238, 276, 101, 379, 153, 213, 344, 244, 292, 124, 361, 370, 119, 338, 305, 264, 253, 280, 278, 208, 360, 383, 380, 198, 247, 352, 384, 176, 303, 387, 236, 177, 336, 395, 295, 167, 246, 241, 173, 273, 291, 340, 234, 166, 405, 144, 283, 95, 202, 376, 205, 240, 390, 369, 271, 171, 186, 362, 228, 250, 289, 204, 310, 191, 112, 314, 391, 302, 398, 212, 311, 396, 210, 164, 296, 313, 106, 348, 248, 354, 131, 256, 201, 118, 341, 365, 333, 329, 331, 301, 374, 130, 275, 319, 290, 226, 337, 306, 217, 316, 196, 170, 163, 172, 262, 355, 141, 300, 97, 324, 342, 181, 368, 125, 257, 350, 343, 127, 117, 122, 351, 284, 339, 347, 156, 364, 402, 136, 133, 187, 285, 99, 315, 293, 174, 367, 378, 199, 358, 294, 312, 178, 220, 229, 154, 155, 279, 393, 185, 222, 219, 184, 377, 255, 298, 169, 357, 192, 182, 372, 143, 126, 230, 102, 104, 353, 277, 288, 308, 110, 194, 175, 120, 188, 98, 116, 269, 214, 168, 107, 401, 146, 189, 147, 286, 135, 371, 327, 363, 100, 111, 183, 335, 281, 232, 330, 265, 259, 326, 225, 180, 272, 227, 179, 123, 239, 137, 121, 203, 320, 115, 282, 142, 322, 394, 297, 287, 258, 270, 349, 140, 249, 252, 195, 385, 373, 165, 157, 159, 263, 325, 132, 299, 108, 113, 145, 162, 242, 223, 200, 309, 400, 245]"
diversity_on_nsga2,49,-40.58133158125,9.838668418749998,44.11866841875,"[21, 60, 50, 9, 75, 26, 87, 41, 68, 38, 55, 76, 63, 12, 17, 42, 34, 91, 19, 85, 20, 69, 77, 81, 73, 16, 71, 82, 79, 18, 6, 27, 7, 4, 22, 37, 15, 1, 74, 32, 92, 70, 45, 52, 44, 3, 28, 56, 80, 31, 39, 33, 61, 40, 67, 66, 8, 72, 35, 36, 47, 90, 5, 25, 89, 59, 14, 49, 2, 64, 57, 29, 30, 93, 43, 83, 23, 51, 78, 48, 88, 65, 53, 94, 58, 62, 24, 11, 46, 84, 86, 54, 10, 13]","[108, 206, 109, 270, 301, 362, 310, 203, 401, 327, 289, 154, 288, 225, 345, 96, 137, 394, 250, 388, 145, 365, 324, 168, 102, 364, 122, 370, 316, 278, 273, 293, 404, 286, 205, 212, 350, 341, 191, 116, 157, 131, 126, 280, 173, 98, 174, 192, 385, 308, 119, 396, 171, 178, 106, 107, 393, 172, 183, 179, 317, 140, 165, 118, 381, 261, 279, 195, 382, 181, 101, 302, 199, 254, 291, 262, 361, 274, 166, 210, 384, 271, 187, 231, 125, 182, 147, 218, 380, 290, 314, 374, 143, 369, 124, 297, 398, 357, 383, 307, 287, 215, 298, 241, 358, 136, 351, 386, 120, 132, 148, 354, 123, 326, 167, 356, 304, 159, 305, 156, 234, 202, 390, 264, 359, 294, 296, 366, 245, 163, 295, 208, 329, 333, 363, 219, 230, 249, 247, 353, 97, 185, 342, 292, 214, 348, 155, 332, 371, 141, 391, 331, 139, 233, 312, 256, 235, 221, 111, 135, 227, 405, 360, 237, 246, 240, 138, 328, 200, 263, 253, 258, 285, 283, 222, 186, 242, 150, 303, 339, 267, 164, 325, 239, 389, 372, 142, 349, 129, 252, 162, 367, 121, 209, 403, 265, 207, 255, 110, 103, 322, 272, 198, 105, 201, 130, 170, 95, 128, 306, 99, 338, 226, 217, 197, 204, 277, 115, 397, 395, 232, 194, 177, 133, 257, 104, 223, 309, 180, 269, 117, 315, 402, 169, 340, 211, 355, 266, 160, 134, 112, 313, 146, 244, 184, 243, 189, 275, 400, 318, 190, 300, 114, 392, 228, 378, 282, 319, 144, 251, 346, 276, 248, 368, 343, 220, 299, 149, 323, 188, 260, 375, 379, 236, 373, 113, 259, 377, 152, 100, 193, 151, 238, 347, 153, 213, 344, 281, 161, 224, 336, 399, 158, 376, 337, 352, 387, 335, 176, 330, 321, 229, 311, 196, 268, 334, 320, 284, 127, 216, 175]"
diversity_on_nsga2,50,-49.655950675000014,10.694049325,38.644049325,"[77, 85, 47, 91, 9, 55, 26, 50, 62, 14, 7, 46, 94, 38, 27, 3, 51, 36, 76, 73, 64, 37, 30, 49, 29, 40, 10, 93, 74, 72, 58, 53, 33, 2, 20, 48, 6, 81, 82, 32, 69, 67, 42, 54, 4, 59, 87, 31, 41, 28, 83, 22, 78, 56, 39, 21, 43, 12, 84, 17, 68, 18, 92, 8, 88, 5, 79, 86, 61, 13, 63, 19, 60, 23, 25, 16, 34, 66, 90, 35, 11, 52, 80, 71, 24, 70, 15, 75, 57, 1, 89, 65, 45, 44]","[120, 214, 286, 130, 221, 129, 107, 385, 381, 332, 196, 298, 171, 241, 111, 122, 365, 271, 355, 276, 230, 378, 367, 208, 284, 255, 269, 308, 223, 188, 395, 186, 345, 338, 352, 313, 340, 202, 346, 199, 146, 117, 364, 380, 316, 256, 324, 245, 104, 402, 244, 96, 184, 366, 243, 189, 294, 137, 296, 133, 232, 275, 400, 163, 318, 190, 295, 300, 394, 282, 344, 382, 229, 302, 347, 273, 317, 101, 254, 110, 377, 127, 195, 109, 323, 183, 181, 285, 166, 375, 261, 363, 330, 281, 334, 321, 336, 118, 128, 182, 106, 147, 218, 224, 290, 179, 374, 153, 262, 315, 178, 283, 236, 158, 343, 177, 279, 99, 150, 237, 100, 267, 222, 211, 176, 369, 327, 135, 397, 141, 349, 161, 116, 250, 401, 360, 217, 259, 226, 168, 266, 95, 209, 359, 289, 292, 239, 240, 373, 312, 335, 370, 165, 173, 405, 348, 249, 204, 268, 140, 351, 301, 227, 277, 216, 164, 376, 280, 356, 139, 108, 194, 225, 388, 258, 156, 136, 187, 260, 185, 121, 278, 123, 326, 155, 143, 293, 154, 167, 113, 264, 325, 398, 125, 215, 220, 246, 170, 350, 172, 253, 203, 379, 342, 124, 98, 115, 384, 274, 353, 151, 311, 371, 309, 307, 265, 328, 180, 272, 152, 320, 142, 322, 297, 287, 270, 252, 251, 103, 149, 304, 299, 138, 160, 162, 403, 242, 206, 148, 157, 132, 207, 399, 231, 159, 200, 114, 145, 105, 134, 389, 404, 235, 233, 193, 248, 392, 386, 238, 213, 361, 119, 305, 383, 198, 247, 303, 387, 291, 234, 169, 306, 205, 390, 362, 228, 310, 191, 112, 314, 391, 212, 396, 210, 197, 354, 131, 201, 341, 333, 329, 331, 319, 337, 144, 97, 368, 257, 339, 263, 174, 358, 393, 219, 357, 192, 372, 126, 102, 288, 175]"
diversity_on_nsga2,51,-27.71783175,11.90216825,15.78216825,"[10, 13, 45, 84, 36, 67, 26, 50, 62, 31, 49, 41, 46, 94, 38, 79, 3, 51, 2, 29, 34, 88, 37, 30, 64, 55, 74, 72, 58, 53, 33, 76, 82, 20, 17, 69, 1, 65, 22, 8, 15, 54, 78, 56, 39, 93, 27, 7, 57, 24, 86, 21, 19, 77, 85, 47, 43, 48, 35, 28, 90, 80, 16, 75, 89, 59, 32, 91, 63, 42, 12, 68, 60, 14, 40, 81, 66, 92, 87, 4, 83, 70, 9, 5, 71, 61, 18, 6, 52, 44, 73, 25, 11, 23]","[189, 275, 400, 318, 190, 300, 125, 102, 357, 380, 358, 278, 159, 343, 325, 384, 307, 291, 144, 298, 287, 99, 167, 345, 338, 352, 346, 309, 233, 104, 96, 366, 294, 137, 296, 133, 232, 163, 295, 394, 333, 269, 326, 215, 376, 401, 387, 282, 250, 388, 145, 168, 354, 364, 370, 316, 344, 396, 293, 264, 205, 350, 341, 191, 116, 157, 359, 131, 126, 173, 95, 98, 174, 192, 308, 230, 249, 247, 299, 353, 185, 342, 332, 371, 141, 177, 194, 288, 257, 266, 337, 391, 301, 139, 245, 312, 235, 111, 268, 360, 246, 240, 200, 119, 382, 229, 175, 214, 302, 347, 273, 385, 365, 218, 317, 101, 254, 276, 377, 127, 195, 198, 212, 237, 109, 122, 180, 324, 323, 183, 251, 181, 271, 259, 404, 378, 166, 210, 375, 261, 363, 187, 329, 330, 219, 231, 328, 263, 155, 281, 351, 280, 241, 143, 97, 292, 348, 248, 331, 256, 221, 135, 405, 138, 395, 136, 216, 272, 397, 211, 120, 132, 182, 148, 115, 239, 128, 297, 147, 356, 386, 369, 373, 113, 152, 100, 193, 151, 238, 153, 213, 124, 361, 305, 253, 258, 285, 283, 222, 134, 319, 186, 242, 150, 303, 339, 267, 164, 286, 123, 389, 372, 142, 349, 129, 252, 162, 367, 121, 209, 403, 265, 207, 255, 110, 103, 208, 156, 383, 234, 306, 202, 390, 228, 204, 112, 398, 311, 197, 201, 290, 226, 170, 368, 117, 284, 315, 334, 274, 108, 203, 220, 277, 393, 149, 188, 260, 118, 379, 236, 107, 320, 178, 362, 196, 199, 179, 171, 322, 270, 172, 310, 206, 321, 381, 165, 140, 106, 279, 161, 224, 262, 336, 304, 227, 399, 158, 114, 392, 327, 355, 160, 217, 105, 314, 289, 154, 335, 130, 223, 176, 225, 169, 313, 340, 374, 146, 402, 244, 184, 243]"
diversity_on_nsga2,52,-29.152288175,16.217711825000002,5.147711824999999,"[25, 50, 65, 76, 9, 46, 23, 41, 38, 10, 85, 51, 78, 94, 55, 62, 81, 13, 71, 21, 7, 26, 77, 87, 11, 17, 84, 53, 69, 86, 93, 54, 60, 4, 22, 37, 15, 1, 74, 32, 92, 70, 45, 52, 44, 3, 28, 56, 80, 31, 39, 33, 61, 40, 67, 66, 8, 72, 35, 36, 47, 90, 5, 82, 89, 59, 14, 49, 2, 64, 57, 29, 18, 42, 20, 79, 30, 27, 24, 16, 6, 68, 48, 63, 19, 12, 34, 43, 83, 58, 88, 91, 73, 75]","[400, 318, 190, 295, 394, 180, 102, 198, 358, 278, 159, 293, 404, 384, 253, 157, 359, 251, 280, 173, 241, 276, 271, 119, 249, 292, 332, 371, 248, 312, 235, 221, 175, 246, 240, 328, 289, 204, 310, 191, 391, 302, 398, 212, 311, 396, 200, 201, 130, 205, 214, 263, 170, 296, 325, 247, 95, 165, 314, 401, 128, 233, 357, 139, 123, 264, 316, 101, 342, 98, 186, 297, 155, 245, 177, 99, 338, 162, 405, 378, 202, 229, 124, 285, 216, 209, 294, 187, 226, 122, 210, 223, 184, 367, 208, 255, 269, 308, 135, 395, 116, 279, 172, 254, 237, 270, 267, 351, 261, 182, 176, 369, 117, 380, 397, 164, 313, 106, 348, 284, 354, 131, 256, 118, 341, 365, 333, 329, 331, 301, 374, 275, 319, 290, 337, 144, 217, 136, 196, 163, 211, 262, 355, 141, 300, 97, 324, 181, 368, 125, 350, 343, 197, 315, 105, 334, 111, 137, 138, 145, 231, 388, 286, 392, 232, 307, 282, 168, 215, 320, 330, 385, 268, 150, 132, 402, 114, 142, 96, 257, 154, 393, 185, 222, 219, 339, 298, 112, 169, 243, 192, 127, 372, 360, 370, 143, 126, 250, 133, 230, 403, 104, 171, 146, 353, 277, 227, 174, 287, 258, 283, 242, 389, 129, 252, 121, 265, 207, 110, 272, 120, 363, 218, 317, 148, 115, 239, 326, 167, 147, 134, 356, 386, 349, 361, 305, 156, 383, 273, 234, 166, 306, 390, 228, 304, 103, 322, 107, 178, 362, 109, 199, 179, 183, 206, 321, 291, 381, 140, 195, 364, 274, 382, 108, 203, 220, 299, 149, 323, 188, 260, 375, 379, 236, 373, 113, 259, 377, 152, 100, 193, 151, 238, 347, 153, 213, 344, 281, 161, 224, 336, 399, 158, 376, 327, 160, 335, 194, 288, 266, 225, 345, 352, 340, 346, 309, 387, 244, 366, 303, 189]"
diversity_on_nsga2,53,-78.67768334821321,23.582316651786794,50.72231665178679,"[19, 85, 9, 82, 69, 94, 23, 79, 91, 34, 66, 3, 47, 31, 90, 35, 11, 52, 72, 73, 80, 71, 30, 24, 64, 70, 15, 75, 57, 1, 89, 76, 65, 45, 33, 50, 77, 44, 26, 32, 48, 67, 42, 54, 4, 59, 87, 46, 18, 41, 28, 16, 43, 83, 38, 10, 7, 14, 51, 22, 53, 5, 36, 56, 39, 55, 62, 37, 21, 2, 20, 12, 84, 17, 68, 93, 6, 92, 27, 8, 88, 78, 60, 86, 58, 49, 40, 61, 13, 81, 63, 74, 25, 29]","[274, 382, 108, 203, 220, 299, 128, 323, 188, 260, 375, 118, 236, 107, 281, 254, 320, 178, 362, 109, 196, 199, 179, 171, 216, 183, 270, 172, 310, 191, 112, 206, 321, 291, 301, 330, 381, 165, 101, 140, 106, 195, 261, 279, 161, 224, 262, 127, 336, 370, 316, 344, 396, 293, 205, 350, 341, 116, 157, 131, 126, 173, 98, 174, 192, 308, 268, 119, 229, 141, 302, 347, 273, 385, 365, 102, 317, 377, 212, 122, 324, 181, 404, 166, 113, 384, 287, 358, 239, 401, 167, 202, 138, 222, 103, 363, 187, 231, 125, 182, 147, 218, 380, 290, 374, 143, 153, 369, 124, 297, 398, 357, 383, 307, 228, 298, 241, 136, 351, 386, 120, 132, 148, 354, 326, 356, 304, 210, 152, 100, 193, 213, 159, 305, 156, 234, 248, 390, 264, 359, 294, 296, 366, 245, 163, 295, 208, 329, 333, 271, 219, 230, 249, 247, 353, 97, 185, 342, 292, 214, 348, 155, 332, 371, 175, 373, 391, 331, 233, 312, 256, 235, 221, 111, 135, 227, 405, 360, 237, 246, 240, 328, 200, 263, 253, 258, 285, 283, 186, 242, 150, 303, 238, 314, 393, 379, 139, 339, 267, 164, 325, 123, 389, 372, 142, 349, 129, 252, 162, 367, 121, 209, 403, 265, 207, 255, 110, 322, 272, 198, 151, 105, 201, 130, 170, 95, 149, 306, 99, 338, 226, 259, 217, 197, 204, 277, 115, 397, 395, 232, 194, 177, 133, 257, 104, 223, 309, 180, 269, 117, 315, 402, 158, 169, 340, 211, 355, 266, 160, 134, 313, 146, 244, 184, 189, 275, 400, 318, 190, 300, 243, 114, 392, 215, 378, 282, 319, 144, 251, 346, 276, 368, 343, 399, 337, 352, 387, 335, 176, 289, 311, 361, 334, 286, 137, 288, 96, 225, 394, 280, 154, 250, 284, 345, 388, 376, 278, 327, 145, 168, 364]"
diversity_on_nsga2,54,-72.891143175,22.588856824999997,45.708856825000005,"[48, 82, 9, 19, 60, 23, 25, 30, 91, 34, 18, 72, 47, 31, 90, 35, 11, 52, 3, 73, 80, 71, 16, 24, 64, 70, 15, 75, 57, 1, 89, 76, 65, 45, 74, 50, 77, 44, 26, 32, 69, 67, 42, 54, 4, 59, 87, 46, 66, 41, 28, 94, 2, 83, 38, 10, 85, 14, 51, 22, 53, 78, 36, 56, 39, 55, 62, 37, 21, 43, 20, 12, 84, 17, 68, 93, 6, 92, 27, 8, 88, 5, 79, 86, 58, 49, 40, 61, 7, 13, 81, 29, 63, 33]","[96, 248, 392, 386, 318, 238, 213, 344, 244, 361, 119, 338, 305, 383, 198, 247, 303, 387, 336, 291, 340, 234, 166, 306, 205, 390, 362, 228, 310, 191, 112, 314, 391, 212, 398, 210, 296, 106, 197, 354, 131, 201, 118, 341, 333, 329, 331, 319, 290, 337, 144, 163, 262, 300, 97, 368, 257, 343, 339, 263, 174, 199, 358, 294, 393, 219, 169, 357, 192, 372, 126, 102, 104, 288, 175, 120, 214, 286, 130, 221, 129, 107, 385, 381, 332, 147, 196, 273, 313, 298, 171, 254, 241, 111, 122, 365, 271, 355, 276, 230, 378, 184, 367, 208, 284, 255, 269, 308, 223, 188, 283, 380, 395, 116, 186, 177, 279, 261, 99, 150, 237, 345, 100, 267, 222, 211, 182, 176, 369, 327, 117, 135, 397, 141, 349, 161, 321, 250, 401, 360, 217, 259, 226, 334, 168, 266, 95, 209, 256, 382, 295, 359, 289, 292, 239, 240, 373, 224, 312, 302, 335, 190, 282, 370, 316, 165, 315, 377, 173, 405, 181, 348, 249, 204, 268, 140, 351, 301, 227, 277, 216, 164, 376, 280, 356, 139, 108, 194, 225, 388, 258, 347, 156, 364, 402, 136, 133, 187, 285, 128, 178, 260, 185, 121, 278, 317, 123, 374, 326, 352, 155, 179, 158, 143, 293, 154, 167, 275, 113, 264, 375, 325, 396, 101, 246, 146, 125, 215, 109, 220, 202, 229, 170, 350, 172, 110, 253, 203, 379, 346, 236, 127, 342, 153, 124, 98, 115, 324, 384, 274, 353, 189, 151, 243, 311, 371, 309, 307, 363, 183, 281, 232, 330, 265, 328, 180, 272, 137, 152, 320, 142, 322, 394, 297, 287, 270, 252, 195, 245, 251, 103, 149, 304, 299, 138, 160, 162, 403, 242, 206, 148, 157, 132, 207, 399, 231, 159, 200, 400, 114, 145, 105, 134, 366, 389, 404, 218, 235, 323, 233, 193]"
diversity_on_nsga2,55,-70.5,18.83,44.900000000000006,"[48, 82, 9, 19, 60, 23, 73, 30, 91, 34, 18, 72, 47, 31, 90, 35, 11, 52, 3, 25, 80, 71, 16, 24, 64, 70, 15, 75, 57, 1, 89, 76, 65, 45, 74, 50, 77, 44, 26, 32, 69, 67, 42, 54, 4, 59, 87, 46, 66, 41, 28, 94, 2, 83, 38, 10, 85, 14, 51, 22, 53, 78, 36, 56, 39, 55, 62, 37, 21, 43, 20, 12, 84, 17, 68, 93, 6, 92, 27, 8, 88, 5, 79, 86, 58, 49, 40, 61, 7, 13, 81, 29, 63, 33]","[96, 248, 392, 386, 318, 238, 213, 344, 244, 361, 119, 338, 305, 383, 198, 247, 303, 387, 336, 291, 340, 234, 166, 306, 205, 390, 362, 228, 310, 191, 112, 314, 391, 212, 398, 210, 296, 106, 197, 354, 131, 201, 118, 341, 333, 329, 331, 319, 290, 337, 144, 163, 262, 300, 97, 368, 257, 343, 339, 263, 174, 199, 358, 294, 393, 219, 169, 357, 192, 372, 126, 102, 104, 288, 175, 120, 214, 286, 130, 221, 129, 107, 385, 381, 332, 147, 196, 273, 313, 298, 171, 292, 241, 111, 122, 365, 271, 355, 276, 230, 378, 184, 367, 208, 284, 255, 269, 308, 223, 188, 283, 380, 395, 116, 186, 177, 279, 261, 99, 150, 237, 345, 100, 267, 222, 211, 182, 176, 369, 327, 117, 135, 397, 141, 349, 161, 321, 250, 401, 360, 217, 259, 226, 334, 168, 266, 95, 209, 256, 382, 295, 359, 289, 254, 239, 127, 373, 224, 312, 302, 335, 190, 282, 370, 316, 165, 315, 377, 173, 405, 181, 348, 249, 204, 268, 140, 351, 301, 227, 277, 216, 164, 376, 280, 356, 139, 108, 194, 225, 388, 258, 347, 156, 364, 402, 136, 133, 187, 285, 128, 178, 260, 185, 121, 278, 317, 123, 374, 326, 352, 155, 179, 158, 143, 293, 154, 167, 275, 113, 264, 375, 325, 396, 101, 229, 146, 125, 215, 109, 220, 202, 246, 170, 350, 172, 110, 253, 203, 379, 346, 236, 240, 342, 153, 124, 98, 115, 324, 384, 274, 353, 189, 151, 243, 311, 371, 309, 307, 363, 183, 281, 232, 330, 265, 328, 180, 272, 137, 152, 320, 142, 322, 394, 297, 287, 270, 252, 195, 245, 251, 103, 149, 304, 299, 138, 160, 162, 403, 242, 206, 148, 157, 132, 207, 399, 231, 159, 200, 400, 114, 145, 105, 134, 366, 389, 404, 218, 235, 323, 233, 193]"
diversity_on_nsga2,56,-55.360086875,17.949913125,27.639913125,"[9, 38, 67, 26, 14, 31, 44, 46, 79, 45, 73, 36, 2, 40, 34, 64, 37, 30, 81, 19, 25, 89, 58, 53, 33, 20, 82, 17, 5, 1, 22, 8, 65, 32, 92, 60, 52, 87, 4, 83, 88, 70, 42, 93, 68, 23, 10, 61, 66, 51, 15, 54, 29, 94, 56, 39, 55, 43, 48, 72, 35, 28, 90, 80, 16, 75, 18, 59, 50, 62, 49, 91, 63, 3, 74, 84, 76, 12, 7, 11, 69, 21, 24, 86, 71, 57, 13, 41, 78, 27, 6, 77, 85, 47]","[311, 327, 161, 374, 302, 199, 254, 323, 262, 236, 273, 330, 376, 321, 166, 295, 401, 369, 145, 229, 394, 225, 203, 96, 290, 260, 188, 314, 363, 320, 127, 216, 344, 153, 163, 281, 206, 296, 109, 388, 347, 336, 270, 366, 301, 362, 245, 147, 310, 364, 286, 171, 178, 106, 107, 377, 172, 345, 183, 324, 179, 317, 140, 316, 165, 294, 118, 381, 154, 380, 125, 168, 210, 102, 357, 354, 122, 370, 358, 187, 278, 159, 293, 404, 264, 205, 384, 307, 119, 175, 291, 212, 350, 139, 341, 191, 116, 157, 359, 231, 131, 351, 132, 126, 280, 173, 241, 98, 174, 192, 385, 308, 143, 268, 299, 287, 136, 120, 148, 239, 193, 298, 297, 356, 386, 304, 113, 152, 100, 326, 238, 213, 124, 305, 208, 156, 383, 234, 390, 228, 398, 284, 274, 108, 196, 220, 393, 149, 365, 261, 379, 250, 279, 218, 375, 195, 202, 329, 333, 271, 219, 230, 249, 247, 353, 97, 185, 342, 292, 214, 348, 155, 332, 371, 141, 373, 391, 331, 167, 233, 312, 256, 235, 221, 111, 135, 227, 405, 360, 237, 246, 240, 138, 328, 200, 263, 253, 343, 285, 283, 222, 186, 242, 150, 303, 339, 267, 164, 325, 123, 389, 372, 142, 349, 129, 252, 162, 367, 121, 209, 403, 265, 207, 255, 110, 103, 322, 272, 198, 151, 105, 201, 130, 170, 95, 128, 306, 99, 338, 226, 259, 217, 197, 204, 277, 115, 397, 395, 232, 194, 177, 133, 257, 104, 382, 224, 134, 361, 334, 288, 101, 181, 182, 258, 315, 158, 340, 355, 266, 313, 146, 189, 190, 114, 378, 319, 144, 251, 248, 337, 184, 335, 400, 282, 352, 137, 346, 176, 269, 392, 276, 244, 387, 396, 117, 223, 309, 180, 402, 169, 211, 112, 243, 275, 318, 300, 215, 368, 399, 160, 289]"
diversity_on_nsga2,57,-42.390657475,18.019342525,17.409342525,"[76, 9, 30, 54, 58, 31, 62, 6, 51, 65, 67, 46, 71, 50, 38, 24, 79, 12, 41, 57, 73, 7, 26, 77, 13, 87, 34, 11, 84, 53, 69, 43, 68, 83, 93, 37, 60, 10, 4, 22, 86, 15, 1, 74, 32, 92, 70, 94, 21, 44, 3, 52, 19, 25, 28, 56, 88, 39, 45, 33, 49, 35, 23, 82, 8, 85, 27, 59, 89, 16, 14, 48, 81, 18, 20, 36, 64, 91, 72, 63, 42, 40, 66, 17, 75, 55, 5, 61, 47, 90, 80, 29, 2, 78]","[100, 186, 311, 240, 263, 274, 203, 247, 401, 213, 256, 224, 315, 174, 222, 277, 194, 136, 133, 146, 125, 169, 295, 152, 97, 365, 235, 145, 262, 119, 134, 258, 369, 385, 121, 341, 156, 337, 218, 358, 199, 239, 243, 103, 182, 361, 288, 267, 279, 313, 237, 251, 170, 280, 128, 264, 403, 278, 139, 192, 297, 376, 202, 201, 141, 144, 187, 246, 394, 282, 344, 382, 229, 302, 347, 273, 317, 101, 254, 110, 377, 127, 195, 109, 323, 168, 181, 259, 166, 375, 261, 363, 330, 234, 197, 208, 395, 374, 252, 370, 162, 228, 225, 257, 355, 204, 196, 378, 96, 189, 290, 260, 298, 188, 163, 314, 391, 268, 322, 155, 233, 356, 114, 158, 232, 397, 404, 216, 175, 249, 153, 184, 371, 214, 205, 108, 212, 400, 206, 111, 138, 296, 238, 386, 217, 388, 336, 270, 159, 102, 339, 366, 335, 301, 210, 342, 362, 352, 137, 124, 167, 346, 245, 160, 147, 332, 164, 338, 353, 135, 95, 173, 310, 269, 191, 384, 226, 364, 104, 392, 360, 276, 244, 387, 115, 396, 126, 171, 117, 178, 312, 390, 389, 106, 107, 183, 372, 143, 307, 112, 398, 402, 309, 219, 223, 343, 172, 98, 130, 231, 345, 272, 123, 129, 120, 177, 349, 324, 179, 308, 303, 305, 157, 405, 399, 180, 140, 328, 275, 198, 331, 351, 193, 367, 316, 176, 149, 165, 221, 300, 294, 118, 215, 292, 381, 227, 154, 380, 327, 329, 318, 253, 211, 185, 230, 326, 284, 113, 281, 241, 304, 161, 320, 357, 255, 286, 306, 354, 325, 116, 220, 99, 148, 287, 348, 299, 132, 209, 293, 266, 142, 333, 334, 368, 373, 150, 350, 379, 383, 250, 319, 271, 393, 105, 122, 242, 291, 200, 283, 236, 190, 340, 151, 321, 359, 131, 285, 265, 289, 248, 207]"
diversity_on_nsga2,58,-94.93852045,41.631479549999995,78.86147955000001,"[26, 21, 44, 19, 40, 85, 9, 67, 45, 84, 38, 74, 50, 8, 92, 30, 37, 33, 49, 28, 16, 57, 72, 63, 25, 4, 39, 47, 59, 10, 35, 64, 13, 54, 42, 58, 89, 53, 60, 79, 76, 73, 20, 82, 2, 88, 17, 31, 69, 1, 65, 22, 15, 78, 94, 56, 55, 43, 48, 90, 80, 75, 62, 3, 51, 91, 12, 34, 68, 41, 46, 86, 71, 81, 24, 11, 77, 14, 5, 32, 70, 93, 61, 27, 87, 6, 18, 66, 23, 52, 36, 29, 83, 7]","[254, 199, 321, 291, 330, 101, 161, 224, 262, 316, 350, 341, 157, 131, 174, 192, 308, 119, 229, 302, 273, 385, 365, 317, 122, 181, 166, 363, 187, 125, 182, 218, 380, 374, 369, 297, 383, 287, 358, 136, 148, 354, 239, 326, 167, 304, 152, 100, 193, 213, 305, 156, 234, 202, 264, 359, 294, 295, 208, 329, 271, 219, 230, 97, 185, 292, 348, 141, 139, 256, 235, 237, 395, 240, 263, 253, 258, 285, 283, 222, 186, 242, 150, 252, 121, 403, 265, 207, 103, 198, 151, 201, 170, 128, 306, 259, 197, 277, 246, 194, 133, 180, 315, 169, 340, 313, 146, 243, 275, 318, 190, 300, 370, 162, 228, 225, 257, 355, 293, 196, 378, 96, 189, 255, 290, 260, 298, 188, 205, 314, 391, 268, 322, 155, 351, 233, 356, 114, 334, 320, 158, 232, 284, 127, 397, 404, 216, 344, 175, 331, 249, 153, 184, 371, 247, 214, 163, 281, 108, 212, 204, 400, 206, 111, 138, 296, 238, 209, 109, 386, 217, 388, 347, 336, 270, 333, 159, 102, 220, 338, 366, 335, 301, 210, 342, 282, 357, 362, 352, 137, 124, 266, 346, 245, 160, 147, 113, 332, 164, 339, 353, 135, 95, 130, 310, 269, 191, 384, 226, 110, 364, 104, 392, 360, 276, 244, 387, 115, 396, 126, 171, 117, 373, 325, 178, 312, 390, 389, 106, 107, 377, 168, 116, 372, 143, 307, 112, 241, 398, 402, 309, 368, 319, 223, 343, 172, 98, 173, 231, 345, 183, 272, 123, 129, 120, 177, 349, 324, 179, 381, 140, 195, 221, 328, 200, 165, 405, 379, 367, 261, 267, 211, 118, 149, 375, 132, 142, 393, 303, 279, 227, 399, 215, 105, 154, 176, 99, 144, 251, 248, 337, 289, 311, 361, 286, 288, 394, 280, 250, 401, 376, 278, 327, 145, 274, 382, 203, 299, 323, 134, 236]"
diversity_on_nsga2,59,-73.1323662307164,32.327633769283615,34.36763376928363,"[9, 21, 8, 61, 19, 30, 26, 67, 79, 76, 73, 20, 82, 5, 1, 22, 15, 54, 66, 92, 52, 29, 83, 28, 56, 89, 35, 42, 14, 91, 27, 68, 16, 6, 94, 53, 41, 33, 85, 70, 86, 4, 60, 17, 12, 34, 78, 10, 77, 84, 13, 18, 55, 23, 32, 44, 93, 39, 36, 3, 72, 51, 11, 50, 62, 57, 48, 88, 65, 25, 2, 24, 45, 58, 7, 37, 69, 74, 43, 87, 90, 59, 75, 38, 63, 81, 80, 46, 47, 71, 31, 64, 49, 40]","[342, 371, 141, 248, 391, 233, 268, 175, 246, 263, 287, 285, 136, 242, 125, 325, 389, 129, 213, 209, 100, 234, 236, 232, 197, 105, 116, 208, 231, 99, 378, 275, 160, 134, 382, 315, 289, 380, 353, 339, 314, 205, 174, 128, 311, 354, 348, 272, 170, 366, 334, 341, 405, 324, 239, 199, 385, 177, 330, 331, 390, 316, 401, 235, 302, 214, 200, 131, 265, 159, 271, 121, 383, 95, 256, 240, 298, 192, 398, 260, 137, 273, 147, 403, 404, 399, 310, 225, 226, 132, 361, 149, 305, 317, 312, 300, 360, 118, 215, 155, 328, 162, 151, 189, 115, 250, 104, 395, 193, 327, 372, 262, 322, 168, 277, 247, 109, 139, 258, 357, 207, 376, 146, 338, 227, 292, 144, 103, 308, 396, 281, 321, 154, 333, 138, 267, 299, 187, 156, 294, 283, 135, 355, 165, 326, 185, 108, 198, 245, 351, 319, 402, 112, 387, 323, 167, 238, 244, 184, 346, 266, 152, 279, 211, 370, 394, 191, 288, 356, 350, 122, 336, 164, 212, 150, 340, 190, 313, 111, 180, 280, 386, 368, 381, 349, 297, 397, 363, 158, 130, 379, 343, 393, 219, 126, 237, 172, 306, 251, 195, 171, 217, 201, 228, 296, 101, 123, 241, 369, 223, 252, 270, 113, 347, 166, 253, 183, 210, 269, 365, 290, 344, 169, 320, 186, 255, 303, 110, 157, 377, 220, 367, 114, 335, 107, 301, 332, 318, 261, 400, 216, 230, 249, 392, 142, 373, 243, 178, 161, 264, 204, 140, 127, 202, 120, 218, 182, 148, 229, 304, 259, 153, 124, 374, 181, 117, 274, 203, 188, 375, 254, 362, 196, 179, 284, 206, 291, 106, 224, 176, 194, 257, 337, 345, 352, 309, 96, 133, 163, 295, 282, 388, 145, 102, 329, 221, 364, 358, 278, 293, 286, 384, 307, 359, 173, 98, 222, 276, 143, 119, 97]"
diversity_on_nsga2,60,-83.61607462568644,18.793925374313563,72.88392537431356,"[77, 85, 47, 91, 9, 26, 44, 62, 14, 7, 46, 94, 38, 27, 3, 51, 36, 73, 64, 37, 30, 49, 29, 25, 55, 18, 74, 76, 57, 72, 58, 53, 33, 2, 20, 48, 6, 81, 82, 88, 17, 84, 5, 1, 34, 22, 8, 15, 54, 66, 32, 80, 60, 50, 52, 87, 4, 83, 28, 56, 89, 70, 35, 42, 93, 59, 43, 16, 68, 23, 67, 75, 79, 31, 41, 65, 13, 61, 78, 69, 11, 10, 39, 71, 12, 45, 24, 63, 90, 92, 86, 21, 40, 19]","[260, 375, 118, 379, 107, 281, 254, 320, 362, 109, 196, 309, 179, 171, 216, 183, 270, 172, 310, 206, 321, 301, 330, 381, 165, 101, 140, 106, 195, 261, 279, 161, 224, 262, 127, 336, 369, 227, 399, 333, 269, 114, 392, 215, 376, 401, 387, 327, 355, 160, 217, 105, 314, 289, 154, 313, 130, 223, 176, 177, 194, 288, 257, 337, 99, 225, 169, 345, 338, 352, 335, 340, 96, 184, 366, 243, 189, 294, 137, 296, 133, 232, 275, 400, 163, 202, 295, 300, 346, 199, 146, 245, 104, 402, 117, 364, 380, 316, 323, 256, 318, 324, 315, 178, 283, 236, 147, 158, 190, 343, 244, 396, 394, 282, 250, 388, 180, 145, 365, 125, 273, 285, 168, 210, 102, 329, 312, 357, 354, 378, 122, 370, 358, 187, 278, 159, 293, 404, 264, 286, 205, 319, 384, 307, 119, 175, 291, 266, 144, 212, 350, 298, 253, 341, 191, 116, 157, 359, 231, 131, 351, 251, 126, 280, 173, 241, 95, 98, 174, 222, 276, 192, 385, 308, 143, 271, 219, 230, 249, 247, 299, 353, 97, 185, 342, 292, 214, 348, 155, 332, 371, 141, 248, 391, 331, 139, 233, 198, 235, 221, 111, 268, 405, 360, 237, 246, 240, 138, 328, 200, 263, 287, 258, 259, 136, 186, 242, 150, 303, 339, 267, 164, 325, 123, 389, 372, 142, 349, 129, 252, 162, 367, 121, 209, 403, 265, 207, 255, 103, 322, 272, 397, 110, 211, 120, 363, 218, 132, 317, 182, 148, 115, 239, 128, 326, 167, 297, 134, 356, 229, 386, 304, 373, 113, 377, 152, 100, 193, 151, 238, 347, 153, 213, 344, 124, 361, 305, 208, 156, 383, 395, 135, 234, 166, 306, 390, 228, 204, 112, 302, 398, 311, 197, 201, 374, 277, 226, 170, 181, 368, 284, 334, 274, 382, 108, 203, 220, 290, 393, 149, 188]"
diversity_on_nsga2,61,-37.868935,9.061065000000001,22.231065,"[85, 47, 9, 67, 26, 50, 62, 31, 49, 41, 46, 94, 19, 79, 3, 2, 29, 34, 88, 37, 30, 64, 55, 74, 72, 58, 53, 33, 76, 36, 84, 17, 82, 5, 1, 48, 4, 8, 32, 92, 60, 44, 89, 35, 42, 93, 10, 61, 66, 51, 15, 54, 59, 43, 27, 24, 75, 16, 6, 7, 52, 73, 87, 25, 22, 18, 83, 28, 56, 81, 23, 20, 14, 70, 65, 91, 13, 78, 69, 11, 57, 39, 71, 12, 45, 68, 63, 90, 80, 86, 21, 40, 38, 77]","[109, 128, 199, 179, 171, 216, 183, 270, 172, 310, 206, 321, 291, 301, 330, 381, 165, 101, 140, 106, 261, 161, 224, 262, 127, 336, 369, 399, 158, 269, 392, 215, 376, 401, 387, 327, 355, 160, 217, 105, 314, 289, 154, 335, 130, 223, 176, 177, 194, 288, 257, 266, 337, 99, 225, 169, 345, 338, 352, 313, 340, 346, 309, 146, 245, 104, 402, 244, 96, 184, 366, 243, 189, 294, 178, 296, 133, 232, 275, 400, 163, 318, 190, 295, 300, 394, 282, 388, 180, 145, 365, 324, 125, 168, 210, 102, 357, 354, 364, 380, 378, 370, 358, 187, 316, 278, 159, 396, 293, 404, 264, 122, 286, 205, 319, 384, 307, 144, 212, 350, 298, 341, 191, 116, 157, 359, 231, 131, 351, 251, 280, 173, 241, 95, 98, 174, 276, 192, 385, 308, 143, 304, 299, 248, 139, 126, 268, 175, 287, 258, 379, 250, 279, 218, 375, 195, 202, 329, 204, 271, 219, 230, 249, 247, 353, 97, 185, 342, 292, 214, 348, 155, 332, 371, 141, 373, 391, 331, 167, 233, 312, 256, 235, 221, 111, 135, 227, 405, 360, 237, 246, 240, 138, 328, 200, 263, 253, 343, 285, 283, 222, 186, 242, 150, 303, 339, 267, 164, 325, 123, 389, 372, 142, 349, 129, 252, 162, 367, 121, 209, 403, 265, 207, 255, 110, 103, 322, 272, 198, 151, 136, 361, 397, 211, 120, 363, 132, 317, 182, 148, 115, 277, 196, 326, 297, 147, 134, 356, 229, 386, 113, 259, 377, 152, 100, 193, 238, 347, 153, 213, 344, 124, 305, 208, 156, 383, 395, 273, 234, 166, 306, 390, 228, 333, 112, 302, 398, 311, 197, 119, 201, 374, 290, 226, 170, 181, 368, 117, 284, 315, 334, 274, 382, 108, 203, 220, 239, 393, 149, 323, 188, 260, 118, 114, 236, 107, 281, 254, 320, 137, 362]"
diversity_on_nsga2,62,-35.599999999999994,18.36,8.6,"[9, 53, 46, 76, 1, 3, 74, 58, 14, 5, 64, 73, 36, 67, 17, 25, 18, 91, 26, 41, 29, 38, 85, 2, 4, 79, 20, 84, 72, 88, 31, 47, 82, 19, 89, 33, 50, 62, 49, 51, 37, 30, 92, 8, 15, 54, 66, 32, 94, 35, 44, 52, 87, 22, 83, 28, 56, 81, 70, 60, 42, 93, 59, 43, 27, 68, 23, 10, 75, 16, 6, 7, 65, 61, 78, 69, 11, 57, 39, 71, 12, 45, 24, 63, 90, 80, 86, 21, 40, 34, 48, 55, 13, 77]","[275, 400, 318, 190, 300, 114, 392, 215, 378, 291, 282, 319, 144, 251, 346, 276, 248, 368, 343, 399, 337, 352, 199, 387, 196, 335, 176, 381, 289, 320, 311, 334, 286, 137, 288, 171, 279, 301, 140, 274, 161, 310, 107, 96, 225, 394, 314, 154, 250, 401, 165, 345, 388, 376, 278, 327, 145, 168, 364, 370, 316, 396, 293, 205, 350, 341, 191, 116, 157, 131, 126, 173, 98, 174, 192, 308, 268, 382, 119, 358, 302, 347, 273, 385, 365, 102, 101, 254, 127, 195, 212, 109, 122, 324, 323, 183, 181, 404, 210, 384, 261, 187, 330, 231, 281, 321, 336, 118, 125, 106, 218, 224, 380, 290, 280, 179, 374, 143, 262, 284, 369, 260, 375, 264, 149, 357, 393, 307, 287, 228, 298, 241, 175, 136, 351, 354, 379, 159, 390, 270, 206, 398, 359, 294, 188, 296, 366, 245, 163, 295, 329, 333, 271, 219, 230, 257, 247, 299, 353, 97, 342, 292, 214, 348, 155, 332, 371, 141, 391, 331, 139, 312, 256, 235, 221, 111, 227, 405, 360, 237, 246, 240, 138, 328, 200, 263, 253, 258, 285, 283, 222, 186, 242, 150, 303, 339, 267, 164, 325, 123, 389, 372, 142, 349, 129, 252, 162, 367, 121, 209, 403, 265, 207, 255, 198, 203, 105, 201, 130, 170, 95, 99, 338, 108, 216, 226, 217, 197, 204, 220, 277, 232, 194, 177, 133, 249, 104, 172, 223, 362, 309, 180, 269, 117, 315, 402, 178, 236, 158, 169, 340, 110, 103, 322, 272, 397, 211, 120, 363, 185, 395, 317, 182, 148, 115, 239, 128, 326, 167, 297, 147, 134, 356, 229, 386, 304, 373, 113, 259, 377, 152, 100, 193, 151, 238, 233, 153, 213, 344, 124, 361, 305, 208, 156, 383, 132, 135, 234, 166, 306, 202, 355, 266, 160, 112, 313, 146, 244, 184, 243, 189]"
diversity_on_nsga2,63,-83.8,20.470000000000002,64.70000000000002,"[21, 19, 9, 67, 85, 77, 73, 47, 26, 14, 31, 49, 55, 46, 94, 38, 79, 3, 37, 36, 2, 40, 48, 64, 12, 30, 81, 50, 25, 41, 18, 74, 72, 58, 53, 33, 76, 20, 82, 88, 17, 84, 5, 1, 34, 22, 8, 15, 54, 16, 32, 92, 60, 44, 52, 87, 4, 83, 28, 56, 89, 70, 35, 42, 93, 59, 43, 27, 68, 23, 10, 75, 66, 6, 7, 65, 91, 13, 61, 78, 69, 11, 24, 39, 71, 51, 45, 57, 63, 90, 80, 29, 62, 86]","[310, 206, 301, 381, 140, 279, 385, 161, 227, 399, 333, 158, 269, 114, 392, 215, 376, 401, 387, 327, 355, 160, 217, 105, 314, 289, 154, 335, 130, 223, 176, 177, 194, 288, 257, 337, 99, 167, 169, 345, 338, 352, 313, 340, 346, 309, 146, 245, 104, 402, 244, 96, 184, 366, 243, 189, 294, 137, 296, 133, 232, 275, 400, 163, 318, 190, 295, 300, 394, 282, 344, 382, 229, 302, 347, 273, 317, 101, 254, 110, 377, 127, 195, 109, 323, 183, 181, 259, 166, 375, 261, 363, 330, 281, 334, 199, 336, 118, 128, 182, 106, 147, 218, 224, 290, 179, 374, 153, 262, 165, 369, 260, 124, 297, 398, 149, 393, 383, 228, 188, 386, 250, 388, 180, 145, 365, 324, 125, 168, 210, 102, 329, 198, 357, 354, 364, 380, 378, 122, 370, 358, 187, 316, 278, 159, 396, 293, 404, 264, 343, 286, 205, 319, 384, 307, 119, 175, 291, 266, 144, 212, 350, 298, 287, 341, 191, 116, 157, 359, 231, 131, 351, 251, 126, 280, 173, 241, 95, 98, 174, 222, 276, 192, 204, 308, 143, 271, 219, 230, 249, 247, 299, 353, 97, 185, 342, 292, 214, 348, 155, 332, 371, 141, 248, 391, 331, 103, 233, 312, 256, 235, 221, 111, 135, 268, 405, 360, 237, 246, 240, 138, 328, 200, 263, 253, 258, 285, 283, 136, 186, 242, 150, 303, 339, 267, 164, 325, 123, 389, 372, 142, 349, 129, 252, 162, 367, 121, 209, 403, 265, 207, 255, 139, 322, 272, 397, 211, 120, 132, 148, 115, 239, 326, 225, 379, 356, 304, 373, 113, 152, 100, 193, 151, 238, 213, 361, 305, 208, 156, 395, 234, 306, 202, 390, 112, 311, 197, 201, 226, 170, 368, 117, 284, 315, 274, 108, 203, 220, 277, 134, 236, 107, 320, 178, 362, 196, 321, 171, 216, 270, 172]"
diversity_on_nsga2,64,-80.26658975,23.70341025,40.73341025,"[85, 9, 30, 37, 58, 31, 62, 21, 51, 65, 46, 71, 50, 38, 24, 79, 12, 41, 81, 73, 7, 26, 77, 87, 11, 17, 84, 53, 69, 83, 93, 54, 60, 4, 22, 86, 15, 1, 74, 32, 92, 70, 45, 52, 44, 3, 19, 34, 28, 56, 80, 88, 39, 33, 61, 40, 67, 66, 8, 72, 35, 36, 47, 90, 5, 82, 89, 59, 14, 49, 2, 64, 57, 29, 18, 42, 20, 76, 78, 43, 91, 27, 68, 23, 10, 63, 16, 6, 94, 25, 48, 55, 13, 75]","[170, 202, 201, 197, 208, 395, 374, 228, 204, 196, 290, 260, 188, 108, 109, 362, 147, 226, 178, 390, 107, 112, 398, 117, 305, 166, 118, 284, 393, 306, 379, 281, 220, 234, 144, 199, 179, 171, 216, 183, 270, 172, 310, 206, 321, 291, 301, 330, 381, 165, 101, 140, 106, 195, 261, 279, 161, 224, 262, 127, 336, 369, 227, 399, 333, 158, 269, 114, 392, 215, 376, 401, 387, 327, 355, 95, 217, 105, 314, 289, 154, 335, 130, 223, 176, 177, 194, 288, 233, 266, 337, 99, 225, 169, 345, 338, 352, 313, 340, 346, 309, 146, 245, 104, 402, 244, 96, 184, 366, 243, 189, 294, 137, 296, 133, 232, 275, 400, 163, 388, 190, 295, 300, 394, 282, 250, 318, 180, 145, 365, 324, 125, 168, 210, 102, 329, 198, 357, 354, 364, 380, 378, 122, 370, 358, 187, 316, 278, 159, 396, 293, 404, 264, 343, 286, 205, 319, 384, 307, 236, 212, 120, 298, 253, 341, 191, 116, 157, 359, 231, 131, 351, 251, 126, 280, 173, 241, 160, 98, 174, 222, 276, 192, 385, 308, 143, 271, 219, 119, 230, 249, 247, 277, 353, 97, 185, 342, 292, 214, 348, 155, 332, 371, 141, 248, 391, 331, 139, 257, 312, 256, 235, 221, 397, 135, 268, 175, 405, 360, 237, 246, 240, 138, 328, 200, 263, 287, 258, 285, 283, 136, 186, 242, 150, 303, 339, 267, 164, 325, 123, 389, 372, 142, 349, 129, 252, 162, 367, 121, 209, 403, 265, 207, 255, 110, 103, 322, 272, 111, 211, 350, 363, 218, 132, 317, 182, 148, 115, 239, 128, 326, 167, 297, 383, 134, 356, 229, 386, 304, 373, 113, 259, 377, 152, 100, 193, 151, 238, 347, 153, 213, 344, 124, 361, 299, 149, 368, 320, 334, 273, 311, 274, 382, 203, 323, 254, 315, 302, 181, 375, 156]"
diversity_on_nsga2,65,-33.2,13.17,9.7,"[30, 81, 74, 72, 53, 89, 66, 32, 92, 87, 4, 83, 28, 70, 9, 58, 5, 29, 71, 61, 18, 6, 52, 44, 34, 25, 60, 2, 11, 68, 23, 10, 13, 67, 45, 84, 38, 33, 41, 36, 79, 76, 73, 82, 20, 88, 17, 31, 69, 1, 65, 22, 8, 15, 54, 78, 94, 56, 39, 55, 43, 48, 35, 42, 93, 59, 27, 75, 16, 7, 91, 57, 12, 24, 3, 63, 90, 80, 86, 21, 51, 19, 77, 85, 47, 26, 50, 62, 14, 49, 46, 40, 64, 37]","[243, 189, 275, 400, 318, 190, 300, 125, 102, 357, 380, 358, 278, 159, 343, 286, 384, 307, 291, 266, 144, 298, 287, 194, 288, 257, 337, 99, 167, 345, 207, 352, 346, 309, 233, 104, 96, 366, 294, 137, 296, 133, 232, 163, 295, 394, 333, 269, 326, 215, 376, 401, 387, 282, 250, 388, 145, 168, 354, 364, 399, 316, 344, 396, 293, 264, 205, 319, 350, 253, 341, 191, 116, 157, 359, 131, 126, 173, 95, 98, 174, 192, 308, 230, 249, 247, 299, 353, 185, 342, 332, 371, 141, 391, 301, 139, 245, 312, 235, 111, 268, 360, 246, 240, 336, 258, 242, 150, 164, 325, 372, 285, 349, 129, 389, 162, 119, 382, 229, 175, 186, 214, 302, 347, 273, 385, 365, 218, 317, 101, 254, 110, 276, 377, 142, 127, 283, 195, 198, 212, 237, 109, 122, 180, 324, 323, 183, 251, 252, 222, 181, 271, 259, 404, 378, 166, 210, 123, 375, 261, 363, 187, 329, 330, 219, 231, 202, 328, 263, 155, 281, 351, 280, 241, 143, 97, 292, 348, 248, 331, 256, 221, 135, 405, 138, 395, 136, 303, 339, 367, 121, 209, 403, 265, 338, 255, 103, 216, 272, 397, 211, 120, 132, 182, 148, 115, 239, 128, 297, 147, 134, 356, 386, 369, 373, 113, 152, 100, 193, 151, 238, 153, 213, 124, 361, 305, 208, 156, 383, 234, 306, 267, 390, 228, 204, 112, 398, 311, 197, 201, 290, 226, 170, 368, 117, 284, 315, 334, 274, 108, 203, 220, 277, 393, 149, 188, 260, 118, 379, 236, 107, 320, 178, 362, 196, 199, 179, 171, 322, 270, 172, 310, 206, 321, 381, 165, 140, 106, 279, 161, 224, 262, 200, 304, 227, 370, 158, 114, 392, 327, 355, 160, 217, 105, 314, 289, 154, 335, 130, 223, 176, 177, 225, 169, 313, 340, 374, 146, 402, 244, 184]"
diversity_on_nsga2,66,-87.12541960372245,24.924580396277534,66.57458039627754,"[77, 85, 47, 91, 9, 67, 26, 50, 62, 14, 31, 49, 40, 46, 94, 38, 79, 3, 51, 36, 2, 41, 34, 64, 12, 30, 81, 25, 55, 18, 74, 72, 58, 53, 33, 76, 20, 82, 88, 17, 84, 5, 1, 48, 22, 8, 15, 54, 66, 32, 92, 60, 44, 52, 87, 4, 83, 28, 56, 89, 70, 35, 42, 93, 59, 43, 27, 68, 23, 10, 75, 16, 90, 7, 65, 13, 61, 78, 69, 11, 24, 39, 71, 37, 45, 57, 63, 6, 80, 86, 29, 21, 19, 73]","[310, 206, 301, 381, 140, 279, 161, 227, 399, 333, 158, 269, 114, 392, 215, 376, 401, 387, 355, 160, 217, 105, 314, 289, 154, 335, 130, 223, 176, 177, 194, 220, 257, 337, 99, 169, 345, 338, 352, 313, 340, 346, 309, 146, 245, 104, 402, 244, 96, 184, 366, 243, 189, 294, 137, 296, 133, 232, 275, 400, 163, 318, 190, 295, 300, 394, 282, 382, 302, 101, 254, 127, 195, 109, 323, 183, 181, 166, 375, 261, 330, 281, 334, 321, 336, 118, 106, 224, 290, 179, 374, 262, 165, 369, 260, 398, 149, 393, 383, 228, 188, 250, 388, 180, 145, 365, 324, 125, 168, 210, 102, 329, 198, 357, 354, 364, 380, 378, 122, 370, 358, 187, 316, 278, 159, 396, 293, 404, 264, 343, 286, 205, 319, 384, 307, 119, 175, 291, 148, 144, 212, 350, 298, 341, 191, 116, 157, 359, 131, 351, 251, 126, 280, 173, 241, 231, 135, 327, 253, 225, 379, 305, 208, 156, 395, 234, 306, 202, 390, 204, 112, 311, 197, 201, 226, 170, 368, 95, 98, 174, 222, 276, 192, 385, 308, 143, 271, 219, 230, 249, 247, 299, 353, 97, 185, 342, 292, 214, 348, 155, 332, 371, 141, 248, 391, 331, 139, 233, 312, 256, 235, 221, 111, 273, 268, 405, 360, 237, 246, 240, 138, 328, 200, 263, 287, 258, 285, 283, 136, 186, 242, 150, 303, 339, 267, 164, 325, 123, 389, 372, 142, 349, 129, 252, 162, 367, 121, 209, 403, 265, 207, 255, 110, 103, 322, 272, 397, 211, 120, 363, 218, 132, 317, 182, 266, 115, 239, 128, 326, 167, 297, 147, 134, 356, 229, 386, 304, 373, 113, 259, 377, 152, 100, 193, 151, 238, 347, 153, 213, 344, 124, 361, 117, 284, 315, 274, 108, 203, 288, 277, 236, 107, 320, 178, 362, 196, 199, 171, 216, 270, 172]"
diversity_on_nsga2,67,-94.20804931085453,37.72195068914545,78.79195068914547,"[74, 77, 14, 92, 5, 64, 49, 70, 93, 61, 6, 27, 87, 25, 18, 66, 23, 52, 36, 29, 83, 10, 7, 26, 21, 44, 58, 19, 37, 40, 53, 47, 9, 67, 45, 84, 34, 33, 41, 2, 79, 76, 73, 20, 82, 88, 17, 31, 69, 1, 65, 22, 8, 15, 54, 78, 94, 56, 39, 55, 43, 48, 72, 35, 28, 90, 80, 16, 75, 89, 59, 50, 38, 32, 3, 51, 30, 91, 63, 42, 12, 62, 85, 68, 60, 46, 4, 86, 71, 57, 13, 81, 24, 11]","[154, 250, 401, 161, 153, 388, 376, 278, 327, 145, 168, 364, 274, 382, 108, 203, 220, 299, 393, 149, 323, 188, 260, 375, 118, 236, 107, 281, 254, 320, 178, 362, 109, 196, 199, 179, 171, 216, 183, 270, 172, 310, 206, 321, 291, 301, 330, 381, 165, 101, 140, 106, 195, 261, 279, 284, 224, 262, 127, 336, 370, 316, 344, 396, 293, 205, 350, 341, 191, 116, 131, 126, 173, 98, 174, 192, 308, 268, 119, 229, 175, 302, 347, 273, 385, 365, 102, 317, 377, 212, 122, 324, 181, 404, 166, 210, 384, 363, 187, 231, 125, 182, 138, 218, 380, 290, 314, 374, 157, 345, 369, 124, 297, 398, 357, 383, 307, 287, 228, 298, 241, 358, 136, 351, 386, 120, 132, 148, 354, 239, 326, 167, 356, 304, 113, 152, 100, 193, 238, 213, 159, 305, 156, 234, 202, 390, 264, 359, 294, 296, 366, 245, 163, 295, 208, 329, 333, 271, 219, 230, 249, 247, 353, 97, 185, 342, 292, 214, 348, 155, 332, 371, 141, 373, 391, 331, 139, 233, 312, 256, 235, 221, 111, 135, 227, 405, 360, 237, 246, 240, 147, 328, 200, 263, 253, 258, 285, 283, 222, 134, 319, 186, 242, 150, 303, 339, 267, 164, 325, 123, 389, 372, 142, 349, 129, 252, 162, 367, 121, 209, 403, 265, 207, 255, 110, 103, 322, 272, 198, 151, 105, 201, 130, 170, 95, 128, 306, 99, 338, 226, 259, 217, 197, 204, 277, 115, 397, 395, 232, 194, 177, 133, 257, 104, 223, 309, 180, 269, 117, 315, 402, 158, 169, 340, 211, 355, 266, 160, 379, 112, 313, 146, 244, 184, 243, 189, 275, 400, 318, 190, 300, 114, 392, 215, 378, 282, 143, 144, 251, 346, 276, 248, 368, 343, 399, 337, 352, 387, 335, 176, 289, 311, 361, 334, 286, 137, 288, 96, 225, 394, 280]"
diversity_on_nsga2,68,-29.481181999999997,9.048818000000002,22.218818000000002,"[60, 61, 40, 48, 68, 25, 16, 23, 34, 18, 72, 47, 31, 35, 74, 52, 3, 73, 80, 71, 30, 24, 13, 70, 15, 75, 57, 1, 89, 76, 65, 45, 33, 50, 77, 44, 26, 32, 7, 69, 67, 63, 14, 54, 4, 59, 87, 46, 66, 11, 28, 64, 2, 29, 83, 38, 10, 42, 51, 22, 53, 78, 94, 56, 39, 55, 90, 8, 85, 62, 37, 36, 21, 88, 20, 12, 84, 17, 91, 93, 6, 92, 27, 43, 5, 79, 86, 58, 82, 19, 49, 81, 41, 9]","[243, 128, 150, 185, 375, 254, 101, 379, 213, 361, 119, 264, 280, 156, 383, 247, 176, 236, 295, 241, 273, 291, 340, 234, 166, 283, 240, 369, 271, 186, 250, 289, 302, 311, 313, 348, 248, 354, 131, 256, 341, 365, 333, 331, 319, 337, 306, 136, 170, 262, 97, 181, 368, 125, 350, 133, 284, 99, 315, 293, 199, 200, 220, 229, 279, 393, 285, 222, 255, 169, 357, 182, 277, 288, 194, 116, 401, 146, 286, 100, 281, 330, 278, 139, 192, 297, 376, 202, 201, 141, 144, 187, 246, 122, 197, 208, 395, 374, 252, 394, 370, 162, 228, 225, 257, 355, 204, 196, 378, 96, 189, 290, 260, 298, 188, 205, 314, 391, 268, 322, 155, 363, 233, 356, 114, 158, 142, 127, 397, 404, 216, 344, 175, 249, 153, 184, 371, 214, 163, 108, 212, 400, 206, 111, 138, 296, 238, 109, 386, 217, 388, 347, 336, 270, 159, 102, 339, 366, 335, 301, 210, 342, 282, 362, 352, 137, 124, 167, 346, 245, 160, 147, 332, 164, 338, 353, 135, 95, 173, 310, 269, 191, 384, 226, 110, 364, 104, 392, 360, 276, 244, 387, 115, 396, 126, 171, 117, 178, 312, 390, 389, 106, 107, 377, 168, 372, 143, 307, 112, 398, 402, 309, 219, 223, 343, 172, 98, 130, 231, 345, 183, 272, 123, 129, 120, 177, 349, 324, 179, 308, 303, 305, 157, 405, 399, 317, 180, 140, 328, 275, 198, 266, 351, 193, 367, 316, 174, 149, 165, 221, 300, 294, 118, 215, 292, 381, 227, 154, 380, 327, 329, 318, 253, 261, 211, 224, 230, 265, 259, 326, 239, 121, 203, 320, 232, 287, 258, 195, 385, 373, 263, 325, 132, 299, 113, 145, 242, 358, 190, 151, 382, 403, 103, 148, 334, 267, 207, 274, 161, 237, 251, 304, 359, 105, 134, 321, 218, 235, 152, 323, 209]"
diversity_on_nsga2,69,-47.1998984727127,11.320101527287303,26.9001015272873,"[32, 50, 14, 49, 94, 25, 41, 3, 51, 2, 64, 30, 29, 91, 18, 79, 20, 76, 34, 17, 84, 9, 53, 54, 63, 22, 93, 73, 74, 1, 26, 67, 15, 48, 66, 8, 72, 88, 36, 31, 58, 47, 38, 5, 82, 92, 60, 44, 52, 87, 24, 83, 39, 55, 62, 37, 21, 43, 28, 56, 81, 70, 35, 42, 85, 59, 27, 68, 23, 10, 75, 16, 6, 7, 65, 13, 61, 78, 69, 11, 57, 71, 12, 45, 4, 46, 90, 80, 86, 40, 19, 77, 89, 33]","[383, 252, 344, 162, 260, 234, 242, 238, 172, 200, 362, 101, 364, 316, 323, 256, 315, 178, 236, 147, 405, 235, 151, 322, 321, 382, 254, 389, 396, 97, 288, 211, 403, 353, 360, 317, 367, 150, 359, 356, 330, 381, 165, 104, 140, 195, 261, 279, 161, 224, 262, 127, 336, 369, 227, 399, 333, 158, 269, 114, 392, 215, 376, 401, 387, 327, 281, 160, 217, 105, 314, 289, 154, 335, 130, 223, 176, 177, 194, 350, 257, 337, 99, 225, 169, 345, 338, 352, 340, 346, 309, 146, 245, 305, 402, 244, 96, 184, 366, 243, 189, 294, 137, 296, 133, 117, 380, 397, 164, 313, 106, 232, 275, 400, 163, 318, 190, 295, 300, 394, 282, 250, 388, 180, 145, 365, 324, 125, 168, 210, 384, 153, 301, 181, 268, 267, 299, 187, 156, 201, 135, 326, 185, 343, 198, 292, 354, 119, 175, 266, 134, 112, 116, 241, 258, 216, 179, 255, 375, 385, 290, 121, 149, 341, 339, 218, 142, 109, 358, 373, 193, 199, 328, 173, 287, 248, 404, 368, 221, 183, 129, 196, 239, 253, 222, 138, 167, 103, 182, 191, 143, 148, 331, 320, 213, 311, 361, 334, 188, 319, 231, 286, 390, 171, 372, 207, 302, 274, 230, 271, 398, 273, 237, 310, 131, 276, 100, 348, 107, 377, 205, 251, 391, 363, 152, 386, 329, 240, 332, 249, 304, 166, 118, 347, 144, 370, 293, 141, 284, 371, 174, 307, 303, 132, 111, 206, 393, 280, 278, 126, 192, 157, 203, 120, 219, 159, 283, 214, 263, 170, 325, 247, 95, 291, 128, 233, 357, 139, 123, 264, 306, 342, 98, 186, 297, 155, 108, 378, 202, 197, 124, 285, 379, 312, 209, 226, 246, 122, 355, 351, 228, 212, 259, 102, 110, 229, 204, 270, 308, 220, 277, 208, 113, 115, 395, 298, 136, 374, 272, 349, 265]"
diversity_on_nsga2,70,-54.0,12.040000000000003,33.2,"[76, 47, 9, 30, 37, 58, 31, 55, 62, 21, 2, 51, 65, 67, 46, 71, 50, 38, 24, 44, 12, 41, 42, 57, 73, 7, 26, 77, 13, 87, 34, 11, 17, 84, 5, 53, 69, 43, 68, 83, 93, 54, 60, 10, 4, 22, 86, 15, 1, 74, 32, 92, 70, 45, 52, 79, 3, 61, 6, 19, 25, 66, 75, 28, 48, 80, 36, 88, 39, 94, 40, 33, 49, 72, 35, 23, 82, 90, 8, 85, 27, 59, 89, 16, 14, 56, 64, 81, 29, 78, 18, 63, 20, 91]","[234, 296, 242, 291, 189, 200, 362, 309, 180, 400, 269, 117, 364, 318, 324, 245, 283, 236, 147, 190, 405, 340, 151, 322, 343, 321, 244, 367, 150, 359, 384, 131, 380, 285, 225, 342, 191, 265, 289, 248, 223, 159, 271, 135, 196, 305, 207, 98, 100, 183, 186, 132, 311, 210, 108, 240, 327, 263, 316, 273, 233, 338, 161, 216, 274, 137, 382, 203, 388, 247, 323, 232, 307, 215, 320, 254, 401, 114, 96, 213, 257, 154, 393, 219, 339, 230, 303, 370, 224, 372, 360, 126, 250, 315, 377, 348, 249, 204, 140, 222, 301, 277, 302, 143, 194, 328, 347, 402, 136, 133, 260, 326, 352, 158, 167, 113, 398, 146, 125, 220, 169, 172, 110, 295, 346, 127, 386, 231, 152, 97, 365, 235, 178, 366, 396, 256, 350, 211, 238, 166, 353, 145, 317, 262, 261, 153, 356, 181, 268, 292, 354, 119, 175, 266, 160, 134, 112, 399, 116, 241, 258, 282, 333, 312, 179, 369, 255, 185, 375, 168, 385, 290, 121, 149, 341, 156, 337, 218, 142, 109, 355, 227, 358, 198, 306, 193, 199, 310, 173, 287, 387, 404, 368, 221, 129, 239, 253, 138, 243, 335, 103, 182, 176, 381, 148, 331, 361, 334, 319, 163, 286, 195, 288, 267, 390, 171, 279, 313, 330, 336, 188, 237, 276, 107, 373, 251, 394, 391, 363, 170, 284, 280, 128, 325, 264, 403, 304, 371, 111, 101, 357, 214, 95, 155, 278, 139, 105, 192, 297, 205, 345, 376, 164, 165, 202, 329, 118, 299, 201, 120, 141, 130, 293, 99, 144, 378, 314, 123, 157, 174, 300, 332, 392, 206, 229, 124, 379, 209, 294, 187, 226, 246, 122, 106, 281, 351, 228, 212, 259, 102, 217, 197, 270, 308, 208, 115, 397, 395, 184, 298, 374, 272, 349, 383, 252, 177, 344, 275, 389, 162, 104]"
diversity_on_nsga2,71,-16.26845275,6.55154725,10.83154725,"[79, 73, 17, 31, 1, 26, 50, 62, 14, 49, 40, 46, 94, 65, 3, 51, 36, 2, 41, 34, 64, 12, 16, 81, 25, 55, 18, 74, 72, 58, 53, 33, 76, 20, 82, 88, 13, 69, 42, 54, 4, 59, 87, 66, 28, 83, 10, 22, 78, 56, 8, 15, 39, 43, 48, 35, 93, 27, 75, 7, 91, 57, 24, 63, 90, 80, 86, 21, 19, 77, 85, 47, 37, 30, 89, 92, 5, 70, 9, 29, 71, 61, 6, 52, 44, 60, 11, 68, 23, 32, 67, 45, 84, 38]","[400, 318, 190, 358, 286, 291, 266, 144, 298, 296, 133, 232, 295, 326, 282, 145, 168, 354, 364, 316, 396, 350, 341, 246, 360, 258, 150, 349, 389, 381, 382, 365, 218, 317, 254, 110, 127, 283, 198, 212, 109, 122, 180, 324, 323, 183, 351, 241, 292, 348, 256, 135, 395, 136, 339, 367, 121, 209, 255, 397, 211, 120, 239, 134, 356, 386, 373, 113, 100, 193, 151, 305, 208, 156, 234, 306, 204, 112, 197, 226, 149, 379, 225, 368, 117, 315, 265, 272, 152, 129, 196, 253, 243, 167, 191, 119, 331, 320, 213, 311, 361, 319, 163, 223, 195, 390, 171, 279, 301, 372, 140, 302, 274, 161, 273, 237, 131, 276, 107, 377, 251, 96, 394, 391, 392, 240, 300, 332, 249, 114, 250, 347, 215, 370, 164, 293, 284, 371, 174, 238, 111, 388, 206, 376, 126, 192, 157, 141, 203, 159, 201, 214, 170, 325, 247, 95, 233, 299, 139, 264, 205, 101, 342, 98, 186, 108, 202, 229, 285, 222, 181, 271, 259, 404, 378, 166, 210, 123, 375, 261, 363, 187, 329, 330, 219, 231, 267, 328, 263, 155, 281, 334, 303, 278, 321, 336, 118, 125, 128, 182, 175, 97, 106, 147, 102, 224, 343, 380, 290, 280, 179, 374, 405, 143, 153, 262, 165, 369, 260, 384, 124, 115, 297, 398, 235, 248, 357, 221, 393, 138, 383, 307, 287, 228, 188, 142, 322, 270, 252, 103, 304, 160, 162, 403, 242, 148, 132, 207, 399, 200, 277, 236, 178, 362, 199, 216, 172, 310, 227, 327, 355, 288, 333, 158, 269, 401, 387, 344, 116, 359, 173, 308, 230, 353, 185, 312, 268, 385, 217, 105, 314, 289, 154, 335, 130, 176, 177, 194, 220, 257, 337, 99, 169, 345, 338, 352, 313, 340, 346, 309, 146, 245, 104, 402, 244, 184, 366, 189, 294, 137, 275]"
diversity_on_nsga2,72,-93.48699953209163,36.45300046790835,78.51300046790837,"[74, 77, 14, 92, 5, 64, 49, 70, 93, 61, 6, 27, 87, 25, 18, 66, 23, 52, 36, 29, 83, 10, 7, 26, 21, 78, 58, 19, 37, 40, 85, 47, 9, 67, 60, 84, 34, 33, 41, 2, 79, 76, 73, 20, 82, 88, 17, 31, 69, 1, 65, 22, 8, 15, 54, 44, 94, 56, 39, 55, 43, 48, 72, 35, 28, 90, 80, 16, 75, 89, 59, 50, 38, 32, 3, 51, 30, 91, 63, 42, 12, 62, 53, 68, 45, 46, 4, 86, 71, 57, 13, 81, 24, 11]","[154, 250, 401, 161, 345, 388, 376, 278, 327, 145, 168, 364, 274, 382, 108, 203, 220, 299, 393, 149, 323, 188, 260, 375, 118, 236, 107, 281, 254, 320, 178, 362, 109, 196, 199, 179, 171, 216, 183, 270, 172, 310, 206, 321, 291, 301, 330, 381, 165, 101, 140, 106, 195, 261, 279, 284, 224, 262, 127, 336, 370, 316, 344, 396, 293, 205, 350, 341, 191, 116, 131, 126, 173, 98, 174, 192, 308, 268, 119, 229, 175, 302, 347, 273, 385, 365, 102, 317, 377, 212, 122, 324, 181, 404, 166, 210, 384, 103, 187, 231, 125, 182, 138, 218, 380, 290, 314, 374, 157, 153, 369, 124, 297, 398, 357, 383, 307, 287, 228, 298, 241, 358, 136, 351, 386, 120, 132, 148, 354, 239, 326, 167, 356, 304, 113, 152, 100, 193, 238, 213, 159, 305, 156, 234, 202, 390, 264, 359, 294, 296, 366, 245, 163, 295, 208, 329, 333, 271, 219, 230, 249, 247, 353, 97, 185, 342, 292, 214, 348, 155, 332, 371, 141, 373, 197, 331, 139, 233, 312, 256, 235, 221, 111, 135, 227, 405, 360, 237, 246, 240, 147, 328, 200, 263, 253, 258, 285, 283, 222, 134, 319, 186, 242, 150, 303, 339, 267, 164, 325, 123, 389, 372, 142, 349, 129, 252, 162, 367, 121, 209, 403, 265, 207, 255, 110, 363, 322, 272, 198, 151, 105, 201, 130, 170, 95, 128, 306, 99, 338, 226, 259, 217, 391, 204, 277, 115, 397, 395, 232, 194, 177, 133, 257, 104, 223, 309, 180, 269, 117, 315, 402, 158, 169, 340, 211, 355, 266, 160, 379, 112, 313, 146, 244, 184, 243, 189, 275, 400, 318, 190, 300, 114, 392, 215, 378, 282, 143, 144, 251, 346, 276, 248, 368, 343, 399, 337, 352, 387, 335, 176, 289, 311, 361, 334, 286, 137, 288, 96, 225, 394, 280]"
diversity_on_nsga2,73,-18.073682206865573,9.596317793134428,11.826317793134429,"[9, 67, 49, 91, 41, 46, 13, 6, 79, 3, 51, 73, 34, 64, 81, 29, 72, 53, 33, 76, 20, 82, 17, 84, 5, 1, 22, 30, 15, 92, 60, 52, 58, 4, 83, 28, 89, 70, 35, 42, 59, 27, 68, 10, 16, 38, 78, 94, 18, 55, 23, 32, 44, 21, 50, 8, 75, 93, 61, 36, 19, 54, 26, 48, 88, 65, 25, 2, 24, 31, 87, 7, 62, 37, 69, 74, 14, 11, 66, 43, 56, 57, 39, 71, 12, 45, 63, 90, 80, 86, 40, 77, 85, 47]","[375, 118, 379, 236, 107, 281, 320, 178, 362, 179, 216, 183, 270, 172, 310, 206, 327, 301, 165, 101, 140, 106, 195, 261, 224, 262, 127, 336, 370, 316, 344, 396, 293, 350, 126, 173, 308, 229, 347, 273, 365, 102, 317, 377, 122, 324, 181, 404, 210, 384, 363, 125, 182, 147, 218, 380, 290, 314, 374, 153, 369, 124, 297, 398, 357, 383, 287, 228, 298, 241, 358, 136, 351, 386, 120, 132, 148, 354, 239, 326, 167, 356, 113, 152, 100, 193, 238, 213, 159, 305, 156, 234, 202, 390, 294, 296, 245, 163, 295, 208, 329, 333, 249, 141, 373, 312, 227, 171, 117, 381, 366, 110, 254, 328, 109, 103, 166, 279, 199, 341, 196, 186, 391, 349, 304, 157, 330, 388, 188, 263, 264, 343, 405, 98, 161, 299, 212, 276, 283, 321, 187, 244, 332, 197, 286, 205, 319, 307, 119, 175, 266, 144, 191, 116, 359, 231, 131, 251, 95, 174, 222, 192, 385, 143, 271, 219, 230, 302, 247, 353, 97, 185, 342, 292, 214, 348, 155, 371, 248, 331, 139, 233, 256, 235, 221, 111, 135, 268, 360, 237, 246, 240, 138, 200, 253, 258, 285, 242, 150, 303, 339, 267, 164, 325, 123, 389, 372, 142, 129, 252, 162, 367, 121, 209, 403, 265, 207, 255, 322, 272, 198, 151, 105, 201, 130, 170, 128, 306, 99, 338, 226, 259, 217, 204, 277, 115, 397, 395, 232, 194, 177, 133, 257, 104, 223, 309, 180, 269, 315, 402, 158, 169, 340, 211, 355, 160, 134, 112, 313, 146, 184, 243, 189, 275, 400, 318, 190, 300, 114, 392, 215, 378, 282, 346, 368, 399, 337, 352, 387, 335, 176, 289, 311, 361, 334, 137, 288, 96, 225, 394, 280, 154, 250, 401, 284, 345, 376, 278, 291, 145, 168, 364, 274, 382, 108, 203, 220, 393, 149, 323, 260]"
diversity_on_nsga2,74,-51.83811505,16.01188495,20.26188495,"[76, 9, 30, 54, 58, 31, 62, 6, 51, 65, 67, 46, 21, 38, 24, 79, 12, 41, 73, 7, 26, 77, 13, 87, 34, 11, 90, 84, 53, 69, 43, 68, 83, 93, 60, 10, 4, 22, 86, 15, 1, 74, 32, 92, 70, 94, 50, 44, 3, 52, 19, 25, 28, 56, 80, 88, 39, 33, 49, 35, 23, 82, 29, 8, 85, 27, 59, 89, 16, 14, 48, 81, 18, 20, 36, 64, 91, 72, 42, 40, 66, 17, 71, 37, 45, 57, 63, 75, 55, 5, 61, 47, 2, 78]","[310, 171, 178, 172, 140, 381, 227, 161, 399, 333, 169, 269, 114, 392, 215, 376, 401, 387, 355, 160, 217, 105, 314, 289, 154, 335, 130, 223, 176, 177, 194, 220, 257, 337, 99, 158, 345, 338, 352, 274, 340, 346, 309, 146, 245, 104, 402, 136, 96, 184, 366, 243, 189, 294, 137, 296, 133, 232, 275, 400, 163, 318, 190, 295, 300, 394, 282, 382, 302, 101, 254, 127, 195, 109, 323, 183, 181, 166, 375, 261, 330, 281, 334, 321, 336, 118, 106, 224, 290, 179, 374, 262, 165, 369, 260, 398, 149, 393, 383, 228, 188, 250, 388, 180, 145, 365, 324, 125, 168, 210, 102, 329, 198, 357, 354, 364, 380, 378, 122, 370, 358, 187, 316, 278, 159, 396, 293, 404, 264, 343, 286, 205, 319, 384, 307, 119, 175, 291, 148, 144, 212, 350, 298, 341, 191, 116, 157, 359, 131, 351, 251, 126, 280, 173, 241, 231, 135, 327, 253, 225, 379, 305, 208, 156, 395, 234, 306, 202, 390, 204, 112, 311, 197, 201, 226, 170, 368, 95, 98, 174, 222, 276, 192, 385, 308, 143, 271, 219, 230, 249, 247, 299, 353, 97, 185, 342, 292, 214, 348, 155, 332, 371, 141, 248, 391, 331, 139, 233, 312, 256, 235, 221, 111, 273, 268, 405, 360, 237, 246, 240, 138, 328, 200, 263, 287, 258, 285, 283, 244, 186, 242, 150, 303, 339, 267, 164, 325, 123, 389, 372, 142, 349, 129, 252, 162, 367, 121, 209, 403, 265, 207, 255, 110, 103, 322, 272, 397, 211, 120, 363, 218, 132, 317, 182, 266, 115, 239, 128, 326, 167, 297, 147, 134, 356, 229, 386, 304, 373, 113, 259, 377, 152, 100, 193, 151, 238, 347, 153, 213, 344, 124, 361, 117, 284, 315, 313, 108, 203, 288, 277, 236, 107, 320, 199, 279, 196, 216, 206, 270, 301, 362]"
diversity_on_nsga2,75,-65.0052858053337,12.924714194666299,37.4947141946663,"[77, 85, 47, 91, 9, 26, 50, 62, 14, 7, 46, 94, 38, 27, 3, 51, 36, 73, 64, 37, 30, 49, 29, 25, 55, 18, 74, 76, 57, 72, 58, 10, 13, 67, 45, 39, 33, 41, 79, 82, 20, 88, 17, 31, 69, 1, 65, 22, 8, 15, 54, 78, 56, 84, 43, 48, 35, 42, 93, 59, 75, 16, 12, 24, 63, 90, 80, 86, 21, 19, 40, 81, 53, 89, 66, 32, 92, 87, 4, 83, 28, 70, 5, 71, 61, 6, 52, 44, 34, 60, 2, 11, 68, 23]","[400, 318, 190, 300, 125, 102, 380, 343, 287, 194, 288, 257, 337, 99, 167, 345, 338, 352, 346, 309, 233, 104, 96, 366, 294, 137, 296, 133, 232, 163, 295, 394, 333, 269, 326, 215, 376, 401, 387, 282, 250, 388, 145, 168, 364, 316, 344, 396, 192, 308, 230, 249, 247, 299, 353, 185, 342, 332, 371, 141, 391, 301, 139, 245, 312, 235, 111, 268, 360, 246, 240, 200, 258, 242, 150, 164, 325, 372, 285, 349, 129, 389, 162, 382, 229, 186, 214, 302, 347, 273, 385, 365, 218, 317, 101, 254, 110, 377, 142, 127, 283, 195, 237, 109, 180, 324, 323, 183, 252, 181, 271, 259, 166, 210, 123, 375, 261, 363, 330, 219, 267, 328, 263, 155, 281, 329, 198, 357, 354, 378, 122, 370, 358, 187, 278, 159, 293, 404, 264, 286, 205, 319, 384, 307, 119, 175, 291, 266, 144, 212, 350, 298, 253, 341, 191, 116, 157, 359, 231, 131, 351, 251, 126, 280, 173, 241, 95, 98, 174, 222, 276, 143, 97, 292, 348, 248, 331, 256, 221, 135, 405, 138, 395, 136, 303, 339, 367, 121, 209, 403, 265, 207, 255, 103, 216, 272, 397, 211, 120, 132, 182, 148, 115, 239, 128, 297, 147, 134, 356, 386, 369, 373, 113, 152, 100, 193, 151, 238, 153, 213, 124, 361, 305, 208, 156, 383, 234, 306, 202, 390, 228, 204, 112, 398, 311, 197, 201, 290, 226, 170, 368, 117, 284, 315, 334, 274, 108, 203, 220, 277, 393, 149, 188, 260, 118, 379, 236, 107, 320, 178, 362, 196, 199, 179, 171, 322, 270, 172, 310, 206, 321, 381, 165, 140, 106, 279, 161, 224, 262, 336, 304, 227, 399, 158, 114, 392, 327, 355, 160, 217, 105, 314, 289, 154, 335, 130, 223, 176, 177, 225, 169, 313, 340, 374, 146, 402, 244, 184, 243, 189, 275]"
diversity_on_nsga2,76,-23.8950605,10.4049395,9.4049395,"[13, 4, 11, 44, 58, 64, 67, 57, 26, 52, 10, 94, 21, 72, 35, 31, 16, 75, 33, 59, 50, 62, 49, 87, 92, 24, 41, 68, 38, 15, 84, 32, 55, 56, 63, 12, 17, 39, 37, 14, 42, 34, 40, 3, 45, 91, 27, 70, 74, 19, 82, 85, 20, 69, 90, 77, 5, 81, 73, 29, 8, 46, 71, 61, 47, 25, 79, 22, 18, 6, 89, 66, 7, 30, 93, 43, 83, 28, 23, 36, 51, 2, 78, 48, 88, 65, 80, 9, 53, 54, 60, 76, 86, 1]","[400, 318, 190, 300, 114, 392, 215, 378, 291, 282, 251, 346, 276, 248, 368, 399, 337, 352, 199, 387, 196, 335, 176, 381, 289, 320, 311, 361, 334, 137, 288, 171, 279, 301, 140, 274, 161, 310, 107, 96, 225, 394, 314, 154, 250, 401, 165, 345, 388, 376, 327, 145, 168, 364, 344, 396, 126, 173, 98, 174, 192, 308, 268, 382, 119, 229, 302, 347, 385, 365, 102, 317, 101, 254, 377, 127, 195, 109, 122, 324, 323, 183, 181, 166, 210, 261, 363, 330, 281, 321, 336, 118, 125, 182, 106, 147, 218, 224, 380, 290, 280, 179, 374, 143, 153, 262, 284, 369, 260, 375, 124, 297, 149, 357, 393, 383, 287, 228, 241, 175, 136, 351, 386, 120, 132, 148, 354, 239, 326, 167, 379, 356, 304, 113, 152, 100, 193, 238, 213, 305, 156, 234, 202, 370, 358, 187, 316, 278, 159, 273, 293, 404, 264, 343, 286, 205, 319, 384, 307, 144, 212, 350, 298, 253, 341, 191, 116, 157, 359, 231, 131, 390, 270, 206, 398, 294, 188, 296, 366, 245, 163, 295, 208, 329, 333, 271, 219, 230, 257, 247, 397, 353, 97, 185, 342, 292, 214, 348, 155, 332, 371, 141, 373, 391, 331, 139, 233, 312, 256, 235, 221, 111, 135, 227, 405, 360, 237, 246, 240, 138, 328, 200, 263, 258, 285, 283, 222, 186, 242, 150, 303, 339, 267, 164, 325, 123, 389, 372, 142, 349, 129, 252, 162, 367, 121, 209, 403, 265, 207, 255, 110, 103, 322, 272, 198, 151, 203, 105, 201, 130, 170, 95, 128, 306, 99, 338, 108, 216, 226, 259, 217, 197, 204, 220, 277, 115, 299, 395, 232, 194, 177, 133, 249, 104, 172, 223, 362, 309, 180, 269, 117, 315, 402, 178, 236, 158, 169, 340, 211, 355, 266, 160, 134, 112, 313, 146, 244, 184, 243, 189, 275]"
diversity_on_nsga2,77,-47.1998984727127,11.320101527287303,26.9001015272873,"[32, 50, 14, 49, 94, 25, 41, 3, 51, 2, 64, 30, 29, 91, 18, 79, 20, 76, 34, 17, 84, 9, 53, 54, 63, 22, 93, 1, 74, 73, 26, 67, 15, 48, 66, 8, 72, 88, 36, 31, 58, 47, 38, 5, 82, 89, 60, 44, 52, 87, 24, 83, 39, 92, 62, 37, 21, 43, 28, 56, 81, 70, 35, 42, 85, 59, 27, 68, 23, 10, 75, 16, 6, 7, 65, 13, 61, 78, 69, 11, 57, 71, 12, 45, 4, 46, 90, 80, 86, 40, 19, 77, 55, 33]","[383, 252, 344, 162, 260, 234, 242, 238, 172, 200, 362, 101, 364, 316, 323, 256, 315, 178, 236, 147, 405, 235, 151, 322, 321, 382, 254, 389, 396, 97, 288, 211, 403, 353, 360, 317, 367, 150, 359, 356, 330, 381, 165, 104, 140, 195, 261, 279, 161, 224, 262, 127, 336, 369, 227, 399, 333, 158, 269, 114, 392, 215, 376, 401, 387, 327, 281, 160, 217, 105, 314, 289, 154, 335, 130, 223, 176, 177, 194, 350, 257, 337, 99, 225, 169, 345, 338, 352, 340, 346, 309, 146, 245, 305, 402, 244, 96, 184, 366, 243, 189, 294, 137, 296, 133, 117, 380, 397, 164, 313, 106, 232, 275, 400, 163, 318, 190, 295, 300, 394, 282, 250, 388, 180, 145, 365, 324, 125, 168, 210, 384, 153, 301, 181, 268, 267, 299, 187, 156, 201, 135, 326, 185, 343, 198, 292, 354, 119, 175, 266, 134, 112, 116, 241, 258, 216, 179, 255, 375, 385, 290, 121, 149, 341, 339, 218, 142, 109, 358, 373, 193, 199, 328, 173, 287, 248, 404, 368, 221, 183, 129, 196, 239, 253, 222, 138, 167, 103, 182, 191, 143, 148, 331, 320, 213, 311, 361, 334, 188, 319, 231, 286, 390, 171, 372, 207, 302, 274, 230, 271, 398, 273, 237, 310, 131, 276, 100, 348, 107, 377, 205, 251, 391, 363, 152, 386, 329, 240, 332, 249, 304, 166, 118, 347, 144, 370, 293, 141, 284, 371, 174, 307, 303, 132, 111, 206, 393, 280, 278, 126, 192, 157, 203, 120, 219, 159, 283, 214, 263, 170, 325, 247, 95, 291, 128, 233, 357, 139, 123, 264, 306, 342, 98, 186, 297, 155, 108, 378, 202, 197, 124, 285, 379, 312, 209, 226, 246, 122, 355, 351, 228, 212, 259, 102, 110, 229, 204, 270, 308, 220, 277, 208, 113, 115, 395, 298, 136, 374, 272, 349, 265]"
diversity_on_nsga2,78,-49.655950675000014,10.694049325,38.644049325,"[77, 85, 47, 91, 9, 55, 26, 50, 62, 14, 7, 46, 94, 38, 27, 3, 51, 36, 76, 73, 64, 37, 30, 49, 29, 40, 10, 93, 74, 72, 58, 45, 33, 2, 20, 48, 6, 81, 82, 32, 69, 67, 42, 54, 4, 59, 87, 31, 41, 28, 83, 22, 78, 56, 39, 21, 43, 12, 84, 17, 68, 18, 92, 8, 88, 5, 79, 86, 61, 13, 63, 19, 60, 23, 25, 16, 34, 66, 90, 35, 11, 71, 80, 52, 24, 70, 15, 75, 57, 1, 89, 65, 53, 44]","[120, 214, 286, 130, 221, 129, 107, 385, 381, 332, 196, 298, 171, 241, 111, 122, 365, 271, 355, 276, 230, 378, 367, 208, 284, 255, 269, 308, 223, 188, 395, 186, 345, 338, 352, 313, 340, 202, 346, 199, 146, 117, 364, 380, 316, 256, 324, 245, 104, 402, 244, 96, 184, 366, 243, 189, 294, 137, 296, 133, 232, 275, 400, 163, 318, 190, 295, 300, 394, 282, 344, 382, 229, 302, 347, 273, 317, 101, 254, 110, 377, 127, 195, 109, 323, 183, 181, 285, 166, 375, 261, 363, 330, 281, 334, 321, 336, 118, 128, 182, 106, 147, 218, 224, 290, 179, 374, 153, 262, 315, 178, 283, 236, 158, 343, 177, 279, 99, 150, 237, 100, 267, 222, 211, 176, 369, 327, 135, 397, 141, 349, 161, 116, 250, 401, 360, 217, 259, 226, 168, 266, 95, 209, 359, 289, 292, 239, 240, 373, 312, 335, 370, 165, 173, 405, 348, 249, 204, 268, 140, 351, 301, 227, 277, 216, 164, 376, 280, 356, 139, 108, 194, 225, 388, 258, 156, 136, 187, 260, 185, 121, 278, 123, 326, 155, 143, 293, 154, 167, 113, 264, 325, 398, 125, 215, 220, 246, 170, 350, 172, 253, 203, 379, 342, 124, 98, 115, 384, 274, 353, 151, 311, 371, 309, 307, 265, 328, 180, 272, 152, 320, 142, 322, 297, 287, 270, 252, 251, 103, 149, 304, 299, 138, 160, 162, 403, 242, 206, 148, 157, 132, 207, 399, 231, 159, 200, 114, 145, 105, 134, 389, 404, 235, 233, 193, 248, 392, 386, 238, 213, 361, 119, 305, 383, 198, 247, 303, 387, 291, 234, 169, 306, 205, 390, 362, 228, 310, 191, 112, 314, 391, 212, 396, 210, 197, 354, 131, 201, 341, 333, 329, 331, 319, 337, 144, 97, 368, 257, 339, 263, 174, 358, 393, 219, 357, 192, 372, 126, 102, 288, 175]"
diversity_on_nsga2,79,-97.54194267099999,41.818057329,89.358057329,"[74, 77, 14, 92, 5, 64, 32, 70, 93, 61, 6, 27, 87, 25, 18, 66, 23, 52, 36, 29, 83, 10, 7, 26, 21, 44, 58, 19, 37, 40, 85, 47, 9, 67, 45, 84, 38, 33, 41, 2, 79, 76, 73, 20, 82, 88, 17, 31, 69, 1, 65, 22, 8, 15, 54, 78, 3, 56, 39, 55, 43, 48, 72, 35, 28, 90, 80, 16, 75, 89, 59, 50, 62, 49, 94, 51, 30, 91, 63, 42, 12, 34, 53, 68, 60, 46, 4, 86, 71, 57, 13, 81, 24, 11]","[154, 250, 401, 284, 345, 388, 376, 278, 327, 145, 168, 364, 274, 382, 106, 203, 220, 299, 393, 149, 323, 188, 260, 375, 118, 134, 236, 196, 281, 254, 320, 178, 362, 109, 107, 199, 179, 171, 216, 183, 270, 172, 310, 206, 321, 291, 301, 330, 381, 165, 101, 140, 108, 195, 261, 279, 161, 224, 262, 127, 336, 370, 358, 344, 396, 293, 205, 350, 341, 191, 116, 157, 131, 126, 173, 98, 174, 192, 308, 268, 119, 229, 175, 302, 347, 273, 385, 365, 102, 317, 377, 212, 122, 324, 181, 404, 166, 210, 384, 363, 187, 231, 125, 182, 147, 218, 380, 290, 314, 374, 143, 265, 369, 124, 297, 398, 357, 383, 307, 287, 228, 298, 241, 316, 136, 351, 386, 120, 132, 148, 354, 239, 326, 167, 356, 304, 113, 152, 100, 193, 238, 213, 159, 305, 156, 234, 202, 390, 264, 359, 294, 296, 366, 245, 163, 295, 208, 329, 333, 271, 219, 230, 249, 247, 353, 97, 185, 342, 292, 214, 348, 155, 332, 371, 141, 373, 391, 331, 139, 233, 312, 256, 235, 221, 111, 135, 227, 405, 360, 237, 246, 240, 138, 328, 200, 263, 253, 258, 285, 283, 222, 186, 242, 150, 303, 339, 267, 164, 325, 123, 389, 372, 142, 349, 129, 252, 162, 367, 121, 209, 403, 153, 207, 255, 110, 103, 322, 272, 198, 151, 105, 201, 130, 170, 95, 128, 306, 99, 338, 226, 259, 217, 197, 204, 277, 115, 397, 395, 232, 194, 177, 133, 257, 104, 223, 309, 180, 269, 117, 315, 402, 158, 169, 340, 211, 355, 266, 160, 379, 112, 313, 146, 244, 184, 243, 189, 275, 400, 318, 190, 300, 114, 392, 215, 378, 282, 319, 144, 251, 346, 276, 248, 368, 343, 399, 337, 352, 387, 335, 176, 289, 311, 361, 334, 286, 137, 288, 96, 225, 394, 280]"
diversity_on_nsga2,80,-95.44538286000001,41.994617139999995,74.15461714,"[26, 21, 92, 19, 40, 85, 9, 67, 45, 50, 38, 74, 84, 8, 44, 30, 37, 33, 49, 28, 16, 57, 72, 63, 1, 4, 51, 47, 59, 10, 35, 64, 13, 54, 42, 58, 89, 53, 2, 60, 79, 76, 73, 20, 82, 88, 17, 31, 69, 6, 65, 22, 15, 78, 94, 56, 83, 43, 48, 90, 80, 75, 62, 3, 39, 91, 12, 34, 68, 41, 46, 86, 71, 81, 24, 70, 77, 14, 5, 32, 11, 93, 61, 27, 87, 25, 18, 66, 23, 52, 36, 29, 55, 7]","[254, 199, 321, 291, 330, 101, 161, 224, 262, 316, 350, 341, 157, 131, 174, 192, 308, 119, 229, 302, 273, 385, 365, 317, 122, 181, 166, 363, 187, 125, 182, 218, 380, 374, 369, 297, 383, 287, 358, 136, 148, 354, 239, 326, 167, 304, 152, 100, 128, 213, 305, 156, 234, 202, 264, 359, 294, 295, 208, 329, 271, 137, 230, 97, 185, 292, 348, 141, 139, 256, 235, 237, 395, 240, 263, 253, 258, 285, 283, 222, 186, 242, 150, 252, 121, 403, 265, 207, 103, 198, 151, 201, 170, 193, 306, 259, 197, 277, 246, 194, 133, 180, 154, 169, 340, 313, 146, 243, 275, 318, 190, 300, 370, 162, 228, 225, 257, 355, 204, 196, 378, 96, 189, 255, 290, 260, 298, 188, 205, 314, 391, 268, 322, 155, 351, 233, 356, 114, 334, 320, 158, 232, 284, 127, 397, 404, 216, 344, 175, 331, 249, 153, 184, 371, 247, 214, 163, 281, 108, 212, 293, 400, 206, 111, 138, 296, 238, 209, 109, 386, 217, 388, 347, 336, 270, 333, 159, 102, 220, 338, 366, 335, 301, 210, 342, 282, 357, 362, 266, 219, 124, 352, 346, 245, 160, 147, 113, 332, 164, 339, 353, 135, 95, 130, 310, 269, 191, 384, 226, 110, 364, 104, 392, 360, 276, 244, 387, 115, 396, 126, 171, 117, 373, 325, 178, 312, 390, 389, 106, 107, 377, 168, 116, 372, 143, 307, 112, 241, 398, 402, 309, 368, 319, 223, 343, 172, 98, 173, 231, 345, 183, 272, 123, 129, 120, 177, 349, 324, 179, 381, 140, 195, 221, 328, 200, 165, 405, 379, 367, 261, 267, 211, 118, 149, 375, 132, 142, 393, 303, 279, 227, 399, 215, 105, 315, 176, 99, 144, 251, 248, 337, 289, 311, 361, 286, 288, 394, 280, 250, 401, 376, 278, 327, 145, 274, 382, 203, 299, 323, 134, 236]"
diversity_on_nsga2,81,-90.25561928098219,24.844380719017824,81.94438071901783,"[85, 77, 47, 26, 14, 38, 79, 37, 36, 2, 40, 64, 81, 25, 41, 18, 74, 58, 33, 84, 5, 32, 92, 44, 52, 87, 4, 83, 70, 93, 27, 23, 10, 42, 6, 7, 13, 61, 11, 24, 71, 76, 73, 20, 82, 88, 17, 31, 69, 1, 65, 22, 8, 15, 54, 78, 94, 56, 39, 55, 43, 48, 72, 35, 28, 90, 80, 16, 75, 89, 59, 50, 62, 49, 3, 51, 30, 91, 63, 66, 12, 34, 53, 68, 60, 46, 45, 57, 29, 86, 21, 19, 9, 67]","[224, 343, 273, 377, 225, 254, 311, 274, 137, 320, 399, 108, 203, 236, 362, 196, 216, 291, 140, 161, 327, 289, 154, 335, 337, 301, 302, 347, 260, 220, 172, 127, 365, 178, 396, 350, 145, 317, 262, 261, 268, 119, 175, 134, 116, 179, 375, 168, 385, 149, 341, 109, 199, 310, 173, 176, 381, 361, 334, 286, 195, 288, 171, 279, 210, 336, 188, 107, 394, 284, 280, 278, 192, 205, 345, 376, 165, 118, 299, 293, 157, 174, 206, 229, 106, 281, 212, 102, 270, 308, 122, 324, 181, 404, 166, 330, 384, 363, 187, 231, 125, 182, 147, 218, 380, 290, 374, 143, 369, 124, 297, 398, 357, 383, 307, 287, 228, 298, 241, 358, 136, 351, 386, 120, 132, 148, 354, 239, 326, 356, 304, 113, 152, 100, 193, 167, 101, 238, 314, 393, 265, 213, 159, 305, 156, 234, 202, 390, 264, 359, 294, 296, 366, 245, 163, 295, 208, 329, 333, 271, 219, 230, 249, 247, 353, 97, 185, 342, 292, 214, 348, 155, 332, 371, 141, 373, 391, 331, 139, 233, 312, 256, 235, 221, 111, 135, 227, 405, 360, 237, 246, 240, 138, 328, 200, 263, 253, 258, 285, 283, 222, 186, 242, 150, 303, 339, 267, 164, 325, 123, 389, 372, 142, 243, 129, 252, 162, 367, 121, 209, 403, 153, 207, 255, 110, 103, 322, 272, 198, 151, 105, 201, 130, 170, 95, 128, 306, 99, 338, 226, 259, 217, 197, 204, 277, 115, 397, 395, 232, 194, 177, 133, 257, 104, 223, 309, 180, 269, 117, 315, 402, 158, 169, 340, 211, 355, 266, 160, 379, 112, 313, 146, 244, 184, 349, 189, 275, 400, 318, 190, 300, 114, 392, 215, 378, 282, 319, 144, 251, 346, 276, 248, 368, 352, 96, 401, 387, 250, 388, 364, 370, 316, 344, 191, 131, 126, 98, 382, 323, 183, 321]"
diversity_on_nsga2,82,-92.45481181021762,28.975188189782394,65.34518818978239,"[85, 72, 35, 90, 16, 62, 2, 51, 65, 67, 46, 71, 50, 38, 24, 12, 32, 42, 57, 73, 77, 10, 7, 26, 21, 44, 47, 19, 13, 87, 34, 11, 17, 84, 5, 53, 69, 43, 68, 83, 93, 54, 60, 4, 18, 86, 15, 1, 74, 41, 92, 70, 45, 52, 79, 3, 61, 6, 25, 66, 75, 28, 48, 80, 36, 88, 39, 94, 40, 33, 59, 81, 49, 58, 37, 9, 29, 89, 23, 91, 22, 30, 64, 76, 14, 63, 82, 20, 31, 8, 78, 56, 55, 27]","[224, 343, 273, 377, 225, 254, 395, 311, 274, 137, 320, 399, 108, 203, 236, 362, 196, 216, 291, 140, 161, 327, 289, 154, 335, 337, 301, 302, 347, 260, 220, 172, 127, 365, 178, 396, 350, 145, 317, 262, 261, 268, 119, 175, 134, 116, 179, 375, 168, 385, 149, 341, 109, 199, 310, 173, 176, 381, 361, 334, 286, 195, 288, 171, 279, 210, 336, 188, 107, 394, 284, 280, 101, 278, 192, 205, 345, 376, 165, 118, 299, 293, 157, 174, 206, 229, 106, 281, 212, 102, 270, 308, 122, 324, 181, 404, 166, 330, 384, 363, 187, 231, 125, 182, 147, 218, 380, 290, 128, 374, 143, 153, 369, 124, 297, 398, 357, 383, 307, 287, 228, 298, 241, 358, 136, 351, 386, 120, 132, 148, 354, 239, 326, 167, 356, 304, 113, 152, 100, 193, 130, 213, 159, 305, 156, 234, 202, 390, 264, 359, 294, 296, 366, 245, 163, 295, 208, 329, 333, 271, 219, 230, 249, 247, 353, 97, 185, 342, 292, 214, 348, 155, 332, 371, 141, 373, 391, 331, 184, 233, 312, 256, 235, 221, 111, 135, 227, 405, 360, 237, 246, 240, 138, 328, 200, 263, 253, 258, 285, 283, 222, 186, 242, 150, 303, 339, 267, 164, 325, 123, 389, 372, 142, 349, 129, 252, 162, 367, 121, 209, 403, 265, 207, 255, 110, 103, 322, 272, 198, 151, 105, 201, 238, 170, 95, 314, 306, 99, 338, 226, 259, 217, 197, 204, 277, 115, 397, 393, 232, 194, 177, 133, 257, 104, 223, 309, 180, 269, 117, 315, 402, 158, 169, 340, 211, 355, 266, 160, 379, 112, 313, 146, 244, 139, 243, 189, 275, 400, 318, 190, 300, 114, 392, 215, 378, 282, 319, 144, 251, 346, 276, 248, 368, 352, 96, 401, 387, 250, 388, 364, 370, 316, 344, 191, 131, 126, 98, 382, 323, 183, 321]"
diversity_on_nsga2,83,-88.1822835335,25.347716466500003,67.11771646650001,"[19, 77, 85, 47, 9, 67, 26, 50, 62, 14, 31, 49, 56, 46, 94, 38, 79, 45, 73, 36, 2, 40, 34, 64, 37, 30, 81, 29, 25, 55, 18, 74, 72, 87, 53, 33, 89, 39, 82, 88, 17, 84, 5, 1, 48, 22, 8, 15, 54, 66, 32, 92, 60, 41, 52, 58, 20, 83, 28, 21, 76, 70, 35, 42, 93, 59, 43, 27, 68, 63, 10, 75, 16, 6, 7, 65, 91, 13, 61, 78, 69, 11, 24, 4, 71, 12, 3, 57, 23, 90, 80, 86, 44, 51]","[309, 290, 226, 170, 181, 368, 117, 284, 315, 334, 274, 382, 108, 203, 220, 277, 393, 149, 323, 188, 260, 375, 100, 379, 236, 107, 281, 254, 320, 178, 362, 109, 196, 199, 179, 171, 322, 183, 270, 172, 310, 206, 321, 301, 330, 381, 165, 101, 140, 106, 195, 261, 279, 161, 224, 262, 127, 336, 304, 227, 399, 333, 158, 269, 114, 392, 215, 376, 401, 387, 327, 355, 160, 217, 105, 314, 145, 154, 335, 130, 223, 176, 177, 194, 288, 257, 337, 99, 225, 169, 345, 338, 352, 313, 340, 346, 374, 146, 245, 104, 402, 244, 96, 184, 366, 243, 189, 294, 137, 296, 133, 232, 275, 400, 163, 318, 190, 295, 300, 394, 282, 250, 388, 180, 289, 365, 324, 125, 168, 210, 102, 329, 198, 357, 354, 364, 380, 378, 122, 370, 358, 187, 316, 278, 159, 396, 293, 404, 264, 343, 286, 205, 319, 384, 307, 119, 175, 291, 266, 144, 212, 350, 298, 287, 341, 191, 116, 157, 359, 231, 131, 351, 251, 126, 280, 173, 241, 95, 98, 174, 222, 276, 192, 385, 308, 143, 271, 219, 230, 249, 247, 299, 353, 97, 185, 342, 292, 214, 348, 155, 332, 371, 141, 248, 391, 331, 139, 233, 312, 256, 235, 221, 111, 135, 268, 405, 360, 237, 246, 240, 138, 328, 395, 263, 253, 258, 285, 283, 136, 186, 242, 150, 303, 339, 267, 164, 325, 123, 389, 372, 142, 349, 129, 252, 162, 367, 121, 209, 403, 265, 207, 255, 110, 103, 216, 272, 397, 211, 120, 363, 218, 132, 317, 182, 148, 115, 239, 128, 326, 167, 297, 147, 134, 356, 229, 386, 369, 373, 113, 259, 377, 152, 118, 193, 151, 238, 347, 153, 213, 344, 124, 361, 305, 208, 156, 383, 200, 273, 234, 166, 306, 202, 390, 228, 204, 112, 302, 398, 311, 197, 201]"
diversity_on_nsga2,84,-61.24536842151017,15.304631578489829,28.154631578489827,"[85, 47, 91, 9, 67, 26, 14, 50, 5, 49, 40, 46, 94, 65, 3, 51, 36, 2, 41, 34, 7, 12, 16, 81, 76, 55, 18, 74, 72, 32, 53, 33, 25, 20, 82, 88, 58, 69, 42, 54, 4, 59, 87, 66, 28, 83, 10, 22, 78, 56, 39, 27, 68, 63, 13, 48, 93, 92, 86, 64, 52, 19, 37, 17, 84, 62, 29, 8, 61, 6, 60, 75, 79, 31, 43, 23, 30, 90, 35, 11, 21, 73, 80, 71, 24, 70, 15, 57, 1, 89, 38, 45, 44, 77]","[232, 275, 400, 318, 190, 295, 282, 382, 254, 127, 109, 323, 183, 149, 105, 145, 365, 324, 168, 198, 354, 364, 122, 358, 316, 396, 286, 119, 291, 266, 144, 212, 350, 298, 341, 256, 292, 351, 348, 135, 397, 225, 379, 193, 151, 305, 208, 360, 246, 258, 283, 136, 150, 339, 389, 349, 367, 121, 209, 255, 110, 211, 120, 218, 317, 239, 326, 134, 356, 386, 373, 113, 100, 156, 395, 234, 306, 204, 112, 197, 226, 368, 117, 315, 265, 272, 152, 129, 196, 253, 243, 167, 191, 381, 331, 320, 213, 311, 361, 319, 163, 223, 195, 390, 171, 279, 301, 372, 140, 302, 274, 161, 273, 237, 131, 276, 107, 377, 251, 96, 394, 391, 392, 240, 300, 332, 249, 114, 250, 347, 215, 370, 164, 293, 284, 371, 174, 335, 111, 388, 206, 376, 126, 192, 157, 141, 203, 159, 201, 214, 170, 325, 247, 233, 299, 139, 264, 205, 101, 342, 186, 108, 202, 229, 285, 222, 181, 271, 259, 404, 378, 166, 210, 123, 375, 173, 241, 95, 98, 261, 363, 187, 329, 330, 219, 231, 267, 328, 263, 155, 281, 334, 303, 278, 321, 336, 118, 125, 128, 182, 175, 97, 106, 147, 102, 224, 343, 380, 290, 280, 179, 374, 405, 143, 153, 262, 165, 369, 260, 384, 124, 115, 297, 398, 235, 248, 357, 221, 393, 138, 383, 307, 287, 228, 188, 142, 322, 270, 252, 103, 304, 160, 162, 403, 242, 148, 132, 207, 399, 200, 277, 236, 178, 362, 199, 216, 172, 310, 227, 327, 355, 288, 333, 158, 269, 401, 387, 344, 116, 359, 308, 230, 353, 185, 312, 268, 385, 217, 180, 314, 289, 154, 238, 130, 176, 177, 194, 220, 257, 337, 99, 169, 345, 338, 352, 313, 340, 346, 309, 146, 245, 104, 402, 244, 184, 366, 189, 294, 137, 296, 133]"
diversity_on_nsga2,85,-35.80463875,11.78536125,18.69536125,"[91, 9, 67, 26, 62, 49, 41, 46, 94, 38, 3, 36, 73, 64, 14, 51, 37, 30, 25, 55, 21, 6, 72, 58, 76, 69, 31, 92, 44, 29, 27, 53, 33, 2, 20, 48, 74, 81, 82, 88, 17, 84, 5, 1, 34, 22, 8, 15, 54, 66, 32, 80, 60, 50, 52, 87, 4, 83, 28, 56, 89, 70, 35, 42, 93, 59, 43, 16, 68, 23, 10, 75, 79, 7, 65, 13, 61, 78, 11, 57, 39, 71, 12, 45, 24, 18, 19, 40, 63, 90, 86, 77, 85, 47]","[178, 362, 254, 196, 199, 179, 171, 216, 183, 270, 151, 310, 206, 321, 301, 330, 381, 165, 101, 140, 106, 195, 261, 279, 161, 224, 262, 127, 336, 369, 227, 399, 333, 158, 114, 392, 215, 376, 232, 307, 327, 355, 388, 217, 105, 314, 289, 167, 335, 130, 223, 176, 177, 194, 288, 257, 337, 99, 225, 169, 345, 338, 352, 340, 346, 309, 146, 245, 104, 402, 244, 96, 184, 366, 243, 189, 294, 137, 296, 133, 401, 275, 205, 163, 318, 190, 295, 300, 394, 282, 250, 180, 145, 365, 351, 125, 168, 210, 102, 329, 198, 357, 354, 364, 281, 313, 380, 378, 122, 370, 358, 187, 316, 278, 159, 396, 293, 404, 264, 343, 286, 400, 319, 384, 387, 119, 175, 291, 266, 144, 212, 350, 298, 253, 341, 116, 157, 359, 231, 131, 324, 251, 126, 280, 173, 269, 226, 115, 117, 373, 390, 377, 112, 398, 368, 172, 149, 132, 393, 315, 311, 361, 274, 382, 203, 241, 95, 98, 174, 222, 276, 192, 385, 308, 143, 271, 219, 230, 249, 247, 299, 353, 97, 185, 342, 292, 214, 348, 155, 332, 371, 141, 248, 391, 331, 139, 233, 312, 235, 221, 111, 268, 405, 360, 237, 246, 240, 138, 328, 200, 263, 287, 258, 259, 136, 186, 242, 150, 303, 339, 267, 164, 325, 123, 389, 372, 142, 349, 129, 252, 162, 367, 121, 209, 403, 265, 207, 255, 103, 322, 272, 397, 110, 211, 120, 363, 323, 134, 229, 302, 273, 317, 181, 166, 182, 218, 374, 297, 383, 148, 239, 326, 304, 152, 100, 193, 213, 305, 156, 234, 202, 208, 256, 395, 285, 283, 201, 170, 128, 306, 197, 277, 154, 228, 204, 290, 188, 356, 334, 284, 344, 153, 108, 238, 386, 347, 220, 124, 160, 147, 113, 135, 191, 260, 375, 118, 379, 236, 107, 109, 320]"
diversity_on_nsga2,86,-25.1,5.49,25.900000000000002,"[6, 60, 43, 23, 25, 16, 91, 34, 18, 72, 47, 31, 90, 35, 11, 52, 3, 73, 80, 71, 30, 24, 64, 75, 15, 70, 57, 1, 89, 76, 65, 74, 50, 77, 45, 84, 38, 44, 26, 32, 69, 67, 42, 54, 4, 59, 87, 46, 66, 41, 28, 94, 2, 83, 10, 85, 14, 51, 22, 53, 78, 36, 56, 39, 55, 62, 27, 68, 63, 13, 12, 48, 93, 92, 81, 86, 49, 7, 21, 40, 58, 19, 37, 9, 33, 79, 20, 82, 88, 17, 5, 29, 8, 61]","[350, 318, 190, 300, 158, 269, 114, 392, 215, 376, 401, 387, 282, 250, 388, 145, 168, 364, 370, 316, 344, 396, 293, 205, 319, 325, 253, 341, 191, 116, 131, 126, 173, 95, 98, 174, 192, 308, 353, 185, 342, 332, 371, 141, 391, 301, 139, 233, 312, 235, 111, 268, 164, 382, 375, 175, 214, 101, 276, 127, 198, 109, 323, 183, 222, 378, 119, 261, 155, 281, 334, 278, 321, 336, 118, 256, 97, 106, 224, 343, 280, 179, 262, 302, 347, 273, 385, 365, 102, 317, 377, 212, 122, 324, 181, 404, 166, 210, 384, 363, 187, 231, 125, 182, 147, 218, 380, 290, 314, 374, 143, 153, 369, 124, 297, 398, 357, 383, 307, 287, 228, 298, 241, 358, 136, 351, 386, 120, 132, 148, 354, 239, 326, 167, 356, 304, 113, 152, 100, 193, 238, 213, 159, 305, 156, 234, 202, 390, 264, 359, 294, 296, 366, 245, 163, 295, 208, 329, 333, 271, 219, 230, 249, 247, 165, 260, 286, 248, 221, 393, 188, 292, 348, 144, 135, 397, 225, 379, 151, 361, 405, 360, 237, 246, 240, 263, 258, 285, 283, 186, 150, 303, 339, 267, 400, 123, 389, 372, 349, 129, 367, 121, 209, 255, 110, 211, 115, 128, 254, 134, 229, 373, 259, 395, 306, 204, 112, 311, 197, 201, 226, 170, 368, 117, 284, 315, 274, 330, 265, 328, 180, 272, 137, 320, 142, 322, 394, 270, 252, 195, 251, 103, 149, 299, 138, 160, 162, 403, 242, 206, 157, 207, 399, 200, 108, 203, 220, 277, 236, 107, 178, 362, 196, 199, 171, 216, 172, 310, 291, 331, 381, 140, 279, 161, 227, 327, 355, 217, 105, 289, 154, 335, 130, 223, 176, 177, 194, 288, 257, 266, 337, 99, 169, 345, 338, 352, 313, 340, 346, 309, 146, 104, 402, 244, 96, 184, 243, 189, 133, 232, 275]"
diversity_on_nsga2,87,-73.1323662307164,32.327633769283615,34.36763376928363,"[9, 21, 8, 61, 19, 30, 26, 67, 79, 76, 73, 20, 82, 5, 1, 22, 15, 54, 66, 92, 52, 29, 83, 28, 56, 89, 35, 42, 43, 91, 27, 68, 16, 6, 94, 53, 41, 33, 85, 70, 86, 4, 60, 17, 12, 34, 78, 10, 77, 84, 13, 18, 55, 23, 32, 44, 93, 39, 36, 3, 72, 51, 11, 50, 62, 57, 48, 88, 65, 25, 2, 24, 45, 58, 7, 37, 69, 74, 14, 87, 90, 59, 75, 38, 63, 81, 80, 46, 47, 71, 31, 64, 49, 40]","[342, 371, 141, 248, 391, 233, 268, 175, 246, 263, 287, 285, 136, 242, 125, 325, 389, 129, 213, 209, 100, 234, 236, 232, 197, 105, 116, 208, 231, 99, 378, 275, 160, 134, 382, 315, 289, 380, 353, 339, 314, 205, 174, 128, 311, 354, 348, 272, 170, 366, 334, 341, 405, 324, 239, 199, 385, 177, 330, 331, 390, 316, 401, 235, 302, 214, 200, 131, 265, 159, 271, 121, 383, 95, 256, 240, 298, 192, 398, 260, 137, 273, 147, 403, 404, 399, 310, 225, 226, 132, 361, 149, 305, 317, 312, 300, 360, 118, 215, 155, 328, 162, 151, 189, 115, 250, 104, 395, 193, 327, 322, 262, 372, 168, 277, 247, 109, 139, 258, 357, 207, 376, 146, 338, 227, 292, 144, 103, 308, 396, 281, 321, 154, 333, 138, 267, 299, 187, 156, 294, 283, 135, 355, 165, 326, 185, 343, 198, 245, 351, 319, 402, 112, 387, 323, 167, 238, 244, 184, 346, 266, 152, 279, 211, 370, 394, 191, 288, 356, 350, 122, 336, 164, 212, 150, 340, 190, 313, 111, 180, 280, 386, 368, 381, 349, 297, 397, 363, 158, 130, 379, 108, 393, 219, 126, 237, 172, 306, 251, 195, 171, 217, 201, 228, 296, 101, 123, 241, 369, 223, 252, 284, 113, 347, 166, 253, 183, 210, 269, 365, 290, 344, 169, 320, 186, 255, 303, 110, 157, 377, 220, 367, 114, 335, 107, 301, 332, 318, 261, 400, 216, 230, 249, 392, 142, 373, 243, 178, 161, 264, 204, 140, 127, 202, 120, 218, 182, 148, 229, 304, 259, 153, 124, 374, 181, 117, 274, 203, 188, 375, 254, 362, 196, 179, 270, 206, 291, 106, 224, 176, 194, 257, 337, 345, 352, 309, 96, 133, 163, 295, 282, 388, 145, 102, 329, 221, 364, 358, 278, 293, 286, 384, 307, 359, 173, 98, 222, 276, 143, 119, 97]"
diversity_on_nsga2,88,-70.71473135,21.17526865,48.48526865,"[9, 67, 26, 14, 31, 46, 38, 79, 45, 73, 36, 2, 40, 34, 64, 37, 30, 19, 25, 18, 74, 58, 53, 33, 20, 82, 17, 84, 5, 80, 22, 72, 65, 4, 88, 68, 23, 10, 61, 94, 51, 39, 55, 43, 48, 8, 90, 15, 54, 66, 32, 92, 60, 44, 52, 87, 28, 83, 29, 56, 81, 70, 35, 42, 93, 59, 1, 16, 75, 89, 50, 62, 49, 3, 91, 63, 76, 12, 7, 11, 69, 21, 24, 86, 71, 57, 13, 41, 78, 27, 6, 77, 85, 47]","[374, 302, 199, 254, 323, 262, 236, 330, 376, 321, 166, 295, 401, 145, 229, 394, 225, 203, 96, 290, 260, 188, 314, 363, 320, 127, 216, 344, 153, 163, 281, 206, 296, 109, 388, 347, 336, 270, 366, 301, 362, 245, 147, 310, 364, 286, 171, 178, 106, 107, 377, 172, 345, 183, 324, 179, 317, 140, 316, 165, 294, 118, 381, 154, 380, 125, 168, 210, 102, 357, 354, 122, 370, 358, 187, 278, 159, 293, 404, 264, 205, 384, 307, 119, 175, 291, 212, 350, 341, 116, 157, 359, 231, 131, 351, 132, 126, 280, 173, 241, 98, 174, 192, 385, 143, 120, 148, 239, 193, 167, 297, 356, 386, 304, 113, 152, 100, 326, 238, 213, 124, 305, 208, 156, 383, 234, 390, 228, 398, 284, 274, 108, 196, 220, 393, 149, 365, 261, 379, 250, 279, 218, 375, 195, 202, 329, 333, 373, 298, 235, 135, 227, 253, 343, 222, 267, 403, 265, 133, 255, 110, 103, 322, 272, 198, 151, 105, 201, 130, 170, 95, 128, 306, 99, 338, 226, 259, 217, 197, 204, 277, 115, 397, 395, 308, 269, 271, 219, 230, 249, 247, 299, 353, 97, 185, 342, 292, 214, 348, 155, 332, 371, 141, 248, 391, 331, 139, 233, 312, 256, 191, 221, 111, 273, 268, 405, 360, 237, 246, 240, 138, 328, 200, 263, 287, 258, 285, 283, 136, 186, 242, 150, 303, 339, 369, 164, 325, 123, 389, 372, 142, 349, 129, 252, 162, 367, 121, 209, 232, 194, 177, 207, 257, 104, 223, 309, 180, 117, 315, 402, 158, 169, 340, 211, 355, 266, 160, 134, 112, 313, 146, 244, 184, 243, 189, 275, 400, 318, 190, 300, 114, 392, 215, 378, 282, 319, 144, 251, 346, 276, 368, 399, 337, 352, 387, 335, 176, 289, 311, 361, 334, 396, 137, 288, 182, 382, 224, 181, 327, 101, 161]"
diversity_on_nsga2,89,-52.550548424999995,11.549451575,21.549451575,"[70, 30, 91, 41, 63, 88, 78, 12, 85, 34, 11, 9, 69, 46, 24, 86, 5, 57, 73, 7, 45, 26, 61, 55, 67, 13, 40, 29, 25, 6, 19, 74, 72, 58, 50, 33, 23, 20, 82, 77, 17, 84, 71, 1, 48, 22, 8, 15, 54, 66, 32, 92, 60, 36, 52, 87, 4, 83, 28, 56, 81, 37, 35, 42, 93, 59, 43, 27, 68, 38, 10, 75, 79, 31, 44, 21, 47, 65, 90, 80, 16, 18, 89, 39, 53, 62, 14, 49, 94, 76, 3, 51, 2, 64]","[252, 344, 389, 162, 127, 260, 234, 242, 172, 200, 362, 326, 269, 305, 117, 323, 256, 315, 178, 283, 149, 147, 158, 190, 405, 235, 151, 322, 321, 382, 254, 230, 211, 224, 403, 353, 360, 317, 262, 261, 367, 150, 153, 356, 181, 268, 292, 134, 112, 399, 258, 333, 312, 179, 369, 255, 185, 375, 290, 121, 236, 156, 339, 218, 142, 109, 227, 306, 401, 387, 327, 355, 160, 217, 105, 314, 289, 154, 335, 130, 223, 176, 177, 194, 288, 257, 337, 99, 225, 169, 345, 338, 352, 313, 340, 346, 309, 146, 245, 104, 402, 244, 96, 184, 366, 243, 189, 294, 137, 296, 133, 232, 275, 400, 163, 318, 202, 295, 300, 394, 282, 250, 388, 180, 145, 365, 324, 125, 126, 210, 102, 329, 198, 357, 354, 364, 380, 378, 122, 370, 358, 187, 316, 278, 159, 396, 293, 404, 264, 343, 286, 205, 319, 384, 307, 119, 175, 291, 266, 144, 212, 350, 298, 253, 341, 191, 116, 157, 359, 231, 131, 351, 276, 168, 280, 197, 241, 95, 98, 271, 222, 251, 192, 385, 308, 143, 174, 193, 199, 310, 287, 248, 368, 221, 183, 129, 196, 239, 138, 167, 103, 182, 381, 148, 331, 320, 213, 311, 361, 334, 398, 195, 267, 390, 171, 279, 301, 372, 207, 140, 302, 274, 161, 97, 330, 336, 188, 135, 273, 237, 328, 100, 348, 107, 377, 373, 391, 277, 152, 392, 386, 240, 332, 249, 304, 166, 118, 114, 347, 215, 164, 284, 371, 303, 238, 111, 206, 376, 393, 141, 203, 120, 219, 201, 214, 263, 170, 325, 247, 165, 374, 132, 128, 233, 299, 139, 123, 101, 342, 186, 297, 155, 229, 108, 124, 285, 379, 216, 209, 226, 246, 106, 281, 228, 259, 110, 173, 204, 270, 220, 363, 208, 113, 115, 397, 395, 136, 272, 349, 265, 383]"
diversity_on_nsga2,90,-38.800000000000004,10.000000000000002,23.5,"[44, 33, 49, 46, 57, 72, 86, 54, 67, 10, 35, 64, 13, 52, 21, 59, 4, 60, 50, 9, 56, 75, 26, 87, 92, 41, 68, 38, 15, 84, 32, 55, 76, 48, 12, 17, 39, 37, 14, 42, 34, 40, 3, 45, 91, 89, 74, 70, 19, 82, 85, 20, 69, 90, 77, 5, 81, 73, 29, 8, 16, 71, 61, 47, 25, 79, 22, 18, 6, 27, 66, 7, 30, 28, 43, 83, 93, 23, 36, 51, 2, 78, 63, 88, 65, 80, 53, 1, 94, 58, 31, 62, 24, 11]","[127, 216, 344, 175, 281, 108, 206, 109, 347, 336, 270, 220, 301, 362, 310, 203, 376, 401, 327, 289, 154, 288, 225, 345, 96, 137, 379, 394, 250, 388, 145, 365, 324, 168, 102, 364, 122, 370, 316, 278, 273, 293, 404, 286, 205, 212, 350, 341, 191, 116, 157, 131, 126, 198, 173, 98, 174, 192, 274, 308, 119, 299, 396, 171, 178, 106, 107, 393, 149, 377, 172, 183, 179, 317, 140, 165, 118, 381, 261, 279, 375, 195, 382, 224, 181, 101, 161, 302, 199, 254, 323, 291, 262, 361, 385, 236, 166, 210, 384, 363, 187, 231, 125, 182, 147, 218, 380, 290, 314, 374, 143, 153, 369, 124, 297, 398, 357, 383, 307, 287, 215, 298, 241, 358, 136, 351, 386, 120, 132, 148, 354, 123, 326, 167, 356, 304, 113, 152, 100, 193, 238, 213, 159, 305, 156, 234, 202, 390, 264, 359, 294, 296, 366, 245, 163, 295, 208, 329, 333, 271, 219, 230, 249, 247, 353, 97, 185, 342, 292, 214, 348, 155, 332, 371, 141, 373, 391, 331, 139, 233, 312, 256, 235, 221, 111, 135, 227, 405, 360, 237, 246, 240, 138, 328, 200, 263, 253, 258, 285, 283, 222, 186, 242, 150, 303, 339, 267, 164, 325, 239, 389, 372, 142, 349, 129, 252, 162, 367, 121, 209, 403, 265, 207, 255, 110, 103, 322, 272, 280, 151, 105, 201, 130, 170, 95, 128, 306, 99, 338, 226, 259, 217, 197, 204, 277, 115, 397, 395, 232, 194, 177, 133, 257, 104, 223, 309, 180, 269, 117, 315, 402, 158, 169, 340, 211, 355, 266, 160, 134, 112, 313, 146, 244, 184, 243, 189, 275, 400, 318, 190, 300, 114, 392, 228, 378, 282, 319, 144, 251, 346, 276, 248, 368, 343, 399, 337, 352, 387, 335, 176, 330, 321, 229, 311, 196, 260, 188, 268, 334, 320, 284]"
diversity_on_nsga2,91,-26.0796328,12.910367200000001,12.3203672,"[25, 50, 64, 76, 9, 46, 23, 41, 38, 10, 85, 51, 78, 94, 55, 62, 81, 13, 71, 21, 7, 26, 77, 87, 11, 17, 84, 53, 69, 83, 93, 54, 60, 4, 22, 37, 15, 1, 74, 32, 92, 70, 45, 52, 44, 3, 28, 56, 80, 31, 39, 33, 61, 40, 67, 66, 8, 72, 35, 36, 47, 90, 5, 82, 89, 59, 14, 49, 2, 65, 57, 29, 18, 42, 20, 79, 30, 27, 24, 16, 6, 68, 48, 63, 19, 12, 34, 43, 86, 58, 88, 91, 73, 75]","[400, 318, 190, 295, 394, 180, 102, 198, 358, 278, 159, 293, 404, 384, 253, 157, 359, 251, 280, 173, 241, 276, 271, 119, 249, 292, 332, 371, 248, 312, 235, 221, 175, 246, 240, 328, 289, 204, 310, 191, 391, 302, 398, 212, 311, 396, 200, 201, 130, 205, 214, 263, 170, 296, 325, 247, 95, 165, 314, 401, 128, 233, 357, 139, 123, 264, 316, 101, 342, 98, 186, 297, 155, 245, 177, 99, 338, 162, 405, 378, 202, 229, 124, 285, 216, 209, 294, 187, 226, 122, 210, 223, 184, 367, 208, 255, 269, 308, 135, 395, 116, 279, 172, 254, 237, 270, 267, 351, 261, 182, 176, 369, 117, 380, 397, 164, 313, 106, 348, 197, 354, 131, 256, 118, 341, 365, 333, 329, 331, 301, 374, 275, 319, 290, 337, 144, 217, 136, 196, 163, 211, 262, 355, 141, 300, 97, 324, 181, 368, 125, 350, 343, 284, 315, 105, 334, 111, 137, 138, 145, 231, 388, 286, 392, 232, 307, 282, 168, 215, 320, 330, 385, 268, 150, 132, 402, 114, 142, 96, 257, 154, 393, 185, 222, 219, 339, 298, 112, 169, 243, 192, 127, 372, 360, 370, 143, 126, 250, 133, 230, 403, 104, 171, 387, 353, 277, 227, 174, 287, 258, 283, 242, 389, 129, 252, 121, 265, 207, 110, 272, 120, 363, 218, 317, 148, 115, 239, 326, 167, 147, 134, 356, 386, 349, 361, 305, 156, 383, 273, 234, 166, 306, 390, 228, 304, 103, 322, 107, 178, 362, 109, 199, 179, 183, 206, 321, 291, 381, 140, 195, 364, 274, 382, 108, 203, 220, 299, 149, 323, 188, 260, 375, 379, 236, 373, 113, 259, 377, 152, 100, 193, 151, 238, 347, 153, 213, 344, 281, 161, 224, 336, 399, 158, 376, 327, 160, 335, 194, 288, 266, 225, 345, 352, 340, 346, 309, 146, 244, 366, 303, 189]"
diversity_on_nsga2,92,-57.300000000000004,14.37,29.799999999999997,"[30, 91, 41, 63, 88, 78, 12, 13, 34, 11, 9, 69, 46, 24, 86, 5, 45, 61, 55, 57, 73, 7, 26, 77, 67, 85, 40, 29, 25, 6, 19, 74, 72, 58, 53, 33, 76, 20, 82, 17, 84, 71, 1, 48, 22, 8, 15, 54, 66, 32, 92, 60, 36, 52, 87, 4, 83, 28, 56, 81, 37, 35, 42, 93, 59, 43, 27, 68, 23, 10, 75, 79, 31, 44, 21, 47, 65, 90, 80, 16, 18, 89, 39, 50, 62, 14, 49, 94, 38, 3, 51, 2, 64, 70]","[344, 389, 162, 127, 260, 234, 242, 172, 200, 362, 326, 269, 305, 117, 323, 256, 315, 178, 283, 147, 158, 190, 235, 151, 322, 321, 382, 254, 230, 211, 224, 403, 353, 360, 262, 261, 150, 153, 356, 181, 268, 134, 112, 258, 333, 312, 179, 369, 255, 185, 375, 290, 121, 236, 156, 339, 218, 142, 109, 306, 401, 387, 327, 355, 160, 217, 105, 314, 289, 154, 383, 130, 223, 176, 177, 194, 288, 257, 337, 99, 225, 169, 345, 338, 352, 313, 340, 346, 309, 146, 245, 104, 402, 244, 96, 184, 366, 243, 189, 137, 296, 133, 232, 400, 163, 318, 202, 295, 394, 282, 250, 388, 145, 365, 324, 125, 126, 210, 102, 329, 357, 354, 364, 380, 378, 122, 370, 358, 187, 278, 159, 396, 227, 404, 264, 343, 286, 205, 319, 384, 307, 119, 175, 291, 144, 212, 350, 298, 253, 341, 191, 116, 359, 231, 131, 276, 168, 303, 197, 241, 95, 98, 271, 222, 251, 192, 385, 308, 143, 199, 310, 287, 248, 368, 183, 129, 196, 239, 138, 167, 103, 182, 148, 331, 320, 213, 311, 361, 334, 398, 195, 267, 390, 171, 279, 301, 372, 207, 302, 274, 161, 97, 330, 336, 188, 135, 273, 237, 100, 348, 107, 377, 373, 391, 277, 152, 392, 386, 240, 332, 249, 304, 166, 114, 347, 164, 284, 371, 280, 238, 111, 206, 157, 405, 399, 317, 180, 140, 328, 275, 198, 266, 351, 193, 367, 316, 174, 149, 165, 221, 300, 294, 118, 215, 292, 381, 293, 376, 393, 141, 203, 120, 219, 201, 214, 263, 170, 325, 247, 374, 132, 128, 233, 299, 139, 123, 101, 342, 186, 297, 155, 229, 108, 124, 285, 379, 216, 209, 226, 246, 106, 281, 228, 259, 110, 173, 204, 270, 220, 363, 208, 113, 115, 397, 395, 136, 272, 349, 265, 335, 252]"
diversity_on_nsga2,93,-43.307722525,19.362277475,19.592277474999996,"[12, 34, 9, 53, 69, 68, 54, 60, 46, 76, 86, 71, 1, 3, 8, 13, 4, 81, 24, 11, 74, 44, 58, 14, 92, 5, 64, 39, 73, 32, 70, 93, 45, 61, 6, 36, 67, 17, 87, 25, 18, 57, 91, 26, 23, 52, 41, 27, 29, 83, 38, 10, 85, 22, 2, 78, 94, 56, 79, 55, 21, 43, 20, 84, 15, 40, 48, 72, 35, 88, 31, 47, 65, 28, 90, 80, 16, 75, 82, 19, 89, 33, 59, 50, 62, 49, 66, 51, 37, 30, 7, 63, 42, 77]","[189, 275, 400, 318, 190, 300, 114, 392, 215, 378, 291, 282, 319, 144, 251, 346, 276, 248, 368, 343, 399, 337, 352, 199, 387, 196, 335, 176, 381, 289, 320, 311, 361, 334, 286, 137, 288, 171, 279, 301, 140, 274, 161, 310, 107, 96, 225, 394, 314, 154, 250, 401, 165, 345, 388, 376, 278, 327, 145, 168, 364, 370, 316, 344, 396, 293, 205, 350, 341, 191, 116, 157, 131, 126, 173, 98, 174, 192, 308, 268, 382, 119, 229, 358, 302, 347, 273, 385, 365, 102, 317, 101, 254, 377, 127, 195, 212, 109, 122, 324, 323, 183, 181, 404, 166, 210, 384, 261, 363, 187, 330, 231, 281, 321, 336, 118, 125, 182, 106, 147, 218, 224, 380, 290, 280, 179, 374, 143, 153, 262, 284, 369, 260, 375, 124, 297, 264, 149, 357, 393, 383, 307, 287, 228, 298, 241, 175, 136, 351, 386, 120, 132, 148, 354, 239, 326, 167, 379, 356, 304, 113, 152, 100, 193, 238, 213, 159, 305, 156, 234, 202, 390, 270, 206, 398, 359, 294, 188, 296, 366, 245, 163, 295, 208, 329, 333, 271, 219, 230, 257, 247, 299, 353, 97, 185, 342, 292, 214, 348, 155, 332, 371, 141, 373, 391, 331, 139, 233, 312, 256, 235, 221, 111, 135, 227, 405, 360, 237, 246, 240, 138, 328, 200, 263, 253, 258, 285, 283, 222, 186, 242, 150, 303, 339, 267, 164, 325, 123, 389, 372, 142, 349, 129, 252, 162, 367, 121, 209, 403, 265, 207, 255, 110, 103, 322, 272, 198, 151, 203, 105, 201, 130, 170, 95, 128, 306, 99, 338, 108, 216, 226, 259, 217, 197, 204, 220, 277, 115, 397, 395, 232, 194, 177, 133, 249, 104, 172, 223, 362, 309, 180, 269, 117, 315, 402, 178, 236, 158, 169, 340, 211, 355, 266, 160, 134, 112, 313, 146, 244, 184, 243]"
diversity_on_nsga2,94,-69.074894,17.515106000000003,41.525105999999994,"[47, 9, 67, 26, 14, 44, 46, 45, 79, 38, 73, 2, 37, 30, 81, 19, 25, 18, 74, 58, 54, 59, 82, 17, 1, 22, 8, 65, 32, 92, 52, 87, 4, 83, 88, 70, 93, 68, 23, 10, 61, 94, 33, 51, 55, 43, 48, 35, 90, 16, 89, 20, 62, 3, 76, 12, 7, 11, 69, 21, 24, 86, 57, 13, 41, 78, 56, 15, 53, 34, 84, 49, 31, 50, 60, 39, 28, 80, 36, 64, 91, 72, 63, 42, 40, 66, 29, 75, 71, 5, 27, 6, 77, 85]","[161, 374, 302, 199, 254, 323, 262, 236, 273, 330, 376, 321, 166, 295, 401, 369, 145, 229, 394, 225, 203, 96, 290, 260, 188, 314, 363, 320, 127, 216, 344, 153, 163, 281, 206, 296, 109, 388, 347, 336, 270, 366, 301, 362, 245, 147, 310, 364, 286, 171, 178, 106, 107, 377, 172, 345, 183, 324, 179, 317, 140, 316, 165, 294, 118, 381, 154, 380, 125, 168, 210, 102, 357, 354, 122, 370, 358, 187, 278, 159, 293, 404, 264, 205, 384, 307, 119, 175, 291, 212, 350, 139, 341, 191, 116, 157, 359, 231, 131, 351, 132, 126, 280, 173, 241, 98, 174, 192, 385, 308, 143, 268, 299, 287, 136, 120, 148, 239, 193, 167, 297, 356, 386, 304, 113, 152, 100, 238, 213, 124, 305, 208, 156, 383, 234, 390, 228, 398, 284, 274, 108, 196, 220, 393, 149, 365, 261, 379, 250, 279, 218, 375, 195, 202, 333, 271, 219, 249, 247, 353, 342, 292, 214, 348, 155, 332, 371, 141, 373, 391, 331, 298, 233, 312, 256, 235, 221, 111, 135, 227, 405, 360, 237, 246, 240, 138, 328, 200, 263, 343, 285, 283, 222, 186, 242, 150, 303, 339, 267, 164, 325, 123, 389, 372, 142, 349, 129, 252, 162, 367, 121, 209, 403, 265, 207, 255, 110, 103, 322, 272, 198, 151, 105, 201, 130, 170, 95, 128, 306, 99, 338, 226, 259, 217, 197, 204, 277, 115, 397, 395, 232, 194, 177, 133, 257, 104, 223, 309, 180, 269, 117, 315, 402, 158, 169, 340, 355, 266, 160, 327, 329, 318, 253, 97, 211, 185, 230, 326, 134, 112, 313, 146, 244, 184, 243, 189, 275, 400, 190, 300, 114, 392, 215, 378, 282, 319, 144, 251, 346, 276, 248, 368, 258, 399, 337, 352, 387, 335, 176, 289, 311, 361, 334, 396, 137, 288, 182, 382, 224, 181, 101]"
diversity_on_nsga2,95,-40.745532999999995,12.944467000000003,20.854467,"[9, 26, 50, 62, 49, 46, 94, 38, 16, 3, 2, 73, 34, 64, 51, 37, 30, 4, 25, 55, 18, 74, 58, 53, 33, 76, 20, 88, 69, 84, 31, 48, 22, 8, 15, 54, 32, 92, 60, 44, 52, 87, 28, 83, 29, 56, 81, 70, 42, 93, 43, 27, 61, 40, 67, 66, 1, 72, 35, 36, 47, 90, 5, 82, 89, 59, 14, 41, 68, 23, 10, 75, 79, 6, 7, 65, 13, 78, 17, 11, 57, 39, 71, 12, 45, 24, 21, 19, 63, 80, 86, 77, 85, 91]","[344, 153, 108, 111, 138, 238, 209, 386, 347, 220, 124, 160, 147, 113, 164, 339, 135, 191, 260, 375, 118, 151, 379, 212, 107, 281, 254, 320, 178, 362, 109, 196, 199, 179, 171, 216, 183, 270, 172, 310, 206, 321, 301, 330, 381, 165, 101, 140, 106, 195, 261, 279, 161, 224, 262, 127, 336, 369, 290, 399, 333, 158, 174, 114, 392, 215, 376, 232, 307, 327, 355, 388, 217, 105, 314, 289, 167, 335, 130, 223, 176, 177, 194, 288, 257, 337, 99, 225, 169, 345, 338, 352, 340, 346, 309, 146, 245, 104, 402, 244, 96, 184, 366, 243, 189, 294, 137, 296, 133, 401, 275, 205, 163, 318, 190, 295, 300, 394, 282, 250, 249, 180, 145, 365, 351, 125, 168, 210, 102, 329, 198, 357, 354, 364, 313, 380, 378, 122, 370, 358, 187, 316, 278, 159, 396, 293, 404, 264, 343, 286, 400, 319, 384, 387, 119, 175, 291, 266, 144, 236, 350, 298, 253, 341, 235, 116, 157, 359, 231, 131, 324, 251, 126, 280, 173, 363, 95, 98, 143, 222, 276, 192, 385, 308, 269, 271, 219, 230, 267, 247, 299, 353, 97, 185, 342, 292, 214, 348, 155, 332, 371, 141, 248, 391, 331, 139, 233, 226, 110, 360, 115, 117, 373, 325, 312, 390, 389, 377, 372, 112, 398, 368, 272, 123, 129, 120, 349, 221, 328, 200, 405, 367, 211, 149, 132, 142, 393, 303, 315, 311, 361, 274, 382, 203, 323, 134, 229, 302, 273, 317, 181, 166, 241, 182, 218, 374, 297, 383, 287, 136, 148, 239, 326, 304, 152, 100, 193, 213, 305, 156, 234, 202, 208, 256, 237, 395, 240, 263, 258, 285, 283, 186, 242, 150, 252, 121, 403, 265, 207, 103, 201, 170, 128, 306, 259, 197, 277, 246, 154, 162, 228, 204, 255, 227, 188, 268, 322, 356, 334, 284, 397]"
diversity_on_nsga2,96,-43.396093449999995,22.98390655,20.20390655,"[30, 91, 42, 18, 47, 31, 90, 35, 11, 52, 3, 73, 80, 71, 16, 24, 64, 70, 75, 57, 1, 89, 76, 65, 45, 74, 50, 77, 44, 26, 32, 69, 67, 34, 54, 4, 59, 87, 46, 66, 41, 28, 83, 38, 10, 14, 51, 53, 36, 39, 62, 37, 85, 22, 2, 78, 94, 56, 79, 55, 21, 43, 20, 84, 15, 40, 48, 72, 12, 17, 68, 93, 6, 92, 27, 8, 88, 5, 86, 58, 49, 61, 7, 13, 81, 29, 63, 33, 82, 9, 19, 60, 23, 25]","[121, 123, 400, 318, 190, 300, 114, 392, 215, 378, 291, 282, 319, 144, 251, 346, 276, 248, 368, 343, 399, 337, 352, 199, 387, 196, 335, 176, 381, 289, 320, 311, 361, 334, 286, 137, 288, 171, 279, 301, 140, 274, 161, 310, 107, 96, 225, 394, 314, 154, 250, 401, 165, 345, 388, 376, 278, 327, 145, 168, 364, 370, 316, 344, 396, 293, 205, 350, 341, 191, 116, 157, 131, 126, 173, 98, 174, 192, 308, 268, 382, 119, 229, 358, 302, 347, 273, 385, 365, 102, 317, 101, 254, 377, 127, 195, 212, 109, 122, 324, 323, 183, 181, 404, 166, 210, 384, 261, 363, 187, 330, 231, 281, 321, 336, 118, 125, 182, 106, 147, 218, 224, 380, 290, 280, 179, 374, 143, 153, 262, 284, 369, 260, 375, 124, 297, 264, 149, 357, 393, 383, 307, 287, 228, 298, 241, 175, 136, 351, 386, 120, 132, 148, 354, 239, 326, 167, 379, 356, 304, 113, 152, 100, 193, 238, 213, 159, 305, 156, 234, 202, 390, 270, 206, 398, 359, 294, 188, 296, 366, 245, 163, 295, 208, 329, 333, 271, 219, 230, 257, 247, 299, 353, 97, 185, 342, 292, 214, 259, 155, 332, 371, 141, 373, 391, 331, 139, 233, 158, 275, 325, 246, 146, 220, 170, 172, 110, 253, 203, 236, 115, 189, 151, 243, 309, 232, 265, 328, 180, 272, 142, 322, 252, 103, 138, 160, 162, 403, 242, 207, 200, 105, 134, 389, 235, 244, 338, 198, 303, 340, 306, 362, 112, 197, 201, 339, 263, 169, 372, 104, 130, 221, 129, 313, 111, 355, 184, 367, 255, 269, 223, 283, 395, 186, 177, 99, 150, 237, 267, 222, 211, 117, 135, 397, 349, 360, 217, 348, 226, 266, 95, 209, 256, 240, 312, 315, 405, 249, 204, 227, 277, 216, 164, 108, 194, 258, 402, 133, 285, 128, 178]"
diversity_on_nsga2,97,-71.05699778046649,21.853002219533522,33.44300221953352,"[76, 9, 30, 54, 58, 31, 62, 6, 51, 67, 46, 71, 50, 38, 24, 79, 12, 41, 57, 73, 7, 26, 77, 13, 87, 34, 11, 29, 84, 53, 56, 43, 68, 83, 93, 37, 60, 10, 4, 22, 86, 15, 1, 74, 32, 92, 70, 94, 52, 44, 3, 21, 19, 25, 28, 69, 88, 39, 45, 33, 49, 35, 23, 82, 90, 8, 85, 27, 59, 89, 16, 14, 48, 81, 18, 20, 36, 64, 91, 72, 63, 42, 40, 66, 17, 65, 80, 75, 55, 5, 61, 47, 2, 78]","[197, 208, 395, 374, 252, 162, 228, 204, 196, 290, 260, 188, 391, 268, 322, 155, 363, 233, 356, 127, 397, 216, 344, 249, 153, 371, 214, 108, 206, 111, 138, 238, 109, 386, 347, 342, 336, 270, 220, 339, 301, 362, 124, 167, 147, 113, 164, 135, 310, 226, 110, 203, 373, 372, 129, 227, 399, 333, 158, 269, 114, 392, 215, 376, 401, 387, 327, 355, 160, 217, 105, 314, 289, 154, 335, 130, 223, 176, 177, 194, 288, 183, 133, 232, 379, 180, 273, 101, 400, 266, 337, 99, 225, 169, 345, 338, 352, 313, 340, 346, 309, 146, 245, 104, 402, 244, 96, 184, 366, 243, 189, 294, 137, 296, 163, 318, 190, 295, 300, 394, 282, 250, 388, 200, 145, 365, 324, 125, 168, 210, 120, 329, 198, 357, 354, 364, 380, 378, 122, 370, 358, 187, 316, 278, 159, 396, 293, 404, 264, 343, 286, 205, 291, 384, 307, 119, 175, 319, 144, 212, 350, 298, 253, 341, 191, 116, 157, 359, 231, 332, 353, 95, 173, 360, 276, 115, 126, 171, 117, 178, 312, 390, 389, 106, 107, 377, 143, 112, 398, 219, 172, 98, 257, 272, 123, 102, 349, 179, 308, 303, 305, 405, 317, 140, 328, 275, 351, 193, 367, 174, 149, 165, 221, 118, 292, 381, 261, 211, 185, 230, 326, 284, 166, 281, 241, 304, 161, 320, 255, 306, 325, 229, 148, 287, 299, 132, 209, 331, 142, 334, 368, 150, 259, 383, 271, 393, 234, 242, 283, 236, 151, 321, 131, 285, 265, 248, 207, 100, 186, 311, 240, 263, 274, 382, 247, 323, 254, 213, 256, 224, 315, 348, 222, 277, 302, 136, 152, 97, 235, 262, 181, 134, 258, 369, 375, 385, 121, 156, 218, 199, 239, 103, 182, 361, 195, 267, 279, 330, 237, 251, 170, 280, 128, 403, 139, 192, 297, 202, 201, 141, 246]"
diversity_on_nsga2,98,-25.686994838461537,8.703005161538464,19.113005161538464,"[33, 89, 50, 32, 60, 52, 58, 76, 70, 59, 67, 42, 4, 87, 46, 66, 41, 2, 83, 10, 14, 51, 53, 36, 62, 68, 63, 13, 12, 92, 82, 20, 88, 17, 31, 93, 1, 65, 22, 8, 15, 54, 78, 94, 56, 39, 55, 69, 27, 7, 57, 24, 86, 21, 19, 77, 85, 47, 43, 48, 72, 45, 28, 90, 84, 5, 80, 75, 16, 6, 91, 61, 11, 71, 3, 23, 44, 9, 26, 49, 38, 79, 35, 73, 40, 34, 64, 37, 30, 81, 29, 25, 18, 74]","[382, 127, 198, 109, 323, 183, 119, 256, 385, 365, 212, 122, 324, 314, 218, 298, 317, 241, 358, 136, 286, 351, 120, 132, 390, 354, 239, 326, 304, 193, 305, 359, 294, 296, 366, 245, 295, 208, 333, 230, 353, 185, 292, 348, 144, 135, 397, 225, 379, 151, 360, 246, 258, 283, 150, 339, 400, 389, 349, 367, 121, 209, 255, 110, 211, 254, 180, 137, 252, 134, 356, 386, 373, 113, 100, 156, 395, 234, 306, 204, 112, 197, 226, 368, 117, 315, 265, 272, 152, 129, 196, 253, 243, 167, 191, 381, 331, 320, 213, 311, 361, 319, 163, 223, 195, 148, 171, 279, 301, 372, 270, 302, 274, 161, 273, 237, 131, 276, 107, 377, 251, 96, 394, 391, 392, 240, 300, 332, 249, 114, 250, 347, 215, 370, 164, 293, 284, 371, 174, 238, 111, 388, 206, 376, 126, 192, 157, 141, 203, 159, 201, 214, 170, 325, 247, 95, 233, 299, 139, 264, 205, 101, 342, 98, 186, 108, 202, 229, 285, 222, 181, 271, 259, 404, 378, 166, 210, 123, 375, 261, 363, 187, 329, 330, 219, 231, 267, 328, 263, 155, 281, 334, 303, 278, 321, 336, 118, 125, 128, 182, 175, 97, 106, 147, 102, 224, 343, 380, 290, 280, 179, 374, 405, 143, 399, 262, 165, 369, 260, 384, 124, 115, 297, 398, 235, 248, 357, 221, 393, 138, 383, 307, 287, 228, 188, 142, 322, 140, 162, 403, 207, 103, 216, 344, 200, 309, 220, 277, 149, 236, 178, 362, 199, 172, 310, 227, 153, 158, 269, 401, 387, 327, 355, 160, 217, 105, 145, 154, 335, 130, 176, 177, 194, 288, 257, 337, 99, 169, 345, 338, 352, 313, 340, 346, 146, 104, 402, 244, 184, 189, 133, 232, 275, 318, 190, 282, 289, 168, 364, 316, 396, 291, 266, 350, 341, 116, 173, 308, 242, 312, 268]"
diversity_on_nsga2,99,-38.800000000000004,10.000000000000002,23.5,"[44, 33, 49, 46, 57, 72, 86, 54, 67, 10, 35, 64, 13, 52, 21, 59, 4, 60, 50, 9, 56, 75, 26, 87, 92, 41, 68, 38, 15, 84, 32, 55, 76, 48, 12, 17, 39, 37, 14, 42, 34, 40, 3, 45, 91, 89, 74, 70, 19, 82, 85, 20, 69, 90, 77, 5, 81, 73, 29, 8, 16, 71, 61, 47, 25, 79, 22, 18, 6, 27, 66, 7, 30, 28, 43, 83, 93, 23, 36, 51, 2, 78, 63, 88, 65, 80, 53, 1, 94, 58, 31, 62, 24, 11]","[127, 216, 344, 175, 281, 108, 206, 109, 347, 336, 270, 220, 301, 362, 310, 203, 376, 401, 327, 289, 154, 288, 225, 345, 96, 137, 379, 394, 250, 388, 145, 365, 324, 168, 102, 364, 122, 370, 316, 278, 273, 293, 404, 286, 205, 212, 350, 341, 191, 116, 157, 131, 126, 198, 173, 98, 174, 192, 274, 308, 119, 299, 396, 171, 178, 106, 107, 393, 149, 377, 172, 183, 179, 317, 140, 165, 118, 381, 261, 279, 375, 195, 382, 224, 181, 101, 161, 302, 199, 254, 323, 291, 262, 361, 385, 236, 166, 210, 384, 363, 187, 231, 125, 182, 147, 218, 380, 290, 314, 374, 143, 153, 369, 124, 297, 398, 357, 383, 307, 287, 215, 298, 241, 358, 136, 351, 386, 120, 132, 148, 354, 123, 326, 167, 356, 304, 113, 152, 100, 193, 238, 213, 159, 305, 156, 234, 202, 390, 264, 359, 294, 296, 366, 245, 163, 295, 208, 329, 333, 271, 219, 230, 249, 247, 353, 97, 185, 342, 292, 214, 348, 155, 332, 371, 141, 373, 391, 331, 139, 233, 312, 256, 235, 221, 111, 135, 227, 405, 360, 237, 246, 240, 138, 328, 200, 263, 253, 258, 285, 283, 222, 186, 242, 150, 303, 339, 267, 164, 325, 239, 389, 372, 142, 349, 129, 252, 162, 367, 121, 209, 403, 265, 207, 255, 110, 103, 322, 272, 280, 151, 105, 201, 130, 170, 95, 128, 306, 99, 338, 226, 259, 217, 197, 204, 277, 115, 397, 395, 232, 194, 177, 133, 257, 104, 223, 309, 180, 269, 117, 315, 402, 158, 169, 340, 211, 355, 266, 160, 134, 112, 313, 146, 244, 184, 243, 189, 275, 400, 318, 190, 300, 114, 392, 228, 378, 282, 319, 144, 251, 346, 276, 248, 368, 343, 399, 337, 352, 387, 335, 176, 330, 321, 229, 311, 196, 260, 188, 268, 334, 320, 284]"
