experiment,solution_id,obj_1,obj_2,obj_3,breakfast_ids,lunch_ids
diversity_on_nsga2,0,-17.256932099999997,5.4830679,26.4430679,"[47, 60, 59, 40, 8, 50, 77, 11, 26, 49, 37, 83, 54, 24, 18, 36, 15, 70, 19, 63, 45, 23, 64, 4, 28, 85, 35, 86, 89, 58, 55, 33, 10, 46, 69, 82, 76, 13, 16, 29, 80, 9, 75, 6, 93, 5, 17, 71, 20, 92, 90, 94, 21, 12, 30, 84, 52, 56, 2, 1, 42, 57, 74, 25, 67, 78, 32, 79, 3, 43, 7, 65, 22, 48, 39, 66, 61, 87, 41, 14, 38, 88, 31, 73, 34, 72, 53, 44, 91, 81, 27, 68, 51, 62]","[343, 304, 190, 328, 159, 306, 265, 181, 284, 171, 280, 163, 112, 241, 153, 225, 243, 118, 357, 326, 111, 286, 366, 108, 352, 97, 127, 370, 131, 350, 371, 264, 101, 184, 120, 287, 372, 166, 223, 143, 167, 342, 282, 211, 207, 253, 250, 398, 103, 299, 210, 236, 401, 95, 252, 311, 113, 294, 254, 199, 176, 309, 355, 203, 217, 333, 300, 313, 285, 148, 331, 144, 105, 164, 291, 349, 316, 391, 183, 395, 161, 251, 197, 178, 365, 290, 109, 224, 173, 249, 248, 156, 116, 202, 96, 177, 386, 158, 255, 317, 404, 180, 348, 379, 347, 327, 194, 99, 374, 337, 389, 271, 107, 106, 361, 232, 323, 295, 138, 376, 259, 368, 151, 277, 185, 274, 140, 384, 377, 162, 396, 139, 212, 296, 192, 314, 114, 237, 351, 149, 213, 341, 392, 188, 345, 247, 160, 266, 360, 346, 227, 322, 246, 169, 242, 117, 312, 260, 261, 297, 200, 196, 390, 115, 179, 229, 397, 305, 147, 220, 369, 279, 119, 362, 394, 214, 338, 262, 239, 332, 135, 354, 121, 128, 201, 267, 228, 235, 100, 234, 126, 110, 137, 172, 141, 344, 186, 154, 257, 134, 402, 226, 388, 281, 157, 145, 152, 104, 175, 155, 244, 263, 216, 258, 292, 231, 191, 278, 318, 340, 307, 132, 270, 336, 335, 195, 170, 325, 122, 320, 367, 222, 129, 405, 230, 334, 221, 256, 174, 358, 400, 381, 308, 359, 124, 215, 238, 289, 378, 150, 142, 133, 399, 382, 198, 288, 283, 301, 187, 269, 363, 319, 205, 364, 204, 385, 102, 146, 387, 245, 303, 383, 339, 356, 298, 403, 130, 321, 182, 310, 324, 275, 125, 329, 165, 208, 218, 168, 209, 240, 315, 98, 272, 123, 136, 302, 293, 393, 189, 273, 380, 373, 330, 276, 268, 233, 193, 375, 219, 353, 206]"
diversity_on_nsga2,1,-2.5114738749999996,12.048526125,5.988526125,"[33, 35, 25, 88, 22, 42, 2, 65, 87, 51, 30, 66, 69, 67, 50, 79, 72, 59, 49, 75, 94, 3, 86, 8, 39, 34, 6, 60, 55, 31, 18, 70, 77, 93, 63, 73, 82, 9, 48, 81, 47, 89, 40, 71, 53, 83, 32, 85, 54, 24, 11, 58, 61, 26, 20, 46, 41, 19, 43, 74, 7, 38, 1, 14, 29, 4, 15, 52, 44, 68, 36, 28, 16, 78, 37, 84, 80, 13, 56, 27, 57, 92, 12, 90, 45, 64, 5, 10, 62, 76, 23, 91, 21, 17]","[281, 179, 268, 222, 292, 198, 209, 221, 289, 291, 193, 252, 254, 274, 344, 238, 379, 150, 224, 118, 184, 271, 152, 242, 388, 98, 297, 149, 227, 277, 233, 365, 218, 296, 251, 139, 231, 334, 359, 248, 262, 113, 294, 265, 140, 399, 130, 368, 315, 249, 96, 350, 378, 276, 195, 204, 324, 401, 220, 385, 137, 127, 196, 119, 162, 347, 154, 310, 182, 235, 331, 189, 180, 263, 181, 216, 250, 405, 200, 112, 185, 341, 316, 163, 288, 342, 232, 328, 208, 267, 283, 243, 141, 389, 103, 372, 247, 272, 301, 175, 201, 369, 266, 144, 258, 187, 269, 395, 363, 295, 111, 345, 309, 211, 143, 278, 145, 306, 312, 304, 319, 260, 205, 280, 169, 114, 261, 138, 257, 95, 213, 199, 287, 202, 333, 206, 361, 134, 191, 377, 212, 386, 165, 317, 157, 339, 375, 340, 364, 286, 188, 314, 122, 177, 192, 380, 128, 210, 174, 330, 124, 167, 159, 360, 396, 367, 284, 327, 366, 225, 335, 270, 178, 109, 168, 153, 226, 253, 349, 104, 172, 282, 391, 245, 300, 190, 355, 147, 230, 290, 101, 264, 194, 322, 160, 97, 146, 107, 273, 397, 219, 151, 325, 373, 136, 234, 398, 102, 215, 311, 246, 148, 404, 357, 259, 387, 392, 237, 402, 132, 293, 173, 352, 403, 275, 228, 217, 313, 279, 370, 203, 394, 117, 100, 236, 155, 123, 371, 133, 135, 110, 229, 383, 381, 338, 121, 108, 197, 305, 142, 105, 302, 308, 382, 323, 356, 346, 255, 244, 343, 120, 393, 321, 116, 214, 358, 256, 156, 170, 337, 126, 299, 115, 318, 106, 384, 241, 166, 400, 161, 285, 164, 320, 125, 307, 303, 390, 183, 176, 240, 129, 158, 131, 353, 186, 336, 354, 374, 171, 351, 223, 99, 362, 348, 207, 376, 239, 326, 298, 329, 332]"
diversity_on_nsga2,2,-1.3406633587245071,8.529336641275492,7.159336641275493,"[49, 24, 94, 53, 93, 9, 40, 18, 82, 19, 6, 76, 8, 72, 33, 77, 91, 34, 79, 69, 48, 31, 87, 17, 50, 45, 64, 81, 59, 62, 30, 66, 71, 10, 75, 3, 73, 80, 90, 21, 83, 89, 2, 65, 23, 60, 35, 88, 22, 5, 11, 58, 61, 92, 20, 46, 41, 12, 43, 32, 74, 47, 7, 38, 85, 1, 14, 29, 4, 15, 52, 44, 68, 36, 28, 16, 78, 37, 84, 25, 13, 56, 54, 27, 57, 26, 39, 55, 70, 63, 86, 51, 42, 67]","[191, 377, 212, 386, 156, 298, 362, 195, 345, 321, 154, 182, 310, 116, 295, 149, 332, 329, 236, 165, 213, 348, 209, 207, 117, 183, 378, 338, 240, 166, 231, 249, 330, 228, 203, 100, 155, 123, 371, 135, 229, 185, 383, 275, 381, 121, 108, 197, 305, 105, 323, 346, 173, 352, 403, 272, 313, 370, 394, 316, 208, 271, 289, 184, 279, 196, 186, 234, 265, 315, 374, 341, 159, 290, 376, 324, 171, 152, 288, 200, 291, 139, 125, 157, 364, 287, 347, 175, 363, 193, 280, 144, 250, 361, 368, 222, 354, 314, 180, 322, 199, 202, 268, 218, 297, 353, 387, 296, 317, 151, 284, 303, 113, 217, 129, 311, 143, 140, 294, 342, 168, 187, 103, 266, 233, 119, 278, 190, 369, 226, 379, 401, 138, 230, 102, 243, 404, 122, 118, 312, 304, 319, 260, 205, 169, 114, 261, 257, 239, 309, 339, 375, 340, 286, 232, 188, 101, 177, 192, 380, 247, 128, 210, 373, 124, 170, 360, 396, 367, 181, 327, 163, 366, 225, 335, 270, 178, 109, 153, 253, 349, 104, 172, 282, 391, 245, 300, 355, 147, 264, 194, 160, 97, 146, 107, 398, 219, 201, 145, 325, 365, 136, 269, 215, 246, 148, 357, 216, 259, 392, 237, 402, 132, 293, 133, 110, 389, 142, 302, 308, 382, 356, 255, 244, 343, 120, 393, 307, 372, 390, 158, 131, 336, 351, 99, 326, 198, 221, 252, 254, 388, 238, 344, 224, 242, 98, 211, 227, 277, 405, 251, 334, 248, 262, 399, 130, 137, 141, 267, 350, 273, 96, 385, 127, 162, 235, 189, 397, 95, 179, 333, 206, 112, 328, 263, 281, 176, 164, 331, 150, 126, 223, 174, 276, 204, 283, 359, 274, 220, 241, 292, 214, 111, 358, 256, 167, 337, 299, 115, 301, 258, 318, 106, 384, 306, 400, 161, 285, 320, 134, 395]"
diversity_on_nsga2,3,-111.45500611899149,35.81499388100849,103.1449938810085,"[28, 91, 30, 82, 67, 14, 94, 20, 8, 1, 5, 4, 9, 41, 7, 65, 18, 71, 38, 68, 43, 44, 51, 13, 47, 86, 61, 89, 45, 35, 29, 73, 59, 40, 75, 15, 22, 33, 48, 50, 46, 77, 88, 23, 60, 55, 2, 26, 36, 93, 37, 39, 6, 87, 63, 32, 49, 24, 56, 31, 79, 76, 74, 52, 17, 12, 57, 42, 58, 16, 90, 64, 78, 81, 11, 70, 69, 34, 84, 25, 54, 19, 83, 80, 85, 66, 72, 62, 92, 53, 27, 3, 21, 10]","[224, 327, 217, 350, 127, 381, 229, 291, 227, 98, 240, 270, 124, 215, 221, 238, 259, 289, 368, 296, 255, 130, 349, 136, 109, 135, 247, 390, 115, 302, 150, 299, 219, 265, 373, 284, 223, 199, 290, 183, 100, 108, 121, 338, 142, 134, 241, 399, 242, 131, 404, 266, 371, 118, 392, 322, 153, 164, 99, 254, 382, 198, 271, 279, 104, 348, 263, 181, 216, 250, 405, 200, 112, 185, 341, 316, 163, 288, 342, 283, 273, 243, 180, 301, 175, 201, 369, 107, 144, 187, 395, 363, 295, 111, 345, 309, 211, 143, 278, 355, 145, 312, 304, 319, 267, 114, 261, 138, 257, 354, 330, 228, 360, 400, 307, 364, 96, 158, 204, 333, 210, 385, 102, 244, 282, 397, 95, 344, 387, 226, 326, 396, 120, 256, 197, 151, 317, 249, 129, 346, 384, 303, 220, 313, 370, 383, 239, 231, 126, 380, 147, 245, 214, 188, 177, 311, 374, 356, 314, 165, 176, 347, 171, 184, 157, 264, 106, 137, 174, 386, 162, 212, 178, 298, 293, 362, 335, 403, 195, 140, 234, 393, 366, 101, 168, 189, 320, 372, 190, 191, 139, 154, 182, 310, 274, 325, 148, 394, 276, 113, 286, 116, 275, 125, 230, 365, 172, 287, 402, 196, 251, 332, 340, 268, 233, 292, 193, 110, 376, 105, 375, 315, 361, 294, 202, 235, 358, 123, 225, 166, 318, 128, 97, 389, 167, 156, 323, 391, 173, 305, 398, 321, 155, 258, 146, 205, 248, 328, 179, 329, 203, 281, 232, 169, 334, 277, 306, 352, 208, 357, 339, 117, 260, 141, 132, 252, 388, 351, 336, 149, 285, 194, 253, 401, 133, 324, 269, 280, 300, 160, 152, 378, 213, 209, 236, 207, 246, 353, 237, 206, 170, 297, 218, 377, 186, 192, 122, 331, 343, 222, 159, 119, 272, 308, 337, 367, 161, 262, 379, 359, 103]"
diversity_on_nsga2,4,-107.18317954226387,39.626820457736116,92.11682045773611,"[28, 91, 30, 82, 67, 14, 94, 20, 75, 1, 5, 4, 9, 41, 7, 65, 18, 71, 38, 68, 43, 12, 51, 62, 47, 86, 61, 59, 45, 35, 29, 11, 89, 40, 8, 84, 60, 37, 33, 48, 50, 46, 77, 88, 23, 15, 55, 2, 26, 36, 93, 25, 72, 39, 6, 87, 83, 32, 49, 24, 56, 31, 79, 76, 74, 52, 17, 10, 57, 42, 58, 16, 90, 64, 78, 81, 73, 70, 69, 34, 54, 19, 63, 80, 85, 66, 22, 13, 92, 53, 27, 3, 21, 44]","[103, 224, 327, 217, 397, 127, 381, 229, 291, 313, 227, 98, 240, 270, 124, 215, 370, 221, 238, 259, 289, 368, 296, 255, 130, 349, 136, 109, 135, 247, 390, 115, 302, 150, 299, 219, 265, 373, 284, 223, 199, 290, 183, 100, 108, 121, 338, 151, 134, 241, 399, 242, 131, 404, 371, 118, 392, 322, 153, 164, 99, 254, 382, 198, 271, 279, 104, 348, 263, 181, 216, 250, 405, 200, 112, 185, 341, 316, 163, 288, 342, 283, 273, 243, 180, 301, 175, 201, 369, 266, 144, 187, 395, 363, 295, 111, 345, 309, 211, 143, 278, 355, 145, 312, 304, 319, 280, 114, 261, 138, 376, 354, 330, 228, 360, 400, 307, 364, 96, 158, 204, 333, 210, 385, 102, 244, 282, 350, 95, 344, 387, 226, 326, 396, 120, 256, 197, 142, 317, 249, 129, 346, 384, 303, 220, 383, 239, 231, 126, 380, 147, 343, 214, 188, 177, 311, 374, 356, 314, 165, 176, 347, 171, 184, 157, 264, 106, 137, 174, 386, 162, 212, 156, 298, 293, 362, 335, 403, 195, 140, 234, 393, 366, 101, 168, 189, 107, 372, 190, 191, 139, 154, 182, 310, 324, 325, 148, 394, 276, 113, 286, 116, 275, 125, 230, 365, 172, 287, 402, 196, 251, 332, 340, 268, 233, 292, 193, 110, 257, 105, 375, 315, 361, 294, 202, 235, 358, 123, 225, 166, 318, 128, 97, 389, 167, 178, 323, 391, 173, 305, 398, 321, 155, 258, 146, 205, 248, 328, 179, 329, 203, 281, 232, 169, 334, 277, 306, 352, 208, 357, 339, 117, 260, 141, 132, 252, 388, 351, 336, 149, 285, 194, 253, 272, 133, 274, 269, 267, 300, 160, 152, 378, 213, 209, 236, 207, 246, 353, 237, 320, 206, 170, 297, 218, 377, 186, 192, 122, 331, 245, 222, 159, 119, 401, 308, 337, 367, 161, 262, 379, 359]"
diversity_on_nsga2,5,-107.18317954226387,39.626820457736116,92.11682045773611,"[28, 91, 30, 82, 67, 14, 94, 20, 75, 1, 5, 4, 9, 41, 7, 65, 18, 71, 38, 68, 43, 12, 51, 62, 47, 86, 61, 59, 45, 35, 29, 11, 89, 40, 8, 84, 60, 22, 33, 48, 50, 46, 77, 88, 23, 15, 55, 2, 26, 36, 93, 25, 72, 39, 6, 87, 83, 32, 49, 24, 56, 31, 79, 76, 74, 52, 17, 10, 57, 42, 58, 16, 90, 64, 78, 81, 73, 70, 69, 34, 54, 19, 63, 80, 85, 66, 37, 13, 92, 53, 27, 3, 21, 44]","[103, 224, 327, 217, 397, 127, 381, 229, 291, 313, 227, 98, 240, 270, 124, 215, 370, 221, 238, 259, 289, 368, 296, 255, 130, 349, 136, 109, 135, 247, 390, 115, 302, 150, 299, 219, 265, 373, 284, 223, 199, 290, 183, 100, 108, 121, 338, 142, 134, 241, 399, 242, 131, 404, 371, 118, 392, 322, 153, 164, 99, 254, 382, 198, 271, 279, 104, 348, 263, 181, 216, 250, 405, 200, 266, 185, 341, 316, 163, 288, 342, 283, 273, 243, 180, 301, 175, 201, 369, 112, 144, 187, 395, 363, 295, 111, 345, 309, 211, 143, 278, 355, 145, 312, 304, 319, 280, 114, 261, 138, 376, 354, 330, 228, 360, 400, 307, 364, 96, 158, 204, 333, 210, 385, 102, 244, 282, 350, 95, 344, 387, 226, 326, 396, 120, 256, 197, 151, 317, 249, 129, 346, 384, 303, 220, 383, 239, 231, 126, 380, 147, 245, 214, 188, 177, 311, 374, 179, 314, 165, 176, 347, 171, 184, 157, 264, 106, 137, 174, 386, 162, 212, 156, 298, 293, 362, 335, 403, 195, 140, 234, 393, 366, 101, 168, 189, 107, 372, 190, 191, 139, 154, 182, 310, 324, 325, 148, 394, 276, 113, 286, 116, 275, 125, 230, 365, 172, 287, 402, 196, 251, 332, 340, 268, 233, 292, 193, 110, 257, 105, 375, 315, 361, 294, 202, 235, 358, 123, 225, 166, 318, 128, 97, 389, 167, 178, 323, 391, 173, 305, 398, 321, 155, 258, 146, 205, 248, 328, 356, 329, 203, 281, 232, 169, 334, 277, 306, 352, 208, 357, 339, 117, 260, 141, 132, 252, 388, 351, 336, 149, 285, 194, 253, 272, 133, 274, 269, 267, 300, 160, 152, 378, 213, 209, 236, 207, 246, 353, 237, 320, 206, 170, 297, 218, 377, 186, 192, 122, 331, 343, 222, 159, 119, 401, 308, 337, 367, 161, 262, 379, 359]"
diversity_on_nsga2,6,-102.84959057484697,36.64040942515301,85.75040942515301,"[28, 91, 30, 82, 67, 14, 94, 20, 8, 1, 5, 4, 9, 41, 7, 65, 18, 48, 38, 68, 43, 12, 51, 13, 47, 86, 61, 89, 45, 35, 29, 73, 59, 40, 75, 84, 15, 22, 33, 71, 50, 46, 77, 88, 23, 60, 55, 2, 26, 36, 93, 25, 37, 39, 6, 87, 63, 32, 49, 24, 56, 31, 79, 76, 74, 52, 17, 44, 57, 42, 58, 16, 90, 64, 78, 81, 11, 70, 69, 34, 54, 19, 83, 80, 85, 66, 72, 62, 92, 53, 27, 3, 21, 10]","[103, 224, 327, 217, 350, 127, 381, 229, 291, 313, 227, 98, 240, 270, 124, 215, 370, 221, 238, 259, 289, 368, 296, 255, 130, 349, 136, 109, 135, 247, 390, 115, 302, 150, 299, 219, 265, 373, 284, 223, 199, 290, 183, 100, 108, 121, 338, 142, 134, 241, 399, 242, 131, 404, 371, 118, 392, 322, 153, 164, 99, 254, 382, 198, 271, 279, 104, 348, 263, 181, 216, 250, 405, 200, 112, 185, 341, 316, 163, 288, 342, 283, 273, 243, 180, 301, 175, 201, 369, 107, 144, 187, 395, 363, 295, 111, 345, 309, 211, 143, 278, 355, 145, 312, 304, 319, 267, 114, 261, 138, 257, 354, 330, 228, 360, 400, 307, 364, 96, 158, 204, 333, 210, 385, 102, 244, 282, 397, 95, 344, 387, 226, 326, 396, 120, 256, 389, 151, 317, 249, 129, 346, 384, 303, 220, 383, 239, 231, 126, 380, 147, 245, 214, 188, 177, 311, 374, 356, 314, 165, 176, 347, 171, 184, 157, 264, 106, 137, 174, 386, 162, 212, 178, 298, 293, 362, 335, 403, 195, 140, 234, 393, 366, 101, 168, 189, 266, 372, 190, 191, 139, 154, 182, 310, 274, 325, 148, 394, 276, 113, 286, 116, 275, 125, 230, 365, 172, 287, 402, 196, 251, 332, 340, 268, 233, 292, 193, 110, 376, 105, 375, 315, 361, 294, 202, 235, 358, 123, 225, 166, 318, 128, 97, 197, 167, 156, 323, 391, 173, 305, 398, 321, 155, 258, 146, 205, 248, 328, 179, 329, 203, 281, 232, 169, 334, 277, 306, 352, 208, 357, 339, 117, 260, 141, 132, 252, 388, 351, 336, 149, 285, 194, 253, 401, 133, 324, 269, 280, 300, 160, 152, 378, 213, 209, 236, 207, 246, 353, 237, 320, 206, 170, 297, 218, 377, 186, 192, 122, 331, 343, 222, 159, 119, 272, 308, 337, 367, 161, 262, 379, 359]"
diversity_on_nsga2,7,-107.02486138394593,28.785138616054066,98.17513861605407,"[91, 21, 20, 44, 28, 30, 75, 1, 5, 66, 9, 74, 31, 65, 18, 38, 68, 62, 70, 86, 43, 55, 61, 59, 47, 35, 29, 11, 8, 15, 22, 33, 48, 19, 77, 88, 45, 63, 40, 71, 23, 60, 51, 2, 26, 36, 93, 37, 39, 6, 87, 7, 32, 49, 24, 83, 79, 76, 41, 52, 17, 57, 72, 58, 16, 82, 64, 78, 10, 73, 12, 69, 34, 50, 14, 46, 89, 80, 84, 25, 13, 56, 54, 27, 85, 4, 3, 81, 92, 53, 42, 67, 94, 90]","[337, 299, 327, 217, 350, 127, 381, 229, 291, 313, 227, 98, 240, 270, 124, 215, 233, 221, 349, 136, 247, 115, 302, 182, 373, 361, 108, 338, 241, 399, 242, 404, 371, 118, 392, 322, 153, 164, 254, 250, 198, 271, 104, 348, 181, 216, 162, 315, 200, 112, 185, 341, 300, 163, 288, 342, 279, 273, 243, 301, 175, 201, 369, 297, 144, 395, 363, 295, 111, 345, 309, 211, 143, 278, 355, 145, 312, 304, 319, 280, 114, 261, 138, 257, 330, 228, 360, 400, 307, 364, 96, 264, 204, 333, 210, 385, 102, 244, 282, 397, 95, 344, 387, 226, 326, 396, 120, 256, 197, 151, 317, 249, 346, 384, 303, 220, 383, 239, 231, 126, 380, 147, 245, 214, 188, 177, 311, 356, 314, 374, 347, 184, 157, 106, 137, 174, 386, 382, 212, 156, 298, 293, 362, 335, 403, 195, 140, 234, 393, 366, 101, 168, 189, 285, 372, 159, 191, 139, 154, 310, 324, 325, 148, 394, 276, 113, 286, 116, 275, 125, 230, 365, 172, 287, 274, 196, 251, 332, 340, 268, 370, 292, 193, 110, 376, 105, 375, 405, 183, 294, 202, 235, 358, 123, 225, 166, 318, 128, 141, 389, 167, 178, 323, 391, 173, 305, 281, 321, 155, 258, 146, 205, 328, 179, 329, 203, 398, 232, 169, 334, 277, 306, 352, 208, 357, 339, 117, 260, 97, 132, 252, 388, 149, 161, 320, 390, 222, 289, 238, 379, 224, 152, 266, 296, 248, 262, 130, 368, 267, 269, 401, 119, 180, 213, 343, 206, 134, 377, 218, 209, 207, 378, 100, 135, 121, 272, 122, 192, 190, 367, 236, 265, 160, 109, 331, 402, 150, 316, 359, 237, 176, 129, 158, 131, 353, 186, 263, 336, 103, 283, 187, 354, 165, 171, 351, 223, 99, 194, 284, 253, 290, 107, 219, 246, 259, 133, 142, 308, 255, 199, 170]"
diversity_on_nsga2,8,-94.6602379303475,34.18976206965249,75.43976206965249,"[28, 91, 30, 82, 67, 54, 94, 20, 55, 1, 5, 4, 9, 41, 7, 65, 18, 68, 38, 43, 12, 86, 62, 51, 61, 59, 45, 35, 29, 77, 8, 84, 15, 22, 33, 48, 19, 47, 88, 11, 89, 40, 71, 23, 60, 75, 2, 26, 36, 93, 25, 37, 49, 6, 87, 83, 32, 39, 58, 56, 31, 79, 76, 74, 52, 17, 10, 57, 42, 24, 16, 90, 64, 78, 13, 73, 70, 69, 34, 50, 14, 46, 63, 80, 85, 66, 3, 81, 92, 53, 27, 72, 21, 44]","[103, 224, 327, 217, 350, 127, 381, 229, 291, 313, 227, 98, 240, 270, 124, 215, 370, 221, 349, 136, 247, 115, 302, 182, 373, 223, 183, 108, 338, 241, 399, 242, 131, 404, 371, 118, 392, 322, 203, 164, 99, 254, 162, 198, 271, 283, 104, 348, 263, 181, 216, 250, 405, 200, 112, 185, 341, 316, 163, 288, 342, 279, 273, 243, 301, 175, 201, 369, 266, 144, 187, 395, 363, 295, 111, 345, 309, 211, 143, 278, 355, 145, 312, 304, 319, 280, 114, 261, 138, 257, 354, 330, 228, 360, 400, 307, 364, 96, 149, 204, 333, 210, 385, 102, 244, 282, 397, 95, 344, 387, 226, 326, 396, 120, 391, 197, 151, 317, 249, 129, 346, 384, 303, 220, 383, 239, 231, 126, 380, 186, 245, 214, 188, 177, 311, 374, 148, 314, 165, 176, 347, 171, 184, 157, 368, 106, 137, 174, 386, 382, 212, 156, 298, 293, 362, 335, 403, 195, 140, 234, 393, 366, 268, 168, 189, 285, 372, 190, 191, 139, 154, 310, 324, 325, 356, 394, 276, 113, 286, 116, 275, 125, 230, 365, 172, 287, 274, 196, 251, 332, 340, 101, 233, 292, 193, 110, 376, 105, 375, 315, 361, 294, 202, 235, 358, 123, 225, 166, 318, 128, 97, 389, 167, 178, 323, 256, 173, 305, 398, 321, 155, 258, 146, 205, 328, 179, 329, 153, 281, 232, 169, 334, 277, 306, 352, 208, 357, 339, 117, 260, 141, 132, 252, 388, 351, 336, 264, 107, 194, 253, 272, 402, 269, 267, 300, 378, 213, 209, 236, 207, 246, 353, 237, 320, 206, 170, 297, 218, 377, 147, 192, 122, 331, 343, 222, 159, 238, 259, 289, 158, 248, 296, 255, 130, 152, 109, 135, 160, 180, 390, 100, 150, 299, 219, 265, 284, 199, 290, 121, 142, 134, 133, 119, 401, 308, 337, 367, 161, 262, 379, 359]"
diversity_on_nsga2,9,-94.6602379303475,34.18976206965249,75.43976206965249,"[28, 91, 30, 82, 67, 54, 94, 20, 55, 77, 5, 4, 9, 41, 7, 65, 18, 68, 38, 43, 12, 86, 62, 51, 61, 59, 45, 35, 29, 1, 8, 84, 15, 22, 33, 48, 19, 47, 88, 11, 89, 40, 71, 23, 60, 75, 2, 26, 36, 93, 25, 37, 49, 6, 87, 83, 32, 39, 24, 56, 31, 79, 76, 74, 52, 17, 10, 57, 42, 58, 16, 90, 64, 78, 13, 73, 70, 69, 34, 50, 14, 46, 63, 80, 85, 66, 3, 81, 92, 53, 27, 72, 21, 44]","[103, 224, 327, 217, 350, 127, 381, 229, 291, 313, 227, 98, 240, 270, 124, 215, 370, 174, 349, 136, 247, 115, 302, 182, 373, 223, 183, 108, 338, 241, 399, 242, 131, 404, 371, 118, 392, 322, 203, 164, 99, 254, 162, 198, 271, 283, 104, 348, 263, 181, 216, 250, 405, 200, 112, 185, 341, 316, 163, 288, 342, 279, 273, 243, 301, 175, 201, 369, 266, 144, 187, 395, 363, 295, 111, 345, 309, 211, 143, 278, 355, 145, 312, 304, 319, 280, 114, 261, 138, 257, 354, 330, 228, 360, 400, 307, 364, 96, 149, 204, 333, 210, 385, 102, 244, 282, 397, 95, 344, 387, 226, 326, 396, 120, 391, 197, 151, 317, 249, 129, 346, 384, 303, 220, 383, 239, 231, 126, 380, 147, 245, 214, 188, 177, 311, 374, 356, 314, 165, 176, 347, 171, 184, 157, 368, 106, 137, 221, 386, 382, 212, 156, 298, 293, 362, 335, 403, 195, 140, 234, 393, 366, 268, 168, 189, 285, 372, 190, 191, 139, 154, 310, 324, 325, 148, 394, 276, 113, 286, 116, 275, 125, 230, 365, 172, 287, 274, 196, 251, 332, 340, 101, 233, 292, 193, 110, 376, 105, 375, 315, 361, 294, 202, 235, 358, 123, 225, 166, 318, 128, 97, 389, 167, 178, 323, 256, 173, 305, 398, 321, 155, 258, 146, 205, 328, 179, 329, 153, 281, 232, 169, 334, 277, 306, 352, 208, 357, 339, 117, 260, 141, 132, 252, 388, 351, 336, 264, 107, 194, 253, 272, 402, 269, 267, 300, 378, 213, 209, 236, 207, 246, 353, 237, 320, 206, 170, 297, 218, 377, 186, 192, 122, 331, 343, 222, 159, 238, 259, 289, 158, 248, 296, 255, 130, 152, 109, 135, 160, 180, 390, 100, 150, 299, 219, 265, 284, 199, 290, 121, 142, 134, 133, 119, 401, 308, 337, 367, 161, 262, 379, 359]"
diversity_on_nsga2,10,-98.7953998938629,32.774600106137115,81.2046001061371,"[28, 91, 30, 82, 67, 51, 94, 20, 75, 1, 5, 4, 9, 41, 7, 65, 18, 68, 38, 43, 12, 86, 62, 61, 59, 45, 35, 29, 8, 84, 15, 22, 33, 48, 19, 47, 88, 11, 25, 40, 71, 23, 60, 2, 26, 36, 93, 89, 37, 49, 6, 87, 83, 32, 39, 24, 56, 31, 79, 76, 74, 52, 17, 10, 57, 42, 58, 16, 90, 64, 78, 13, 77, 70, 69, 34, 50, 14, 46, 63, 80, 85, 66, 3, 81, 92, 53, 27, 72, 21, 44, 54, 55, 73]","[327, 217, 350, 127, 381, 229, 291, 313, 227, 98, 240, 270, 124, 215, 370, 174, 349, 136, 247, 115, 302, 182, 373, 223, 183, 108, 338, 241, 399, 242, 131, 404, 371, 392, 322, 203, 164, 99, 254, 162, 198, 271, 283, 104, 348, 263, 181, 216, 250, 405, 200, 112, 185, 341, 316, 163, 288, 342, 279, 273, 243, 301, 175, 201, 369, 266, 144, 187, 395, 363, 295, 111, 345, 309, 211, 143, 278, 355, 145, 312, 304, 319, 280, 114, 261, 138, 257, 354, 330, 228, 360, 400, 307, 364, 96, 149, 204, 333, 210, 385, 102, 244, 282, 397, 95, 344, 387, 226, 326, 396, 120, 391, 197, 151, 317, 249, 129, 346, 384, 303, 220, 383, 239, 231, 126, 380, 147, 245, 214, 188, 177, 311, 374, 356, 314, 165, 176, 347, 171, 184, 157, 106, 137, 221, 386, 382, 212, 156, 298, 293, 362, 335, 403, 195, 140, 234, 393, 366, 268, 168, 189, 285, 372, 190, 191, 139, 154, 310, 324, 325, 148, 394, 276, 113, 286, 116, 275, 125, 230, 365, 172, 287, 274, 196, 251, 332, 340, 101, 233, 292, 193, 110, 376, 105, 375, 315, 361, 294, 202, 235, 358, 123, 225, 166, 318, 128, 97, 389, 167, 178, 323, 256, 173, 305, 398, 321, 155, 258, 146, 205, 328, 179, 329, 153, 281, 232, 169, 334, 277, 306, 352, 208, 357, 339, 117, 260, 141, 132, 252, 388, 351, 336, 264, 107, 194, 253, 272, 402, 269, 267, 300, 378, 213, 209, 236, 238, 158, 248, 207, 246, 353, 237, 320, 206, 170, 297, 218, 377, 186, 192, 122, 331, 343, 222, 159, 118, 259, 289, 368, 296, 255, 130, 152, 109, 135, 160, 180, 390, 100, 150, 299, 219, 265, 284, 199, 290, 121, 142, 134, 133, 119, 401, 308, 337, 367, 161, 262, 379, 359, 103, 224]"
diversity_on_nsga2,11,-86.69790829692329,27.422091703076717,56.20209170307672,"[44, 28, 91, 30, 72, 67, 20, 55, 69, 5, 4, 9, 41, 7, 17, 18, 71, 68, 43, 51, 62, 47, 86, 61, 42, 94, 59, 48, 45, 35, 40, 8, 84, 15, 22, 33, 29, 50, 46, 77, 88, 23, 11, 75, 2, 26, 49, 89, 25, 37, 39, 6, 87, 83, 32, 36, 54, 24, 56, 79, 76, 19, 38, 93, 12, 31, 74, 52, 65, 10, 57, 60, 58, 16, 82, 64, 78, 81, 73, 70, 1, 34, 14, 63, 80, 85, 66, 90, 13, 92, 53, 27, 3, 21]","[194, 153, 164, 99, 391, 254, 382, 198, 128, 348, 263, 181, 216, 405, 112, 185, 316, 163, 232, 328, 208, 267, 273, 180, 272, 301, 201, 258, 269, 295, 111, 345, 211, 355, 145, 306, 323, 221, 204, 240, 104, 176, 362, 371, 403, 395, 274, 275, 100, 359, 331, 283, 332, 174, 264, 182, 189, 148, 309, 231, 276, 271, 289, 184, 352, 196, 186, 234, 265, 315, 175, 341, 159, 290, 376, 324, 171, 152, 288, 200, 291, 251, 125, 157, 364, 287, 347, 374, 363, 193, 298, 144, 250, 361, 368, 222, 354, 314, 101, 322, 199, 296, 268, 218, 297, 353, 387, 202, 317, 151, 284, 303, 113, 217, 129, 311, 143, 140, 294, 342, 168, 187, 103, 266, 233, 119, 278, 190, 369, 226, 379, 401, 138, 230, 102, 243, 404, 122, 118, 312, 304, 319, 260, 205, 169, 114, 261, 257, 173, 330, 228, 360, 400, 307, 96, 158, 333, 210, 336, 385, 244, 155, 277, 282, 146, 95, 344, 334, 326, 396, 120, 256, 197, 293, 213, 249, 346, 384, 220, 383, 126, 380, 147, 245, 214, 188, 177, 389, 300, 339, 356, 165, 285, 106, 388, 137, 225, 386, 162, 212, 156, 280, 179, 335, 195, 253, 393, 366, 321, 107, 372, 191, 139, 154, 310, 325, 394, 286, 116, 365, 172, 402, 340, 292, 167, 110, 105, 375, 203, 329, 377, 236, 207, 246, 237, 398, 320, 206, 149, 170, 397, 235, 178, 192, 123, 343, 239, 308, 337, 358, 117, 367, 161, 262, 141, 279, 357, 224, 327, 350, 127, 166, 381, 229, 281, 313, 132, 227, 98, 270, 124, 215, 370, 351, 238, 259, 248, 255, 378, 130, 349, 109, 252, 135, 160, 247, 390, 115, 302, 150, 299, 219, 97, 373, 136, 223, 318, 183, 108, 121, 209, 338, 142, 134, 241, 133, 399, 242, 131, 392, 305]"
diversity_on_nsga2,12,-85.62428407409425,24.095715925905754,62.27571592590576,"[28, 91, 30, 82, 67, 14, 94, 20, 8, 1, 5, 4, 9, 41, 7, 65, 18, 71, 38, 68, 43, 12, 51, 62, 47, 86, 61, 59, 45, 35, 29, 73, 89, 40, 75, 84, 15, 22, 33, 48, 50, 46, 77, 88, 23, 60, 55, 2, 26, 36, 93, 25, 37, 39, 6, 87, 63, 32, 49, 24, 56, 31, 79, 76, 74, 52, 17, 10, 57, 42, 58, 16, 90, 64, 78, 81, 11, 70, 69, 34, 54, 19, 83, 80, 85, 66, 72, 13, 92, 53, 27, 3, 21, 44]","[217, 127, 381, 229, 291, 313, 227, 98, 240, 270, 124, 215, 370, 221, 238, 259, 289, 368, 296, 255, 130, 349, 136, 109, 135, 247, 390, 115, 302, 150, 299, 219, 265, 373, 284, 223, 199, 290, 183, 100, 108, 121, 338, 142, 134, 241, 399, 242, 131, 404, 371, 118, 392, 322, 153, 164, 99, 254, 382, 198, 271, 279, 104, 348, 263, 181, 216, 250, 405, 200, 112, 185, 341, 316, 163, 288, 342, 283, 273, 243, 180, 301, 175, 187, 369, 266, 144, 201, 395, 363, 295, 111, 345, 309, 211, 143, 278, 355, 145, 397, 379, 401, 160, 312, 304, 319, 280, 114, 261, 138, 376, 354, 330, 228, 360, 400, 307, 364, 96, 158, 204, 333, 210, 385, 102, 244, 282, 350, 95, 344, 387, 226, 326, 396, 120, 256, 197, 151, 317, 249, 129, 346, 384, 303, 220, 383, 239, 231, 126, 380, 147, 245, 214, 188, 177, 311, 374, 356, 314, 165, 176, 347, 171, 184, 157, 264, 106, 137, 174, 386, 162, 212, 156, 298, 293, 362, 335, 403, 195, 140, 234, 393, 366, 101, 168, 189, 107, 372, 190, 191, 139, 154, 182, 310, 324, 325, 148, 394, 276, 113, 286, 116, 275, 125, 230, 365, 172, 287, 402, 196, 251, 332, 340, 268, 233, 292, 193, 110, 257, 105, 375, 315, 361, 294, 202, 235, 358, 123, 225, 166, 318, 128, 97, 389, 167, 178, 323, 391, 173, 305, 398, 321, 155, 258, 146, 205, 248, 328, 179, 329, 203, 281, 232, 169, 334, 277, 306, 352, 208, 357, 339, 117, 260, 141, 132, 252, 388, 351, 336, 149, 285, 194, 253, 272, 133, 274, 269, 267, 300, 152, 378, 213, 209, 236, 207, 246, 353, 237, 320, 206, 170, 297, 218, 377, 186, 192, 122, 331, 343, 222, 159, 119, 308, 337, 367, 161, 262, 359, 103, 224, 327]"
diversity_on_nsga2,13,-65.7334563762802,16.25654362371981,35.76654362371981,"[9, 30, 43, 56, 16, 53, 14, 7, 74, 76, 62, 37, 68, 21, 82, 24, 88, 50, 70, 73, 58, 59, 11, 19, 64, 35, 29, 25, 49, 75, 3, 22, 41, 32, 13, 10, 42, 38, 67, 46, 2, 78, 8, 72, 33, 47, 77, 5, 20, 86, 57, 31, 65, 69, 52, 91, 34, 87, 36, 84, 79, 61, 4, 93, 44, 51, 1, 90, 12, 81, 55, 18, 83, 85, 15, 26, 48, 23, 66, 6, 28, 45, 40, 89, 94, 17, 80, 27, 54, 71, 60, 39, 63, 92]","[352, 356, 354, 153, 374, 313, 349, 240, 322, 372, 250, 357, 263, 391, 176, 236, 233, 174, 234, 178, 182, 292, 110, 382, 376, 255, 225, 136, 107, 296, 294, 138, 397, 246, 191, 149, 308, 287, 343, 179, 394, 160, 300, 358, 101, 206, 207, 247, 112, 193, 293, 379, 172, 133, 113, 117, 275, 297, 337, 235, 366, 148, 353, 114, 257, 186, 221, 142, 386, 251, 154, 97, 103, 324, 214, 271, 361, 162, 180, 122, 302, 290, 401, 237, 377, 389, 137, 316, 288, 342, 291, 232, 328, 208, 267, 283, 243, 272, 301, 175, 369, 144, 187, 269, 363, 173, 345, 355, 145, 306, 323, 304, 319, 260, 228, 169, 400, 307, 364, 96, 158, 204, 120, 210, 336, 385, 102, 274, 238, 155, 277, 146, 218, 95, 344, 226, 326, 289, 396, 256, 317, 213, 249, 346, 384, 303, 378, 220, 383, 231, 126, 380, 147, 248, 192, 388, 185, 109, 198, 254, 335, 108, 127, 403, 373, 106, 167, 310, 128, 404, 284, 261, 339, 203, 371, 157, 98, 170, 219, 123, 184, 111, 165, 230, 405, 338, 152, 264, 362, 402, 281, 392, 190, 299, 224, 227, 331, 279, 135, 252, 245, 150, 262, 341, 217, 253, 311, 196, 398, 105, 99, 183, 242, 200, 116, 332, 159, 365, 139, 348, 390, 222, 229, 381, 286, 259, 141, 280, 104, 216, 258, 375, 166, 205, 171, 140, 285, 334, 161, 212, 318, 124, 121, 312, 395, 329, 359, 325, 189, 201, 197, 130, 367, 215, 131, 199, 239, 143, 164, 209, 276, 194, 270, 132, 268, 370, 347, 320, 295, 129, 330, 241, 202, 273, 125, 118, 181, 115, 278, 119, 314, 282, 244, 333, 168, 266, 351, 100, 399, 309, 340, 188, 211, 298, 151, 265, 393, 360, 387, 223, 163, 368, 134, 156, 177, 321, 195, 350, 315, 305, 327]"
diversity_on_nsga2,14,-93.26930153081925,31.410698469180755,71.83069846918076,"[28, 91, 30, 82, 67, 14, 94, 20, 75, 1, 5, 4, 9, 41, 59, 65, 18, 71, 38, 68, 43, 12, 51, 62, 47, 86, 61, 7, 45, 35, 29, 11, 89, 40, 8, 84, 60, 22, 33, 48, 50, 46, 77, 88, 23, 15, 55, 2, 26, 36, 93, 25, 72, 39, 6, 87, 83, 32, 49, 24, 56, 31, 79, 76, 74, 52, 17, 10, 57, 42, 58, 16, 90, 64, 78, 81, 73, 70, 69, 34, 54, 19, 63, 80, 85, 66, 37, 13, 92, 53, 27, 3, 21, 44]","[327, 217, 397, 127, 381, 229, 291, 313, 227, 98, 240, 270, 124, 215, 370, 221, 238, 259, 289, 368, 296, 255, 130, 349, 136, 109, 135, 245, 179, 247, 390, 115, 302, 150, 299, 219, 265, 373, 284, 223, 199, 290, 183, 100, 108, 121, 338, 151, 134, 241, 399, 242, 131, 404, 371, 118, 392, 322, 153, 164, 99, 254, 382, 198, 271, 279, 104, 348, 263, 181, 216, 250, 405, 200, 112, 185, 341, 316, 163, 288, 342, 283, 273, 243, 180, 301, 175, 201, 369, 266, 144, 187, 395, 363, 295, 111, 345, 309, 211, 143, 278, 355, 145, 312, 304, 319, 280, 114, 261, 138, 376, 354, 330, 228, 360, 400, 307, 364, 96, 158, 204, 333, 210, 385, 102, 244, 282, 350, 95, 344, 387, 226, 326, 396, 120, 256, 197, 142, 317, 249, 129, 346, 384, 303, 220, 383, 239, 231, 126, 380, 147, 343, 214, 188, 177, 311, 374, 356, 314, 165, 176, 347, 171, 184, 157, 264, 106, 137, 174, 386, 162, 212, 156, 298, 293, 362, 335, 403, 195, 140, 359, 393, 366, 101, 168, 189, 107, 372, 190, 191, 139, 154, 182, 310, 324, 325, 148, 394, 276, 113, 286, 116, 275, 125, 230, 365, 172, 287, 402, 196, 251, 332, 340, 268, 233, 292, 193, 110, 257, 105, 375, 315, 361, 294, 202, 235, 358, 123, 225, 166, 318, 128, 97, 389, 167, 178, 323, 391, 173, 305, 398, 321, 155, 258, 146, 205, 248, 328, 329, 203, 281, 232, 169, 334, 277, 306, 352, 208, 357, 339, 117, 260, 141, 132, 252, 388, 351, 336, 149, 285, 194, 253, 272, 133, 274, 269, 267, 300, 160, 152, 378, 213, 209, 236, 207, 246, 353, 237, 320, 206, 170, 297, 218, 377, 186, 192, 122, 331, 222, 159, 119, 401, 308, 337, 367, 161, 262, 379, 234, 103, 224]"
diversity_on_nsga2,15,-83.34767266078866,26.512327339211346,56.65232733921135,"[25, 91, 30, 82, 67, 54, 94, 20, 75, 1, 5, 4, 9, 41, 7, 65, 18, 78, 38, 68, 43, 81, 86, 62, 47, 51, 61, 59, 45, 35, 29, 11, 89, 40, 8, 84, 15, 93, 12, 77, 60, 37, 23, 33, 36, 46, 55, 22, 39, 6, 87, 83, 32, 49, 24, 56, 31, 79, 76, 74, 52, 17, 10, 57, 42, 58, 16, 90, 64, 71, 13, 73, 70, 69, 34, 50, 14, 19, 63, 80, 85, 66, 3, 92, 53, 27, 72, 21, 44, 28, 88, 48, 2, 26]","[205, 257, 327, 217, 350, 127, 381, 229, 291, 313, 227, 98, 240, 270, 124, 215, 210, 369, 174, 400, 258, 279, 283, 163, 132, 336, 106, 185, 280, 306, 277, 228, 309, 143, 128, 137, 354, 169, 144, 112, 201, 114, 245, 267, 138, 252, 99, 385, 263, 198, 187, 247, 333, 140, 211, 96, 269, 288, 301, 102, 175, 300, 314, 260, 254, 382, 216, 316, 158, 328, 111, 244, 231, 370, 214, 188, 177, 311, 374, 339, 356, 176, 285, 347, 171, 184, 388, 225, 386, 212, 156, 298, 362, 403, 195, 345, 253, 271, 101, 321, 190, 191, 139, 154, 182, 310, 296, 325, 372, 118, 295, 104, 115, 149, 147, 165, 145, 208, 179, 168, 348, 209, 117, 341, 183, 304, 232, 378, 181, 103, 282, 146, 218, 95, 344, 334, 307, 226, 326, 396, 120, 197, 151, 317, 213, 249, 129, 346, 384, 303, 220, 383, 239, 338, 237, 166, 272, 342, 108, 126, 337, 261, 234, 123, 200, 366, 223, 136, 335, 302, 293, 393, 189, 273, 380, 256, 359, 155, 349, 355, 161, 159, 358, 318, 405, 243, 107, 320, 206, 170, 242, 397, 235, 186, 192, 122, 331, 343, 222, 119, 401, 308, 367, 262, 141, 352, 379, 330, 357, 224, 236, 312, 281, 221, 351, 238, 259, 289, 368, 248, 324, 255, 162, 130, 164, 373, 153, 360, 148, 394, 276, 113, 97, 389, 167, 178, 323, 391, 173, 305, 398, 286, 116, 275, 125, 230, 365, 172, 287, 402, 196, 251, 332, 340, 268, 233, 292, 193, 110, 376, 105, 375, 203, 329, 315, 361, 294, 202, 377, 207, 246, 353, 109, 135, 160, 180, 390, 150, 299, 219, 265, 284, 199, 290, 100, 121, 142, 134, 241, 133, 399, 297, 131, 404, 371, 392, 322, 194, 204, 395, 274, 264, 152, 157, 364, 363, 250, 387, 266, 278, 319]"
diversity_on_nsga2,16,-48.899960094598654,10.750039905401344,46.500039905401344,"[56, 85, 57, 30, 93, 5, 79, 7, 88, 68, 12, 1, 21, 31, 59, 17, 23, 3, 62, 11, 71, 18, 46, 64, 14, 4, 15, 52, 27, 8, 35, 2, 91, 19, 81, 25, 76, 16, 10, 47, 72, 13, 43, 34, 40, 82, 28, 89, 36, 22, 6, 58, 45, 20, 9, 50, 48, 42, 32, 66, 73, 94, 74, 53, 75, 87, 44, 54, 67, 84, 38, 86, 37, 49, 29, 83, 41, 39, 65, 77, 51, 60, 92, 63, 80, 61, 33, 24, 26, 69, 70, 78, 55, 90]","[344, 272, 380, 108, 342, 250, 215, 279, 218, 164, 402, 322, 190, 313, 214, 225, 370, 238, 291, 239, 369, 177, 335, 247, 275, 314, 99, 159, 166, 294, 116, 288, 249, 165, 112, 266, 355, 113, 359, 304, 236, 160, 200, 316, 254, 283, 174, 343, 175, 219, 341, 262, 392, 317, 383, 298, 265, 184, 107, 211, 178, 125, 373, 213, 269, 232, 122, 142, 307, 242, 374, 372, 257, 220, 251, 273, 193, 336, 168, 329, 315, 198, 396, 118, 389, 346, 149, 153, 110, 146, 319, 176, 311, 240, 356, 223, 297, 134, 161, 270, 375, 280, 404, 303, 296, 234, 205, 397, 191, 137, 186, 312, 119, 133, 347, 235, 179, 227, 328, 104, 202, 301, 290, 331, 284, 267, 148, 233, 268, 114, 206, 362, 150, 138, 333, 182, 271, 217, 245, 188, 212, 390, 256, 145, 141, 293, 349, 352, 157, 105, 222, 339, 289, 228, 348, 295, 185, 226, 124, 253, 152, 139, 285, 109, 276, 106, 216, 181, 162, 156, 231, 345, 123, 286, 143, 385, 171, 309, 405, 338, 147, 126, 287, 154, 210, 365, 167, 243, 310, 101, 361, 376, 379, 368, 281, 364, 158, 378, 192, 183, 292, 103, 230, 360, 399, 299, 340, 382, 278, 377, 209, 384, 277, 353, 320, 194, 96, 302, 327, 358, 195, 130, 264, 332, 97, 260, 357, 324, 144, 100, 350, 120, 282, 140, 248, 395, 388, 330, 135, 204, 371, 187, 323, 391, 173, 305, 398, 203, 387, 155, 367, 246, 334, 259, 381, 300, 394, 263, 403, 306, 131, 172, 255, 325, 170, 393, 111, 127, 237, 163, 169, 115, 197, 354, 244, 102, 151, 363, 121, 351, 258, 274, 208, 401, 386, 252, 261, 366, 337, 98, 318, 196, 221, 308, 128, 326, 201, 199, 224, 132, 400, 136, 207, 241, 129, 321, 95, 189, 180, 229, 117]"
diversity_on_nsga2,17,-72.15491649566641,17.755083504333598,43.445083504333596,"[91, 30, 82, 67, 14, 94, 20, 1, 63, 5, 75, 4, 9, 41, 7, 65, 18, 71, 38, 68, 43, 12, 51, 62, 47, 86, 61, 59, 45, 35, 29, 11, 89, 40, 15, 84, 8, 22, 33, 48, 50, 46, 77, 88, 23, 60, 55, 2, 26, 36, 93, 25, 37, 39, 6, 87, 83, 32, 49, 24, 56, 31, 79, 76, 64, 52, 17, 10, 57, 42, 58, 16, 90, 74, 78, 81, 73, 70, 69, 34, 54, 19, 80, 85, 66, 72, 13, 92, 53, 27, 3, 21, 44, 28]","[217, 257, 397, 127, 381, 229, 291, 313, 227, 98, 240, 270, 124, 215, 370, 221, 238, 259, 289, 368, 296, 255, 130, 349, 136, 109, 135, 247, 390, 115, 302, 150, 299, 219, 265, 373, 284, 223, 199, 290, 183, 100, 108, 121, 338, 134, 241, 399, 242, 131, 404, 371, 118, 392, 322, 153, 164, 99, 254, 382, 198, 271, 279, 104, 348, 263, 181, 216, 250, 405, 200, 112, 185, 341, 316, 163, 288, 342, 283, 273, 243, 374, 301, 175, 201, 369, 266, 144, 187, 395, 363, 295, 111, 345, 309, 211, 143, 278, 355, 145, 312, 319, 280, 114, 261, 138, 376, 354, 330, 228, 360, 400, 307, 364, 96, 158, 204, 333, 210, 385, 244, 350, 304, 142, 343, 282, 102, 95, 344, 387, 226, 326, 396, 120, 256, 197, 151, 317, 249, 129, 346, 384, 303, 220, 383, 239, 231, 126, 380, 147, 245, 214, 188, 177, 178, 311, 180, 356, 314, 165, 176, 347, 171, 184, 157, 264, 106, 137, 174, 386, 162, 212, 156, 298, 293, 362, 335, 403, 195, 140, 234, 393, 366, 101, 168, 189, 107, 372, 190, 191, 139, 154, 182, 310, 324, 325, 148, 394, 276, 113, 286, 116, 275, 125, 230, 365, 172, 287, 402, 196, 251, 332, 340, 268, 233, 292, 193, 110, 105, 375, 315, 361, 294, 202, 235, 358, 123, 389, 166, 318, 128, 97, 225, 167, 323, 391, 173, 305, 398, 321, 155, 258, 146, 205, 248, 328, 179, 329, 203, 281, 232, 169, 334, 277, 306, 352, 208, 357, 339, 117, 260, 141, 132, 252, 388, 351, 336, 149, 285, 194, 253, 401, 133, 274, 269, 267, 300, 160, 152, 378, 213, 209, 236, 207, 246, 353, 237, 320, 206, 170, 297, 218, 377, 186, 192, 122, 331, 222, 159, 119, 272, 308, 337, 367, 161, 262, 379, 359, 103, 224, 327]"
diversity_on_nsga2,18,-92.68627995449306,25.553720045506942,70.91372004550692,"[28, 91, 30, 82, 67, 20, 75, 5, 9, 41, 7, 88, 18, 68, 43, 51, 62, 47, 86, 61, 94, 59, 48, 45, 35, 40, 8, 84, 15, 65, 11, 38, 2, 89, 25, 93, 12, 71, 29, 77, 4, 60, 1, 37, 23, 33, 36, 46, 55, 26, 50, 14, 72, 39, 6, 87, 83, 32, 49, 24, 56, 31, 79, 76, 74, 52, 17, 10, 57, 42, 58, 16, 90, 64, 78, 81, 73, 70, 69, 34, 54, 19, 63, 80, 85, 66, 22, 13, 92, 53, 27, 3, 21, 44]","[205, 257, 327, 217, 350, 127, 381, 229, 291, 313, 227, 98, 240, 270, 124, 215, 210, 369, 174, 400, 258, 279, 283, 163, 261, 336, 106, 185, 280, 306, 277, 228, 309, 143, 128, 137, 354, 169, 144, 112, 201, 114, 245, 267, 138, 252, 99, 385, 263, 198, 187, 247, 333, 140, 211, 96, 269, 288, 301, 102, 175, 300, 314, 260, 254, 382, 216, 97, 316, 158, 328, 111, 244, 231, 370, 214, 188, 177, 311, 374, 339, 356, 176, 285, 347, 171, 184, 388, 225, 386, 212, 156, 298, 362, 403, 195, 345, 253, 271, 101, 321, 190, 154, 182, 310, 296, 325, 372, 118, 295, 104, 115, 149, 147, 165, 145, 208, 179, 168, 348, 209, 117, 341, 183, 304, 232, 378, 181, 103, 282, 146, 218, 95, 344, 334, 307, 226, 326, 396, 120, 197, 151, 317, 213, 249, 129, 346, 384, 303, 220, 383, 239, 338, 107, 166, 272, 342, 108, 126, 337, 132, 234, 123, 200, 366, 223, 136, 335, 302, 293, 393, 189, 273, 380, 373, 359, 155, 349, 355, 161, 159, 358, 318, 405, 389, 243, 237, 320, 206, 191, 139, 170, 242, 397, 235, 186, 192, 122, 331, 343, 222, 119, 401, 308, 367, 262, 141, 352, 379, 330, 357, 224, 236, 312, 281, 221, 351, 238, 259, 289, 368, 248, 324, 255, 162, 130, 164, 256, 167, 153, 178, 323, 391, 173, 305, 398, 360, 148, 394, 276, 113, 286, 116, 275, 125, 230, 365, 172, 287, 402, 196, 251, 332, 340, 268, 233, 292, 193, 110, 376, 105, 375, 203, 329, 315, 361, 294, 202, 377, 207, 246, 353, 109, 135, 160, 180, 390, 150, 299, 219, 265, 284, 199, 290, 100, 121, 142, 134, 241, 133, 399, 297, 131, 404, 371, 392, 322, 194, 204, 395, 274, 264, 152, 157, 364, 363, 250, 387, 266, 278, 319]"
diversity_on_nsga2,19,-72.96163991771719,30.988360082282796,31.83836008228279,"[91, 89, 17, 76, 35, 30, 61, 25, 21, 54, 22, 42, 2, 65, 87, 83, 66, 69, 67, 50, 79, 72, 20, 59, 49, 24, 75, 94, 3, 86, 53, 39, 34, 6, 60, 55, 31, 18, 70, 77, 93, 73, 46, 63, 8, 71, 9, 48, 40, 81, 11, 58, 33, 26, 82, 51, 41, 19, 43, 32, 74, 47, 7, 38, 85, 1, 88, 29, 4, 15, 52, 44, 68, 36, 28, 16, 12, 37, 84, 80, 13, 56, 14, 27, 57, 92, 78, 90, 45, 64, 5, 10, 62, 23]","[400, 161, 285, 164, 320, 125, 278, 266, 307, 372, 303, 390, 183, 176, 240, 405, 348, 131, 353, 186, 391, 336, 103, 283, 187, 354, 374, 171, 351, 223, 193, 158, 207, 376, 239, 227, 298, 329, 332, 112, 179, 268, 222, 292, 198, 209, 221, 289, 291, 99, 252, 254, 274, 344, 324, 238, 379, 150, 224, 118, 184, 114, 271, 152, 143, 242, 388, 204, 211, 169, 149, 326, 277, 233, 174, 218, 296, 129, 251, 139, 231, 334, 359, 248, 262, 113, 200, 290, 297, 362, 294, 265, 140, 399, 130, 368, 315, 295, 249, 328, 96, 267, 350, 206, 269, 276, 195, 341, 98, 141, 261, 345, 243, 401, 220, 385, 137, 127, 196, 119, 162, 347, 154, 310, 182, 235, 331, 189, 180, 95, 213, 199, 287, 202, 333, 286, 361, 250, 134, 395, 191, 377, 319, 212, 280, 386, 165, 317, 157, 309, 339, 375, 340, 364, 378, 232, 188, 363, 314, 342, 288, 122, 177, 192, 380, 247, 146, 210, 365, 330, 124, 167, 159, 360, 396, 367, 181, 284, 327, 163, 366, 225, 335, 270, 178, 109, 168, 153, 226, 253, 349, 104, 138, 172, 282, 263, 245, 300, 190, 257, 355, 147, 230, 281, 101, 264, 194, 322, 160, 97, 128, 107, 273, 397, 175, 219, 201, 151, 145, 325, 373, 136, 234, 398, 102, 215, 311, 246, 148, 404, 357, 216, 259, 387, 392, 237, 402, 132, 293, 369, 173, 352, 403, 275, 228, 144, 260, 217, 272, 313, 279, 370, 203, 394, 117, 100, 236, 155, 316, 208, 123, 371, 133, 135, 110, 229, 185, 383, 205, 389, 381, 338, 121, 108, 197, 305, 142, 105, 302, 308, 382, 323, 356, 346, 255, 244, 343, 120, 393, 321, 116, 214, 111, 358, 256, 156, 170, 337, 126, 299, 312, 115, 301, 304, 258, 318, 106, 384, 241, 306, 166]"
diversity_on_nsga2,20,-91.37652904534575,19.983470954654273,68.42347095465428,"[44, 28, 91, 30, 82, 79, 71, 49, 12, 24, 75, 94, 3, 53, 73, 39, 6, 16, 55, 18, 70, 93, 63, 9, 48, 40, 81, 11, 58, 26, 51, 41, 19, 43, 32, 42, 10, 67, 46, 2, 78, 8, 72, 90, 47, 77, 5, 20, 86, 57, 31, 65, 1, 52, 34, 87, 36, 84, 74, 7, 85, 69, 14, 29, 4, 15, 68, 60, 25, 37, 80, 13, 56, 54, 27, 92, 59, 33, 45, 64, 38, 23, 76, 62, 21, 83, 89, 17, 61, 35, 88, 22, 66, 50]","[356, 354, 153, 374, 313, 349, 240, 322, 372, 250, 357, 263, 391, 176, 236, 124, 174, 234, 182, 292, 110, 382, 376, 255, 225, 136, 107, 296, 294, 138, 246, 191, 308, 287, 179, 394, 160, 300, 358, 101, 207, 247, 112, 193, 293, 379, 172, 133, 113, 117, 275, 297, 337, 370, 366, 148, 353, 114, 257, 186, 221, 142, 386, 251, 154, 97, 103, 324, 214, 271, 361, 162, 180, 122, 302, 290, 401, 237, 377, 389, 137, 316, 288, 342, 291, 232, 328, 208, 267, 283, 243, 272, 301, 175, 369, 144, 187, 269, 363, 276, 195, 341, 204, 141, 261, 345, 220, 385, 127, 196, 119, 347, 310, 331, 189, 95, 213, 199, 202, 333, 134, 395, 319, 212, 280, 165, 317, 157, 309, 339, 375, 177, 364, 378, 188, 314, 340, 380, 128, 210, 365, 330, 159, 167, 233, 360, 311, 367, 181, 284, 327, 163, 335, 270, 116, 168, 226, 253, 104, 282, 245, 190, 355, 147, 230, 264, 194, 146, 273, 219, 201, 151, 145, 325, 373, 398, 102, 215, 396, 404, 216, 259, 387, 392, 402, 132, 173, 352, 403, 228, 260, 217, 279, 203, 100, 155, 371, 135, 229, 185, 383, 205, 381, 338, 121, 108, 197, 305, 105, 323, 346, 244, 120, 393, 321, 109, 111, 256, 156, 126, 299, 312, 115, 304, 258, 318, 106, 384, 241, 306, 166, 400, 161, 285, 164, 320, 125, 206, 149, 170, 397, 235, 178, 192, 123, 343, 239, 278, 266, 307, 303, 390, 183, 129, 158, 131, 336, 171, 351, 223, 99, 362, 348, 326, 298, 329, 332, 281, 268, 222, 350, 198, 209, 289, 252, 254, 274, 344, 238, 150, 224, 118, 184, 152, 143, 242, 388, 98, 211, 169, 227, 277, 200, 218, 405, 139, 231, 334, 359, 248, 262, 265, 140, 399, 130, 368, 315, 295, 249, 96, 286]"
diversity_on_nsga2,21,-18.204414824999997,7.0755851750000005,12.095585175,"[53, 73, 39, 6, 55, 18, 70, 93, 63, 9, 48, 40, 86, 82, 51, 42, 67, 2, 8, 72, 33, 77, 65, 90, 23, 21, 83, 89, 35, 88, 22, 81, 11, 58, 61, 92, 20, 46, 41, 19, 43, 91, 47, 38, 1, 16, 32, 34, 87, 36, 84, 7, 85, 69, 14, 29, 4, 15, 49, 24, 56, 31, 79, 76, 74, 52, 17, 10, 44, 68, 28, 60, 25, 37, 80, 13, 78, 54, 27, 57, 26, 12, 50, 45, 64, 5, 62, 30, 66, 71, 59, 75, 94, 3]","[344, 243, 238, 379, 150, 224, 184, 114, 152, 143, 242, 98, 211, 169, 297, 227, 277, 200, 233, 174, 296, 405, 251, 139, 112, 231, 334, 359, 248, 262, 294, 265, 140, 399, 130, 368, 137, 328, 96, 267, 350, 269, 276, 204, 141, 261, 401, 220, 385, 127, 119, 162, 347, 235, 189, 180, 95, 213, 199, 287, 202, 333, 206, 361, 250, 134, 395, 191, 377, 319, 212, 280, 386, 317, 388, 156, 298, 362, 195, 345, 271, 321, 154, 182, 310, 324, 113, 116, 275, 125, 196, 118, 295, 149, 332, 329, 236, 165, 179, 218, 348, 209, 207, 117, 341, 183, 304, 378, 338, 240, 166, 315, 126, 249, 157, 309, 339, 375, 340, 364, 286, 232, 188, 363, 314, 342, 288, 122, 177, 192, 380, 247, 128, 210, 376, 360, 181, 225, 253, 104, 230, 101, 145, 148, 331, 365, 330, 124, 167, 159, 396, 367, 284, 327, 163, 366, 335, 270, 178, 109, 168, 153, 226, 349, 138, 172, 282, 391, 245, 300, 190, 257, 355, 147, 290, 264, 194, 322, 160, 97, 146, 107, 273, 397, 175, 219, 201, 151, 325, 228, 260, 217, 279, 203, 100, 155, 123, 371, 135, 229, 185, 383, 205, 381, 121, 108, 197, 305, 105, 323, 346, 373, 136, 234, 398, 102, 215, 311, 246, 404, 357, 216, 259, 387, 392, 237, 402, 132, 293, 369, 173, 352, 403, 144, 272, 313, 370, 394, 316, 208, 133, 110, 389, 142, 302, 308, 382, 356, 255, 244, 343, 120, 393, 214, 111, 358, 256, 170, 337, 299, 312, 115, 301, 258, 318, 106, 384, 241, 306, 400, 161, 285, 164, 320, 278, 266, 307, 372, 303, 390, 176, 129, 158, 131, 353, 186, 263, 336, 103, 283, 187, 354, 374, 171, 351, 223, 99, 239, 326, 281, 268, 222, 292, 198, 221, 289, 291, 193, 252, 254, 274]"
diversity_on_nsga2,22,-102.94827202401055,36.53172797598944,88.55172797598944,"[28, 91, 30, 82, 67, 14, 94, 20, 8, 1, 5, 4, 9, 41, 7, 65, 18, 71, 38, 68, 43, 12, 51, 62, 47, 86, 61, 59, 45, 35, 29, 73, 89, 40, 75, 84, 15, 22, 33, 48, 50, 46, 77, 88, 23, 60, 55, 2, 26, 36, 93, 25, 37, 39, 6, 87, 63, 32, 49, 24, 56, 31, 79, 76, 74, 52, 17, 10, 57, 42, 58, 16, 90, 64, 78, 81, 11, 70, 69, 34, 54, 19, 83, 80, 85, 66, 72, 13, 92, 53, 27, 3, 21, 44]","[103, 224, 327, 217, 350, 127, 381, 229, 291, 313, 227, 98, 240, 270, 124, 215, 370, 221, 238, 259, 289, 368, 296, 255, 130, 349, 136, 109, 135, 247, 390, 115, 302, 150, 299, 219, 265, 373, 284, 223, 199, 290, 183, 100, 108, 121, 338, 142, 134, 241, 399, 242, 131, 404, 371, 118, 392, 322, 153, 164, 99, 254, 382, 198, 271, 279, 104, 348, 263, 181, 216, 250, 405, 200, 112, 185, 341, 316, 163, 288, 342, 283, 273, 243, 180, 301, 175, 201, 369, 266, 144, 187, 395, 363, 295, 111, 345, 309, 211, 143, 278, 355, 145, 312, 304, 319, 280, 114, 261, 138, 257, 354, 330, 228, 360, 400, 307, 364, 96, 158, 204, 333, 210, 385, 102, 244, 282, 397, 95, 344, 387, 226, 326, 396, 120, 256, 197, 151, 317, 249, 129, 346, 384, 303, 220, 383, 239, 231, 126, 380, 147, 245, 214, 188, 177, 311, 374, 356, 314, 165, 176, 347, 171, 184, 157, 264, 106, 137, 174, 386, 162, 212, 178, 298, 293, 362, 335, 403, 195, 140, 234, 393, 366, 101, 168, 189, 107, 372, 190, 191, 139, 154, 182, 310, 324, 325, 148, 394, 276, 113, 286, 116, 275, 125, 230, 365, 172, 287, 402, 196, 251, 332, 340, 268, 233, 292, 193, 110, 376, 105, 375, 315, 361, 294, 202, 235, 358, 123, 225, 166, 318, 128, 97, 389, 167, 156, 323, 391, 173, 305, 398, 321, 155, 258, 146, 205, 248, 328, 179, 329, 203, 281, 232, 169, 334, 277, 306, 352, 208, 357, 339, 117, 260, 141, 132, 252, 388, 351, 336, 149, 285, 194, 253, 401, 133, 274, 269, 267, 300, 160, 152, 378, 213, 209, 236, 207, 246, 353, 237, 320, 206, 170, 297, 218, 377, 186, 192, 122, 331, 343, 222, 159, 119, 272, 308, 337, 367, 161, 262, 379, 359]"
diversity_on_nsga2,23,-43.36694987114942,16.813050128850588,21.833050128850587,"[9, 4, 17, 3, 53, 39, 74, 31, 57, 40, 26, 41, 6, 7, 38, 1, 52, 55, 68, 36, 60, 18, 21, 54, 5, 62, 76, 91, 86, 37, 49, 66, 56, 24, 47, 28, 83, 50, 46, 77, 42, 44, 64, 61, 81, 93, 75, 65, 22, 48, 84, 23, 29, 43, 33, 11, 12, 25, 51, 89, 35, 88, 2, 87, 20, 32, 58, 16, 90, 78, 13, 73, 70, 69, 34, 14, 19, 63, 80, 85, 45, 30, 67, 79, 72, 71, 94, 27, 15, 10, 82, 8, 92, 59]","[390, 117, 203, 153, 391, 254, 382, 198, 128, 348, 263, 181, 216, 405, 112, 185, 316, 163, 232, 328, 208, 267, 273, 180, 272, 301, 201, 258, 269, 295, 111, 345, 211, 355, 145, 306, 323, 221, 204, 240, 104, 176, 362, 371, 220, 395, 274, 275, 100, 359, 331, 283, 332, 174, 264, 182, 189, 148, 309, 231, 276, 271, 289, 184, 352, 196, 186, 234, 265, 315, 175, 341, 159, 290, 376, 324, 374, 330, 165, 329, 313, 187, 172, 222, 119, 349, 386, 373, 257, 209, 101, 322, 140, 167, 394, 266, 372, 325, 279, 250, 319, 268, 286, 202, 228, 357, 368, 293, 281, 236, 164, 109, 168, 402, 310, 245, 344, 300, 233, 108, 223, 178, 303, 378, 197, 387, 237, 270, 321, 124, 358, 396, 241, 194, 255, 135, 192, 229, 246, 214, 308, 366, 343, 116, 340, 134, 225, 118, 284, 288, 370, 127, 129, 351, 154, 162, 252, 383, 375, 110, 307, 350, 125, 157, 361, 137, 326, 238, 401, 106, 158, 256, 404, 207, 320, 136, 188, 291, 317, 239, 171, 384, 369, 177, 296, 193, 294, 243, 97, 195, 120, 336, 367, 130, 230, 139, 219, 346, 206, 314, 227, 99, 147, 335, 224, 149, 333, 179, 403, 392, 169, 260, 242, 299, 298, 380, 138, 247, 262, 259, 397, 183, 393, 96, 215, 292, 115, 160, 212, 114, 121, 377, 126, 210, 334, 199, 261, 389, 399, 142, 353, 381, 338, 302, 363, 379, 150, 304, 388, 297, 251, 400, 161, 191, 364, 342, 122, 226, 190, 107, 151, 311, 312, 287, 123, 217, 280, 235, 365, 143, 113, 205, 156, 218, 339, 200, 318, 213, 248, 95, 141, 98, 305, 105, 132, 170, 133, 347, 285, 166, 249, 360, 173, 146, 253, 385, 102, 244, 155, 277, 103, 327, 337, 144, 278, 282, 152, 398, 356, 131, 354]"
diversity_on_nsga2,24,-24.5,13.579999999999998,11.5,"[89, 17, 33, 35, 25, 88, 52, 30, 2, 65, 87, 51, 15, 24, 8, 60, 55, 66, 69, 67, 50, 79, 72, 71, 49, 59, 62, 75, 94, 3, 86, 53, 73, 39, 34, 6, 16, 78, 31, 18, 70, 77, 38, 63, 82, 9, 48, 40, 81, 11, 58, 61, 26, 20, 46, 41, 19, 43, 32, 74, 47, 7, 93, 85, 1, 44, 29, 4, 42, 22, 64, 68, 36, 28, 37, 84, 80, 91, 83, 10, 5, 12, 14, 21, 13, 56, 54, 27, 57, 92, 90, 45, 76, 23]","[187, 354, 374, 171, 351, 223, 99, 244, 336, 346, 255, 343, 120, 393, 321, 116, 214, 111, 358, 256, 156, 170, 337, 126, 299, 312, 115, 301, 304, 258, 318, 362, 348, 207, 376, 212, 326, 298, 329, 332, 281, 179, 268, 222, 350, 198, 209, 221, 289, 291, 193, 252, 254, 274, 363, 243, 238, 379, 150, 224, 118, 184, 114, 271, 152, 143, 242, 388, 98, 211, 169, 297, 149, 227, 277, 200, 233, 391, 218, 296, 405, 251, 139, 112, 231, 334, 359, 248, 262, 113, 294, 265, 140, 399, 130, 368, 315, 295, 249, 328, 96, 267, 292, 286, 269, 276, 195, 341, 204, 141, 261, 345, 324, 401, 220, 385, 137, 127, 196, 119, 162, 347, 154, 310, 182, 235, 331, 189, 180, 95, 213, 199, 287, 202, 333, 206, 361, 250, 134, 395, 191, 377, 319, 239, 280, 386, 165, 317, 157, 309, 339, 375, 177, 364, 378, 232, 188, 344, 314, 342, 288, 122, 340, 192, 380, 247, 128, 210, 365, 330, 124, 167, 159, 360, 396, 367, 181, 284, 327, 163, 366, 151, 335, 270, 178, 109, 168, 153, 226, 253, 349, 104, 138, 172, 282, 174, 245, 300, 190, 257, 355, 147, 230, 290, 101, 264, 194, 322, 160, 97, 146, 107, 273, 397, 175, 219, 201, 225, 145, 325, 373, 136, 234, 398, 102, 215, 311, 246, 148, 404, 357, 216, 259, 387, 392, 237, 402, 132, 293, 369, 173, 352, 403, 275, 228, 144, 260, 217, 272, 313, 279, 370, 203, 394, 117, 100, 236, 155, 316, 208, 123, 371, 133, 135, 110, 229, 185, 383, 205, 389, 381, 338, 121, 108, 197, 305, 142, 105, 302, 308, 382, 323, 356, 106, 384, 241, 306, 166, 400, 161, 285, 164, 320, 125, 278, 266, 307, 372, 303, 390, 183, 176, 240, 129, 158, 131, 353, 186, 263, 103, 283]"
diversity_on_nsga2,25,-84.12804651375001,25.47195348625,60.771953486250005,"[44, 28, 91, 30, 82, 67, 20, 75, 69, 5, 4, 9, 41, 7, 88, 18, 71, 68, 43, 51, 62, 47, 86, 61, 42, 94, 59, 48, 45, 35, 40, 8, 84, 15, 22, 33, 29, 50, 46, 77, 65, 23, 11, 55, 2, 26, 49, 89, 39, 37, 25, 6, 87, 83, 32, 36, 54, 24, 56, 79, 76, 19, 38, 93, 12, 31, 74, 52, 17, 10, 57, 60, 58, 16, 90, 64, 78, 81, 73, 70, 1, 34, 14, 63, 80, 85, 66, 72, 13, 92, 53, 27, 3, 21]","[194, 153, 164, 99, 391, 254, 382, 198, 128, 348, 263, 181, 216, 405, 112, 185, 316, 163, 232, 328, 208, 267, 273, 180, 272, 301, 201, 258, 269, 295, 111, 345, 211, 355, 145, 306, 323, 104, 204, 240, 221, 176, 362, 371, 403, 395, 274, 275, 100, 359, 331, 283, 332, 174, 264, 182, 189, 148, 309, 231, 276, 271, 289, 184, 279, 196, 186, 234, 265, 315, 374, 341, 159, 290, 376, 324, 171, 152, 288, 200, 291, 251, 125, 157, 364, 287, 347, 175, 363, 193, 280, 144, 250, 361, 368, 222, 354, 314, 101, 322, 199, 296, 268, 218, 297, 353, 387, 202, 317, 151, 284, 303, 113, 217, 129, 311, 143, 140, 294, 342, 168, 187, 103, 266, 233, 119, 278, 190, 369, 226, 379, 114, 138, 230, 102, 243, 404, 122, 118, 312, 304, 319, 260, 205, 169, 401, 261, 257, 173, 330, 228, 360, 400, 307, 96, 158, 333, 210, 336, 385, 244, 155, 277, 282, 146, 95, 344, 334, 326, 396, 120, 256, 197, 293, 213, 249, 346, 384, 220, 383, 126, 380, 147, 245, 214, 188, 177, 389, 300, 339, 356, 165, 285, 106, 388, 137, 225, 386, 162, 212, 156, 298, 179, 335, 195, 253, 393, 366, 321, 107, 372, 191, 139, 154, 310, 325, 394, 286, 116, 365, 172, 402, 340, 292, 167, 110, 105, 375, 203, 329, 377, 236, 207, 246, 237, 398, 320, 206, 149, 170, 397, 235, 178, 192, 123, 343, 239, 308, 337, 358, 117, 367, 161, 262, 141, 352, 357, 224, 327, 350, 127, 166, 381, 229, 281, 313, 132, 227, 98, 270, 124, 215, 370, 351, 238, 259, 248, 255, 378, 130, 349, 109, 252, 135, 160, 247, 390, 115, 302, 150, 299, 219, 97, 373, 136, 223, 318, 183, 108, 121, 209, 338, 142, 134, 241, 133, 399, 242, 131, 392, 305]"
diversity_on_nsga2,26,-68.5,15.51,38.70000000000001,"[28, 91, 30, 67, 14, 20, 5, 55, 90, 69, 4, 9, 41, 7, 17, 18, 71, 68, 43, 51, 62, 47, 86, 61, 42, 94, 59, 48, 45, 35, 40, 8, 84, 15, 22, 33, 29, 50, 46, 77, 88, 23, 11, 75, 2, 26, 49, 89, 25, 37, 39, 6, 87, 83, 32, 36, 54, 24, 56, 79, 76, 19, 38, 93, 12, 31, 74, 52, 65, 10, 57, 60, 58, 16, 82, 64, 78, 81, 73, 70, 1, 34, 63, 80, 85, 66, 72, 13, 92, 53, 27, 3, 21, 44]","[99, 254, 382, 198, 128, 391, 305, 194, 133, 348, 263, 181, 216, 405, 112, 185, 316, 163, 232, 328, 208, 267, 273, 180, 272, 301, 201, 258, 269, 295, 111, 345, 211, 355, 145, 306, 323, 221, 204, 240, 104, 176, 362, 371, 403, 395, 146, 275, 100, 359, 372, 283, 332, 174, 264, 182, 189, 148, 309, 231, 276, 271, 289, 184, 352, 196, 186, 234, 265, 315, 175, 341, 159, 290, 376, 324, 171, 152, 288, 200, 291, 251, 125, 157, 364, 287, 347, 374, 363, 193, 298, 144, 250, 361, 368, 222, 354, 314, 101, 322, 199, 296, 268, 218, 297, 353, 387, 202, 317, 151, 284, 303, 113, 217, 129, 311, 143, 140, 294, 342, 168, 187, 103, 266, 233, 119, 278, 190, 369, 226, 379, 401, 138, 230, 102, 243, 404, 122, 118, 312, 304, 319, 260, 205, 169, 114, 261, 257, 173, 330, 228, 360, 400, 307, 96, 158, 333, 210, 336, 385, 244, 155, 277, 282, 274, 95, 344, 334, 326, 396, 120, 256, 197, 293, 213, 249, 346, 384, 220, 383, 126, 380, 147, 245, 214, 188, 177, 389, 300, 339, 356, 165, 285, 106, 388, 137, 225, 386, 162, 212, 156, 280, 179, 335, 195, 253, 393, 366, 321, 107, 331, 191, 139, 154, 310, 325, 394, 286, 116, 365, 172, 402, 340, 292, 167, 110, 105, 375, 203, 329, 377, 236, 207, 246, 237, 398, 320, 131, 149, 170, 397, 235, 178, 192, 123, 343, 239, 308, 337, 358, 117, 367, 161, 262, 141, 279, 357, 224, 327, 350, 127, 166, 381, 229, 281, 313, 132, 227, 98, 270, 124, 215, 370, 351, 238, 259, 248, 255, 378, 130, 349, 109, 252, 135, 160, 247, 390, 115, 302, 150, 299, 219, 97, 373, 136, 223, 318, 183, 108, 121, 209, 338, 142, 134, 241, 399, 242, 206, 392, 153, 164]"
diversity_on_nsga2,27,-59.235559813824025,21.074440186175973,27.664440186175966,"[51, 30, 66, 69, 67, 79, 72, 71, 49, 24, 75, 94, 3, 53, 16, 39, 34, 6, 60, 55, 31, 18, 70, 93, 63, 86, 61, 59, 45, 35, 29, 11, 89, 40, 8, 84, 15, 22, 33, 48, 50, 46, 77, 65, 73, 82, 9, 81, 58, 92, 20, 41, 19, 43, 80, 74, 47, 7, 38, 85, 1, 14, 4, 52, 44, 68, 36, 28, 42, 78, 37, 32, 13, 56, 54, 27, 57, 26, 12, 90, 64, 5, 10, 62, 76, 23, 91, 21, 83, 17, 25, 88, 2, 87]","[274, 243, 238, 150, 224, 118, 271, 152, 242, 98, 211, 169, 149, 227, 277, 200, 296, 405, 112, 334, 359, 262, 265, 399, 130, 368, 295, 267, 350, 378, 269, 341, 141, 345, 401, 127, 119, 235, 331, 180, 213, 199, 206, 250, 134, 395, 309, 232, 363, 342, 288, 122, 247, 373, 124, 159, 181, 284, 327, 163, 270, 109, 153, 253, 349, 104, 300, 290, 322, 397, 175, 219, 201, 136, 273, 215, 404, 357, 216, 259, 392, 132, 369, 352, 144, 260, 217, 272, 313, 279, 370, 117, 100, 236, 316, 208, 371, 133, 135, 143, 278, 355, 145, 312, 304, 319, 280, 261, 114, 138, 257, 354, 330, 228, 360, 400, 307, 364, 96, 158, 204, 333, 210, 385, 102, 244, 171, 218, 95, 344, 387, 226, 326, 396, 120, 382, 197, 151, 317, 249, 129, 346, 384, 303, 220, 383, 239, 231, 126, 380, 147, 245, 214, 188, 177, 311, 374, 356, 314, 165, 176, 347, 282, 184, 157, 264, 106, 137, 174, 386, 343, 212, 156, 298, 293, 362, 335, 403, 195, 140, 234, 393, 366, 101, 168, 189, 107, 283, 190, 191, 139, 154, 182, 310, 324, 325, 148, 394, 276, 113, 286, 116, 275, 125, 230, 365, 172, 287, 402, 196, 251, 332, 340, 268, 233, 292, 193, 110, 376, 105, 375, 315, 361, 294, 202, 377, 358, 123, 225, 166, 318, 128, 97, 389, 167, 178, 323, 391, 173, 305, 398, 321, 155, 258, 146, 205, 248, 328, 179, 329, 203, 281, 237, 192, 353, 367, 297, 246, 388, 194, 339, 160, 379, 170, 381, 229, 185, 338, 121, 108, 142, 302, 308, 256, 255, 162, 111, 337, 299, 115, 301, 241, 306, 161, 285, 164, 320, 266, 372, 390, 183, 240, 348, 131, 186, 263, 336, 103, 187, 351, 223, 99, 207, 222, 198, 209, 221, 289, 291, 252, 254]"
diversity_on_nsga2,28,-93.725254721605,27.124745278394983,79.57474527839499,"[82, 91, 20, 28, 30, 75, 1, 5, 4, 9, 74, 7, 65, 18, 38, 68, 62, 12, 86, 43, 51, 61, 59, 47, 35, 29, 11, 8, 84, 15, 22, 67, 48, 77, 88, 45, 40, 71, 23, 60, 55, 2, 26, 36, 93, 25, 6, 87, 83, 32, 49, 56, 31, 79, 76, 41, 52, 72, 73, 50, 14, 46, 89, 27, 33, 94, 17, 10, 57, 42, 58, 16, 90, 64, 78, 81, 24, 70, 69, 34, 54, 19, 63, 80, 85, 66, 37, 13, 92, 53, 39, 3, 21, 44]","[337, 299, 327, 217, 350, 127, 381, 229, 291, 313, 227, 98, 240, 270, 124, 215, 370, 221, 349, 136, 247, 115, 302, 182, 373, 223, 361, 108, 338, 241, 399, 242, 131, 404, 371, 118, 392, 322, 153, 164, 99, 254, 162, 198, 271, 283, 104, 348, 263, 181, 216, 250, 405, 200, 112, 185, 341, 316, 163, 288, 342, 279, 273, 243, 301, 175, 298, 369, 266, 144, 187, 395, 363, 295, 111, 345, 309, 211, 143, 278, 355, 145, 312, 304, 319, 280, 114, 261, 138, 257, 354, 330, 239, 360, 400, 307, 364, 96, 264, 204, 333, 210, 385, 102, 244, 282, 397, 95, 344, 387, 226, 326, 396, 120, 256, 197, 151, 317, 249, 129, 346, 384, 303, 220, 383, 228, 231, 126, 380, 147, 245, 214, 188, 177, 311, 374, 356, 314, 165, 176, 347, 171, 184, 157, 158, 106, 137, 174, 386, 382, 212, 156, 201, 293, 362, 335, 403, 336, 140, 234, 393, 366, 101, 168, 189, 285, 372, 190, 191, 139, 154, 310, 324, 325, 148, 394, 276, 113, 286, 116, 275, 125, 230, 365, 172, 287, 274, 196, 251, 332, 340, 268, 233, 292, 193, 110, 376, 105, 375, 315, 183, 294, 202, 235, 358, 123, 225, 166, 318, 128, 97, 389, 167, 178, 323, 391, 173, 305, 281, 321, 155, 258, 146, 205, 328, 179, 329, 203, 398, 232, 169, 334, 277, 306, 352, 388, 351, 195, 149, 161, 320, 390, 353, 186, 103, 222, 289, 238, 379, 224, 152, 297, 296, 248, 262, 130, 368, 267, 208, 357, 339, 117, 260, 141, 132, 252, 269, 401, 119, 180, 213, 343, 206, 134, 377, 218, 209, 207, 378, 100, 135, 121, 272, 122, 192, 159, 367, 236, 265, 160, 109, 331, 402, 150, 300, 359, 237, 194, 284, 253, 290, 107, 219, 246, 259, 133, 142, 308, 255, 199, 170]"
diversity_on_nsga2,29,-20.696305184615383,11.213694815384615,8.903694815384616,"[33, 5, 65, 91, 80, 94, 3, 86, 53, 8, 85, 60, 55, 18, 77, 93, 63, 82, 81, 48, 40, 6, 25, 64, 62, 23, 21, 89, 17, 9, 11, 26, 45, 41, 19, 43, 47, 7, 38, 39, 1, 29, 4, 15, 44, 20, 57, 31, 52, 34, 87, 36, 74, 69, 14, 28, 76, 22, 66, 51, 92, 68, 30, 12, 37, 71, 27, 61, 35, 56, 49, 83, 24, 50, 75, 79, 59, 90, 88, 73, 16, 70, 46, 58, 13, 84, 32, 42, 10, 67, 54, 2, 78, 72]","[187, 354, 374, 171, 351, 223, 99, 362, 348, 207, 158, 239, 326, 272, 329, 332, 281, 179, 268, 301, 175, 201, 369, 215, 144, 269, 395, 363, 345, 309, 211, 312, 278, 306, 143, 319, 260, 205, 280, 166, 114, 261, 138, 257, 292, 400, 364, 96, 376, 333, 210, 336, 385, 102, 244, 274, 155, 277, 282, 146, 95, 344, 334, 387, 226, 130, 396, 197, 151, 317, 213, 245, 129, 346, 303, 220, 383, 386, 147, 307, 356, 225, 156, 101, 321, 286, 190, 148, 139, 295, 172, 258, 271, 111, 217, 154, 182, 310, 324, 325, 191, 113, 372, 116, 275, 405, 230, 246, 196, 118, 104, 115, 149, 252, 208, 218, 168, 236, 209, 360, 117, 341, 183, 232, 378, 181, 338, 240, 107, 169, 315, 384, 126, 342, 249, 120, 256, 108, 98, 298, 337, 132, 123, 200, 136, 335, 302, 189, 273, 380, 373, 330, 142, 349, 355, 161, 159, 358, 318, 97, 389, 214, 188, 177, 311, 300, 339, 314, 165, 176, 390, 347, 184, 157, 264, 106, 388, 137, 174, 231, 204, 212, 293, 403, 195, 140, 253, 234, 393, 221, 167, 153, 178, 323, 391, 173, 305, 398, 394, 276, 365, 145, 287, 402, 251, 340, 233, 228, 193, 110, 105, 375, 203, 361, 304, 320, 119, 401, 308, 367, 262, 379, 294, 202, 377, 353, 237, 206, 170, 297, 397, 235, 186, 192, 122, 331, 343, 222, 141, 352, 359, 357, 103, 224, 327, 263, 350, 127, 381, 229, 291, 313, 227, 270, 124, 266, 366, 238, 259, 289, 368, 248, 296, 255, 162, 152, 109, 135, 160, 180, 285, 150, 299, 219, 265, 284, 199, 290, 100, 121, 370, 134, 241, 133, 399, 382, 131, 404, 371, 392, 322, 194, 164, 254, 242, 198, 128, 279, 216, 250, 125, 112, 185, 316, 163, 288, 328, 267, 243, 247, 283]"
diversity_on_nsga2,30,-17.164002249999996,5.985997749999999,13.335997749999999,"[66, 71, 59, 57, 94, 22, 53, 73, 39, 6, 55, 18, 70, 93, 63, 9, 3, 40, 86, 82, 51, 42, 67, 2, 8, 72, 33, 77, 68, 91, 34, 87, 69, 48, 24, 31, 79, 76, 17, 60, 80, 90, 23, 21, 83, 89, 35, 88, 49, 4, 11, 58, 61, 92, 20, 46, 41, 19, 43, 32, 74, 47, 7, 38, 85, 1, 14, 29, 81, 15, 52, 44, 65, 36, 28, 16, 78, 37, 84, 25, 13, 56, 54, 27, 75, 26, 12, 50, 45, 64, 5, 10, 62, 30]","[344, 243, 238, 379, 150, 224, 229, 114, 152, 143, 242, 98, 211, 169, 297, 227, 277, 200, 233, 174, 296, 405, 251, 139, 112, 231, 334, 359, 248, 262, 294, 265, 140, 399, 130, 368, 137, 328, 96, 267, 350, 222, 276, 204, 141, 261, 401, 220, 385, 127, 119, 162, 347, 235, 164, 189, 180, 95, 213, 199, 287, 202, 333, 206, 361, 250, 134, 395, 191, 377, 319, 212, 280, 386, 317, 388, 156, 298, 362, 195, 345, 271, 321, 154, 182, 310, 324, 113, 116, 275, 125, 196, 118, 295, 149, 332, 329, 236, 165, 179, 218, 348, 209, 207, 117, 341, 216, 304, 378, 338, 240, 166, 315, 126, 249, 330, 228, 260, 217, 279, 203, 100, 155, 123, 371, 135, 184, 185, 383, 205, 381, 121, 108, 197, 305, 105, 323, 346, 173, 352, 403, 144, 272, 313, 370, 394, 316, 208, 157, 309, 339, 375, 340, 364, 286, 232, 188, 363, 314, 342, 288, 122, 177, 192, 380, 247, 128, 210, 373, 376, 124, 167, 159, 104, 396, 367, 181, 284, 327, 163, 366, 225, 335, 270, 178, 109, 168, 153, 226, 253, 349, 360, 138, 172, 282, 391, 245, 300, 190, 257, 355, 147, 230, 290, 101, 264, 194, 322, 160, 97, 146, 107, 398, 397, 175, 219, 201, 151, 145, 325, 365, 136, 234, 273, 102, 215, 311, 246, 148, 404, 357, 183, 259, 387, 392, 237, 402, 132, 293, 369, 133, 110, 389, 142, 302, 308, 382, 356, 255, 244, 343, 120, 393, 214, 111, 358, 256, 170, 337, 299, 312, 115, 301, 258, 318, 106, 384, 241, 306, 400, 161, 285, 331, 320, 278, 266, 307, 372, 303, 390, 176, 129, 158, 131, 353, 186, 263, 336, 103, 283, 187, 354, 374, 171, 351, 223, 99, 239, 326, 281, 268, 269, 292, 198, 221, 289, 291, 193, 252, 254, 274]"
diversity_on_nsga2,31,-100.99995670829531,33.25004329170467,92.50004329170467,"[28, 91, 30, 82, 67, 14, 94, 20, 8, 1, 5, 4, 9, 41, 7, 65, 18, 71, 38, 68, 43, 12, 51, 62, 47, 86, 61, 59, 45, 35, 29, 73, 89, 40, 75, 84, 15, 22, 33, 48, 50, 46, 77, 88, 23, 60, 55, 2, 26, 36, 93, 25, 37, 39, 6, 87, 63, 32, 49, 24, 56, 31, 79, 76, 74, 52, 17, 10, 57, 42, 58, 16, 90, 64, 78, 81, 11, 70, 69, 34, 54, 19, 83, 80, 85, 66, 72, 13, 92, 53, 27, 3, 21, 44]","[224, 327, 217, 350, 127, 381, 229, 291, 313, 227, 98, 240, 270, 124, 215, 370, 221, 238, 259, 289, 368, 296, 255, 130, 349, 136, 109, 135, 247, 390, 115, 302, 150, 299, 219, 265, 373, 284, 223, 199, 290, 183, 100, 108, 121, 338, 142, 134, 241, 399, 242, 131, 404, 371, 118, 392, 322, 153, 164, 99, 254, 382, 198, 271, 279, 104, 348, 263, 181, 216, 250, 405, 200, 112, 185, 341, 316, 163, 288, 342, 283, 273, 243, 180, 301, 175, 201, 369, 266, 144, 187, 95, 363, 295, 111, 345, 309, 211, 143, 178, 278, 355, 145, 312, 304, 319, 280, 114, 261, 138, 257, 354, 330, 228, 360, 400, 307, 364, 96, 158, 204, 333, 210, 385, 102, 244, 282, 397, 395, 344, 387, 226, 326, 396, 120, 256, 197, 151, 317, 249, 129, 346, 384, 303, 220, 383, 239, 231, 126, 380, 147, 245, 214, 188, 177, 311, 374, 356, 314, 165, 176, 347, 171, 184, 157, 264, 379, 137, 174, 386, 162, 212, 156, 298, 293, 362, 335, 403, 195, 140, 234, 393, 366, 101, 168, 189, 107, 372, 190, 191, 139, 154, 182, 310, 324, 325, 148, 394, 276, 113, 286, 116, 275, 125, 230, 365, 172, 287, 402, 196, 251, 332, 340, 268, 233, 292, 193, 110, 376, 105, 375, 315, 361, 294, 202, 235, 358, 123, 225, 166, 318, 128, 97, 389, 167, 323, 391, 173, 305, 398, 321, 155, 258, 146, 205, 248, 328, 179, 329, 203, 281, 232, 169, 334, 277, 306, 352, 208, 357, 339, 117, 260, 141, 132, 252, 388, 351, 336, 149, 285, 194, 253, 401, 133, 274, 269, 267, 300, 160, 152, 378, 213, 209, 236, 207, 246, 353, 237, 320, 206, 170, 297, 218, 377, 186, 192, 122, 331, 343, 222, 159, 119, 272, 308, 337, 367, 161, 262, 106, 359, 103]"
diversity_on_nsga2,32,-56.522105675,10.657894325000003,50.277894325,"[78, 55, 90, 56, 85, 57, 30, 93, 5, 79, 7, 88, 27, 68, 12, 1, 21, 31, 59, 17, 23, 3, 62, 11, 71, 18, 46, 64, 14, 8, 35, 2, 26, 19, 81, 25, 76, 16, 10, 47, 72, 13, 43, 34, 40, 82, 28, 89, 36, 22, 6, 58, 45, 20, 9, 50, 15, 48, 42, 32, 66, 73, 94, 74, 53, 75, 4, 87, 44, 54, 52, 67, 84, 38, 86, 37, 49, 29, 83, 41, 39, 65, 77, 51, 60, 92, 63, 80, 61, 33, 24, 91, 69, 70]","[344, 272, 380, 108, 342, 250, 215, 279, 218, 164, 402, 322, 190, 255, 214, 225, 370, 238, 291, 239, 369, 177, 335, 247, 275, 314, 99, 159, 166, 294, 116, 288, 249, 165, 112, 266, 355, 113, 359, 393, 304, 236, 160, 200, 316, 254, 283, 174, 343, 175, 219, 341, 262, 392, 317, 383, 298, 265, 184, 107, 211, 178, 125, 373, 213, 269, 232, 122, 142, 307, 242, 111, 374, 372, 257, 220, 251, 273, 193, 336, 168, 329, 315, 198, 396, 118, 389, 346, 149, 153, 110, 146, 319, 176, 311, 240, 356, 223, 297, 134, 161, 270, 375, 280, 404, 303, 296, 234, 205, 397, 191, 137, 186, 312, 119, 133, 347, 235, 179, 227, 328, 104, 202, 301, 290, 331, 284, 267, 148, 233, 268, 114, 206, 362, 150, 138, 333, 182, 271, 217, 245, 188, 212, 390, 256, 145, 141, 293, 349, 352, 157, 105, 222, 339, 289, 228, 348, 295, 185, 226, 124, 253, 152, 139, 285, 109, 276, 106, 216, 181, 162, 156, 231, 345, 123, 286, 143, 385, 171, 309, 405, 338, 147, 126, 287, 154, 210, 365, 167, 243, 310, 101, 361, 376, 379, 368, 281, 364, 158, 378, 192, 183, 292, 103, 230, 360, 399, 299, 340, 382, 278, 377, 209, 384, 277, 353, 320, 194, 96, 302, 327, 358, 195, 130, 264, 332, 97, 260, 357, 324, 144, 100, 350, 120, 282, 140, 248, 395, 388, 330, 135, 204, 371, 187, 323, 391, 173, 305, 398, 203, 387, 155, 367, 246, 334, 259, 381, 300, 394, 263, 403, 306, 131, 172, 313, 325, 170, 127, 237, 163, 169, 115, 197, 354, 244, 102, 151, 363, 121, 351, 258, 274, 208, 401, 386, 252, 261, 366, 337, 98, 318, 196, 221, 308, 128, 326, 201, 199, 224, 132, 400, 136, 207, 241, 129, 321, 95, 189, 180, 229, 117]"
diversity_on_nsga2,33,-35.527621749999994,19.60237825,14.372378249999999,"[22, 30, 71, 59, 75, 94, 39, 6, 55, 18, 93, 9, 73, 40, 86, 11, 26, 82, 51, 19, 43, 32, 77, 67, 2, 41, 8, 72, 33, 47, 5, 20, 65, 1, 91, 87, 36, 84, 7, 29, 4, 15, 70, 68, 28, 60, 25, 37, 54, 27, 12, 45, 38, 62, 23, 21, 83, 49, 24, 56, 31, 79, 76, 74, 52, 17, 10, 57, 42, 58, 16, 90, 64, 78, 13, 48, 44, 69, 34, 50, 14, 46, 63, 80, 85, 66, 3, 81, 92, 53, 89, 61, 35, 88]","[283, 187, 354, 374, 171, 351, 223, 99, 362, 348, 207, 376, 239, 326, 298, 332, 268, 222, 292, 198, 209, 221, 289, 120, 193, 252, 254, 274, 344, 243, 238, 379, 150, 224, 118, 184, 114, 271, 152, 143, 242, 388, 98, 211, 169, 297, 149, 227, 277, 200, 233, 174, 218, 296, 405, 251, 139, 112, 231, 334, 359, 262, 113, 294, 265, 140, 399, 130, 404, 315, 295, 137, 96, 267, 350, 286, 269, 276, 195, 341, 204, 141, 261, 345, 324, 401, 220, 385, 249, 127, 196, 119, 162, 347, 154, 310, 182, 235, 331, 189, 180, 95, 213, 199, 287, 202, 333, 206, 378, 250, 134, 395, 191, 377, 319, 212, 280, 386, 165, 317, 157, 309, 339, 375, 177, 364, 361, 393, 188, 363, 314, 342, 288, 122, 340, 192, 380, 247, 128, 210, 365, 330, 124, 167, 159, 360, 396, 367, 181, 284, 327, 163, 366, 225, 335, 270, 178, 109, 168, 153, 226, 253, 349, 104, 138, 172, 282, 391, 245, 300, 190, 257, 355, 147, 230, 290, 101, 264, 194, 322, 160, 97, 146, 107, 273, 397, 175, 219, 201, 151, 145, 325, 228, 260, 217, 279, 100, 155, 123, 371, 135, 229, 185, 383, 205, 381, 338, 121, 108, 197, 305, 105, 323, 346, 373, 136, 234, 398, 102, 215, 311, 246, 148, 368, 357, 216, 259, 387, 392, 237, 402, 132, 293, 369, 173, 352, 403, 275, 144, 272, 313, 370, 394, 117, 236, 316, 248, 328, 179, 329, 203, 281, 208, 133, 110, 389, 142, 302, 308, 382, 356, 255, 244, 343, 291, 232, 321, 116, 214, 111, 358, 256, 156, 170, 337, 126, 299, 312, 115, 301, 304, 258, 318, 106, 384, 241, 306, 166, 400, 161, 285, 164, 320, 125, 278, 303, 307, 372, 266, 390, 183, 176, 240, 129, 158, 131, 353, 186, 263, 336, 103]"
diversity_on_nsga2,34,-67.75036770115383,29.309632298846154,33.24963229884615,"[91, 37, 26, 28, 17, 61, 55, 22, 42, 2, 65, 87, 46, 39, 69, 67, 79, 72, 49, 59, 76, 94, 3, 86, 53, 73, 34, 6, 16, 78, 31, 18, 70, 77, 93, 63, 8, 20, 9, 48, 40, 81, 11, 58, 33, 83, 82, 51, 41, 19, 43, 32, 74, 47, 7, 85, 1, 14, 29, 4, 15, 52, 44, 68, 36, 60, 25, 84, 80, 13, 56, 54, 27, 57, 92, 5, 10, 12, 90, 45, 64, 38, 62, 21, 89, 35, 88, 30, 66, 50, 71, 75, 24, 23]","[400, 161, 285, 164, 328, 176, 240, 129, 158, 353, 186, 263, 336, 103, 283, 187, 354, 374, 171, 351, 223, 99, 362, 348, 207, 376, 212, 326, 298, 329, 332, 281, 179, 268, 222, 350, 198, 209, 221, 289, 291, 193, 252, 254, 274, 363, 243, 238, 379, 224, 118, 184, 114, 271, 152, 143, 388, 98, 211, 169, 297, 149, 227, 277, 200, 233, 174, 218, 296, 405, 251, 139, 112, 231, 334, 359, 248, 262, 113, 294, 140, 130, 368, 315, 295, 249, 96, 267, 292, 286, 269, 276, 195, 341, 204, 141, 261, 345, 324, 401, 220, 385, 137, 127, 196, 162, 347, 154, 310, 182, 235, 331, 189, 180, 95, 287, 202, 333, 206, 361, 250, 395, 191, 377, 319, 239, 280, 386, 165, 317, 157, 339, 375, 177, 364, 378, 232, 188, 344, 314, 342, 288, 122, 340, 192, 380, 247, 128, 210, 365, 330, 124, 167, 159, 360, 396, 367, 181, 327, 163, 366, 225, 335, 270, 178, 109, 168, 153, 226, 253, 349, 104, 138, 172, 282, 391, 245, 300, 190, 257, 355, 147, 230, 101, 264, 194, 160, 97, 146, 107, 273, 394, 175, 201, 151, 145, 325, 373, 136, 234, 398, 102, 215, 311, 246, 148, 357, 216, 259, 387, 237, 402, 132, 293, 369, 173, 352, 403, 275, 228, 144, 260, 217, 272, 313, 279, 370, 203, 397, 117, 236, 155, 316, 208, 123, 135, 110, 229, 185, 383, 205, 389, 381, 338, 108, 197, 305, 142, 105, 302, 308, 382, 323, 356, 346, 255, 244, 343, 120, 393, 321, 116, 214, 111, 358, 256, 156, 170, 337, 126, 312, 115, 301, 150, 299, 219, 265, 284, 199, 290, 100, 121, 309, 134, 213, 133, 399, 242, 131, 404, 371, 392, 320, 125, 278, 266, 307, 372, 303, 390, 183, 322, 119, 304, 258, 318, 106, 384, 241, 306, 166]"
diversity_on_nsga2,35,-39.24624725,12.21375275,20.65375275,"[91, 45, 62, 76, 94, 3, 86, 53, 8, 6, 60, 55, 31, 88, 82, 9, 40, 36, 26, 41, 74, 7, 38, 85, 1, 4, 15, 52, 27, 37, 49, 66, 56, 24, 47, 28, 83, 50, 46, 77, 42, 44, 81, 61, 64, 93, 75, 65, 22, 48, 84, 23, 29, 43, 33, 11, 12, 25, 51, 89, 35, 18, 2, 87, 20, 32, 58, 16, 90, 78, 13, 73, 70, 69, 34, 14, 19, 63, 80, 17, 68, 57, 92, 21, 39, 54, 30, 79, 71, 59, 10, 67, 72, 5]","[344, 243, 238, 379, 150, 224, 160, 97, 146, 107, 273, 397, 175, 219, 201, 151, 145, 325, 228, 260, 217, 279, 203, 184, 114, 271, 152, 143, 242, 388, 98, 211, 169, 297, 149, 227, 277, 200, 268, 174, 218, 296, 405, 251, 139, 112, 231, 334, 359, 248, 262, 113, 294, 265, 140, 399, 130, 368, 315, 295, 249, 328, 96, 267, 350, 269, 276, 195, 341, 335, 141, 261, 345, 324, 401, 220, 385, 137, 196, 119, 347, 310, 182, 235, 331, 189, 180, 95, 213, 199, 287, 202, 333, 206, 125, 250, 395, 191, 377, 319, 212, 280, 386, 165, 317, 157, 309, 339, 364, 286, 232, 188, 363, 314, 342, 122, 177, 380, 247, 128, 223, 178, 303, 378, 197, 387, 237, 270, 321, 124, 358, 396, 241, 194, 255, 135, 192, 229, 246, 214, 308, 366, 343, 116, 340, 134, 225, 118, 284, 288, 370, 127, 129, 351, 154, 162, 252, 383, 375, 110, 307, 210, 365, 330, 167, 159, 360, 367, 181, 327, 163, 204, 109, 168, 153, 226, 253, 349, 104, 138, 172, 282, 391, 245, 300, 190, 257, 355, 147, 230, 290, 101, 264, 322, 373, 136, 234, 398, 102, 215, 311, 148, 404, 357, 216, 259, 392, 402, 132, 293, 369, 173, 352, 403, 275, 144, 272, 313, 394, 166, 400, 161, 285, 164, 320, 361, 278, 266, 372, 390, 183, 176, 240, 158, 131, 353, 186, 263, 336, 117, 100, 236, 155, 316, 208, 123, 371, 133, 185, 205, 389, 381, 338, 121, 108, 305, 142, 105, 302, 382, 323, 356, 346, 244, 120, 393, 111, 256, 156, 170, 337, 126, 299, 312, 115, 301, 304, 258, 318, 106, 384, 306, 103, 283, 187, 354, 374, 171, 99, 362, 348, 207, 376, 239, 326, 298, 329, 332, 281, 179, 233, 222, 292, 198, 209, 221, 289, 291, 193, 254, 274]"
diversity_on_nsga2,36,-81.54291752000002,24.767082480000003,59.05708248000001,"[44, 28, 91, 30, 33, 67, 20, 55, 69, 5, 4, 9, 41, 7, 17, 18, 71, 68, 43, 51, 62, 47, 86, 61, 42, 94, 32, 48, 45, 35, 40, 8, 84, 15, 22, 72, 29, 50, 46, 77, 88, 23, 11, 75, 2, 26, 49, 89, 25, 37, 39, 6, 87, 83, 59, 36, 54, 24, 56, 79, 76, 19, 38, 93, 12, 31, 74, 52, 65, 10, 57, 60, 58, 16, 82, 64, 78, 81, 73, 70, 1, 34, 3, 63, 80, 85, 66, 90, 13, 92, 53, 27, 14, 21]","[194, 153, 164, 99, 391, 254, 382, 198, 128, 348, 263, 181, 216, 405, 112, 185, 316, 163, 232, 328, 208, 267, 273, 180, 272, 301, 201, 258, 269, 295, 111, 345, 211, 355, 145, 306, 323, 221, 204, 240, 104, 176, 362, 371, 403, 395, 274, 275, 100, 359, 331, 283, 332, 174, 264, 182, 189, 148, 309, 231, 276, 271, 289, 184, 352, 196, 186, 234, 265, 315, 175, 341, 159, 290, 376, 324, 171, 152, 288, 200, 291, 251, 125, 157, 364, 287, 347, 374, 363, 193, 280, 144, 250, 361, 368, 222, 354, 314, 101, 322, 199, 296, 268, 218, 297, 353, 387, 202, 317, 151, 284, 303, 113, 217, 129, 311, 143, 140, 294, 342, 168, 187, 103, 266, 233, 119, 278, 190, 369, 226, 379, 401, 138, 230, 102, 243, 404, 122, 118, 312, 304, 319, 260, 205, 169, 114, 261, 257, 173, 330, 228, 360, 400, 307, 96, 158, 333, 210, 336, 385, 244, 155, 277, 282, 146, 95, 344, 334, 326, 396, 120, 256, 197, 293, 213, 249, 346, 384, 220, 383, 126, 380, 147, 245, 214, 188, 177, 389, 300, 339, 356, 165, 285, 106, 388, 137, 225, 386, 162, 212, 156, 298, 179, 335, 195, 253, 393, 366, 321, 107, 372, 191, 139, 154, 310, 325, 394, 286, 116, 365, 172, 402, 340, 292, 167, 110, 105, 375, 203, 329, 377, 236, 207, 246, 237, 398, 320, 206, 149, 170, 397, 235, 178, 192, 370, 343, 239, 308, 337, 358, 117, 367, 161, 262, 141, 279, 349, 224, 327, 350, 127, 166, 381, 229, 281, 313, 132, 227, 98, 270, 124, 215, 123, 351, 238, 259, 248, 255, 378, 130, 357, 109, 252, 135, 160, 247, 390, 115, 302, 150, 299, 219, 97, 373, 136, 223, 318, 183, 108, 121, 209, 338, 142, 134, 241, 133, 399, 242, 131, 392, 305]"
diversity_on_nsga2,37,-67.98358813568994,27.746411864310048,36.61641186431006,"[80, 21, 83, 30, 90, 67, 20, 55, 69, 5, 4, 9, 41, 7, 18, 71, 68, 43, 51, 62, 47, 86, 61, 42, 94, 59, 57, 45, 35, 40, 8, 84, 15, 87, 33, 29, 50, 46, 77, 88, 23, 11, 75, 2, 53, 49, 89, 25, 22, 58, 92, 12, 32, 74, 38, 85, 1, 14, 52, 44, 36, 28, 16, 78, 37, 13, 56, 54, 27, 48, 26, 39, 70, 63, 24, 93, 82, 19, 6, 76, 72, 65, 91, 34, 79, 31, 17, 60, 64, 81, 66, 10, 3, 73]","[318, 106, 384, 306, 400, 161, 285, 320, 278, 266, 395, 205, 156, 298, 362, 195, 345, 271, 321, 182, 324, 113, 116, 243, 125, 196, 118, 295, 149, 332, 329, 236, 218, 348, 209, 207, 117, 341, 183, 304, 378, 338, 240, 166, 315, 231, 249, 228, 260, 217, 279, 203, 100, 155, 123, 371, 135, 229, 185, 383, 275, 381, 121, 108, 197, 305, 105, 323, 346, 173, 352, 403, 144, 272, 313, 370, 394, 316, 208, 309, 286, 232, 247, 162, 347, 239, 344, 151, 154, 310, 235, 95, 213, 199, 287, 202, 333, 206, 361, 250, 134, 191, 377, 319, 212, 280, 386, 165, 317, 157, 339, 375, 177, 364, 188, 363, 314, 342, 288, 122, 340, 192, 380, 210, 365, 330, 167, 159, 360, 396, 367, 376, 327, 366, 225, 335, 178, 168, 153, 226, 253, 138, 172, 282, 245, 300, 190, 257, 147, 230, 290, 101, 194, 322, 97, 146, 389, 397, 175, 219, 325, 373, 136, 234, 398, 102, 128, 124, 170, 181, 284, 163, 270, 109, 349, 104, 391, 355, 264, 160, 107, 180, 201, 145, 269, 215, 311, 246, 148, 404, 357, 216, 259, 387, 392, 237, 402, 132, 293, 369, 133, 110, 142, 302, 308, 382, 356, 255, 244, 343, 120, 393, 307, 372, 390, 129, 158, 131, 353, 186, 336, 103, 187, 354, 374, 171, 351, 99, 326, 222, 198, 221, 289, 291, 193, 252, 254, 388, 238, 379, 224, 184, 114, 152, 143, 242, 98, 211, 169, 297, 227, 277, 200, 233, 296, 405, 251, 139, 334, 248, 262, 294, 140, 399, 130, 368, 137, 141, 267, 350, 273, 96, 261, 401, 385, 127, 119, 189, 179, 112, 268, 328, 263, 281, 176, 265, 164, 331, 150, 126, 223, 174, 303, 276, 204, 283, 359, 274, 220, 312, 241, 292, 214, 111, 358, 256, 337, 299, 115, 301, 258]"
diversity_on_nsga2,38,-80.73006447220538,27.709935527794624,53.56993552779463,"[28, 91, 30, 72, 67, 20, 31, 69, 5, 4, 9, 41, 7, 17, 18, 71, 68, 43, 51, 62, 47, 86, 61, 42, 94, 59, 48, 45, 35, 40, 8, 84, 15, 22, 33, 29, 50, 46, 88, 77, 23, 11, 75, 65, 26, 89, 25, 37, 36, 54, 79, 76, 39, 6, 87, 83, 32, 49, 24, 56, 55, 19, 38, 90, 12, 74, 52, 2, 10, 57, 60, 58, 16, 82, 64, 78, 81, 73, 70, 1, 34, 14, 63, 80, 85, 66, 93, 13, 92, 53, 27, 3, 21, 44]","[194, 153, 164, 99, 391, 254, 382, 198, 128, 348, 263, 181, 216, 405, 112, 185, 214, 163, 232, 328, 208, 267, 273, 272, 301, 201, 258, 269, 295, 111, 345, 211, 355, 145, 306, 323, 221, 204, 240, 104, 176, 362, 371, 403, 395, 274, 275, 359, 331, 283, 332, 174, 264, 182, 189, 148, 309, 231, 276, 271, 289, 184, 352, 196, 186, 129, 315, 175, 341, 159, 376, 324, 171, 288, 200, 291, 251, 125, 157, 364, 287, 347, 374, 363, 193, 280, 144, 250, 361, 368, 222, 354, 314, 101, 322, 296, 268, 218, 297, 353, 387, 202, 317, 151, 303, 113, 217, 234, 311, 143, 140, 294, 342, 168, 187, 103, 266, 233, 278, 190, 369, 226, 379, 138, 230, 102, 351, 404, 122, 118, 312, 304, 319, 260, 205, 169, 114, 261, 257, 173, 330, 228, 360, 400, 307, 96, 158, 333, 210, 336, 385, 244, 155, 277, 282, 146, 95, 344, 334, 326, 396, 120, 256, 197, 293, 213, 249, 346, 384, 220, 383, 126, 380, 147, 245, 316, 188, 177, 389, 300, 339, 356, 165, 285, 106, 388, 137, 225, 386, 162, 212, 156, 298, 179, 335, 195, 253, 393, 366, 321, 107, 372, 191, 139, 154, 310, 325, 394, 286, 116, 365, 172, 402, 340, 292, 167, 110, 105, 375, 203, 329, 377, 236, 207, 246, 237, 398, 320, 206, 149, 170, 397, 235, 178, 192, 123, 343, 239, 358, 117, 262, 141, 279, 357, 224, 327, 350, 127, 166, 381, 229, 281, 313, 132, 227, 98, 270, 124, 215, 370, 243, 238, 259, 248, 255, 378, 349, 252, 247, 115, 302, 97, 373, 136, 223, 318, 183, 108, 209, 338, 241, 399, 242, 130, 152, 109, 135, 160, 180, 390, 100, 150, 299, 219, 265, 284, 199, 290, 121, 142, 134, 133, 119, 401, 308, 337, 367, 161, 131, 392, 305]"
diversity_on_nsga2,39,-54.0,16.98,28.300000000000004,"[72, 5, 65, 91, 80, 94, 34, 86, 53, 8, 39, 60, 55, 18, 38, 93, 63, 82, 81, 48, 40, 6, 25, 64, 62, 23, 21, 89, 17, 9, 11, 26, 45, 41, 19, 43, 47, 7, 77, 85, 1, 29, 4, 15, 44, 68, 36, 28, 37, 33, 61, 46, 87, 83, 42, 49, 24, 56, 31, 79, 76, 74, 52, 58, 10, 57, 32, 27, 16, 90, 78, 13, 73, 70, 69, 3, 50, 14, 30, 75, 54, 92, 12, 20, 35, 88, 22, 84, 66, 71, 59, 51, 67, 2]","[198, 254, 274, 344, 243, 379, 114, 271, 152, 143, 211, 169, 286, 364, 363, 288, 247, 277, 405, 139, 231, 334, 262, 113, 295, 328, 96, 267, 269, 261, 345, 401, 220, 385, 119, 324, 154, 310, 182, 95, 128, 333, 250, 395, 191, 319, 280, 317, 396, 367, 163, 225, 175, 356, 201, 151, 145, 325, 228, 260, 217, 279, 155, 185, 383, 205, 226, 138, 282, 245, 210, 190, 257, 147, 112, 101, 194, 322, 146, 197, 346, 382, 102, 148, 216, 387, 369, 144, 316, 142, 308, 244, 321, 116, 111, 156, 337, 312, 301, 304, 258, 241, 306, 400, 161, 275, 230, 246, 196, 118, 104, 115, 149, 252, 332, 329, 348, 208, 218, 168, 236, 209, 207, 360, 117, 341, 232, 378, 181, 338, 240, 107, 166, 315, 384, 126, 342, 249, 120, 256, 108, 98, 272, 132, 123, 200, 223, 136, 335, 302, 189, 273, 380, 373, 330, 370, 349, 355, 159, 358, 318, 97, 389, 214, 188, 177, 311, 300, 374, 339, 314, 165, 176, 285, 347, 171, 184, 157, 264, 106, 388, 137, 174, 386, 204, 212, 293, 362, 179, 403, 195, 140, 253, 234, 393, 366, 167, 153, 178, 323, 391, 173, 289, 398, 394, 276, 365, 172, 287, 402, 251, 340, 268, 233, 292, 193, 110, 376, 105, 375, 203, 361, 294, 202, 377, 353, 237, 206, 170, 297, 397, 235, 186, 192, 122, 331, 343, 222, 141, 352, 359, 357, 103, 224, 327, 263, 350, 127, 381, 229, 291, 281, 313, 227, 270, 124, 215, 221, 351, 238, 259, 305, 368, 248, 296, 255, 162, 130, 164, 109, 135, 160, 180, 150, 299, 219, 265, 284, 199, 290, 100, 121, 309, 134, 213, 133, 399, 242, 131, 404, 371, 392, 320, 125, 278, 266, 307, 372, 303, 390, 183, 129, 158, 336, 283, 187, 354, 99, 239, 326, 298]"
diversity_on_nsga2,40,-81.35448619614691,29.875513803853092,55.04551380385309,"[25, 91, 30, 1, 67, 54, 94, 20, 75, 82, 5, 4, 9, 66, 7, 65, 18, 78, 38, 74, 43, 81, 86, 62, 47, 51, 61, 59, 45, 35, 29, 11, 89, 40, 8, 84, 15, 93, 12, 77, 60, 37, 48, 33, 36, 46, 55, 22, 39, 6, 87, 83, 32, 49, 24, 56, 31, 79, 76, 68, 52, 17, 10, 57, 42, 58, 16, 90, 64, 71, 13, 73, 70, 69, 34, 50, 14, 19, 63, 80, 85, 41, 3, 92, 53, 27, 72, 21, 44, 28, 88, 23, 2, 26]","[205, 257, 327, 217, 350, 127, 381, 229, 291, 313, 227, 98, 240, 270, 124, 215, 210, 369, 174, 400, 258, 279, 283, 163, 132, 336, 106, 185, 280, 306, 277, 228, 309, 143, 128, 137, 354, 169, 144, 112, 201, 114, 245, 267, 138, 252, 99, 385, 263, 198, 187, 247, 333, 140, 211, 96, 269, 288, 301, 102, 175, 300, 314, 260, 254, 382, 216, 316, 158, 328, 111, 244, 231, 370, 214, 188, 177, 311, 374, 339, 356, 176, 285, 347, 171, 184, 388, 225, 386, 212, 156, 298, 362, 403, 195, 345, 253, 271, 101, 321, 190, 191, 139, 154, 182, 310, 296, 325, 372, 118, 295, 104, 115, 149, 147, 165, 145, 208, 179, 168, 348, 209, 117, 341, 183, 304, 232, 378, 181, 103, 282, 146, 218, 95, 344, 334, 307, 226, 326, 396, 120, 197, 151, 317, 213, 249, 129, 346, 384, 303, 220, 383, 239, 338, 237, 166, 272, 342, 108, 126, 337, 261, 234, 123, 200, 366, 223, 136, 335, 302, 293, 393, 189, 273, 380, 256, 359, 155, 349, 355, 161, 159, 358, 318, 405, 243, 107, 320, 206, 170, 242, 397, 235, 186, 192, 122, 331, 343, 222, 119, 401, 308, 367, 262, 141, 352, 379, 330, 357, 224, 236, 312, 281, 221, 351, 238, 259, 289, 368, 248, 324, 255, 162, 130, 164, 373, 153, 360, 148, 394, 276, 113, 97, 389, 167, 178, 323, 391, 173, 305, 398, 286, 116, 275, 125, 230, 365, 172, 287, 402, 196, 251, 332, 340, 268, 233, 292, 193, 110, 376, 105, 375, 203, 329, 315, 361, 294, 202, 377, 207, 246, 353, 109, 135, 160, 180, 390, 150, 299, 219, 265, 284, 199, 290, 100, 121, 142, 134, 241, 133, 399, 297, 131, 404, 371, 392, 322, 194, 204, 395, 274, 264, 152, 157, 364, 363, 250, 387, 266, 278, 319]"
diversity_on_nsga2,41,-78.71234331386098,32.70765668613902,39.58765668613901,"[23, 91, 21, 30, 89, 17, 61, 35, 25, 88, 22, 42, 2, 65, 11, 83, 66, 69, 67, 4, 79, 72, 71, 44, 49, 24, 75, 94, 3, 86, 53, 39, 12, 6, 60, 55, 31, 18, 70, 77, 93, 73, 46, 63, 8, 20, 9, 48, 40, 81, 87, 58, 33, 26, 82, 51, 41, 19, 43, 32, 74, 1, 7, 38, 85, 47, 14, 29, 50, 15, 52, 59, 68, 36, 28, 16, 78, 37, 84, 80, 13, 56, 54, 27, 57, 92, 34, 90, 45, 64, 5, 10, 62, 76]","[400, 161, 285, 164, 320, 125, 278, 266, 307, 372, 303, 390, 183, 176, 240, 129, 158, 131, 353, 186, 227, 336, 103, 283, 187, 354, 374, 171, 351, 223, 99, 362, 348, 207, 376, 239, 326, 298, 329, 332, 281, 179, 268, 222, 292, 379, 209, 221, 289, 258, 148, 252, 254, 274, 344, 243, 238, 198, 150, 224, 118, 184, 114, 271, 152, 143, 242, 388, 98, 211, 169, 297, 149, 263, 277, 200, 233, 174, 218, 389, 405, 251, 139, 290, 231, 334, 359, 248, 262, 113, 294, 265, 140, 399, 130, 368, 315, 295, 249, 328, 96, 267, 350, 286, 269, 276, 195, 341, 204, 141, 261, 345, 324, 401, 220, 385, 137, 127, 196, 119, 162, 347, 154, 310, 182, 235, 331, 189, 180, 95, 213, 199, 287, 202, 333, 206, 361, 250, 134, 395, 191, 377, 319, 212, 280, 386, 165, 317, 157, 309, 339, 375, 340, 364, 378, 232, 188, 363, 314, 342, 288, 122, 177, 192, 380, 247, 128, 210, 365, 330, 124, 167, 159, 360, 396, 367, 181, 284, 327, 163, 366, 335, 270, 178, 109, 168, 153, 226, 253, 349, 104, 138, 172, 282, 391, 245, 300, 190, 257, 355, 147, 230, 112, 101, 264, 151, 194, 322, 160, 97, 146, 107, 273, 397, 175, 219, 201, 225, 145, 325, 373, 136, 234, 398, 102, 215, 311, 246, 193, 404, 357, 216, 259, 387, 392, 237, 402, 132, 293, 369, 173, 352, 403, 275, 228, 144, 260, 217, 156, 313, 279, 370, 203, 394, 117, 100, 236, 155, 316, 208, 123, 371, 133, 135, 110, 229, 185, 383, 205, 296, 381, 338, 358, 108, 197, 305, 142, 105, 302, 308, 382, 323, 356, 346, 255, 244, 343, 120, 393, 321, 116, 214, 111, 121, 256, 272, 170, 337, 126, 299, 312, 115, 301, 304, 291, 318, 106, 384, 241, 306, 166]"
diversity_on_nsga2,42,-29.7,15.09,10.2,"[30, 66, 50, 79, 71, 49, 59, 24, 75, 51, 42, 10, 67, 2, 72, 33, 5, 65, 91, 47, 69, 16, 90, 45, 64, 62, 76, 94, 83, 3, 86, 53, 8, 39, 34, 6, 60, 55, 31, 18, 70, 77, 93, 63, 73, 82, 9, 48, 40, 36, 11, 58, 61, 26, 20, 46, 41, 19, 43, 32, 74, 87, 7, 38, 85, 1, 14, 29, 4, 15, 52, 44, 27, 81, 28, 37, 78, 25, 84, 80, 89, 56, 17, 68, 57, 92, 12, 23, 21, 13, 54, 35, 88, 22]","[187, 354, 374, 171, 351, 223, 99, 362, 348, 207, 376, 239, 326, 298, 329, 332, 281, 179, 233, 222, 292, 198, 209, 221, 289, 291, 193, 252, 254, 274, 344, 150, 118, 203, 184, 114, 271, 152, 143, 242, 211, 297, 149, 227, 200, 268, 174, 296, 251, 139, 112, 231, 334, 359, 248, 262, 113, 294, 265, 140, 399, 130, 368, 315, 295, 249, 328, 96, 267, 350, 378, 269, 276, 195, 341, 204, 141, 261, 345, 324, 401, 220, 385, 137, 127, 196, 119, 162, 347, 154, 310, 182, 235, 331, 189, 180, 95, 213, 199, 287, 202, 333, 206, 361, 250, 134, 395, 191, 377, 319, 212, 280, 386, 165, 317, 157, 309, 311, 394, 166, 400, 161, 285, 164, 320, 125, 278, 266, 307, 372, 303, 390, 183, 176, 240, 129, 158, 131, 353, 186, 243, 238, 379, 224, 388, 98, 169, 277, 336, 405, 339, 375, 340, 364, 286, 232, 188, 363, 314, 342, 288, 122, 177, 192, 380, 247, 128, 210, 373, 330, 124, 167, 159, 360, 396, 367, 181, 284, 327, 163, 366, 225, 335, 270, 178, 109, 168, 153, 226, 253, 349, 104, 138, 172, 282, 391, 245, 300, 190, 257, 355, 147, 230, 290, 101, 264, 194, 322, 160, 97, 146, 107, 273, 397, 175, 219, 201, 151, 145, 325, 365, 136, 234, 398, 102, 215, 256, 246, 148, 404, 357, 216, 259, 387, 392, 237, 402, 132, 293, 369, 173, 352, 403, 275, 228, 144, 260, 217, 272, 313, 279, 370, 263, 218, 117, 100, 236, 155, 316, 208, 123, 371, 133, 135, 110, 229, 185, 383, 205, 389, 381, 338, 121, 108, 197, 305, 142, 105, 302, 308, 382, 323, 356, 346, 255, 244, 343, 120, 393, 321, 116, 214, 111, 358, 156, 170, 337, 126, 299, 312, 115, 301, 304, 258, 318, 106, 384, 241, 306, 103, 283]"
diversity_on_nsga2,43,-61.31259222026055,21.127407779739453,29.88740777973946,"[28, 69, 30, 82, 67, 54, 94, 20, 17, 91, 5, 4, 9, 41, 7, 88, 18, 71, 38, 52, 43, 12, 51, 62, 47, 86, 61, 59, 45, 35, 29, 11, 89, 40, 8, 80, 15, 22, 33, 42, 50, 46, 2, 65, 23, 60, 55, 74, 26, 36, 93, 24, 37, 39, 6, 87, 83, 32, 49, 25, 56, 31, 79, 76, 77, 68, 75, 10, 57, 48, 58, 16, 90, 64, 70, 19, 14, 81, 73, 78, 1, 34, 63, 84, 85, 66, 72, 13, 92, 53, 27, 3, 21, 44]","[166, 318, 97, 99, 391, 254, 382, 198, 128, 348, 263, 181, 216, 405, 112, 142, 316, 163, 232, 328, 208, 267, 273, 101, 272, 301, 201, 258, 269, 170, 111, 345, 211, 355, 145, 306, 323, 104, 204, 240, 221, 176, 362, 371, 403, 395, 274, 275, 100, 359, 331, 283, 332, 174, 264, 182, 189, 148, 309, 231, 154, 271, 289, 184, 279, 196, 186, 234, 265, 315, 374, 341, 159, 290, 376, 324, 171, 152, 288, 200, 291, 139, 125, 157, 364, 287, 347, 175, 363, 193, 280, 144, 250, 361, 368, 222, 354, 314, 180, 322, 199, 202, 268, 218, 297, 353, 387, 296, 317, 270, 284, 303, 113, 217, 129, 311, 143, 140, 294, 342, 168, 187, 103, 266, 233, 119, 278, 190, 369, 226, 379, 401, 138, 230, 102, 243, 404, 122, 118, 312, 304, 319, 260, 205, 169, 114, 261, 257, 333, 330, 228, 360, 400, 307, 96, 158, 173, 210, 384, 385, 244, 155, 277, 282, 146, 95, 344, 334, 326, 396, 120, 256, 197, 293, 213, 249, 346, 336, 220, 383, 126, 380, 147, 245, 214, 188, 177, 389, 300, 339, 356, 165, 285, 106, 388, 137, 225, 386, 162, 212, 156, 298, 179, 335, 195, 253, 393, 366, 321, 107, 372, 191, 251, 276, 310, 325, 394, 286, 116, 365, 172, 402, 340, 292, 167, 110, 105, 375, 203, 329, 377, 236, 207, 246, 237, 178, 305, 398, 248, 281, 352, 357, 117, 141, 132, 252, 149, 194, 133, 160, 136, 378, 209, 320, 206, 295, 397, 235, 224, 343, 308, 337, 367, 161, 262, 192, 327, 350, 127, 381, 229, 351, 313, 227, 98, 151, 124, 215, 370, 238, 259, 255, 130, 349, 109, 135, 247, 390, 115, 302, 150, 299, 219, 373, 223, 183, 108, 121, 338, 185, 134, 241, 399, 242, 131, 392, 153, 164, 239, 358, 123]"
diversity_on_nsga2,44,-21.612022,11.867977999999999,11.487977999999998,"[89, 59, 35, 11, 40, 8, 22, 33, 93, 46, 63, 65, 23, 55, 2, 26, 50, 37, 6, 87, 83, 79, 18, 10, 17, 42, 58, 78, 69, 70, 34, 48, 94, 39, 49, 24, 31, 76, 53, 16, 81, 88, 62, 61, 30, 66, 75, 3, 67, 72, 86, 91, 71, 77, 20, 9, 82, 73, 43, 32, 74, 47, 7, 12, 85, 1, 14, 29, 4, 15, 52, 44, 68, 36, 28, 60, 25, 21, 84, 80, 13, 56, 54, 27, 57, 92, 38, 90, 45, 64, 5, 51, 41, 19]","[391, 176, 233, 174, 178, 292, 110, 376, 255, 225, 296, 294, 138, 397, 343, 179, 394, 358, 247, 112, 293, 172, 113, 117, 275, 148, 114, 257, 221, 142, 251, 97, 103, 208, 271, 302, 290, 389, 316, 291, 328, 214, 283, 243, 301, 175, 369, 144, 187, 192, 128, 345, 365, 124, 167, 159, 360, 396, 367, 181, 284, 163, 116, 276, 209, 341, 204, 344, 261, 210, 220, 385, 137, 127, 196, 119, 162, 347, 327, 180, 95, 199, 287, 202, 333, 361, 250, 134, 395, 377, 319, 212, 280, 386, 165, 317, 157, 309, 339, 375, 177, 364, 232, 188, 363, 314, 342, 288, 122, 340, 226, 104, 282, 245, 147, 230, 264, 146, 219, 201, 151, 145, 398, 102, 215, 311, 404, 216, 387, 392, 402, 132, 173, 403, 228, 260, 217, 279, 100, 155, 390, 371, 135, 229, 185, 383, 205, 381, 338, 121, 108, 197, 305, 323, 346, 244, 120, 109, 111, 256, 170, 126, 312, 115, 304, 258, 318, 106, 384, 241, 306, 166, 400, 161, 164, 125, 278, 266, 366, 101, 168, 139, 321, 107, 372, 190, 191, 189, 154, 182, 310, 324, 337, 273, 380, 373, 335, 156, 330, 236, 370, 349, 355, 325, 307, 303, 183, 129, 158, 131, 336, 171, 223, 99, 362, 348, 239, 326, 298, 329, 332, 281, 268, 222, 198, 289, 252, 254, 141, 150, 224, 118, 184, 152, 143, 242, 388, 211, 169, 149, 285, 194, 253, 272, 133, 274, 269, 299, 382, 393, 123, 234, 246, 238, 193, 105, 203, 297, 235, 186, 331, 401, 308, 262, 352, 379, 359, 357, 350, 313, 227, 98, 240, 270, 351, 259, 248, 267, 300, 160, 136, 378, 213, 195, 207, 353, 237, 320, 206, 277, 200, 218, 405, 231, 334, 265, 140, 399, 130, 368, 315, 295, 249, 96, 286, 356, 354, 153, 374, 322, 263]"
diversity_on_nsga2,45,-69.80152284811103,29.73847715188897,35.89847715188896,"[23, 91, 21, 83, 89, 17, 33, 35, 25, 88, 52, 30, 2, 65, 87, 51, 42, 1, 69, 67, 50, 79, 72, 71, 59, 49, 24, 75, 94, 3, 86, 53, 8, 39, 34, 6, 60, 55, 31, 18, 70, 77, 38, 63, 73, 82, 9, 48, 40, 81, 11, 58, 61, 26, 20, 46, 41, 19, 43, 32, 74, 47, 7, 93, 85, 66, 64, 29, 4, 15, 22, 44, 68, 36, 28, 16, 78, 37, 84, 80, 13, 56, 54, 27, 45, 92, 12, 90, 57, 14, 5, 10, 62, 76]","[400, 161, 285, 164, 320, 125, 278, 266, 307, 372, 303, 390, 183, 176, 240, 129, 158, 131, 353, 186, 263, 336, 103, 283, 187, 354, 374, 171, 351, 223, 99, 362, 348, 207, 376, 239, 326, 298, 329, 332, 281, 179, 268, 222, 292, 198, 209, 221, 289, 291, 193, 252, 254, 274, 344, 243, 238, 379, 150, 224, 118, 184, 114, 271, 152, 143, 242, 388, 98, 211, 169, 297, 149, 227, 277, 200, 233, 174, 218, 296, 405, 251, 139, 112, 231, 334, 359, 248, 262, 113, 294, 265, 140, 399, 130, 368, 315, 295, 249, 328, 96, 267, 350, 378, 269, 276, 195, 341, 204, 141, 261, 345, 324, 401, 220, 385, 137, 127, 196, 119, 162, 347, 154, 310, 182, 235, 331, 189, 180, 95, 213, 199, 287, 202, 333, 206, 361, 250, 134, 395, 191, 377, 319, 212, 280, 386, 165, 317, 157, 309, 339, 375, 340, 364, 286, 232, 188, 363, 314, 342, 288, 122, 177, 192, 380, 247, 128, 210, 373, 330, 124, 167, 159, 360, 396, 367, 181, 284, 327, 163, 366, 225, 335, 270, 178, 109, 168, 153, 226, 253, 349, 104, 138, 172, 282, 391, 245, 300, 190, 257, 355, 147, 230, 290, 101, 264, 194, 322, 160, 97, 146, 107, 273, 397, 175, 219, 201, 151, 145, 325, 365, 136, 234, 398, 102, 215, 311, 246, 148, 404, 357, 216, 259, 387, 392, 237, 402, 132, 293, 369, 173, 352, 403, 275, 228, 144, 260, 217, 272, 313, 279, 370, 203, 394, 117, 100, 236, 155, 316, 208, 123, 371, 133, 135, 110, 229, 185, 383, 205, 389, 381, 338, 121, 108, 197, 305, 142, 105, 302, 308, 382, 323, 356, 346, 255, 244, 343, 120, 393, 321, 116, 214, 111, 358, 256, 156, 170, 337, 126, 299, 312, 115, 301, 304, 258, 318, 106, 384, 241, 306, 166]"
diversity_on_nsga2,46,-6.907565277547081,7.61243472245292,7.692434722452919,"[43, 49, 85, 41, 87, 83, 24, 57, 61, 47, 17, 82, 71, 35, 40, 26, 39, 25, 7, 94, 3, 90, 77, 56, 76, 15, 48, 45, 54, 75, 32, 62, 44, 59, 63, 60, 2, 86, 16, 65, 84, 52, 79, 19, 93, 10, 20, 4, 58, 78, 73, 70, 1, 34, 14, 80, 89, 22, 72, 53, 27, 21, 28, 68, 6, 88, 18, 9, 55, 51, 64, 42, 8, 23, 33, 36, 66, 46, 13, 92, 38, 74, 37, 91, 30, 67, 29, 81, 5, 12, 69, 31, 50, 11]","[382, 216, 405, 316, 163, 328, 310, 244, 309, 117, 233, 252, 374, 247, 174, 138, 358, 120, 257, 226, 389, 290, 403, 275, 398, 188, 211, 152, 383, 293, 95, 399, 338, 231, 385, 133, 204, 304, 246, 165, 264, 364, 185, 191, 228, 378, 108, 336, 301, 144, 260, 387, 345, 341, 157, 298, 253, 217, 167, 158, 274, 214, 177, 311, 339, 356, 176, 285, 347, 171, 184, 388, 225, 386, 212, 156, 362, 137, 149, 271, 101, 321, 125, 190, 139, 154, 182, 111, 324, 325, 148, 113, 372, 116, 286, 230, 196, 118, 295, 104, 115, 147, 332, 329, 145, 208, 107, 168, 348, 209, 207, 360, 183, 232, 181, 282, 146, 218, 344, 334, 307, 326, 396, 197, 151, 317, 213, 249, 129, 346, 384, 303, 220, 241, 240, 179, 166, 315, 272, 342, 256, 365, 126, 337, 132, 234, 123, 200, 366, 223, 136, 335, 302, 393, 189, 273, 313, 373, 330, 155, 349, 355, 161, 159, 318, 97, 153, 178, 323, 391, 173, 305, 394, 276, 98, 172, 287, 402, 251, 340, 268, 292, 357, 235, 236, 160, 180, 390, 150, 299, 219, 265, 284, 199, 100, 121, 142, 134, 239, 242, 131, 404, 371, 392, 322, 194, 395, 363, 250, 266, 278, 312, 319, 205, 210, 400, 258, 279, 283, 261, 369, 106, 243, 280, 306, 110, 376, 105, 375, 203, 361, 294, 202, 377, 353, 237, 320, 206, 170, 297, 397, 186, 192, 122, 331, 343, 222, 119, 401, 308, 367, 262, 141, 352, 379, 359, 193, 103, 224, 327, 263, 350, 127, 381, 229, 291, 281, 380, 227, 270, 124, 215, 221, 351, 238, 259, 289, 368, 248, 296, 255, 162, 130, 164, 109, 135, 277, 143, 128, 195, 354, 169, 112, 201, 114, 245, 267, 370, 99, 198, 187, 333, 140, 96, 269, 288, 102, 175, 300, 314, 254]"
diversity_on_nsga2,47,-29.1542290125,6.745770987500001,20.0457709875,"[60, 14, 18, 5, 68, 59, 76, 52, 67, 87, 34, 70, 13, 2, 71, 83, 35, 58, 93, 15, 91, 92, 50, 79, 89, 84, 42, 88, 27, 1, 16, 63, 73, 69, 75, 81, 94, 72, 43, 9, 3, 39, 11, 86, 10, 85, 40, 46, 61, 12, 48, 26, 33, 74, 57, 51, 41, 19, 20, 32, 6, 47, 7, 38, 56, 31, 24, 36, 80, 53, 45, 65, 77, 30, 49, 29, 66, 23, 8, 22, 64, 82, 28, 37, 54, 90, 55, 21, 62, 25, 78, 17, 44, 4]","[346, 403, 359, 185, 254, 277, 309, 117, 212, 384, 129, 358, 176, 263, 237, 338, 116, 128, 344, 354, 169, 262, 330, 112, 244, 100, 156, 241, 179, 249, 272, 236, 380, 391, 206, 188, 327, 370, 168, 253, 240, 234, 203, 336, 320, 394, 350, 329, 178, 221, 401, 282, 352, 265, 154, 345, 325, 174, 217, 275, 135, 351, 404, 361, 141, 204, 261, 220, 195, 106, 98, 235, 108, 371, 142, 153, 292, 223, 151, 229, 381, 181, 360, 246, 355, 201, 348, 319, 332, 367, 180, 365, 318, 187, 230, 382, 317, 199, 273, 373, 362, 197, 326, 145, 342, 255, 228, 171, 159, 284, 363, 353, 243, 238, 379, 150, 224, 118, 184, 114, 115, 227, 152, 143, 301, 304, 242, 258, 196, 307, 182, 268, 343, 250, 102, 260, 138, 290, 107, 340, 120, 121, 257, 369, 398, 339, 161, 252, 215, 155, 251, 316, 157, 123, 396, 105, 392, 122, 194, 306, 331, 279, 295, 177, 189, 110, 375, 395, 113, 267, 144, 233, 216, 378, 165, 376, 218, 366, 296, 293, 399, 213, 310, 321, 191, 209, 302, 285, 280, 170, 173, 402, 312, 163, 219, 390, 97, 337, 308, 136, 167, 149, 210, 146, 288, 132, 291, 271, 127, 347, 119, 283, 226, 405, 324, 99, 393, 111, 389, 193, 137, 356, 328, 186, 259, 270, 311, 333, 126, 222, 294, 372, 305, 239, 266, 322, 104, 175, 383, 274, 139, 256, 245, 207, 299, 385, 198, 200, 247, 160, 397, 140, 388, 130, 323, 368, 276, 211, 101, 96, 377, 202, 269, 147, 313, 214, 95, 134, 131, 374, 341, 300, 314, 232, 297, 364, 164, 386, 281, 103, 125, 162, 248, 192, 190, 287, 225, 298, 124, 289, 286, 133, 264, 334, 205, 183, 208, 278, 349, 303, 357, 387, 315, 231, 166, 335, 148, 400, 158, 109, 172]"
diversity_on_nsga2,48,-44.713681,9.126318999999999,32.486318999999995,"[16, 64, 47, 17, 82, 71, 40, 26, 39, 25, 7, 94, 3, 90, 77, 56, 76, 15, 48, 45, 54, 75, 32, 62, 28, 85, 35, 86, 89, 58, 55, 33, 44, 59, 63, 14, 2, 57, 65, 84, 52, 79, 19, 93, 10, 29, 4, 78, 73, 70, 1, 34, 60, 80, 22, 72, 53, 27, 21, 68, 6, 88, 18, 9, 51, 61, 42, 8, 23, 36, 66, 46, 13, 92, 38, 74, 69, 91, 30, 67, 20, 81, 5, 12, 37, 31, 50, 11, 43, 49, 41, 87, 83, 24]","[403, 275, 188, 152, 383, 293, 399, 338, 231, 385, 133, 204, 304, 246, 165, 264, 364, 185, 191, 228, 378, 108, 336, 301, 144, 260, 387, 345, 341, 157, 298, 217, 158, 274, 214, 177, 372, 166, 223, 143, 167, 342, 282, 211, 207, 253, 250, 398, 103, 299, 210, 236, 401, 95, 252, 311, 113, 294, 254, 199, 176, 309, 355, 339, 356, 285, 347, 171, 184, 388, 225, 386, 212, 156, 362, 195, 149, 271, 101, 321, 125, 190, 139, 154, 182, 111, 324, 325, 148, 116, 286, 230, 196, 118, 295, 104, 115, 147, 332, 329, 145, 208, 107, 168, 348, 209, 360, 183, 232, 181, 146, 218, 344, 334, 307, 326, 396, 197, 151, 317, 213, 249, 129, 346, 384, 303, 220, 241, 240, 179, 315, 272, 256, 365, 126, 337, 132, 234, 123, 200, 366, 136, 335, 302, 393, 189, 273, 313, 373, 330, 155, 349, 161, 159, 318, 97, 153, 178, 323, 391, 173, 305, 394, 276, 98, 172, 287, 402, 251, 340, 268, 292, 357, 235, 160, 180, 390, 150, 219, 265, 284, 100, 121, 142, 134, 239, 242, 131, 404, 371, 392, 322, 194, 395, 363, 266, 278, 312, 319, 205, 400, 258, 279, 283, 261, 369, 106, 243, 280, 306, 110, 376, 105, 375, 203, 361, 202, 377, 353, 237, 320, 206, 170, 297, 397, 186, 192, 122, 331, 343, 222, 119, 308, 367, 262, 141, 352, 379, 359, 193, 224, 327, 263, 350, 127, 381, 229, 291, 281, 380, 227, 270, 124, 215, 221, 351, 238, 259, 289, 368, 248, 296, 255, 162, 130, 164, 109, 135, 277, 128, 137, 354, 169, 112, 201, 114, 245, 267, 370, 99, 198, 187, 333, 140, 96, 269, 288, 102, 175, 300, 314, 382, 216, 405, 316, 163, 328, 310, 244, 117, 233, 374, 247, 174, 138, 358, 120, 257, 226, 389, 290]"
diversity_on_nsga2,49,-50.885355675,10.004644325000001,48.314644325,"[78, 55, 36, 56, 85, 57, 30, 93, 5, 79, 7, 88, 27, 68, 12, 1, 21, 31, 59, 17, 23, 3, 62, 11, 71, 18, 46, 64, 14, 8, 35, 2, 26, 19, 81, 25, 90, 16, 10, 47, 72, 13, 80, 41, 40, 82, 28, 89, 76, 22, 6, 58, 45, 20, 9, 50, 15, 48, 92, 32, 66, 73, 94, 74, 53, 75, 4, 87, 44, 54, 52, 91, 84, 38, 86, 42, 49, 29, 83, 34, 39, 65, 77, 51, 60, 37, 63, 43, 61, 33, 24, 67, 69, 70]","[344, 272, 380, 108, 342, 250, 215, 279, 218, 164, 402, 322, 190, 255, 214, 163, 370, 238, 291, 239, 369, 177, 335, 247, 275, 314, 99, 159, 166, 294, 116, 288, 249, 165, 112, 266, 355, 113, 359, 393, 304, 236, 160, 200, 316, 254, 283, 174, 343, 175, 219, 341, 262, 392, 317, 383, 298, 265, 184, 107, 211, 178, 125, 373, 213, 269, 232, 122, 142, 307, 242, 111, 374, 372, 338, 220, 251, 273, 193, 336, 168, 137, 315, 198, 396, 118, 389, 346, 149, 153, 110, 146, 319, 176, 311, 240, 356, 223, 297, 134, 161, 270, 375, 280, 404, 303, 296, 234, 205, 397, 191, 329, 186, 312, 119, 133, 347, 235, 179, 227, 328, 104, 202, 301, 290, 331, 284, 267, 148, 233, 268, 114, 206, 362, 150, 138, 333, 182, 271, 217, 245, 188, 212, 390, 256, 145, 141, 293, 349, 352, 157, 105, 222, 339, 289, 243, 348, 295, 185, 226, 124, 253, 152, 139, 285, 109, 276, 106, 216, 181, 162, 156, 231, 345, 123, 286, 143, 385, 171, 309, 405, 257, 147, 126, 287, 154, 210, 365, 167, 228, 310, 101, 361, 376, 379, 368, 281, 364, 132, 378, 192, 183, 292, 103, 230, 360, 399, 299, 340, 382, 278, 377, 209, 384, 277, 353, 320, 194, 96, 302, 327, 358, 195, 130, 264, 332, 97, 260, 357, 324, 144, 100, 350, 120, 282, 140, 248, 395, 388, 330, 135, 204, 371, 187, 323, 391, 173, 305, 398, 203, 387, 155, 367, 246, 334, 259, 381, 300, 394, 263, 403, 306, 131, 172, 313, 325, 170, 127, 237, 225, 169, 115, 197, 354, 244, 102, 151, 363, 121, 351, 258, 274, 208, 401, 386, 252, 261, 366, 337, 98, 318, 196, 221, 308, 128, 326, 201, 199, 224, 158, 400, 136, 207, 241, 129, 321, 95, 189, 180, 229, 117]"
diversity_on_nsga2,50,-27.535106605,14.734893395,10.964893395,"[25, 83, 86, 24, 50, 16, 79, 59, 17, 90, 80, 64, 88, 53, 73, 39, 6, 75, 55, 18, 70, 91, 63, 9, 48, 40, 46, 11, 58, 26, 82, 13, 41, 19, 84, 32, 42, 4, 67, 54, 2, 78, 8, 72, 33, 47, 77, 5, 20, 81, 57, 31, 65, 1, 52, 93, 34, 87, 74, 43, 36, 7, 62, 69, 14, 29, 10, 15, 44, 21, 28, 60, 45, 76, 22, 23, 66, 51, 92, 38, 68, 30, 94, 12, 37, 3, 71, 27, 85, 61, 35, 56, 49, 89]","[283, 187, 354, 374, 171, 351, 223, 99, 362, 348, 207, 158, 239, 326, 272, 329, 332, 281, 179, 268, 301, 175, 201, 369, 215, 144, 269, 395, 363, 345, 309, 211, 312, 278, 306, 143, 319, 260, 205, 280, 166, 114, 261, 138, 257, 228, 400, 364, 96, 376, 333, 210, 336, 385, 102, 244, 274, 155, 277, 282, 146, 95, 344, 334, 387, 226, 130, 396, 197, 151, 317, 213, 245, 129, 346, 303, 220, 383, 231, 147, 307, 356, 225, 156, 101, 321, 286, 190, 148, 139, 295, 172, 202, 258, 271, 111, 217, 154, 182, 310, 324, 325, 191, 113, 372, 116, 275, 405, 230, 246, 196, 118, 104, 115, 149, 252, 208, 218, 168, 236, 209, 360, 117, 341, 183, 232, 378, 181, 338, 240, 107, 169, 315, 384, 126, 342, 249, 120, 256, 108, 98, 298, 337, 132, 123, 200, 136, 335, 302, 189, 273, 380, 373, 330, 142, 349, 355, 161, 159, 358, 318, 97, 389, 214, 188, 177, 311, 300, 339, 314, 165, 176, 285, 347, 184, 157, 264, 106, 388, 137, 174, 386, 204, 212, 293, 403, 195, 140, 253, 234, 393, 221, 167, 153, 178, 323, 391, 173, 305, 398, 394, 276, 365, 145, 287, 402, 251, 340, 233, 292, 193, 110, 105, 375, 203, 361, 294, 304, 377, 353, 237, 320, 206, 170, 297, 397, 235, 186, 192, 122, 331, 343, 222, 119, 401, 308, 367, 262, 141, 352, 379, 359, 357, 103, 224, 327, 263, 350, 127, 381, 229, 291, 313, 227, 270, 124, 266, 366, 238, 259, 289, 368, 248, 296, 255, 162, 152, 109, 135, 160, 180, 390, 150, 299, 219, 265, 284, 199, 290, 100, 121, 370, 134, 241, 133, 399, 382, 131, 404, 371, 392, 322, 194, 164, 254, 242, 198, 128, 279, 216, 250, 125, 112, 185, 316, 163, 288, 328, 267, 243, 247]"
diversity_on_nsga2,51,-54.96671675000001,22.873283249999997,23.833283249999997,"[83, 30, 90, 67, 20, 55, 69, 5, 4, 9, 41, 7, 18, 71, 68, 43, 51, 62, 21, 86, 61, 42, 94, 59, 57, 45, 35, 40, 8, 84, 15, 87, 33, 29, 50, 46, 77, 88, 23, 11, 75, 2, 53, 49, 89, 25, 22, 92, 12, 32, 38, 85, 1, 14, 44, 36, 28, 16, 78, 37, 76, 74, 52, 58, 10, 13, 56, 54, 27, 48, 26, 39, 70, 63, 24, 93, 82, 19, 6, 72, 65, 91, 34, 79, 31, 17, 60, 64, 81, 66, 3, 73, 80, 47]","[384, 306, 400, 161, 285, 395, 205, 156, 298, 362, 195, 345, 271, 321, 182, 324, 113, 116, 243, 218, 196, 118, 295, 149, 332, 329, 236, 348, 209, 207, 117, 341, 183, 304, 378, 338, 240, 166, 315, 231, 249, 228, 260, 217, 279, 155, 123, 185, 383, 275, 108, 197, 323, 379, 173, 403, 144, 272, 370, 316, 208, 286, 232, 247, 347, 239, 344, 151, 154, 310, 95, 333, 250, 191, 319, 212, 280, 386, 165, 317, 157, 339, 177, 364, 188, 363, 314, 342, 288, 380, 210, 330, 167, 159, 360, 396, 367, 366, 225, 335, 178, 168, 153, 226, 253, 138, 282, 245, 300, 190, 257, 147, 230, 101, 194, 322, 97, 146, 389, 175, 325, 373, 136, 234, 102, 128, 181, 163, 349, 104, 391, 355, 264, 107, 201, 145, 269, 311, 246, 148, 216, 387, 132, 293, 369, 142, 302, 308, 382, 356, 244, 120, 393, 372, 390, 129, 158, 336, 187, 354, 374, 171, 99, 326, 198, 252, 254, 388, 346, 184, 114, 152, 143, 98, 211, 169, 277, 200, 405, 139, 334, 262, 140, 137, 267, 273, 96, 261, 401, 385, 119, 189, 179, 112, 328, 176, 126, 223, 174, 303, 204, 283, 289, 398, 394, 276, 365, 172, 287, 402, 251, 340, 268, 233, 292, 193, 110, 376, 105, 375, 203, 361, 294, 202, 377, 353, 237, 206, 170, 297, 397, 235, 186, 192, 122, 331, 343, 222, 141, 352, 359, 357, 103, 224, 327, 263, 350, 127, 381, 229, 291, 281, 313, 227, 270, 124, 215, 221, 351, 238, 259, 305, 368, 248, 296, 255, 162, 130, 164, 109, 135, 160, 180, 150, 299, 219, 265, 284, 199, 290, 100, 121, 309, 134, 213, 133, 399, 242, 131, 404, 371, 392, 320, 125, 278, 266, 307, 274, 220, 312, 241, 214, 111, 358, 256, 337, 115, 301, 258, 318, 106]"
diversity_on_nsga2,52,-8.668805925000001,10.881194075,8.731194075,"[88, 33, 38, 94, 41, 68, 37, 85, 5, 48, 61, 79, 81, 29, 59, 9, 70, 72, 75, 86, 23, 17, 53, 93, 56, 52, 12, 26, 36, 40, 57, 80, 28, 19, 42, 73, 21, 58, 50, 4, 16, 11, 47, 62, 63, 69, 71, 43, 15, 87, 55, 3, 82, 32, 31, 44, 65, 14, 34, 74, 10, 25, 39, 8, 84, 60, 2, 83, 76, 1, 51, 30, 78, 54, 27, 77, 45, 64, 92, 6, 46, 49, 20, 7, 67, 66, 24, 35, 22, 89, 18, 91, 90, 13]","[189, 131, 332, 390, 117, 111, 203, 179, 374, 165, 264, 329, 254, 349, 373, 380, 257, 101, 167, 250, 328, 286, 228, 368, 281, 176, 236, 164, 168, 245, 344, 300, 233, 174, 178, 303, 276, 204, 323, 345, 321, 124, 396, 241, 135, 192, 229, 246, 382, 308, 163, 343, 340, 162, 383, 121, 350, 376, 260, 256, 127, 320, 235, 291, 142, 266, 182, 96, 387, 188, 100, 364, 112, 385, 278, 120, 283, 366, 249, 295, 138, 217, 225, 146, 274, 272, 299, 294, 251, 153, 187, 384, 170, 155, 369, 175, 389, 208, 222, 220, 234, 293, 169, 351, 319, 330, 148, 292, 346, 197, 226, 205, 258, 145, 102, 109, 223, 240, 97, 231, 252, 316, 392, 161, 244, 378, 104, 357, 280, 314, 401, 341, 141, 237, 224, 370, 116, 230, 201, 206, 315, 151, 183, 402, 221, 177, 202, 325, 210, 363, 307, 160, 119, 198, 207, 388, 359, 214, 270, 285, 107, 354, 185, 379, 338, 132, 140, 356, 181, 265, 99, 118, 400, 365, 122, 227, 180, 306, 166, 313, 372, 301, 172, 130, 312, 381, 361, 261, 395, 310, 391, 335, 367, 209, 216, 394, 139, 269, 105, 268, 159, 255, 362, 134, 238, 298, 263, 253, 194, 271, 331, 322, 333, 347, 279, 108, 211, 133, 200, 334, 171, 277, 326, 377, 302, 128, 243, 342, 193, 311, 196, 386, 309, 157, 190, 239, 262, 371, 375, 219, 275, 195, 393, 284, 126, 297, 129, 106, 199, 247, 115, 404, 259, 114, 136, 399, 353, 158, 288, 273, 191, 317, 336, 150, 267, 296, 137, 110, 154, 186, 287, 215, 212, 149, 304, 324, 397, 358, 232, 123, 290, 403, 289, 143, 113, 184, 156, 218, 339, 318, 213, 248, 95, 147, 98, 305, 242, 360, 173, 348, 103, 327, 355, 337, 144, 405, 282, 125, 152, 352, 398]"
diversity_on_nsga2,53,-105.32539526273239,30.774604737267616,95.77460473726762,"[82, 91, 21, 20, 44, 28, 54, 30, 75, 1, 5, 4, 9, 74, 83, 65, 18, 38, 68, 62, 12, 86, 43, 51, 61, 59, 47, 35, 29, 11, 8, 84, 15, 22, 33, 48, 19, 77, 88, 45, 63, 40, 71, 23, 60, 55, 2, 26, 36, 93, 25, 37, 39, 6, 87, 7, 32, 49, 24, 56, 31, 79, 76, 41, 52, 17, 13, 57, 72, 58, 16, 90, 64, 78, 10, 73, 70, 69, 34, 50, 14, 46, 89, 80, 85, 66, 3, 81, 92, 53, 27, 42, 67, 94]","[337, 299, 327, 217, 350, 127, 381, 229, 291, 313, 227, 98, 240, 270, 124, 215, 370, 221, 349, 136, 247, 115, 302, 182, 373, 223, 361, 108, 338, 241, 399, 242, 131, 404, 371, 118, 392, 322, 153, 164, 99, 254, 162, 198, 271, 283, 104, 348, 263, 181, 216, 250, 405, 200, 112, 185, 341, 316, 163, 288, 342, 279, 273, 243, 301, 175, 201, 369, 266, 144, 187, 395, 363, 295, 111, 345, 309, 211, 143, 278, 355, 145, 312, 304, 319, 280, 114, 261, 138, 257, 354, 330, 228, 360, 400, 307, 364, 96, 264, 204, 333, 210, 385, 102, 244, 282, 397, 95, 344, 387, 226, 326, 396, 120, 256, 197, 151, 317, 249, 129, 346, 384, 303, 220, 383, 239, 231, 126, 380, 147, 245, 214, 188, 177, 311, 374, 356, 314, 165, 176, 347, 171, 184, 157, 158, 106, 137, 174, 386, 382, 212, 156, 298, 293, 362, 335, 403, 195, 140, 234, 393, 366, 101, 168, 189, 285, 372, 159, 191, 139, 154, 310, 324, 325, 148, 394, 276, 113, 286, 116, 275, 125, 230, 365, 172, 287, 274, 196, 251, 332, 340, 268, 233, 292, 193, 110, 376, 105, 375, 315, 183, 294, 202, 235, 358, 123, 225, 166, 318, 128, 141, 389, 167, 178, 323, 391, 173, 305, 281, 321, 155, 258, 146, 205, 328, 179, 329, 203, 398, 232, 169, 334, 277, 306, 352, 208, 357, 339, 117, 260, 97, 132, 252, 388, 351, 336, 149, 161, 320, 390, 353, 186, 103, 222, 289, 238, 379, 224, 152, 297, 296, 248, 262, 130, 368, 267, 269, 401, 119, 180, 213, 343, 206, 134, 377, 218, 209, 207, 378, 100, 135, 121, 272, 122, 192, 190, 367, 236, 265, 160, 109, 331, 402, 150, 300, 359, 237, 194, 284, 253, 290, 107, 219, 246, 259, 133, 142, 308, 255, 199, 170]"
diversity_on_nsga2,54,-42.122321549999995,19.88767845,16.477678450000003,"[87, 69, 94, 3, 53, 25, 64, 62, 76, 23, 21, 83, 17, 26, 32, 39, 34, 6, 60, 55, 31, 18, 70, 93, 63, 86, 61, 59, 45, 35, 29, 11, 89, 40, 8, 84, 15, 22, 33, 48, 50, 46, 77, 65, 73, 82, 9, 81, 58, 92, 20, 41, 19, 43, 80, 74, 47, 7, 38, 85, 1, 14, 4, 52, 44, 68, 36, 28, 42, 78, 16, 37, 30, 75, 13, 56, 54, 27, 57, 12, 90, 88, 66, 79, 71, 49, 24, 51, 10, 67, 2, 72, 5, 91]","[252, 254, 274, 344, 243, 238, 379, 150, 224, 118, 114, 271, 152, 120, 388, 98, 211, 169, 297, 149, 227, 309, 339, 364, 232, 363, 342, 288, 122, 192, 247, 277, 272, 218, 296, 405, 334, 359, 248, 262, 265, 399, 130, 368, 295, 249, 328, 96, 267, 350, 378, 269, 341, 204, 141, 261, 345, 401, 385, 127, 119, 162, 235, 331, 180, 95, 213, 300, 327, 330, 124, 167, 199, 333, 206, 250, 134, 395, 319, 280, 317, 159, 360, 396, 367, 181, 284, 163, 270, 290, 397, 175, 201, 151, 145, 228, 260, 217, 279, 203, 100, 155, 371, 135, 229, 185, 205, 381, 338, 178, 109, 153, 226, 253, 349, 104, 138, 391, 210, 257, 355, 112, 194, 322, 160, 146, 273, 121, 108, 197, 305, 323, 346, 382, 136, 398, 102, 215, 246, 404, 357, 216, 259, 303, 220, 383, 239, 231, 126, 380, 147, 245, 214, 188, 177, 311, 374, 356, 314, 165, 176, 105, 282, 184, 157, 264, 106, 137, 174, 386, 343, 212, 156, 298, 293, 362, 335, 403, 195, 140, 234, 393, 366, 101, 168, 189, 107, 283, 190, 191, 139, 154, 182, 310, 324, 325, 148, 329, 276, 113, 286, 116, 275, 125, 230, 365, 172, 287, 402, 196, 251, 332, 340, 268, 233, 292, 193, 110, 376, 347, 375, 315, 361, 294, 202, 377, 358, 123, 225, 166, 318, 128, 97, 387, 392, 237, 132, 369, 173, 352, 144, 200, 313, 370, 117, 236, 316, 208, 133, 389, 142, 302, 308, 373, 219, 244, 291, 321, 111, 256, 170, 337, 299, 312, 115, 301, 304, 258, 242, 255, 384, 241, 306, 400, 161, 285, 164, 320, 278, 266, 307, 372, 390, 183, 240, 129, 158, 131, 353, 186, 263, 336, 103, 187, 354, 171, 351, 223, 99, 348, 207, 326, 394, 281, 179, 222, 198, 209, 221, 289, 143]"
diversity_on_nsga2,55,-109.12583090826901,31.934169091730983,94.37416909173099,"[82, 91, 21, 20, 44, 28, 54, 30, 75, 1, 5, 4, 9, 74, 83, 65, 18, 38, 68, 62, 12, 86, 43, 51, 61, 59, 47, 35, 29, 11, 8, 84, 15, 22, 33, 48, 19, 77, 88, 45, 63, 40, 71, 23, 60, 55, 2, 26, 36, 93, 25, 37, 39, 6, 87, 7, 92, 49, 24, 56, 31, 79, 76, 41, 52, 17, 13, 57, 72, 58, 16, 90, 64, 78, 10, 73, 70, 69, 34, 50, 14, 46, 89, 80, 85, 66, 3, 67, 32, 53, 27, 42, 81, 94]","[327, 217, 350, 127, 381, 229, 291, 313, 227, 98, 240, 361, 153, 270, 124, 215, 370, 221, 349, 136, 247, 115, 302, 182, 373, 223, 183, 108, 338, 241, 399, 242, 131, 404, 371, 118, 392, 322, 203, 164, 99, 254, 162, 198, 271, 283, 104, 348, 263, 181, 216, 250, 405, 200, 112, 185, 341, 316, 163, 288, 342, 279, 273, 243, 301, 175, 201, 369, 266, 144, 129, 395, 363, 295, 111, 345, 309, 211, 143, 278, 355, 145, 312, 304, 319, 280, 114, 261, 138, 257, 354, 330, 228, 360, 400, 307, 364, 96, 264, 204, 333, 210, 385, 102, 244, 282, 397, 95, 344, 387, 226, 326, 396, 120, 256, 197, 151, 317, 249, 187, 346, 384, 303, 220, 383, 239, 231, 126, 380, 147, 245, 214, 188, 177, 311, 374, 356, 314, 165, 176, 347, 171, 184, 157, 158, 106, 137, 174, 386, 382, 212, 156, 298, 293, 362, 335, 403, 195, 140, 234, 393, 366, 101, 168, 189, 285, 372, 159, 191, 139, 154, 310, 324, 325, 148, 394, 276, 113, 286, 116, 275, 125, 230, 365, 172, 287, 274, 196, 251, 332, 340, 268, 233, 292, 193, 110, 376, 105, 375, 315, 294, 202, 235, 358, 123, 225, 166, 318, 128, 141, 389, 167, 178, 323, 391, 173, 305, 281, 321, 155, 258, 146, 205, 328, 179, 329, 398, 232, 169, 334, 277, 306, 352, 208, 357, 339, 117, 260, 97, 132, 252, 388, 351, 336, 149, 161, 320, 390, 353, 186, 103, 222, 289, 238, 379, 224, 152, 297, 296, 248, 262, 130, 368, 267, 269, 401, 119, 180, 213, 343, 206, 134, 377, 218, 209, 207, 378, 100, 135, 121, 272, 122, 192, 190, 367, 236, 265, 160, 109, 331, 402, 150, 300, 359, 237, 194, 284, 253, 290, 107, 219, 246, 259, 133, 142, 308, 255, 199, 170, 337, 299]"
diversity_on_nsga2,56,-77.35655035,20.17344965,58.54344964999999,"[44, 28, 91, 30, 69, 67, 20, 75, 82, 5, 9, 41, 7, 88, 18, 17, 68, 43, 51, 62, 47, 86, 61, 42, 94, 59, 48, 45, 27, 40, 8, 84, 15, 50, 65, 11, 38, 2, 12, 89, 85, 25, 37, 39, 6, 19, 83, 32, 54, 24, 56, 79, 76, 87, 93, 26, 31, 74, 52, 71, 10, 29, 77, 4, 57, 60, 58, 16, 90, 64, 78, 81, 70, 1, 22, 34, 14, 63, 80, 49, 72, 53, 35, 73, 23, 33, 36, 66, 46, 13, 92, 55, 3, 21]","[204, 395, 274, 111, 152, 157, 364, 363, 250, 387, 266, 278, 312, 319, 205, 257, 210, 369, 174, 400, 258, 279, 283, 163, 261, 336, 106, 185, 280, 306, 277, 228, 309, 143, 128, 137, 354, 169, 144, 112, 201, 114, 245, 267, 138, 252, 99, 385, 263, 198, 187, 247, 333, 140, 211, 96, 269, 288, 301, 102, 175, 300, 314, 260, 254, 382, 216, 405, 316, 158, 328, 264, 244, 231, 370, 214, 188, 177, 311, 374, 339, 356, 176, 285, 347, 171, 184, 388, 225, 386, 212, 156, 298, 362, 403, 195, 345, 253, 271, 101, 321, 190, 191, 139, 154, 182, 310, 324, 325, 372, 118, 295, 104, 115, 149, 147, 217, 165, 145, 208, 179, 168, 348, 209, 117, 341, 183, 304, 232, 378, 181, 103, 282, 146, 218, 95, 344, 334, 307, 226, 326, 396, 120, 197, 151, 317, 213, 249, 129, 346, 384, 303, 220, 383, 239, 338, 240, 107, 166, 272, 342, 108, 98, 126, 337, 132, 234, 123, 200, 366, 223, 136, 335, 302, 293, 393, 189, 273, 380, 373, 330, 155, 349, 355, 161, 159, 358, 318, 97, 389, 243, 237, 320, 357, 170, 297, 397, 235, 186, 192, 122, 331, 343, 222, 119, 401, 308, 367, 262, 141, 352, 379, 359, 206, 224, 327, 236, 350, 127, 381, 313, 291, 281, 229, 227, 270, 124, 215, 221, 351, 238, 259, 289, 368, 248, 296, 255, 162, 130, 164, 256, 167, 153, 178, 323, 391, 173, 305, 398, 360, 148, 394, 276, 113, 286, 116, 275, 125, 230, 365, 172, 287, 402, 196, 251, 332, 340, 268, 233, 292, 193, 110, 376, 105, 375, 203, 329, 315, 361, 294, 202, 377, 207, 246, 353, 109, 135, 160, 180, 390, 150, 299, 219, 265, 284, 199, 290, 100, 121, 142, 134, 241, 133, 399, 242, 131, 404, 371, 392, 322, 194]"
diversity_on_nsga2,57,-64.04037360740806,28.66962639259194,25.05962639259194,"[23, 91, 37, 83, 89, 17, 61, 10, 55, 88, 22, 42, 2, 65, 87, 46, 30, 66, 69, 67, 50, 79, 72, 71, 49, 59, 62, 75, 94, 3, 86, 53, 73, 39, 34, 6, 16, 78, 31, 18, 70, 77, 93, 63, 8, 20, 9, 48, 40, 81, 11, 58, 33, 26, 82, 51, 41, 19, 43, 32, 74, 47, 7, 12, 85, 1, 14, 29, 4, 15, 52, 44, 68, 36, 28, 60, 25, 21, 84, 80, 13, 56, 54, 27, 57, 92, 38, 90, 45, 64, 5, 35, 24, 76]","[400, 161, 285, 164, 320, 125, 278, 266, 307, 372, 303, 390, 183, 176, 240, 129, 158, 131, 353, 186, 263, 336, 103, 283, 187, 354, 374, 171, 351, 223, 99, 362, 348, 207, 376, 212, 326, 298, 329, 332, 281, 179, 268, 222, 350, 198, 209, 221, 289, 291, 193, 252, 254, 274, 363, 243, 238, 379, 150, 224, 118, 184, 114, 271, 152, 143, 242, 388, 98, 211, 169, 297, 149, 227, 277, 200, 233, 391, 218, 296, 405, 251, 139, 112, 231, 334, 359, 248, 262, 113, 294, 265, 140, 399, 130, 368, 315, 295, 249, 328, 96, 267, 292, 286, 269, 276, 195, 341, 204, 141, 261, 345, 324, 401, 220, 385, 137, 127, 196, 119, 162, 347, 154, 310, 182, 235, 331, 189, 180, 95, 213, 199, 287, 202, 333, 206, 361, 250, 134, 395, 191, 377, 319, 239, 280, 386, 165, 317, 157, 309, 339, 375, 177, 364, 378, 232, 188, 344, 314, 342, 288, 122, 340, 192, 380, 247, 128, 210, 365, 330, 124, 167, 159, 360, 396, 367, 181, 284, 327, 163, 366, 151, 335, 270, 178, 109, 168, 153, 226, 253, 349, 104, 138, 172, 282, 174, 245, 300, 190, 257, 355, 147, 230, 290, 101, 264, 194, 322, 160, 97, 146, 107, 273, 397, 175, 219, 201, 225, 145, 325, 373, 136, 234, 398, 102, 215, 311, 246, 148, 404, 357, 216, 259, 387, 392, 237, 402, 132, 293, 369, 173, 352, 403, 275, 228, 144, 260, 217, 272, 313, 279, 370, 203, 394, 117, 100, 236, 155, 316, 208, 123, 371, 133, 135, 110, 229, 185, 383, 205, 389, 381, 338, 121, 108, 197, 305, 142, 105, 302, 308, 382, 323, 356, 346, 255, 244, 343, 120, 393, 321, 116, 214, 111, 358, 256, 156, 170, 337, 126, 299, 312, 115, 301, 304, 258, 318, 106, 384, 241, 306, 166]"
diversity_on_nsga2,58,-34.076555687500004,14.1434443125,18.223444312500003,"[30, 69, 67, 94, 82, 54, 28, 20, 17, 91, 5, 4, 9, 41, 7, 88, 18, 71, 38, 53, 43, 12, 51, 62, 47, 86, 61, 59, 45, 35, 29, 11, 89, 40, 8, 80, 15, 22, 31, 42, 50, 46, 2, 65, 23, 60, 55, 74, 26, 36, 93, 24, 37, 39, 6, 87, 83, 32, 49, 25, 56, 33, 79, 76, 77, 68, 75, 10, 57, 48, 58, 16, 90, 64, 70, 19, 14, 81, 73, 78, 1, 34, 63, 84, 85, 66, 72, 13, 92, 52, 27, 3, 21, 44]","[185, 243, 141, 389, 372, 247, 369, 295, 278, 312, 304, 319, 260, 205, 169, 114, 316, 163, 232, 328, 208, 267, 273, 101, 272, 301, 201, 258, 269, 170, 111, 345, 211, 355, 145, 306, 323, 104, 204, 240, 221, 176, 362, 371, 403, 395, 274, 275, 100, 359, 331, 283, 332, 174, 264, 182, 189, 148, 309, 231, 154, 271, 289, 184, 279, 196, 186, 234, 265, 315, 374, 341, 159, 290, 376, 324, 171, 152, 288, 200, 291, 139, 125, 157, 364, 287, 347, 175, 363, 193, 280, 144, 250, 361, 368, 222, 354, 314, 180, 322, 199, 202, 268, 218, 297, 353, 387, 296, 317, 151, 284, 303, 113, 217, 129, 311, 143, 140, 294, 342, 168, 187, 103, 266, 233, 119, 261, 138, 257, 95, 213, 333, 206, 134, 191, 377, 212, 386, 165, 339, 375, 340, 286, 188, 122, 177, 192, 380, 128, 210, 330, 124, 167, 360, 396, 367, 327, 366, 225, 335, 270, 178, 109, 153, 226, 253, 349, 172, 282, 391, 245, 300, 190, 147, 230, 194, 160, 97, 146, 107, 397, 219, 325, 373, 136, 398, 102, 215, 246, 404, 357, 259, 392, 237, 402, 132, 293, 173, 352, 228, 313, 370, 203, 394, 117, 236, 155, 123, 133, 135, 110, 229, 383, 381, 338, 121, 108, 197, 305, 142, 105, 302, 308, 382, 356, 346, 255, 244, 343, 120, 393, 321, 116, 214, 358, 256, 156, 337, 126, 299, 115, 318, 106, 384, 241, 166, 400, 161, 285, 164, 320, 307, 390, 183, 158, 131, 336, 351, 223, 99, 348, 207, 239, 326, 298, 329, 281, 179, 292, 198, 209, 252, 254, 344, 238, 379, 150, 224, 118, 242, 388, 98, 149, 227, 277, 365, 251, 334, 248, 262, 399, 130, 249, 96, 350, 378, 276, 195, 401, 220, 385, 137, 127, 162, 310, 235, 263, 181, 216, 405, 112]"
diversity_on_nsga2,59,-51.81374187022185,13.276258129778158,23.186258129778157,"[30, 82, 67, 8, 46, 5, 12, 37, 41, 88, 71, 27, 68, 4, 62, 47, 61, 60, 35, 29, 56, 77, 65, 11, 26, 49, 89, 40, 20, 84, 15, 9, 6, 87, 83, 32, 54, 24, 50, 31, 18, 74, 52, 79, 7, 75, 86, 59, 2, 85, 53, 25, 48, 39, 3, 17, 10, 57, 42, 58, 90, 78, 69, 70, 1, 34, 14, 19, 80, 43, 72, 94, 63, 45, 55, 51, 76, 64, 16, 92, 73, 23, 33, 36, 66, 81, 13, 22, 38, 21, 44, 28, 93, 91]","[152, 99, 254, 382, 198, 128, 279, 217, 216, 250, 405, 112, 185, 316, 163, 288, 258, 328, 267, 283, 243, 247, 301, 175, 201, 369, 266, 144, 319, 260, 205, 280, 169, 114, 261, 138, 257, 354, 228, 400, 307, 364, 96, 158, 333, 210, 336, 385, 102, 244, 274, 155, 277, 282, 146, 95, 344, 334, 387, 226, 326, 396, 197, 347, 317, 241, 239, 245, 129, 346, 303, 220, 383, 231, 157, 352, 225, 156, 298, 187, 269, 395, 363, 295, 111, 345, 309, 211, 143, 278, 145, 306, 312, 304, 271, 101, 321, 190, 191, 139, 154, 182, 310, 324, 325, 137, 118, 104, 115, 149, 252, 348, 208, 168, 236, 209, 117, 341, 183, 232, 378, 181, 338, 240, 107, 166, 384, 126, 342, 249, 120, 256, 108, 98, 272, 337, 132, 123, 200, 223, 136, 335, 302, 189, 273, 380, 373, 330, 370, 349, 355, 161, 159, 358, 318, 97, 389, 214, 188, 177, 311, 300, 374, 339, 314, 165, 176, 285, 151, 171, 184, 147, 264, 106, 388, 372, 174, 386, 204, 212, 293, 362, 179, 403, 195, 140, 253, 234, 393, 366, 167, 153, 237, 320, 206, 170, 397, 235, 343, 222, 119, 401, 308, 367, 262, 141, 356, 379, 359, 357, 103, 224, 327, 263, 350, 127, 381, 229, 291, 281, 313, 227, 270, 124, 215, 221, 351, 238, 259, 289, 368, 248, 296, 255, 162, 130, 164, 178, 323, 391, 173, 305, 398, 135, 148, 394, 276, 113, 286, 116, 275, 125, 230, 365, 172, 287, 402, 196, 251, 332, 340, 268, 233, 292, 193, 110, 376, 105, 375, 203, 329, 315, 361, 294, 202, 207, 246, 353, 109, 360, 160, 180, 390, 150, 299, 219, 265, 284, 199, 290, 100, 121, 297, 218, 377, 186, 192, 122, 331, 142, 134, 213, 133, 399, 242, 131, 404, 371, 392, 322, 194]"
diversity_on_nsga2,60,-105.32539526273239,30.774604737267616,95.77460473726762,"[82, 91, 21, 20, 44, 28, 54, 30, 75, 1, 5, 4, 9, 74, 83, 65, 18, 38, 68, 62, 12, 86, 43, 51, 61, 59, 47, 35, 29, 11, 8, 84, 15, 22, 33, 48, 19, 77, 88, 45, 63, 40, 71, 23, 60, 55, 2, 26, 36, 93, 25, 37, 39, 6, 87, 7, 32, 49, 24, 56, 13, 79, 76, 41, 52, 17, 31, 57, 72, 58, 16, 90, 64, 78, 10, 73, 70, 69, 34, 50, 14, 46, 89, 80, 85, 66, 3, 81, 92, 53, 27, 42, 67, 94]","[337, 299, 327, 217, 350, 127, 381, 229, 291, 313, 227, 98, 240, 270, 124, 215, 370, 221, 374, 136, 247, 115, 302, 182, 165, 223, 361, 108, 338, 241, 399, 242, 131, 404, 371, 118, 392, 322, 153, 164, 99, 254, 162, 198, 271, 283, 104, 348, 263, 181, 216, 250, 405, 200, 112, 185, 341, 316, 163, 288, 342, 279, 273, 243, 301, 175, 201, 369, 266, 144, 187, 395, 363, 295, 111, 345, 309, 211, 143, 278, 355, 145, 312, 304, 319, 280, 114, 261, 138, 257, 354, 330, 228, 360, 400, 307, 364, 96, 264, 204, 333, 210, 385, 102, 244, 282, 397, 95, 344, 387, 226, 326, 396, 120, 256, 197, 151, 317, 249, 129, 346, 384, 303, 220, 383, 239, 231, 126, 380, 147, 245, 214, 188, 177, 311, 349, 356, 314, 373, 176, 347, 171, 184, 157, 158, 106, 137, 174, 386, 196, 212, 156, 298, 293, 362, 335, 403, 195, 140, 234, 393, 366, 101, 168, 189, 285, 372, 159, 191, 139, 154, 310, 324, 325, 148, 394, 276, 113, 286, 116, 275, 125, 230, 365, 172, 287, 274, 382, 251, 332, 340, 268, 233, 292, 193, 110, 376, 105, 375, 315, 183, 294, 202, 235, 358, 123, 225, 166, 318, 128, 141, 389, 167, 178, 323, 391, 173, 305, 281, 149, 155, 258, 146, 205, 328, 179, 329, 203, 398, 232, 169, 334, 277, 306, 352, 208, 357, 339, 117, 260, 97, 132, 252, 388, 351, 336, 321, 161, 320, 390, 353, 186, 103, 222, 289, 238, 379, 224, 152, 297, 296, 248, 262, 130, 368, 267, 269, 401, 119, 180, 213, 343, 206, 134, 377, 218, 209, 207, 378, 100, 135, 121, 272, 122, 192, 190, 367, 236, 265, 160, 109, 331, 402, 150, 300, 359, 237, 194, 284, 253, 290, 107, 219, 246, 259, 133, 142, 308, 255, 199, 170]"
diversity_on_nsga2,61,-36.966733375,14.403266624999999,19.933266625,"[90, 45, 76, 23, 89, 17, 33, 35, 25, 88, 52, 30, 2, 65, 87, 51, 42, 66, 69, 67, 50, 79, 72, 71, 59, 49, 24, 75, 94, 3, 86, 53, 8, 39, 34, 6, 60, 55, 31, 18, 70, 77, 38, 63, 73, 82, 9, 48, 40, 81, 11, 58, 61, 26, 20, 46, 41, 19, 43, 32, 74, 47, 7, 93, 85, 1, 64, 29, 4, 15, 22, 44, 68, 36, 28, 16, 78, 37, 84, 80, 91, 83, 62, 10, 5, 12, 14, 21, 13, 56, 54, 27, 57, 92]","[283, 187, 354, 374, 171, 351, 223, 99, 362, 348, 207, 376, 279, 298, 329, 332, 281, 179, 268, 222, 350, 198, 209, 221, 289, 291, 193, 252, 254, 274, 243, 238, 244, 150, 224, 118, 184, 114, 271, 152, 143, 242, 388, 98, 211, 169, 297, 149, 227, 277, 200, 233, 218, 296, 405, 251, 139, 112, 231, 334, 359, 248, 262, 113, 294, 265, 140, 399, 130, 368, 315, 295, 250, 328, 96, 267, 292, 123, 276, 239, 341, 204, 141, 261, 345, 324, 401, 220, 385, 137, 127, 196, 119, 162, 347, 195, 344, 151, 154, 310, 182, 235, 331, 189, 180, 95, 213, 378, 128, 210, 365, 330, 124, 167, 159, 360, 396, 367, 181, 284, 327, 163, 366, 225, 335, 270, 178, 109, 168, 153, 226, 199, 287, 202, 333, 206, 361, 249, 134, 395, 191, 377, 319, 212, 280, 386, 165, 317, 157, 309, 339, 375, 340, 364, 286, 232, 188, 363, 314, 342, 288, 122, 177, 192, 380, 247, 253, 349, 104, 138, 172, 282, 391, 245, 300, 190, 257, 355, 147, 230, 290, 101, 264, 194, 322, 160, 97, 146, 107, 174, 273, 397, 175, 219, 201, 145, 325, 373, 136, 234, 398, 102, 215, 311, 246, 148, 404, 357, 216, 259, 387, 392, 237, 402, 132, 293, 369, 173, 352, 403, 275, 228, 144, 260, 217, 272, 313, 336, 370, 203, 394, 117, 100, 236, 155, 316, 208, 269, 371, 133, 135, 110, 229, 185, 383, 205, 389, 381, 338, 121, 108, 197, 305, 142, 105, 302, 308, 382, 323, 356, 346, 255, 379, 343, 120, 393, 321, 116, 214, 111, 358, 256, 156, 170, 337, 126, 299, 312, 115, 301, 304, 258, 318, 106, 384, 241, 306, 166, 400, 161, 285, 164, 320, 125, 278, 266, 307, 372, 303, 390, 183, 176, 240, 129, 158, 131, 353, 186, 263, 326, 103]"
diversity_on_nsga2,62,-41.1,8.44,30.4,"[60, 59, 40, 8, 50, 77, 26, 49, 37, 24, 18, 36, 15, 63, 45, 23, 4, 28, 35, 86, 89, 55, 33, 46, 82, 29, 9, 75, 6, 93, 5, 71, 20, 92, 94, 21, 12, 30, 84, 2, 1, 25, 67, 32, 3, 43, 7, 65, 22, 48, 39, 61, 87, 41, 14, 38, 88, 73, 53, 44, 56, 31, 79, 76, 74, 52, 17, 10, 57, 42, 58, 16, 90, 64, 78, 81, 11, 70, 69, 34, 54, 19, 83, 80, 85, 66, 72, 13, 91, 27, 68, 51, 62, 47]","[254, 199, 203, 217, 300, 313, 285, 148, 331, 105, 164, 291, 349, 391, 183, 161, 251, 178, 365, 290, 109, 224, 173, 248, 156, 116, 202, 255, 404, 348, 379, 327, 194, 99, 337, 389, 271, 107, 361, 232, 323, 376, 259, 368, 277, 185, 274, 140, 377, 162, 139, 212, 296, 192, 237, 351, 149, 213, 341, 392, 247, 160, 227, 322, 246, 398, 242, 117, 260, 297, 200, 196, 390, 115, 179, 229, 305, 316, 163, 288, 342, 283, 273, 243, 180, 301, 175, 221, 369, 266, 144, 187, 395, 363, 295, 111, 345, 309, 211, 143, 278, 355, 145, 312, 304, 319, 280, 114, 261, 138, 257, 354, 330, 228, 360, 400, 307, 364, 96, 158, 204, 333, 210, 385, 102, 244, 282, 397, 95, 344, 387, 226, 326, 396, 120, 256, 197, 151, 317, 249, 129, 346, 384, 303, 220, 383, 239, 231, 126, 380, 147, 245, 214, 188, 177, 311, 374, 356, 314, 165, 176, 347, 171, 184, 157, 264, 106, 137, 174, 386, 279, 119, 362, 394, 338, 262, 332, 135, 121, 128, 201, 267, 235, 100, 234, 110, 172, 141, 186, 154, 134, 402, 388, 281, 152, 104, 155, 263, 216, 258, 292, 191, 318, 340, 132, 270, 336, 335, 195, 170, 325, 122, 320, 367, 222, 405, 230, 334, 358, 381, 308, 359, 124, 215, 238, 289, 378, 150, 142, 133, 399, 382, 198, 269, 205, 146, 339, 298, 403, 130, 321, 182, 310, 324, 275, 125, 329, 208, 218, 168, 209, 240, 315, 98, 272, 123, 136, 302, 293, 393, 189, 373, 276, 268, 233, 193, 375, 219, 353, 206, 343, 190, 328, 159, 306, 265, 181, 284, 112, 241, 153, 225, 118, 357, 286, 366, 108, 352, 97, 127, 370, 131, 350, 371, 101, 287, 372, 166, 223, 167, 207, 253, 250, 169, 103, 299, 236, 401, 252, 113, 294]"
diversity_on_nsga2,63,-91.74809037374999,25.531909626250005,64.55190962625,"[28, 91, 30, 82, 67, 14, 94, 20, 8, 1, 5, 4, 9, 41, 7, 65, 18, 71, 38, 68, 43, 12, 51, 62, 47, 86, 61, 59, 45, 35, 29, 89, 40, 75, 84, 15, 22, 33, 48, 50, 46, 77, 88, 23, 60, 55, 2, 26, 36, 93, 25, 37, 39, 6, 87, 63, 32, 49, 24, 56, 31, 79, 76, 74, 52, 11, 17, 10, 57, 42, 58, 16, 90, 64, 78, 81, 73, 70, 69, 34, 54, 19, 83, 80, 85, 66, 72, 13, 92, 53, 27, 3, 21, 44]","[327, 217, 257, 397, 245, 127, 381, 229, 291, 313, 227, 98, 240, 270, 124, 215, 370, 221, 238, 259, 289, 368, 296, 255, 130, 349, 136, 109, 135, 247, 390, 115, 302, 150, 299, 219, 265, 373, 284, 223, 199, 290, 183, 100, 108, 121, 338, 151, 134, 241, 399, 242, 131, 404, 371, 118, 392, 322, 153, 164, 99, 254, 382, 198, 271, 279, 104, 348, 263, 181, 216, 250, 405, 200, 112, 185, 341, 316, 163, 288, 342, 283, 273, 243, 180, 301, 175, 201, 369, 266, 144, 187, 395, 363, 295, 111, 345, 309, 211, 143, 278, 355, 145, 312, 197, 319, 280, 114, 261, 138, 376, 354, 330, 228, 360, 400, 307, 364, 96, 158, 204, 333, 210, 385, 102, 244, 282, 350, 95, 344, 387, 226, 326, 396, 120, 256, 304, 142, 317, 249, 129, 346, 384, 303, 220, 383, 239, 231, 126, 380, 147, 343, 214, 188, 177, 311, 374, 356, 314, 165, 176, 347, 171, 184, 157, 264, 106, 137, 174, 386, 162, 212, 178, 298, 293, 362, 335, 403, 195, 140, 234, 393, 366, 101, 168, 189, 107, 372, 190, 191, 139, 154, 182, 310, 324, 325, 148, 394, 276, 113, 286, 116, 275, 125, 230, 365, 172, 287, 402, 196, 251, 332, 340, 268, 233, 292, 193, 110, 105, 375, 315, 361, 294, 202, 235, 358, 123, 389, 166, 318, 128, 97, 225, 167, 156, 323, 391, 173, 305, 398, 321, 155, 258, 146, 205, 248, 328, 179, 329, 203, 281, 232, 169, 334, 277, 306, 352, 208, 357, 339, 117, 260, 141, 132, 252, 388, 351, 336, 149, 285, 194, 253, 401, 133, 274, 269, 267, 300, 160, 152, 378, 213, 209, 236, 207, 246, 353, 237, 320, 206, 170, 297, 218, 377, 186, 192, 122, 331, 222, 159, 119, 272, 308, 337, 367, 161, 262, 379, 359, 103, 224]"
diversity_on_nsga2,64,-34.651064375000004,18.818935624999998,13.148935624999998,"[69, 94, 3, 53, 25, 64, 62, 76, 23, 21, 83, 17, 26, 32, 39, 34, 6, 60, 55, 31, 18, 70, 93, 63, 86, 61, 59, 45, 35, 29, 11, 89, 40, 8, 84, 15, 22, 33, 48, 50, 46, 77, 65, 73, 82, 9, 81, 92, 20, 41, 19, 43, 80, 74, 47, 7, 38, 85, 1, 14, 4, 52, 44, 68, 36, 28, 42, 78, 37, 30, 58, 16, 90, 75, 13, 56, 54, 27, 57, 12, 88, 66, 79, 71, 49, 24, 51, 10, 67, 2, 72, 5, 91, 87]","[274, 344, 243, 238, 379, 150, 224, 118, 114, 271, 120, 388, 98, 211, 169, 149, 227, 309, 339, 364, 232, 363, 342, 288, 247, 277, 272, 296, 405, 334, 359, 248, 262, 269, 399, 130, 368, 295, 249, 328, 96, 267, 350, 265, 341, 204, 141, 261, 345, 401, 385, 127, 119, 162, 235, 180, 95, 327, 330, 124, 167, 199, 333, 250, 134, 395, 319, 280, 317, 159, 360, 396, 367, 181, 284, 163, 270, 290, 397, 175, 201, 151, 145, 228, 260, 217, 279, 203, 100, 155, 371, 135, 229, 185, 205, 381, 338, 178, 109, 153, 226, 253, 349, 104, 138, 391, 210, 257, 355, 112, 194, 322, 146, 273, 121, 108, 197, 305, 323, 346, 382, 136, 398, 102, 215, 404, 357, 216, 259, 303, 220, 383, 239, 231, 126, 380, 147, 245, 214, 188, 177, 311, 374, 356, 314, 165, 176, 105, 282, 184, 157, 264, 106, 137, 174, 386, 343, 212, 156, 298, 293, 362, 335, 403, 195, 140, 234, 393, 366, 101, 168, 189, 107, 283, 190, 191, 139, 154, 182, 310, 324, 325, 148, 329, 276, 113, 286, 116, 275, 125, 230, 365, 172, 287, 402, 196, 251, 332, 340, 268, 233, 292, 193, 110, 376, 347, 375, 315, 361, 294, 202, 358, 123, 225, 166, 318, 128, 97, 387, 392, 132, 369, 173, 352, 144, 200, 313, 370, 117, 316, 208, 133, 389, 142, 302, 308, 373, 219, 244, 291, 321, 111, 256, 337, 299, 312, 115, 301, 304, 258, 242, 255, 384, 241, 306, 400, 161, 285, 164, 278, 266, 307, 372, 390, 183, 240, 129, 158, 131, 263, 336, 103, 187, 354, 171, 351, 223, 99, 300, 160, 152, 378, 213, 209, 236, 207, 246, 353, 237, 320, 206, 170, 297, 218, 377, 186, 192, 122, 331, 348, 326, 394, 281, 179, 222, 198, 221, 289, 143, 252, 254]"
diversity_on_nsga2,65,-102.84959057484697,36.64040942515301,85.75040942515301,"[28, 91, 30, 82, 67, 14, 94, 20, 8, 1, 5, 9, 41, 7, 65, 18, 48, 38, 22, 43, 33, 13, 47, 86, 61, 89, 45, 35, 29, 51, 59, 40, 75, 4, 15, 68, 73, 71, 50, 46, 77, 88, 23, 60, 44, 55, 2, 26, 36, 93, 37, 39, 6, 87, 63, 32, 49, 24, 56, 31, 79, 76, 74, 52, 17, 12, 57, 42, 58, 16, 90, 64, 78, 81, 11, 70, 69, 34, 84, 25, 54, 19, 83, 80, 85, 66, 72, 62, 92, 53, 27, 3, 21, 10]","[103, 224, 327, 217, 350, 127, 381, 229, 291, 313, 227, 98, 240, 270, 124, 215, 370, 221, 238, 259, 289, 368, 296, 255, 130, 349, 136, 109, 135, 247, 390, 115, 302, 150, 299, 219, 265, 373, 284, 223, 199, 290, 183, 100, 108, 121, 338, 142, 134, 241, 399, 242, 131, 404, 371, 118, 392, 322, 153, 164, 99, 254, 382, 198, 271, 279, 104, 348, 263, 181, 216, 250, 405, 200, 112, 185, 341, 316, 163, 288, 342, 283, 273, 243, 180, 301, 175, 201, 369, 107, 144, 187, 395, 363, 295, 111, 214, 309, 211, 143, 278, 355, 145, 312, 304, 319, 267, 114, 261, 138, 257, 354, 330, 228, 360, 400, 307, 364, 308, 158, 204, 333, 210, 385, 102, 244, 282, 397, 95, 344, 387, 226, 326, 396, 120, 256, 197, 151, 317, 249, 129, 346, 384, 303, 220, 383, 239, 231, 126, 380, 147, 245, 345, 188, 177, 311, 374, 356, 314, 165, 176, 347, 171, 184, 157, 264, 106, 137, 174, 386, 162, 212, 178, 298, 293, 362, 335, 403, 195, 140, 234, 393, 366, 101, 168, 189, 266, 372, 190, 191, 139, 154, 182, 310, 274, 325, 148, 394, 276, 113, 286, 116, 275, 125, 230, 365, 172, 287, 402, 196, 251, 332, 340, 268, 233, 292, 193, 110, 376, 105, 375, 315, 361, 294, 202, 235, 358, 123, 225, 166, 318, 128, 97, 389, 167, 156, 323, 391, 173, 305, 398, 321, 155, 258, 146, 205, 248, 328, 179, 329, 203, 281, 232, 169, 334, 277, 306, 352, 208, 357, 339, 117, 260, 141, 132, 252, 388, 351, 336, 149, 285, 194, 253, 401, 133, 324, 269, 280, 300, 160, 152, 378, 213, 209, 236, 207, 246, 353, 237, 320, 206, 170, 297, 218, 377, 186, 192, 122, 331, 343, 222, 159, 119, 272, 96, 337, 367, 161, 262, 379, 359]"
diversity_on_nsga2,66,-58.09043244565806,18.529567554341945,26.809567554341946,"[72, 5, 65, 91, 80, 94, 3, 86, 53, 8, 39, 60, 30, 18, 77, 93, 63, 82, 81, 48, 40, 6, 25, 62, 23, 21, 89, 17, 9, 11, 26, 41, 19, 43, 47, 7, 85, 1, 29, 4, 15, 44, 68, 36, 28, 37, 33, 61, 46, 87, 83, 42, 49, 24, 56, 31, 79, 76, 74, 52, 58, 10, 57, 32, 27, 16, 78, 13, 73, 70, 69, 34, 50, 14, 55, 75, 54, 92, 90, 45, 64, 38, 12, 20, 35, 88, 22, 84, 66, 71, 59, 51, 67, 2]","[274, 344, 243, 379, 114, 271, 152, 143, 211, 169, 286, 364, 363, 288, 247, 277, 405, 139, 231, 334, 262, 113, 295, 328, 96, 267, 269, 261, 345, 401, 220, 385, 119, 324, 154, 310, 182, 95, 128, 333, 250, 395, 191, 319, 280, 317, 396, 367, 163, 225, 175, 356, 201, 151, 145, 325, 228, 260, 217, 279, 155, 185, 383, 205, 226, 138, 282, 245, 210, 190, 257, 147, 112, 101, 194, 322, 146, 197, 346, 382, 387, 369, 144, 316, 142, 308, 244, 321, 116, 111, 156, 337, 312, 301, 304, 258, 241, 306, 400, 161, 275, 230, 196, 118, 104, 115, 149, 252, 332, 329, 348, 208, 218, 168, 236, 209, 207, 360, 117, 341, 232, 378, 181, 338, 240, 107, 166, 315, 384, 126, 342, 249, 120, 256, 108, 98, 272, 132, 123, 200, 223, 335, 302, 290, 273, 380, 330, 370, 349, 355, 159, 358, 318, 97, 389, 214, 188, 177, 300, 374, 339, 314, 165, 176, 285, 347, 171, 184, 157, 264, 106, 388, 137, 174, 386, 204, 212, 293, 362, 179, 403, 195, 140, 253, 393, 366, 167, 153, 178, 323, 391, 173, 289, 394, 276, 365, 172, 373, 136, 234, 398, 102, 215, 311, 246, 148, 357, 216, 287, 402, 251, 340, 268, 233, 292, 193, 110, 376, 105, 375, 203, 361, 294, 202, 377, 353, 237, 206, 170, 297, 397, 235, 186, 192, 122, 331, 343, 222, 141, 352, 359, 103, 224, 327, 263, 350, 127, 381, 229, 291, 281, 313, 227, 270, 124, 221, 351, 238, 259, 305, 368, 248, 296, 255, 162, 130, 164, 109, 135, 160, 180, 150, 299, 219, 265, 284, 199, 189, 100, 121, 309, 134, 213, 133, 399, 242, 131, 404, 371, 392, 320, 125, 278, 266, 307, 372, 303, 390, 183, 129, 158, 336, 283, 187, 354, 99, 239, 326, 298, 198, 254]"
diversity_on_nsga2,67,-82.910187375,32.339812625,42.289812625,"[23, 91, 21, 83, 89, 17, 76, 35, 33, 88, 22, 42, 2, 65, 87, 46, 30, 66, 69, 67, 50, 79, 72, 71, 49, 92, 75, 94, 3, 86, 53, 73, 39, 34, 6, 16, 78, 31, 18, 70, 77, 93, 63, 8, 20, 9, 48, 40, 81, 11, 58, 26, 82, 51, 41, 19, 43, 32, 74, 47, 7, 12, 85, 1, 14, 29, 4, 15, 52, 44, 68, 36, 38, 25, 90, 84, 80, 13, 56, 54, 27, 57, 59, 60, 45, 64, 5, 10, 62, 24, 37, 28, 61, 55]","[400, 161, 285, 164, 311, 125, 278, 266, 307, 372, 303, 390, 328, 176, 240, 129, 158, 131, 353, 186, 263, 336, 103, 283, 187, 354, 374, 171, 351, 223, 99, 362, 348, 207, 376, 212, 326, 298, 329, 332, 281, 179, 292, 222, 350, 198, 209, 221, 289, 291, 193, 252, 254, 274, 363, 243, 238, 379, 150, 224, 118, 184, 114, 271, 152, 143, 388, 98, 211, 169, 297, 149, 227, 277, 200, 233, 174, 218, 296, 405, 251, 139, 112, 231, 334, 359, 248, 262, 113, 294, 265, 140, 399, 130, 368, 315, 295, 249, 183, 96, 267, 268, 286, 269, 276, 195, 341, 204, 141, 261, 345, 324, 401, 220, 385, 137, 127, 196, 119, 162, 347, 154, 310, 182, 235, 331, 189, 180, 95, 213, 199, 287, 202, 333, 206, 361, 250, 134, 395, 191, 377, 319, 239, 280, 386, 229, 165, 317, 157, 309, 339, 375, 177, 364, 378, 232, 188, 344, 314, 342, 288, 122, 340, 192, 380, 247, 128, 210, 365, 330, 124, 167, 159, 360, 396, 367, 181, 284, 327, 163, 366, 225, 335, 337, 178, 109, 168, 153, 226, 253, 349, 104, 138, 172, 304, 391, 245, 300, 190, 257, 355, 147, 230, 290, 101, 264, 194, 322, 160, 97, 146, 107, 273, 397, 175, 219, 201, 151, 145, 325, 373, 136, 234, 398, 102, 215, 320, 246, 148, 404, 357, 216, 259, 387, 392, 237, 402, 132, 293, 369, 173, 352, 403, 275, 228, 144, 260, 217, 272, 313, 279, 370, 203, 394, 117, 100, 236, 155, 316, 208, 123, 371, 133, 135, 110, 242, 185, 383, 205, 389, 381, 338, 121, 108, 197, 305, 142, 105, 302, 308, 382, 323, 356, 346, 255, 244, 343, 120, 393, 321, 116, 214, 111, 358, 256, 156, 170, 270, 126, 299, 312, 115, 301, 282, 258, 318, 106, 384, 241, 306, 166]"
diversity_on_nsga2,68,-63.92880935244012,20.191190647559875,34.47119064755988,"[91, 30, 67, 20, 55, 69, 5, 4, 9, 41, 7, 17, 18, 71, 68, 43, 51, 62, 33, 21, 14, 47, 86, 61, 42, 94, 32, 48, 45, 35, 40, 8, 84, 15, 22, 72, 29, 50, 46, 77, 88, 23, 11, 16, 2, 26, 49, 89, 25, 37, 39, 6, 87, 83, 59, 36, 54, 24, 56, 79, 76, 19, 38, 93, 12, 31, 74, 52, 65, 10, 57, 60, 58, 75, 82, 64, 78, 81, 73, 70, 1, 34, 3, 63, 80, 85, 66, 90, 13, 92, 53, 27, 44, 28]","[403, 395, 274, 275, 100, 359, 283, 332, 174, 264, 181, 231, 271, 289, 184, 267, 269, 276, 204, 345, 182, 331, 189, 180, 134, 309, 378, 232, 247, 148, 163, 109, 259, 248, 255, 123, 357, 328, 166, 381, 229, 281, 313, 132, 227, 98, 270, 124, 215, 351, 238, 130, 252, 135, 160, 390, 115, 302, 150, 299, 219, 97, 373, 136, 352, 196, 186, 234, 265, 315, 175, 341, 159, 290, 376, 324, 171, 152, 288, 200, 291, 251, 125, 157, 364, 287, 347, 374, 363, 193, 280, 144, 250, 361, 368, 222, 354, 314, 101, 322, 199, 296, 268, 218, 297, 353, 387, 202, 317, 151, 284, 303, 113, 217, 129, 311, 143, 140, 294, 342, 168, 358, 103, 266, 233, 119, 278, 190, 369, 226, 379, 401, 138, 230, 102, 243, 404, 122, 118, 312, 273, 319, 260, 205, 169, 114, 261, 257, 173, 330, 228, 360, 400, 307, 96, 158, 333, 210, 336, 385, 244, 155, 277, 282, 146, 95, 344, 334, 326, 396, 120, 256, 197, 293, 213, 249, 346, 384, 220, 383, 126, 380, 147, 245, 214, 188, 177, 389, 300, 339, 356, 165, 285, 106, 388, 137, 225, 386, 162, 212, 156, 298, 179, 335, 195, 253, 393, 366, 321, 107, 372, 191, 139, 154, 310, 325, 394, 286, 116, 365, 172, 402, 340, 292, 167, 110, 105, 375, 203, 329, 377, 236, 207, 246, 237, 398, 320, 206, 149, 170, 397, 235, 178, 192, 370, 343, 239, 308, 337, 187, 117, 367, 161, 262, 141, 279, 349, 224, 327, 350, 127, 223, 318, 183, 108, 121, 209, 338, 142, 241, 133, 399, 242, 131, 392, 305, 194, 153, 164, 99, 391, 254, 382, 198, 128, 348, 263, 216, 405, 112, 185, 316, 208, 304, 272, 301, 201, 258, 295, 111, 211, 355, 145, 306, 323, 221, 240, 104, 176, 362, 371]"
diversity_on_nsga2,69,-52.847431797350396,18.002568202649606,17.152568202649604,"[91, 32, 83, 89, 17, 33, 35, 25, 88, 30, 2, 65, 87, 51, 42, 66, 69, 67, 50, 79, 72, 71, 59, 49, 24, 75, 94, 3, 86, 53, 8, 39, 34, 6, 60, 55, 31, 18, 70, 77, 63, 73, 82, 9, 48, 40, 81, 11, 58, 61, 26, 20, 46, 41, 93, 64, 22, 19, 43, 21, 74, 47, 7, 38, 85, 1, 14, 29, 4, 15, 52, 44, 68, 36, 28, 16, 78, 37, 84, 80, 13, 56, 54, 27, 45, 92, 12, 90, 57, 5, 10, 62, 76, 23]","[400, 161, 285, 164, 320, 125, 278, 266, 307, 372, 303, 390, 183, 176, 240, 129, 158, 131, 353, 186, 263, 336, 103, 283, 187, 354, 374, 171, 351, 223, 99, 362, 348, 207, 376, 239, 326, 298, 329, 332, 281, 179, 268, 222, 292, 198, 209, 221, 289, 291, 193, 252, 254, 274, 344, 243, 238, 379, 150, 224, 118, 184, 114, 271, 152, 143, 242, 388, 98, 211, 169, 297, 149, 227, 277, 200, 233, 174, 218, 296, 405, 251, 139, 112, 231, 334, 359, 248, 262, 113, 294, 265, 140, 399, 130, 368, 315, 295, 249, 328, 96, 267, 350, 378, 269, 276, 195, 341, 204, 141, 261, 345, 324, 401, 220, 385, 137, 127, 196, 119, 162, 347, 154, 310, 182, 235, 331, 189, 180, 95, 213, 199, 287, 202, 333, 206, 361, 250, 134, 395, 191, 377, 319, 212, 280, 386, 165, 317, 157, 309, 339, 375, 340, 364, 286, 232, 188, 363, 314, 342, 288, 122, 177, 192, 380, 247, 128, 210, 373, 330, 124, 167, 159, 360, 396, 367, 181, 284, 327, 163, 366, 225, 335, 270, 178, 109, 168, 153, 226, 253, 100, 104, 138, 172, 282, 391, 245, 300, 190, 257, 355, 147, 230, 290, 101, 264, 194, 322, 160, 97, 146, 107, 273, 397, 175, 219, 201, 151, 145, 325, 365, 136, 234, 398, 102, 215, 311, 246, 148, 404, 357, 216, 259, 387, 392, 237, 402, 132, 293, 369, 173, 352, 403, 275, 228, 144, 260, 217, 272, 313, 279, 370, 203, 394, 117, 349, 236, 155, 316, 208, 123, 371, 133, 135, 110, 229, 185, 383, 205, 389, 381, 338, 121, 108, 197, 305, 142, 105, 302, 308, 382, 323, 356, 346, 255, 244, 343, 120, 393, 321, 116, 214, 111, 358, 256, 156, 170, 337, 126, 299, 312, 115, 301, 304, 258, 318, 106, 384, 241, 306, 166]"
diversity_on_nsga2,70,-81.05235627616149,23.337643723838525,65.94764372383851,"[6, 16, 78, 31, 49, 67, 20, 55, 69, 5, 4, 9, 41, 7, 17, 18, 71, 68, 43, 88, 62, 47, 86, 61, 42, 94, 59, 48, 45, 35, 40, 8, 84, 15, 58, 33, 29, 50, 46, 23, 51, 93, 63, 81, 11, 22, 80, 82, 19, 32, 74, 12, 85, 1, 14, 52, 44, 36, 28, 60, 25, 21, 3, 13, 56, 54, 27, 57, 92, 38, 90, 64, 24, 76, 77, 91, 37, 83, 89, 10, 2, 65, 87, 30, 66, 79, 72, 70, 75, 26, 53, 73, 39, 34]","[252, 254, 274, 238, 150, 224, 184, 271, 152, 242, 388, 98, 211, 149, 227, 200, 391, 405, 251, 139, 112, 231, 359, 248, 262, 265, 399, 130, 315, 295, 328, 267, 292, 286, 269, 276, 195, 341, 204, 141, 345, 324, 137, 127, 196, 162, 154, 310, 182, 235, 331, 189, 180, 206, 134, 395, 191, 377, 239, 280, 386, 165, 309, 339, 375, 177, 378, 232, 188, 288, 340, 192, 380, 247, 128, 365, 124, 167, 159, 367, 181, 327, 163, 157, 364, 287, 347, 374, 373, 193, 298, 144, 250, 361, 368, 222, 354, 314, 101, 322, 199, 245, 268, 218, 297, 353, 387, 202, 317, 151, 284, 303, 113, 217, 129, 311, 143, 140, 294, 342, 168, 187, 103, 266, 233, 119, 278, 190, 369, 226, 379, 401, 138, 230, 102, 243, 404, 122, 118, 312, 304, 319, 260, 205, 169, 114, 261, 257, 173, 330, 228, 360, 400, 307, 96, 158, 333, 210, 336, 385, 244, 155, 277, 282, 146, 95, 344, 334, 326, 396, 120, 256, 197, 293, 213, 249, 346, 384, 220, 383, 366, 335, 270, 178, 109, 153, 253, 349, 104, 172, 174, 296, 300, 355, 147, 290, 264, 194, 160, 97, 107, 273, 397, 175, 219, 201, 225, 145, 325, 299, 136, 234, 398, 215, 246, 148, 357, 216, 259, 392, 237, 402, 132, 352, 403, 275, 272, 313, 279, 370, 203, 394, 117, 100, 236, 316, 208, 123, 371, 133, 135, 110, 229, 185, 389, 381, 338, 121, 108, 305, 142, 105, 302, 308, 382, 323, 356, 255, 343, 393, 321, 116, 214, 111, 358, 156, 170, 337, 126, 363, 115, 301, 258, 318, 106, 241, 306, 166, 161, 285, 164, 320, 125, 372, 390, 183, 176, 240, 131, 186, 263, 283, 171, 351, 223, 99, 362, 348, 207, 376, 212, 329, 332, 281, 179, 350, 198, 209, 221, 289, 291]"
diversity_on_nsga2,71,-62.59723236125,13.06276763875,34.202767638750004,"[93, 91, 30, 82, 67, 8, 46, 5, 12, 37, 41, 88, 71, 27, 68, 4, 62, 47, 61, 60, 35, 29, 56, 77, 65, 11, 26, 49, 89, 40, 20, 84, 25, 15, 9, 6, 87, 83, 32, 54, 24, 50, 31, 18, 74, 52, 79, 7, 75, 86, 59, 2, 85, 53, 3, 17, 10, 57, 42, 58, 90, 78, 69, 70, 1, 34, 14, 19, 80, 43, 48, 94, 39, 63, 45, 55, 51, 76, 64, 16, 92, 72, 73, 23, 33, 36, 66, 81, 13, 22, 38, 21, 44, 28]","[152, 99, 254, 382, 198, 128, 279, 217, 216, 250, 405, 112, 185, 316, 163, 288, 258, 328, 267, 283, 243, 247, 301, 175, 201, 369, 266, 144, 319, 260, 205, 280, 169, 114, 261, 138, 257, 354, 228, 400, 307, 364, 96, 158, 333, 210, 336, 385, 102, 244, 274, 155, 277, 282, 146, 95, 344, 334, 387, 226, 326, 396, 197, 347, 317, 241, 239, 245, 129, 346, 303, 220, 383, 231, 157, 352, 225, 156, 298, 187, 269, 395, 363, 295, 111, 345, 309, 211, 143, 278, 145, 306, 312, 304, 271, 101, 321, 190, 191, 139, 154, 182, 310, 324, 325, 372, 118, 104, 115, 149, 252, 348, 208, 218, 168, 236, 209, 117, 341, 183, 232, 378, 181, 338, 240, 107, 166, 384, 126, 342, 249, 120, 256, 108, 98, 272, 337, 132, 123, 200, 223, 136, 335, 302, 189, 273, 380, 373, 330, 370, 349, 355, 161, 159, 358, 318, 97, 389, 214, 188, 177, 311, 300, 374, 339, 314, 165, 176, 285, 151, 171, 184, 147, 264, 106, 388, 137, 174, 386, 204, 212, 293, 362, 179, 403, 195, 140, 253, 234, 393, 366, 167, 153, 237, 320, 206, 170, 297, 397, 235, 186, 192, 122, 331, 343, 222, 119, 401, 308, 367, 262, 141, 356, 379, 359, 357, 103, 224, 327, 263, 350, 127, 381, 229, 291, 281, 313, 227, 270, 124, 215, 221, 351, 238, 259, 289, 368, 248, 296, 255, 162, 130, 164, 178, 323, 391, 173, 305, 398, 135, 148, 394, 276, 113, 286, 116, 275, 125, 230, 365, 172, 287, 402, 196, 251, 332, 340, 268, 233, 292, 193, 110, 376, 105, 375, 203, 329, 315, 361, 294, 202, 377, 207, 246, 353, 109, 360, 160, 180, 390, 150, 299, 219, 265, 284, 199, 290, 100, 121, 142, 134, 213, 133, 399, 242, 131, 404, 371, 392, 322, 194]"
diversity_on_nsga2,72,-63.399870795881355,22.630129204118653,29.800129204118655,"[91, 30, 59, 67, 32, 55, 69, 5, 4, 9, 41, 7, 65, 18, 68, 43, 62, 86, 61, 42, 94, 90, 48, 35, 8, 84, 15, 22, 33, 29, 50, 46, 77, 88, 11, 75, 2, 26, 49, 25, 37, 39, 6, 87, 83, 20, 36, 54, 24, 56, 79, 76, 38, 93, 12, 74, 17, 57, 60, 58, 16, 82, 64, 78, 81, 70, 34, 14, 63, 80, 44, 31, 10, 51, 47, 89, 40, 1, 71, 52, 45, 73, 72, 19, 23, 85, 66, 13, 92, 53, 27, 3, 21, 28]","[194, 153, 164, 99, 391, 254, 382, 198, 128, 348, 263, 181, 216, 405, 112, 185, 316, 163, 232, 328, 208, 267, 273, 180, 272, 301, 201, 258, 269, 295, 111, 345, 211, 355, 145, 306, 323, 104, 204, 240, 221, 176, 362, 371, 403, 395, 274, 275, 100, 359, 331, 283, 174, 264, 182, 189, 148, 309, 231, 276, 271, 289, 184, 352, 186, 234, 265, 315, 175, 341, 159, 290, 376, 324, 171, 152, 288, 200, 291, 125, 157, 364, 287, 347, 374, 363, 193, 280, 144, 250, 361, 368, 222, 354, 314, 101, 322, 199, 296, 218, 297, 353, 387, 202, 317, 151, 284, 303, 113, 217, 129, 311, 143, 140, 294, 342, 168, 187, 103, 266, 119, 278, 190, 369, 226, 379, 401, 138, 230, 102, 243, 404, 122, 118, 312, 304, 319, 260, 205, 169, 114, 261, 257, 173, 330, 228, 360, 400, 307, 96, 158, 333, 210, 336, 385, 244, 155, 277, 282, 146, 95, 344, 334, 326, 396, 120, 256, 197, 293, 213, 249, 346, 384, 220, 383, 126, 380, 147, 245, 214, 188, 177, 389, 300, 339, 356, 165, 285, 106, 388, 137, 225, 386, 162, 212, 156, 298, 179, 335, 195, 253, 393, 366, 321, 107, 372, 191, 139, 154, 310, 325, 394, 286, 116, 365, 172, 292, 167, 110, 105, 375, 203, 329, 377, 236, 207, 246, 237, 398, 320, 206, 149, 170, 397, 235, 178, 192, 123, 343, 239, 308, 337, 358, 117, 367, 161, 262, 141, 279, 357, 224, 327, 350, 127, 166, 381, 229, 281, 313, 132, 227, 98, 402, 196, 251, 332, 340, 268, 233, 270, 124, 215, 370, 351, 238, 259, 248, 255, 378, 130, 349, 109, 252, 135, 160, 247, 390, 115, 302, 150, 299, 219, 97, 373, 136, 223, 318, 183, 108, 121, 209, 338, 142, 134, 241, 133, 399, 242, 131, 392, 305]"
diversity_on_nsga2,73,-79.44851267192308,21.86148732807692,41.55148732807693,"[92, 28, 91, 30, 90, 67, 20, 55, 69, 5, 4, 9, 41, 7, 65, 18, 71, 68, 43, 51, 62, 47, 86, 61, 42, 94, 59, 48, 45, 35, 40, 8, 84, 15, 87, 33, 29, 50, 46, 77, 88, 23, 11, 75, 2, 26, 49, 89, 25, 37, 39, 6, 22, 83, 32, 36, 54, 56, 24, 79, 76, 19, 38, 93, 12, 31, 74, 52, 17, 10, 57, 60, 58, 16, 82, 64, 78, 81, 73, 70, 1, 34, 14, 63, 80, 85, 66, 72, 3, 53, 44, 21, 13, 27]","[139, 334, 248, 262, 391, 254, 382, 198, 128, 348, 263, 181, 216, 405, 112, 185, 316, 163, 232, 328, 208, 267, 273, 180, 272, 301, 201, 258, 269, 295, 111, 345, 211, 355, 145, 306, 323, 104, 204, 240, 221, 176, 362, 371, 403, 395, 274, 189, 100, 359, 331, 283, 332, 174, 264, 182, 275, 148, 309, 231, 276, 385, 289, 113, 294, 265, 140, 399, 130, 368, 315, 249, 96, 292, 286, 123, 195, 341, 141, 261, 324, 401, 224, 271, 137, 127, 196, 119, 162, 347, 239, 344, 151, 154, 310, 235, 95, 213, 199, 287, 202, 333, 206, 361, 250, 134, 191, 377, 319, 212, 280, 386, 165, 317, 157, 339, 375, 177, 364, 378, 188, 363, 314, 342, 288, 122, 340, 192, 380, 247, 210, 365, 330, 124, 167, 159, 360, 396, 367, 376, 327, 366, 225, 335, 270, 178, 109, 168, 153, 226, 253, 349, 138, 172, 282, 245, 300, 190, 257, 147, 230, 290, 101, 194, 322, 160, 97, 146, 389, 397, 175, 219, 325, 373, 136, 234, 398, 102, 215, 311, 246, 404, 357, 259, 387, 392, 237, 402, 132, 293, 369, 173, 352, 228, 144, 260, 217, 313, 336, 370, 203, 394, 117, 236, 155, 133, 135, 110, 229, 383, 205, 107, 381, 338, 121, 108, 197, 305, 142, 105, 302, 308, 356, 346, 255, 244, 343, 120, 393, 384, 116, 214, 358, 256, 156, 170, 337, 126, 299, 312, 115, 304, 318, 106, 321, 241, 166, 400, 161, 285, 164, 320, 125, 278, 266, 307, 372, 303, 390, 183, 129, 158, 131, 353, 186, 326, 103, 187, 354, 374, 171, 351, 223, 99, 207, 284, 279, 298, 329, 281, 179, 268, 222, 350, 209, 291, 193, 252, 243, 238, 379, 150, 220, 118, 184, 114, 152, 143, 242, 388, 98, 169, 297, 149, 227, 277, 200, 233, 218, 296, 251]"
diversity_on_nsga2,74,-56.8,18.11,29.500000000000004,"[88, 22, 30, 66, 50, 79, 71, 49, 59, 24, 75, 94, 3, 53, 73, 39, 6, 16, 55, 18, 70, 93, 63, 9, 48, 40, 81, 11, 58, 26, 82, 51, 41, 19, 43, 32, 42, 10, 67, 46, 2, 78, 8, 72, 33, 47, 77, 5, 20, 86, 57, 31, 65, 1, 52, 91, 34, 89, 36, 84, 74, 7, 85, 69, 14, 29, 4, 15, 44, 68, 28, 60, 25, 37, 80, 13, 56, 54, 27, 92, 12, 90, 45, 64, 38, 62, 76, 23, 21, 83, 87, 17, 61, 35]","[286, 356, 354, 153, 374, 313, 349, 240, 322, 372, 250, 357, 263, 391, 176, 236, 233, 174, 234, 178, 182, 292, 110, 382, 376, 255, 225, 136, 107, 296, 294, 138, 397, 246, 191, 149, 308, 287, 343, 179, 394, 160, 300, 358, 101, 206, 207, 247, 112, 193, 293, 379, 172, 133, 113, 117, 275, 297, 337, 370, 366, 148, 353, 114, 257, 186, 221, 142, 386, 251, 154, 97, 103, 324, 214, 271, 361, 162, 180, 122, 302, 290, 401, 237, 377, 389, 137, 316, 387, 342, 291, 232, 328, 208, 267, 283, 243, 272, 301, 175, 369, 144, 187, 269, 363, 276, 195, 341, 204, 141, 261, 345, 220, 385, 127, 196, 119, 347, 310, 235, 331, 189, 95, 213, 199, 202, 333, 134, 395, 319, 212, 280, 165, 317, 157, 309, 339, 375, 177, 364, 378, 188, 314, 340, 192, 380, 128, 210, 365, 330, 124, 167, 159, 360, 396, 367, 181, 284, 327, 163, 335, 270, 116, 168, 226, 253, 104, 282, 245, 190, 355, 147, 230, 264, 194, 146, 273, 219, 201, 151, 145, 325, 373, 398, 102, 215, 311, 404, 216, 259, 288, 392, 402, 132, 173, 352, 403, 228, 260, 217, 279, 203, 100, 155, 123, 371, 135, 229, 185, 383, 205, 381, 338, 121, 108, 197, 305, 105, 323, 346, 244, 120, 393, 321, 109, 111, 256, 156, 170, 126, 299, 312, 115, 304, 258, 318, 106, 384, 241, 306, 166, 400, 161, 285, 164, 320, 125, 278, 266, 307, 303, 390, 183, 129, 158, 131, 336, 171, 351, 223, 99, 362, 348, 239, 326, 298, 329, 332, 281, 268, 222, 350, 198, 209, 289, 252, 254, 274, 344, 238, 150, 224, 118, 184, 152, 143, 242, 388, 98, 211, 169, 227, 277, 200, 218, 405, 139, 231, 334, 359, 248, 262, 265, 140, 399, 130, 368, 315, 295, 249, 96]"
diversity_on_nsga2,75,-109.12583090826901,31.934169091730983,94.37416909173099,"[82, 91, 21, 20, 44, 28, 54, 30, 75, 1, 5, 4, 9, 74, 83, 65, 18, 38, 68, 62, 12, 86, 43, 51, 61, 59, 47, 35, 29, 11, 8, 84, 15, 22, 33, 48, 19, 77, 88, 45, 63, 40, 71, 23, 60, 55, 2, 26, 36, 93, 25, 37, 39, 6, 87, 7, 92, 49, 24, 56, 31, 79, 76, 41, 52, 17, 13, 57, 72, 58, 16, 90, 64, 78, 10, 73, 70, 69, 34, 50, 14, 46, 89, 80, 85, 66, 3, 67, 32, 53, 27, 42, 81, 94]","[327, 217, 350, 127, 381, 229, 291, 313, 227, 98, 240, 361, 153, 270, 124, 215, 370, 221, 349, 136, 247, 115, 302, 182, 373, 223, 183, 108, 338, 241, 399, 242, 131, 404, 371, 118, 392, 322, 203, 164, 99, 254, 162, 198, 271, 283, 104, 348, 263, 181, 216, 250, 405, 200, 112, 185, 341, 316, 163, 288, 342, 279, 273, 243, 301, 175, 201, 369, 266, 144, 129, 395, 363, 295, 111, 345, 309, 211, 143, 278, 355, 145, 312, 304, 319, 280, 114, 261, 138, 257, 354, 330, 228, 360, 400, 307, 364, 96, 264, 204, 333, 210, 385, 102, 244, 282, 397, 95, 344, 387, 226, 326, 396, 120, 256, 197, 151, 317, 249, 187, 346, 384, 303, 220, 383, 239, 231, 126, 380, 147, 245, 214, 188, 177, 311, 374, 356, 314, 165, 337, 347, 171, 184, 157, 158, 106, 137, 174, 386, 382, 212, 156, 298, 293, 362, 335, 403, 195, 140, 234, 393, 366, 101, 168, 189, 285, 372, 159, 191, 139, 154, 310, 324, 325, 148, 394, 276, 113, 286, 116, 275, 125, 230, 365, 172, 287, 274, 196, 251, 332, 340, 268, 233, 292, 193, 110, 376, 105, 375, 315, 294, 202, 235, 358, 123, 225, 166, 318, 128, 141, 389, 167, 178, 323, 391, 173, 305, 281, 321, 155, 258, 146, 205, 328, 179, 329, 398, 232, 169, 334, 277, 306, 352, 208, 357, 339, 117, 260, 97, 132, 252, 388, 351, 336, 149, 161, 320, 390, 353, 186, 103, 222, 289, 238, 379, 224, 152, 297, 296, 248, 262, 130, 368, 267, 269, 401, 119, 180, 213, 343, 206, 134, 377, 218, 209, 207, 378, 100, 135, 121, 272, 122, 192, 190, 367, 236, 265, 160, 109, 331, 402, 150, 300, 359, 237, 194, 284, 253, 290, 107, 219, 246, 259, 133, 142, 308, 255, 199, 170, 176, 299]"
diversity_on_nsga2,76,-25.799999999999997,8.64,14.8,"[53, 73, 39, 86, 55, 18, 70, 93, 63, 9, 48, 40, 6, 82, 51, 42, 67, 2, 8, 72, 33, 77, 7, 90, 31, 21, 30, 89, 16, 88, 22, 81, 11, 58, 61, 92, 20, 50, 41, 15, 43, 91, 47, 38, 1, 35, 32, 34, 87, 36, 84, 65, 85, 69, 14, 29, 4, 19, 49, 24, 56, 23, 79, 76, 74, 52, 17, 10, 44, 68, 28, 60, 25, 37, 80, 13, 78, 54, 27, 57, 26, 12, 46, 45, 64, 5, 62, 83, 66, 71, 59, 75, 94, 3]","[274, 344, 243, 379, 114, 271, 152, 143, 211, 169, 286, 364, 363, 288, 247, 277, 405, 139, 231, 334, 209, 113, 295, 130, 96, 267, 269, 261, 345, 401, 220, 385, 119, 324, 154, 310, 182, 95, 128, 333, 250, 395, 191, 319, 280, 317, 396, 367, 225, 145, 210, 112, 101, 135, 321, 116, 156, 304, 275, 230, 196, 118, 104, 149, 332, 329, 348, 218, 236, 262, 207, 360, 117, 341, 232, 378, 181, 338, 240, 166, 315, 126, 342, 212, 98, 200, 189, 380, 330, 159, 188, 177, 339, 314, 165, 347, 184, 157, 388, 137, 174, 386, 204, 249, 362, 179, 195, 100, 253, 167, 276, 365, 287, 251, 340, 233, 376, 375, 361, 294, 202, 377, 206, 297, 235, 192, 122, 331, 141, 359, 224, 350, 127, 227, 124, 238, 368, 248, 296, 162, 328, 180, 150, 265, 199, 309, 134, 213, 399, 242, 125, 183, 284, 327, 163, 366, 335, 270, 178, 109, 168, 153, 226, 349, 138, 172, 282, 391, 245, 300, 190, 257, 355, 147, 290, 264, 194, 322, 160, 97, 146, 107, 273, 397, 175, 219, 201, 151, 325, 228, 260, 217, 279, 203, 140, 155, 123, 371, 148, 229, 185, 383, 205, 381, 121, 108, 197, 305, 105, 323, 346, 373, 136, 234, 398, 102, 215, 311, 246, 404, 357, 216, 259, 387, 392, 237, 402, 132, 293, 369, 173, 352, 403, 144, 272, 313, 370, 394, 316, 208, 133, 110, 389, 142, 302, 308, 382, 356, 255, 244, 343, 120, 393, 214, 111, 358, 256, 170, 337, 299, 312, 115, 301, 258, 318, 106, 384, 241, 306, 400, 161, 285, 164, 320, 278, 266, 307, 372, 303, 390, 176, 129, 158, 131, 353, 186, 263, 336, 103, 283, 187, 354, 374, 171, 351, 223, 99, 239, 326, 281, 268, 222, 292, 198, 221, 289, 291, 193, 252, 254, 298]"
diversity_on_nsga2,77,-64.32733625,24.99266375,32.472663749999995,"[80, 47, 83, 30, 90, 67, 20, 55, 69, 5, 4, 9, 41, 7, 18, 71, 68, 43, 51, 62, 21, 86, 61, 42, 94, 59, 57, 45, 35, 40, 8, 84, 15, 87, 33, 29, 50, 46, 77, 88, 23, 11, 75, 2, 53, 49, 89, 25, 22, 58, 92, 12, 32, 74, 38, 85, 1, 14, 52, 44, 36, 28, 16, 78, 37, 13, 56, 54, 27, 48, 26, 39, 70, 63, 24, 93, 82, 19, 6, 76, 72, 65, 91, 34, 79, 31, 17, 60, 64, 81, 66, 10, 3, 73]","[318, 106, 384, 306, 400, 161, 285, 320, 278, 266, 395, 205, 156, 298, 362, 195, 345, 271, 321, 182, 324, 113, 116, 243, 218, 196, 118, 295, 149, 332, 329, 236, 125, 348, 209, 207, 117, 341, 183, 304, 378, 338, 240, 166, 315, 231, 249, 228, 260, 217, 279, 203, 100, 155, 123, 371, 135, 229, 185, 383, 275, 381, 121, 108, 197, 305, 105, 323, 346, 173, 352, 403, 144, 272, 313, 370, 394, 316, 208, 309, 286, 232, 247, 162, 347, 239, 344, 151, 154, 310, 235, 95, 213, 199, 287, 202, 333, 206, 361, 250, 134, 191, 377, 319, 212, 280, 386, 165, 317, 157, 339, 375, 177, 364, 188, 363, 314, 342, 288, 122, 340, 192, 380, 210, 365, 330, 167, 159, 360, 396, 367, 376, 327, 366, 225, 335, 178, 168, 153, 226, 253, 138, 172, 282, 245, 300, 190, 257, 147, 230, 290, 101, 194, 322, 97, 146, 389, 397, 175, 219, 325, 373, 136, 234, 398, 102, 128, 124, 170, 181, 284, 163, 270, 109, 349, 104, 391, 355, 264, 160, 107, 180, 201, 145, 269, 215, 311, 246, 148, 404, 357, 216, 259, 387, 392, 237, 402, 132, 293, 369, 133, 110, 142, 302, 308, 382, 356, 255, 244, 343, 120, 393, 307, 372, 390, 129, 158, 131, 353, 186, 336, 103, 187, 354, 374, 171, 351, 99, 326, 222, 198, 221, 289, 291, 193, 252, 254, 388, 238, 379, 224, 184, 114, 152, 143, 242, 98, 211, 169, 297, 227, 277, 200, 233, 296, 405, 251, 139, 334, 248, 262, 294, 140, 399, 130, 368, 137, 141, 267, 350, 273, 96, 261, 401, 385, 127, 119, 189, 179, 112, 268, 328, 263, 281, 176, 265, 164, 331, 150, 126, 223, 174, 303, 276, 204, 283, 359, 274, 220, 312, 241, 292, 214, 111, 358, 256, 337, 299, 115, 301, 258]"
diversity_on_nsga2,78,-11.64165726153846,8.128342738461539,11.458342738461539,"[66, 37, 50, 79, 72, 71, 49, 59, 62, 75, 94, 3, 53, 73, 39, 34, 6, 16, 31, 18, 70, 77, 93, 9, 48, 40, 86, 11, 58, 26, 82, 51, 41, 19, 43, 32, 42, 10, 67, 46, 2, 78, 8, 63, 20, 5, 81, 33, 74, 47, 7, 12, 85, 1, 14, 29, 4, 15, 52, 44, 68, 36, 28, 60, 25, 21, 84, 80, 13, 56, 54, 27, 57, 92, 38, 90, 45, 64, 76, 23, 91, 69, 83, 89, 17, 61, 35, 24, 55, 88, 22, 65, 87, 30]","[283, 187, 354, 374, 171, 351, 223, 99, 362, 348, 207, 376, 279, 298, 329, 332, 281, 179, 268, 222, 350, 198, 209, 221, 289, 291, 193, 252, 254, 274, 243, 238, 379, 150, 224, 118, 184, 114, 271, 152, 143, 242, 388, 98, 211, 169, 297, 149, 227, 277, 200, 233, 218, 296, 405, 251, 139, 112, 231, 334, 359, 248, 262, 113, 294, 265, 140, 399, 130, 368, 315, 295, 249, 328, 96, 267, 292, 286, 123, 276, 195, 341, 204, 141, 261, 345, 324, 401, 220, 385, 137, 127, 196, 119, 162, 347, 239, 344, 151, 154, 310, 182, 235, 331, 189, 180, 95, 213, 199, 287, 202, 333, 206, 361, 250, 134, 395, 191, 377, 319, 212, 280, 386, 165, 317, 157, 309, 339, 375, 177, 364, 378, 232, 188, 363, 314, 342, 288, 122, 340, 192, 380, 247, 128, 210, 365, 330, 124, 167, 159, 360, 396, 367, 181, 284, 327, 163, 366, 225, 335, 270, 178, 109, 168, 153, 226, 253, 349, 104, 138, 172, 282, 391, 245, 300, 190, 257, 355, 147, 230, 290, 101, 264, 194, 322, 160, 97, 146, 107, 174, 273, 397, 175, 219, 201, 145, 325, 373, 136, 234, 398, 102, 215, 311, 246, 148, 404, 357, 216, 259, 387, 392, 237, 402, 132, 293, 369, 173, 352, 403, 275, 228, 144, 260, 217, 272, 313, 336, 370, 203, 394, 117, 100, 236, 155, 316, 208, 269, 371, 133, 135, 110, 229, 185, 383, 205, 389, 381, 338, 121, 108, 197, 305, 142, 105, 302, 308, 382, 323, 356, 346, 255, 244, 343, 120, 393, 321, 116, 214, 111, 358, 256, 156, 170, 337, 126, 299, 312, 115, 301, 304, 258, 318, 106, 384, 241, 306, 166, 400, 161, 285, 164, 320, 125, 278, 266, 307, 372, 303, 390, 183, 176, 240, 129, 158, 131, 353, 186, 263, 326, 103]"
diversity_on_nsga2,79,-76.20000000000002,17.63,47.300000000000004,"[4, 28, 91, 30, 82, 67, 52, 44, 13, 54, 27, 59, 45, 86, 29, 11, 87, 8, 84, 15, 22, 33, 93, 46, 63, 65, 23, 55, 2, 26, 36, 50, 25, 37, 60, 6, 40, 83, 80, 56, 79, 41, 10, 17, 57, 42, 58, 90, 78, 69, 70, 34, 14, 32, 43, 48, 94, 39, 49, 24, 31, 76, 68, 53, 74, 16, 64, 81, 73, 1, 92, 12, 88, 62, 21, 61, 66, 75, 3, 72, 5, 35, 71, 77, 20, 9, 51, 18, 19, 47, 7, 38, 85, 89]","[354, 153, 374, 313, 240, 357, 263, 391, 176, 233, 174, 234, 178, 292, 110, 382, 376, 255, 225, 296, 294, 138, 397, 308, 343, 179, 394, 358, 247, 112, 193, 293, 379, 172, 113, 117, 275, 297, 148, 114, 257, 186, 221, 251, 97, 103, 208, 271, 302, 389, 316, 291, 328, 214, 283, 243, 301, 175, 369, 144, 187, 192, 128, 345, 365, 124, 167, 159, 360, 396, 367, 181, 284, 235, 163, 384, 116, 276, 209, 341, 204, 344, 261, 210, 401, 220, 385, 137, 127, 196, 119, 162, 347, 327, 331, 180, 95, 199, 287, 202, 333, 361, 250, 395, 377, 319, 212, 280, 386, 165, 317, 157, 309, 339, 375, 177, 364, 232, 188, 363, 314, 342, 288, 122, 340, 226, 104, 282, 245, 147, 230, 264, 146, 219, 201, 151, 145, 398, 102, 215, 311, 216, 259, 387, 402, 132, 173, 352, 403, 228, 260, 217, 279, 203, 155, 390, 135, 229, 185, 383, 205, 381, 338, 108, 197, 305, 105, 323, 346, 244, 120, 109, 111, 256, 170, 126, 299, 312, 115, 304, 258, 318, 106, 270, 306, 166, 400, 161, 164, 125, 278, 266, 393, 366, 101, 168, 139, 321, 107, 372, 190, 191, 189, 154, 182, 310, 324, 337, 273, 380, 373, 335, 156, 330, 236, 370, 349, 355, 325, 307, 303, 123, 183, 129, 158, 336, 171, 351, 223, 99, 362, 348, 239, 326, 298, 329, 332, 281, 268, 222, 350, 198, 289, 252, 254, 141, 238, 150, 224, 118, 184, 152, 143, 388, 98, 211, 169, 149, 285, 194, 253, 272, 274, 269, 267, 300, 160, 136, 378, 213, 195, 207, 246, 353, 237, 320, 206, 227, 277, 200, 218, 405, 231, 334, 359, 248, 262, 265, 140, 130, 368, 315, 295, 249, 96, 286, 290, 100, 121, 142, 134, 241, 133, 399, 242, 131, 404, 371, 392, 322, 356]"
diversity_on_nsga2,80,-34.9,12.76,18.6,"[30, 66, 50, 79, 71, 49, 59, 24, 75, 80, 42, 10, 67, 2, 72, 33, 65, 69, 16, 90, 45, 64, 62, 76, 94, 83, 3, 86, 53, 8, 39, 34, 6, 60, 55, 31, 18, 70, 77, 93, 63, 73, 48, 40, 36, 11, 58, 61, 26, 46, 32, 74, 87, 1, 14, 29, 15, 44, 27, 81, 37, 78, 25, 84, 51, 89, 56, 68, 57, 92, 12, 23, 5, 91, 28, 17, 20, 9, 82, 41, 19, 43, 47, 7, 38, 85, 4, 52, 21, 13, 54, 35, 88, 22]","[187, 354, 374, 207, 376, 179, 233, 292, 209, 221, 291, 193, 274, 203, 114, 271, 211, 297, 149, 227, 200, 174, 296, 251, 139, 112, 231, 334, 359, 248, 262, 113, 294, 265, 140, 399, 130, 368, 315, 295, 249, 328, 96, 267, 378, 269, 276, 195, 341, 204, 141, 261, 345, 324, 401, 402, 385, 137, 127, 196, 119, 162, 347, 154, 310, 182, 235, 331, 189, 180, 95, 213, 199, 287, 202, 333, 206, 361, 250, 134, 395, 191, 377, 319, 212, 280, 386, 165, 317, 157, 309, 311, 394, 166, 400, 161, 285, 164, 320, 125, 278, 266, 307, 372, 303, 390, 183, 176, 240, 129, 158, 131, 353, 342, 243, 379, 169, 277, 336, 405, 339, 375, 340, 364, 286, 232, 188, 363, 314, 373, 288, 122, 177, 192, 380, 247, 128, 210, 186, 330, 124, 167, 159, 360, 396, 367, 181, 284, 327, 163, 366, 225, 335, 270, 178, 109, 168, 153, 226, 253, 349, 104, 138, 172, 282, 391, 245, 300, 190, 257, 355, 147, 230, 290, 101, 264, 194, 322, 160, 97, 146, 107, 273, 397, 175, 219, 201, 151, 145, 325, 365, 136, 234, 398, 102, 215, 256, 246, 148, 404, 357, 216, 259, 387, 392, 237, 220, 132, 293, 369, 173, 352, 403, 275, 228, 144, 260, 217, 272, 313, 279, 370, 263, 218, 117, 100, 236, 155, 316, 208, 123, 371, 133, 135, 110, 229, 171, 351, 223, 99, 362, 348, 239, 326, 298, 329, 332, 281, 268, 222, 350, 198, 289, 252, 254, 344, 238, 150, 224, 118, 184, 152, 143, 242, 388, 98, 185, 383, 205, 389, 381, 338, 121, 108, 197, 305, 142, 105, 302, 308, 382, 323, 356, 346, 255, 244, 343, 120, 393, 321, 116, 214, 111, 358, 156, 170, 337, 126, 299, 312, 115, 301, 304, 258, 318, 106, 384, 241, 306, 103, 283]"
diversity_on_nsga2,81,-47.15581298867422,12.484187011325785,23.744187011325785,"[91, 30, 82, 67, 62, 75, 5, 9, 41, 7, 88, 27, 68, 12, 20, 86, 37, 60, 59, 35, 8, 15, 29, 50, 77, 11, 65, 26, 49, 25, 61, 6, 87, 81, 44, 4, 28, 84, 51, 47, 89, 40, 71, 53, 83, 32, 85, 54, 24, 56, 31, 79, 18, 74, 52, 17, 10, 70, 34, 42, 58, 90, 78, 69, 57, 1, 46, 72, 19, 80, 43, 48, 94, 39, 63, 45, 55, 2, 76, 64, 16, 22, 14, 73, 23, 33, 36, 66, 13, 92, 38, 3, 21, 93]","[99, 381, 382, 198, 128, 279, 263, 216, 250, 405, 112, 185, 316, 163, 365, 331, 267, 283, 243, 247, 301, 175, 201, 369, 266, 258, 319, 260, 205, 280, 169, 114, 261, 213, 162, 138, 257, 354, 228, 400, 307, 364, 96, 158, 333, 210, 336, 385, 102, 244, 274, 155, 277, 282, 146, 95, 344, 334, 387, 226, 326, 396, 197, 151, 317, 241, 239, 245, 129, 346, 303, 220, 383, 231, 147, 356, 225, 156, 298, 187, 269, 395, 363, 295, 111, 345, 309, 211, 143, 278, 145, 306, 312, 304, 271, 101, 321, 286, 190, 191, 139, 154, 182, 310, 324, 325, 148, 113, 372, 116, 275, 125, 230, 246, 196, 118, 104, 115, 149, 252, 332, 329, 348, 208, 218, 168, 236, 209, 207, 360, 117, 341, 183, 232, 378, 181, 338, 240, 107, 166, 315, 384, 126, 342, 249, 255, 256, 108, 98, 272, 337, 132, 123, 200, 223, 136, 335, 302, 189, 273, 380, 373, 330, 370, 349, 355, 161, 159, 358, 318, 97, 389, 214, 188, 177, 311, 300, 374, 339, 314, 165, 176, 285, 347, 171, 184, 157, 264, 106, 388, 137, 174, 386, 204, 212, 293, 362, 179, 403, 195, 140, 253, 234, 393, 366, 167, 153, 178, 323, 391, 173, 305, 398, 394, 276, 288, 172, 287, 402, 251, 340, 268, 233, 292, 193, 110, 376, 105, 375, 203, 361, 294, 202, 377, 353, 237, 320, 206, 170, 297, 397, 235, 186, 192, 122, 328, 343, 222, 119, 401, 144, 367, 262, 141, 352, 379, 359, 357, 103, 308, 224, 327, 217, 350, 127, 254, 229, 291, 281, 313, 227, 270, 124, 215, 221, 351, 238, 259, 289, 368, 248, 296, 120, 130, 152, 109, 135, 160, 180, 390, 100, 150, 299, 219, 265, 284, 199, 290, 121, 142, 134, 133, 399, 242, 131, 404, 371, 392, 322, 194, 164]"
diversity_on_nsga2,82,-102.94827202401055,36.53172797598944,88.55172797598944,"[28, 91, 30, 82, 67, 14, 94, 20, 8, 1, 5, 4, 9, 41, 7, 65, 18, 71, 38, 68, 43, 12, 51, 48, 47, 86, 61, 59, 45, 35, 29, 73, 89, 40, 75, 84, 34, 22, 33, 62, 50, 69, 77, 88, 23, 60, 55, 2, 26, 36, 93, 25, 37, 39, 6, 87, 63, 32, 49, 24, 56, 31, 79, 76, 74, 52, 17, 10, 57, 42, 58, 16, 90, 64, 78, 81, 11, 70, 46, 15, 54, 19, 83, 80, 85, 66, 72, 13, 92, 53, 27, 3, 21, 44]","[103, 224, 327, 217, 350, 127, 381, 229, 291, 313, 227, 98, 240, 270, 124, 215, 370, 221, 238, 259, 289, 368, 296, 255, 130, 349, 136, 109, 135, 247, 390, 115, 302, 150, 299, 219, 265, 373, 284, 223, 199, 290, 183, 100, 108, 121, 338, 142, 134, 241, 399, 242, 131, 404, 371, 118, 392, 322, 153, 164, 99, 254, 382, 198, 271, 279, 104, 348, 263, 181, 216, 250, 405, 200, 112, 185, 341, 316, 163, 288, 342, 283, 273, 243, 180, 301, 175, 201, 369, 266, 144, 187, 395, 363, 295, 111, 345, 309, 211, 143, 278, 355, 145, 312, 304, 319, 280, 114, 261, 138, 354, 330, 228, 360, 400, 307, 364, 96, 158, 204, 333, 210, 385, 102, 244, 282, 397, 95, 344, 387, 226, 326, 396, 120, 256, 197, 151, 317, 249, 129, 346, 384, 303, 220, 383, 239, 231, 126, 380, 147, 245, 214, 188, 177, 311, 374, 356, 314, 165, 176, 347, 171, 184, 157, 264, 106, 137, 174, 386, 162, 212, 298, 293, 362, 335, 403, 195, 140, 234, 393, 366, 101, 168, 189, 107, 372, 190, 191, 139, 154, 182, 310, 324, 325, 148, 394, 276, 113, 286, 116, 275, 125, 230, 365, 172, 287, 402, 196, 251, 332, 340, 376, 156, 268, 233, 292, 193, 110, 257, 105, 375, 315, 361, 294, 202, 235, 358, 123, 225, 166, 318, 128, 97, 389, 167, 178, 323, 391, 173, 305, 398, 321, 155, 258, 146, 205, 248, 328, 179, 329, 203, 281, 232, 169, 334, 277, 306, 352, 208, 357, 339, 117, 260, 141, 132, 252, 388, 351, 336, 149, 285, 194, 253, 401, 133, 274, 269, 267, 300, 160, 152, 378, 213, 209, 236, 207, 246, 353, 237, 320, 206, 170, 297, 218, 377, 186, 192, 122, 331, 343, 222, 159, 119, 272, 308, 337, 367, 161, 262, 379, 359]"
diversity_on_nsga2,83,-50.885355675,10.004644325000001,48.314644325,"[78, 55, 36, 56, 85, 57, 30, 93, 5, 79, 7, 88, 27, 68, 12, 1, 21, 31, 59, 17, 23, 3, 62, 11, 71, 18, 46, 64, 14, 8, 35, 2, 26, 19, 81, 25, 90, 16, 10, 47, 72, 13, 80, 41, 40, 82, 28, 89, 76, 22, 6, 58, 45, 20, 9, 50, 15, 48, 42, 32, 66, 73, 94, 74, 53, 75, 4, 87, 44, 54, 52, 91, 84, 38, 86, 92, 49, 29, 83, 34, 39, 65, 77, 51, 60, 37, 63, 43, 61, 33, 24, 67, 69, 70]","[344, 272, 380, 108, 342, 250, 215, 279, 218, 164, 402, 322, 190, 255, 214, 163, 370, 238, 291, 239, 369, 177, 335, 247, 275, 314, 99, 159, 166, 294, 116, 288, 249, 165, 112, 266, 355, 113, 359, 393, 304, 236, 160, 200, 316, 254, 283, 174, 343, 175, 219, 341, 262, 392, 317, 383, 298, 265, 184, 107, 211, 178, 125, 373, 213, 269, 232, 122, 142, 307, 242, 111, 374, 372, 338, 220, 251, 273, 193, 336, 168, 329, 315, 198, 396, 118, 389, 346, 149, 153, 110, 146, 319, 176, 311, 240, 356, 223, 297, 134, 161, 270, 375, 280, 404, 303, 296, 234, 205, 397, 191, 137, 186, 312, 119, 133, 347, 235, 179, 227, 328, 104, 202, 301, 290, 331, 284, 267, 148, 233, 268, 114, 206, 362, 150, 138, 333, 182, 271, 217, 245, 188, 212, 390, 256, 145, 141, 293, 349, 352, 157, 105, 222, 339, 289, 243, 348, 295, 185, 226, 124, 253, 152, 139, 285, 109, 276, 106, 216, 181, 162, 156, 231, 345, 123, 286, 143, 385, 171, 309, 405, 257, 147, 126, 287, 154, 210, 365, 167, 228, 310, 101, 361, 376, 379, 368, 281, 364, 132, 378, 192, 183, 292, 103, 230, 360, 399, 299, 340, 382, 278, 377, 209, 384, 277, 353, 320, 194, 96, 302, 327, 358, 195, 130, 264, 332, 97, 260, 357, 324, 144, 100, 350, 120, 282, 140, 248, 395, 388, 330, 135, 204, 371, 187, 323, 391, 173, 305, 398, 203, 387, 155, 367, 246, 334, 259, 381, 300, 394, 263, 403, 306, 131, 172, 313, 325, 170, 127, 237, 225, 169, 115, 197, 354, 244, 102, 151, 363, 121, 351, 258, 274, 208, 401, 386, 252, 261, 366, 337, 98, 318, 196, 221, 308, 128, 326, 201, 199, 224, 158, 400, 136, 207, 241, 129, 321, 95, 189, 180, 229, 117]"
diversity_on_nsga2,84,-46.78354696693807,17.71645303306193,19.916453033061934,"[9, 4, 17, 3, 53, 39, 74, 31, 57, 40, 26, 41, 6, 7, 38, 1, 52, 55, 68, 36, 60, 18, 21, 54, 5, 62, 76, 91, 86, 37, 49, 66, 56, 24, 47, 28, 83, 50, 46, 77, 42, 44, 64, 61, 81, 93, 75, 65, 22, 48, 84, 23, 29, 43, 33, 11, 12, 25, 63, 89, 35, 88, 2, 87, 20, 32, 58, 16, 90, 78, 13, 73, 70, 69, 34, 14, 19, 51, 80, 85, 45, 30, 67, 79, 72, 71, 94, 27, 15, 10, 82, 8, 92, 59]","[390, 117, 130, 153, 391, 254, 382, 198, 128, 348, 263, 181, 216, 405, 112, 185, 316, 163, 232, 328, 208, 267, 273, 180, 272, 301, 201, 258, 269, 295, 111, 345, 211, 355, 145, 306, 323, 221, 204, 240, 104, 176, 362, 371, 220, 395, 274, 275, 100, 359, 331, 283, 332, 174, 264, 182, 189, 148, 309, 231, 276, 271, 289, 184, 352, 196, 186, 234, 265, 315, 175, 341, 159, 290, 376, 324, 374, 330, 165, 329, 313, 187, 172, 222, 119, 349, 386, 373, 257, 209, 101, 322, 140, 167, 394, 266, 372, 325, 279, 250, 319, 268, 286, 202, 228, 357, 368, 293, 281, 236, 164, 109, 168, 402, 310, 245, 344, 300, 233, 108, 223, 178, 303, 378, 197, 387, 237, 270, 321, 124, 358, 396, 241, 194, 255, 135, 192, 229, 246, 214, 308, 366, 343, 116, 340, 134, 225, 118, 284, 288, 370, 127, 129, 351, 154, 162, 252, 383, 375, 110, 307, 350, 125, 157, 361, 137, 326, 238, 401, 106, 158, 256, 404, 207, 320, 136, 188, 291, 317, 239, 171, 384, 369, 177, 296, 193, 294, 243, 97, 195, 120, 336, 367, 203, 230, 139, 219, 346, 206, 314, 227, 99, 147, 335, 224, 149, 333, 179, 403, 392, 169, 260, 242, 299, 298, 380, 138, 247, 262, 259, 397, 183, 393, 96, 215, 292, 115, 160, 212, 114, 121, 377, 126, 210, 334, 199, 261, 389, 399, 142, 353, 381, 338, 302, 363, 379, 150, 304, 388, 297, 251, 400, 161, 191, 364, 342, 122, 226, 190, 107, 151, 311, 312, 287, 123, 217, 280, 235, 365, 143, 113, 205, 156, 218, 339, 200, 318, 213, 248, 95, 141, 98, 305, 105, 132, 170, 133, 347, 285, 166, 249, 360, 173, 146, 253, 385, 102, 244, 155, 277, 103, 327, 337, 144, 278, 282, 152, 398, 356, 131, 354]"
diversity_on_nsga2,85,-98.7953998938629,32.774600106137115,81.2046001061371,"[28, 91, 30, 82, 67, 51, 94, 20, 75, 1, 5, 4, 9, 41, 7, 65, 18, 68, 38, 43, 12, 86, 62, 54, 61, 59, 45, 35, 29, 77, 8, 84, 15, 22, 33, 48, 19, 47, 88, 11, 89, 40, 71, 23, 60, 55, 2, 26, 36, 93, 25, 37, 49, 6, 87, 83, 32, 39, 24, 56, 31, 79, 76, 74, 52, 17, 10, 57, 42, 58, 16, 90, 64, 78, 73, 70, 69, 34, 50, 14, 46, 63, 80, 85, 66, 3, 81, 13, 92, 53, 27, 72, 21, 44]","[327, 217, 350, 127, 381, 229, 291, 313, 227, 98, 240, 270, 124, 215, 370, 221, 349, 136, 247, 115, 302, 182, 373, 223, 183, 108, 338, 241, 399, 242, 131, 404, 371, 238, 392, 322, 203, 164, 99, 254, 162, 198, 271, 283, 104, 348, 263, 181, 216, 250, 405, 200, 112, 185, 341, 316, 163, 288, 342, 279, 273, 243, 301, 175, 201, 369, 266, 144, 187, 395, 363, 295, 111, 345, 309, 211, 143, 278, 355, 145, 312, 304, 319, 280, 114, 261, 138, 257, 354, 330, 205, 360, 400, 307, 364, 96, 149, 204, 333, 210, 385, 102, 244, 282, 397, 95, 344, 387, 226, 326, 396, 120, 197, 151, 317, 249, 129, 346, 384, 303, 220, 383, 239, 231, 126, 380, 147, 245, 214, 188, 177, 311, 374, 356, 314, 165, 176, 347, 171, 184, 157, 158, 106, 137, 174, 386, 382, 212, 156, 298, 293, 362, 335, 403, 195, 140, 234, 393, 366, 101, 168, 189, 285, 372, 190, 191, 139, 154, 310, 324, 325, 148, 394, 274, 178, 256, 329, 153, 281, 232, 169, 334, 277, 306, 352, 208, 357, 339, 117, 260, 141, 132, 252, 388, 351, 336, 264, 107, 276, 113, 286, 116, 275, 125, 230, 365, 172, 287, 402, 196, 251, 332, 340, 268, 233, 292, 193, 110, 376, 105, 375, 315, 361, 294, 202, 235, 358, 123, 225, 166, 318, 128, 97, 389, 167, 323, 391, 173, 305, 398, 321, 155, 258, 146, 228, 248, 328, 179, 194, 253, 272, 269, 267, 300, 378, 213, 209, 236, 207, 246, 353, 237, 320, 206, 170, 297, 218, 377, 186, 192, 122, 331, 343, 222, 159, 118, 259, 289, 368, 296, 255, 130, 152, 109, 135, 160, 180, 390, 100, 150, 299, 219, 265, 284, 199, 290, 121, 142, 134, 133, 119, 401, 308, 337, 367, 161, 262, 379, 359, 103, 224]"
diversity_on_nsga2,86,-15.213385295833332,11.086614704166667,8.486614704166668,"[50, 79, 71, 49, 59, 24, 51, 10, 67, 2, 72, 42, 5, 65, 91, 87, 69, 80, 94, 3, 86, 53, 8, 39, 35, 60, 55, 31, 18, 70, 77, 93, 63, 73, 82, 81, 48, 40, 26, 6, 25, 64, 62, 76, 23, 21, 83, 89, 17, 9, 11, 58, 33, 61, 45, 46, 41, 19, 43, 32, 74, 47, 7, 38, 85, 1, 14, 29, 4, 15, 52, 44, 68, 36, 28, 16, 78, 37, 30, 75, 13, 56, 54, 27, 57, 92, 12, 90, 20, 34, 88, 22, 84, 66]","[283, 187, 354, 374, 171, 351, 223, 99, 362, 348, 207, 376, 239, 326, 298, 329, 332, 281, 179, 268, 222, 292, 198, 209, 221, 289, 120, 193, 252, 254, 274, 344, 243, 238, 379, 150, 224, 118, 184, 114, 271, 152, 143, 318, 388, 98, 211, 169, 297, 149, 227, 286, 309, 339, 375, 177, 364, 232, 188, 363, 314, 342, 288, 122, 340, 192, 380, 247, 277, 200, 233, 174, 218, 296, 405, 251, 139, 231, 334, 359, 248, 262, 113, 294, 265, 140, 399, 130, 368, 315, 295, 249, 328, 96, 267, 350, 378, 269, 276, 195, 341, 204, 141, 261, 345, 347, 401, 220, 385, 137, 127, 196, 119, 162, 324, 154, 310, 182, 235, 331, 189, 180, 95, 213, 128, 300, 327, 330, 124, 167, 199, 287, 202, 333, 206, 361, 250, 134, 395, 191, 377, 319, 212, 280, 386, 165, 317, 157, 159, 360, 396, 367, 181, 284, 163, 366, 225, 335, 270, 365, 290, 397, 175, 356, 311, 151, 145, 325, 228, 260, 217, 279, 203, 100, 155, 123, 371, 135, 229, 185, 383, 205, 381, 338, 178, 109, 168, 153, 226, 253, 349, 104, 138, 172, 282, 391, 245, 210, 190, 257, 355, 147, 230, 112, 101, 264, 194, 322, 160, 97, 146, 107, 273, 121, 108, 197, 305, 105, 323, 346, 382, 136, 234, 398, 102, 215, 201, 246, 148, 404, 357, 216, 259, 387, 392, 237, 402, 132, 293, 369, 173, 352, 403, 275, 144, 272, 313, 370, 394, 117, 236, 316, 208, 133, 110, 389, 142, 302, 308, 373, 219, 106, 244, 343, 291, 393, 321, 116, 214, 111, 358, 256, 156, 170, 337, 126, 299, 312, 115, 301, 304, 258, 242, 255, 384, 241, 306, 166, 400, 161, 285, 164, 320, 125, 278, 266, 307, 372, 303, 390, 183, 176, 240, 129, 158, 131, 353, 186, 263, 336, 103]"
diversity_on_nsga2,87,-31.266846756726622,8.323153243273373,20.533153243273375,"[43, 63, 39, 70, 78, 55, 36, 56, 85, 27, 57, 30, 93, 5, 79, 1, 21, 31, 59, 17, 88, 23, 3, 8, 11, 71, 18, 46, 64, 14, 62, 35, 2, 26, 19, 81, 25, 12, 90, 16, 10, 32, 72, 13, 80, 34, 40, 82, 28, 89, 7, 76, 22, 6, 58, 45, 20, 9, 50, 15, 48, 42, 47, 66, 73, 94, 74, 53, 75, 4, 87, 44, 54, 52, 67, 84, 38, 86, 37, 49, 29, 83, 41, 24, 65, 77, 51, 60, 92, 68, 61, 91, 69, 33]","[190, 344, 108, 402, 177, 275, 247, 218, 369, 335, 159, 342, 255, 215, 322, 117, 214, 279, 164, 239, 166, 99, 238, 380, 225, 291, 370, 314, 272, 294, 116, 288, 249, 165, 112, 274, 355, 210, 359, 393, 149, 236, 160, 200, 316, 254, 283, 174, 343, 175, 219, 341, 262, 392, 317, 383, 298, 265, 184, 107, 211, 178, 125, 373, 213, 269, 232, 198, 142, 307, 242, 111, 374, 372, 338, 220, 251, 273, 193, 336, 168, 329, 315, 122, 396, 118, 389, 346, 135, 153, 110, 146, 319, 398, 176, 311, 240, 356, 223, 297, 134, 161, 270, 375, 280, 404, 303, 296, 234, 371, 397, 191, 137, 186, 312, 119, 133, 347, 235, 179, 227, 328, 104, 202, 301, 290, 331, 284, 267, 148, 233, 268, 391, 114, 206, 362, 150, 138, 333, 182, 271, 217, 245, 188, 212, 390, 256, 145, 141, 293, 349, 352, 157, 105, 222, 339, 289, 228, 348, 295, 185, 226, 124, 253, 152, 139, 285, 109, 276, 106, 216, 181, 162, 156, 231, 345, 123, 286, 143, 385, 171, 309, 405, 257, 170, 126, 287, 154, 113, 365, 167, 243, 299, 101, 361, 376, 379, 368, 281, 305, 364, 132, 173, 378, 192, 183, 292, 323, 103, 230, 360, 399, 310, 340, 382, 278, 377, 209, 384, 277, 353, 320, 194, 96, 302, 327, 358, 195, 130, 264, 332, 97, 260, 357, 324, 144, 100, 350, 120, 282, 140, 248, 395, 388, 330, 304, 204, 205, 187, 203, 387, 155, 367, 246, 334, 259, 381, 300, 394, 263, 403, 306, 131, 172, 313, 325, 147, 127, 237, 163, 169, 115, 197, 354, 244, 102, 151, 363, 121, 351, 258, 266, 208, 401, 386, 252, 261, 366, 337, 98, 318, 196, 221, 308, 128, 326, 201, 199, 224, 158, 400, 136, 207, 241, 129, 321, 95, 189, 180, 229, 250]"
diversity_on_nsga2,88,-76.20000000000002,17.63,47.300000000000004,"[4, 28, 91, 30, 82, 67, 52, 87, 13, 54, 27, 59, 45, 86, 29, 11, 44, 8, 84, 15, 22, 33, 93, 46, 63, 65, 23, 55, 2, 26, 36, 50, 25, 37, 60, 6, 40, 83, 80, 56, 79, 41, 10, 17, 57, 42, 58, 90, 78, 69, 70, 34, 14, 32, 43, 48, 94, 39, 49, 24, 31, 76, 68, 53, 74, 16, 64, 81, 73, 1, 92, 12, 88, 62, 21, 61, 66, 75, 3, 72, 5, 35, 71, 77, 20, 9, 51, 18, 19, 47, 7, 38, 85, 89]","[354, 153, 374, 313, 240, 357, 263, 391, 176, 233, 174, 234, 178, 292, 110, 382, 376, 255, 225, 296, 294, 138, 397, 308, 343, 179, 394, 143, 247, 112, 193, 293, 379, 172, 113, 117, 275, 297, 148, 114, 257, 186, 221, 251, 97, 103, 208, 271, 302, 389, 316, 291, 328, 214, 283, 243, 301, 175, 369, 144, 187, 192, 128, 345, 365, 124, 167, 159, 360, 396, 367, 181, 284, 235, 163, 384, 116, 276, 209, 341, 204, 344, 261, 210, 401, 220, 385, 137, 127, 196, 119, 162, 347, 327, 331, 180, 95, 199, 287, 202, 333, 361, 250, 395, 377, 319, 212, 280, 386, 165, 317, 157, 309, 339, 375, 177, 364, 232, 188, 363, 314, 342, 288, 122, 340, 226, 104, 282, 245, 147, 230, 264, 146, 219, 201, 151, 145, 398, 102, 215, 311, 216, 259, 387, 402, 132, 173, 352, 403, 228, 260, 217, 279, 203, 155, 390, 135, 229, 185, 383, 205, 381, 338, 108, 197, 305, 105, 323, 346, 244, 120, 109, 111, 256, 170, 126, 299, 312, 115, 304, 258, 318, 106, 270, 306, 166, 400, 161, 164, 125, 278, 266, 393, 366, 101, 168, 139, 321, 107, 372, 190, 191, 189, 154, 182, 310, 324, 337, 273, 380, 373, 335, 156, 330, 236, 370, 349, 355, 325, 307, 303, 123, 183, 129, 158, 336, 171, 351, 223, 99, 362, 348, 239, 326, 298, 329, 332, 281, 268, 222, 350, 198, 289, 252, 254, 141, 238, 150, 224, 118, 184, 152, 358, 388, 98, 211, 169, 149, 285, 194, 253, 272, 274, 269, 267, 300, 160, 136, 378, 213, 195, 207, 246, 353, 237, 320, 206, 227, 277, 200, 218, 405, 231, 334, 359, 248, 262, 265, 140, 130, 368, 315, 295, 249, 96, 286, 290, 100, 121, 142, 134, 241, 133, 399, 242, 131, 404, 371, 392, 322, 356]"
diversity_on_nsga2,89,-6.907565277547081,7.61243472245292,7.692434722452919,"[43, 49, 85, 41, 87, 83, 24, 16, 64, 47, 17, 82, 71, 35, 40, 26, 39, 25, 7, 94, 3, 90, 77, 56, 76, 15, 48, 45, 54, 75, 32, 62, 44, 59, 63, 60, 2, 86, 57, 65, 84, 52, 79, 19, 93, 10, 29, 4, 58, 78, 73, 70, 1, 34, 14, 80, 89, 22, 72, 53, 27, 21, 28, 68, 6, 88, 18, 9, 55, 51, 61, 42, 8, 23, 33, 36, 66, 46, 13, 92, 38, 74, 69, 91, 30, 67, 20, 81, 5, 12, 37, 31, 50, 11]","[382, 216, 405, 316, 163, 328, 310, 244, 309, 117, 233, 252, 374, 247, 174, 138, 358, 120, 257, 226, 389, 290, 403, 275, 398, 188, 211, 152, 383, 293, 95, 399, 338, 231, 385, 133, 204, 304, 246, 165, 264, 364, 185, 191, 228, 378, 108, 336, 301, 144, 260, 387, 345, 341, 157, 298, 253, 217, 167, 158, 274, 214, 177, 311, 339, 356, 176, 285, 347, 171, 184, 388, 225, 386, 212, 156, 362, 195, 149, 271, 101, 321, 125, 190, 139, 154, 182, 111, 324, 325, 148, 113, 372, 116, 286, 230, 196, 118, 295, 104, 115, 147, 332, 329, 145, 208, 107, 168, 348, 209, 207, 360, 183, 232, 181, 282, 146, 218, 344, 334, 307, 326, 396, 197, 151, 317, 213, 249, 129, 346, 384, 303, 220, 241, 240, 179, 166, 315, 272, 342, 256, 365, 126, 337, 132, 234, 123, 200, 366, 223, 136, 335, 302, 393, 189, 273, 313, 373, 330, 155, 349, 355, 161, 159, 318, 97, 153, 178, 323, 391, 173, 305, 394, 276, 98, 172, 287, 402, 251, 340, 268, 292, 357, 235, 236, 160, 180, 390, 150, 299, 219, 265, 284, 199, 100, 121, 142, 134, 239, 242, 131, 404, 371, 392, 322, 194, 395, 363, 250, 266, 278, 312, 319, 205, 210, 400, 258, 279, 283, 261, 369, 106, 243, 280, 306, 110, 376, 105, 375, 203, 361, 294, 202, 377, 353, 237, 320, 206, 170, 297, 397, 186, 192, 122, 331, 343, 222, 119, 401, 308, 367, 262, 141, 352, 379, 359, 193, 103, 224, 327, 263, 350, 127, 381, 229, 291, 281, 380, 227, 270, 124, 215, 221, 351, 238, 259, 289, 368, 248, 296, 255, 162, 130, 164, 109, 135, 277, 143, 128, 137, 354, 169, 112, 201, 114, 245, 267, 370, 99, 198, 187, 333, 140, 96, 269, 288, 102, 175, 300, 314, 254]"
diversity_on_nsga2,90,-79.44851267192308,21.86148732807692,41.55148732807693,"[92, 28, 91, 30, 90, 67, 20, 55, 69, 5, 4, 9, 41, 7, 65, 18, 71, 68, 43, 51, 62, 47, 86, 61, 42, 94, 59, 48, 45, 35, 40, 8, 84, 15, 87, 33, 29, 34, 46, 77, 88, 23, 11, 75, 2, 26, 49, 89, 25, 37, 39, 6, 22, 83, 32, 36, 54, 56, 24, 79, 76, 19, 38, 93, 12, 31, 74, 52, 17, 10, 57, 60, 58, 16, 82, 64, 78, 81, 73, 70, 1, 50, 14, 63, 80, 85, 66, 72, 3, 53, 44, 21, 13, 27]","[139, 334, 248, 262, 391, 254, 382, 198, 128, 348, 263, 181, 216, 405, 112, 185, 316, 163, 232, 328, 208, 267, 273, 180, 272, 301, 201, 258, 269, 295, 111, 345, 211, 355, 145, 306, 323, 104, 204, 240, 221, 176, 362, 371, 403, 395, 274, 189, 100, 359, 331, 283, 332, 174, 264, 182, 275, 148, 309, 231, 276, 385, 289, 113, 294, 265, 140, 399, 130, 368, 315, 249, 96, 292, 286, 123, 195, 341, 141, 261, 324, 401, 224, 271, 137, 127, 196, 119, 162, 347, 239, 344, 151, 154, 310, 235, 95, 213, 199, 287, 202, 333, 206, 361, 250, 134, 191, 377, 319, 212, 280, 386, 165, 317, 105, 339, 375, 177, 364, 378, 188, 363, 314, 342, 288, 122, 340, 192, 380, 247, 210, 365, 330, 124, 167, 159, 360, 396, 367, 376, 327, 366, 225, 335, 270, 178, 109, 168, 153, 226, 253, 349, 138, 172, 282, 245, 300, 190, 257, 147, 230, 290, 101, 194, 322, 160, 97, 146, 389, 397, 175, 219, 325, 373, 136, 234, 398, 102, 215, 311, 246, 404, 357, 259, 387, 392, 237, 402, 132, 293, 369, 173, 352, 228, 144, 260, 217, 313, 336, 370, 203, 394, 117, 236, 155, 133, 135, 110, 229, 383, 205, 107, 381, 338, 121, 108, 197, 305, 142, 157, 302, 308, 356, 346, 255, 244, 343, 120, 393, 384, 116, 214, 358, 256, 156, 170, 337, 126, 299, 312, 115, 304, 318, 106, 321, 241, 166, 400, 161, 285, 164, 320, 125, 278, 266, 307, 372, 303, 390, 183, 129, 158, 131, 353, 186, 326, 103, 187, 354, 374, 171, 351, 223, 99, 207, 284, 279, 298, 329, 281, 179, 268, 222, 350, 209, 291, 193, 252, 243, 238, 379, 150, 220, 118, 184, 114, 152, 143, 242, 388, 98, 169, 297, 149, 227, 277, 200, 233, 218, 296, 251]"
diversity_on_nsga2,91,-33.099999999999994,7.960000000000001,27.099999999999998,"[59, 40, 8, 46, 77, 11, 83, 60, 81, 49, 37, 26, 54, 24, 18, 36, 15, 32, 41, 63, 45, 23, 64, 4, 28, 85, 35, 86, 89, 58, 55, 33, 10, 50, 69, 82, 76, 13, 16, 29, 80, 9, 75, 6, 93, 5, 17, 71, 20, 92, 90, 94, 21, 12, 30, 84, 52, 56, 2, 1, 42, 67, 74, 25, 57, 78, 70, 79, 3, 43, 7, 65, 22, 48, 39, 66, 61, 87, 19, 14, 38, 88, 31, 73, 34, 72, 53, 44, 91, 27, 68, 51, 62, 47]","[391, 254, 382, 198, 128, 348, 263, 181, 216, 405, 112, 185, 316, 163, 232, 328, 208, 267, 273, 180, 272, 301, 201, 258, 269, 295, 111, 345, 211, 355, 145, 306, 323, 104, 204, 240, 221, 176, 362, 371, 403, 395, 274, 275, 100, 359, 331, 283, 332, 174, 264, 182, 189, 148, 309, 231, 276, 271, 289, 184, 279, 196, 186, 234, 265, 315, 374, 341, 159, 290, 376, 324, 171, 152, 288, 200, 291, 251, 125, 157, 364, 287, 347, 175, 363, 193, 280, 144, 250, 361, 368, 222, 354, 314, 101, 322, 199, 296, 268, 218, 297, 353, 387, 202, 317, 151, 284, 303, 113, 217, 129, 311, 143, 140, 294, 342, 168, 187, 103, 266, 233, 119, 278, 190, 369, 226, 379, 401, 138, 230, 102, 243, 404, 122, 118, 312, 304, 319, 260, 205, 169, 114, 261, 257, 173, 330, 228, 360, 400, 307, 96, 158, 333, 210, 336, 385, 244, 326, 277, 282, 146, 95, 344, 334, 155, 396, 120, 256, 197, 293, 213, 249, 346, 384, 220, 383, 126, 380, 147, 245, 214, 188, 177, 389, 300, 339, 356, 165, 285, 106, 388, 137, 225, 386, 162, 212, 156, 298, 179, 335, 195, 253, 393, 366, 321, 107, 372, 191, 139, 154, 310, 325, 394, 286, 116, 365, 172, 402, 340, 292, 167, 110, 105, 375, 390, 329, 377, 236, 207, 246, 237, 398, 320, 206, 149, 170, 397, 235, 178, 192, 123, 343, 239, 308, 337, 358, 117, 367, 378, 150, 142, 133, 161, 262, 141, 352, 357, 224, 327, 350, 127, 166, 381, 229, 281, 313, 132, 227, 98, 270, 124, 215, 370, 351, 238, 259, 99, 255, 130, 349, 109, 252, 135, 160, 247, 203, 115, 302, 299, 219, 97, 373, 136, 223, 318, 183, 108, 121, 209, 338, 134, 241, 399, 242, 131, 392, 305, 194, 153, 164, 248]"
diversity_on_nsga2,92,-100.99995670829531,33.25004329170467,92.50004329170467,"[28, 91, 30, 82, 67, 14, 94, 20, 1, 5, 75, 4, 9, 41, 7, 65, 18, 71, 38, 68, 43, 12, 51, 62, 47, 86, 61, 59, 45, 35, 29, 11, 89, 40, 8, 84, 15, 22, 33, 48, 50, 46, 77, 88, 23, 60, 55, 2, 26, 36, 93, 25, 37, 39, 6, 87, 83, 32, 49, 24, 56, 31, 79, 76, 74, 52, 17, 10, 57, 42, 58, 16, 90, 64, 78, 81, 73, 70, 69, 34, 54, 19, 63, 80, 85, 66, 72, 13, 92, 53, 27, 3, 21, 44]","[224, 327, 217, 350, 127, 381, 229, 291, 313, 227, 98, 240, 270, 124, 215, 370, 221, 238, 259, 289, 368, 296, 255, 130, 349, 136, 109, 135, 247, 390, 115, 302, 150, 299, 219, 265, 373, 284, 223, 199, 290, 183, 100, 108, 121, 338, 142, 134, 241, 399, 242, 131, 404, 371, 118, 392, 322, 153, 164, 99, 254, 382, 198, 271, 279, 104, 348, 263, 181, 216, 250, 405, 200, 112, 185, 341, 316, 163, 288, 342, 283, 273, 243, 180, 301, 175, 201, 369, 266, 144, 187, 395, 363, 295, 111, 345, 309, 211, 143, 278, 355, 145, 312, 304, 319, 280, 114, 261, 138, 257, 354, 132, 228, 360, 400, 307, 364, 96, 158, 204, 333, 210, 385, 397, 244, 282, 102, 95, 344, 387, 226, 326, 396, 120, 256, 197, 151, 317, 249, 129, 346, 384, 303, 220, 383, 239, 231, 126, 380, 147, 245, 214, 188, 177, 178, 311, 374, 356, 314, 165, 176, 347, 171, 184, 157, 264, 106, 137, 174, 386, 162, 212, 156, 298, 293, 362, 335, 403, 195, 140, 234, 393, 366, 101, 168, 189, 107, 372, 190, 191, 139, 154, 182, 310, 324, 325, 148, 394, 276, 113, 286, 116, 275, 125, 230, 365, 172, 287, 402, 196, 251, 332, 340, 268, 233, 292, 193, 110, 376, 105, 375, 315, 361, 294, 202, 235, 358, 123, 225, 166, 318, 128, 97, 389, 167, 323, 391, 173, 305, 398, 321, 155, 258, 146, 205, 248, 328, 179, 329, 203, 281, 232, 169, 334, 277, 306, 352, 208, 357, 339, 117, 260, 141, 330, 252, 388, 351, 336, 149, 285, 194, 253, 401, 133, 274, 269, 267, 300, 160, 152, 378, 213, 209, 236, 207, 246, 353, 237, 320, 206, 170, 297, 218, 377, 186, 192, 122, 331, 343, 222, 159, 119, 272, 308, 337, 367, 161, 262, 379, 359, 103]"
diversity_on_nsga2,93,-79.836431645,23.983568355000003,50.963568355000014,"[6, 28, 91, 30, 72, 67, 20, 55, 69, 5, 29, 9, 41, 7, 17, 18, 71, 68, 43, 51, 62, 47, 86, 61, 42, 94, 59, 48, 45, 35, 40, 8, 84, 15, 22, 33, 4, 50, 46, 77, 88, 23, 11, 75, 2, 26, 49, 89, 25, 37, 39, 44, 87, 83, 32, 36, 54, 24, 56, 79, 76, 19, 38, 93, 12, 31, 74, 52, 65, 10, 57, 60, 58, 16, 82, 64, 78, 81, 73, 70, 1, 34, 14, 63, 80, 85, 66, 90, 13, 92, 53, 27, 3, 21]","[194, 153, 164, 99, 391, 254, 382, 198, 128, 348, 263, 181, 216, 405, 112, 185, 316, 163, 232, 328, 208, 267, 273, 180, 272, 301, 201, 258, 269, 295, 111, 345, 211, 355, 145, 306, 323, 221, 204, 240, 104, 176, 362, 371, 403, 395, 274, 275, 100, 359, 331, 283, 332, 174, 264, 182, 189, 148, 309, 231, 276, 271, 289, 184, 233, 196, 186, 234, 265, 315, 175, 341, 159, 290, 376, 324, 171, 152, 288, 200, 291, 251, 125, 157, 364, 287, 347, 374, 363, 193, 298, 144, 250, 361, 368, 222, 354, 314, 101, 322, 199, 296, 268, 218, 297, 353, 387, 202, 317, 151, 284, 303, 113, 217, 129, 311, 143, 140, 294, 342, 168, 187, 103, 266, 352, 119, 278, 190, 369, 226, 379, 401, 138, 230, 102, 243, 404, 122, 118, 312, 304, 319, 260, 205, 169, 114, 261, 257, 173, 330, 228, 360, 400, 307, 96, 158, 333, 210, 336, 385, 244, 155, 277, 282, 146, 95, 344, 334, 326, 396, 120, 256, 197, 293, 213, 249, 346, 384, 220, 383, 126, 380, 147, 245, 214, 188, 177, 389, 300, 339, 356, 165, 285, 106, 388, 137, 225, 386, 162, 212, 156, 280, 179, 335, 195, 253, 393, 366, 321, 107, 372, 191, 139, 154, 310, 325, 394, 286, 116, 365, 172, 402, 340, 292, 167, 110, 105, 375, 203, 329, 377, 236, 207, 246, 237, 398, 320, 206, 149, 170, 397, 235, 178, 192, 123, 343, 239, 308, 337, 358, 117, 367, 161, 262, 141, 279, 357, 224, 327, 350, 127, 166, 381, 229, 281, 313, 132, 227, 98, 270, 124, 215, 370, 351, 238, 259, 248, 255, 378, 130, 349, 109, 252, 135, 160, 247, 390, 115, 302, 150, 299, 219, 97, 373, 136, 223, 318, 183, 108, 121, 209, 338, 142, 134, 241, 133, 399, 242, 131, 392, 305]"
diversity_on_nsga2,94,-79.836431645,23.983568355000003,50.963568355000014,"[6, 28, 91, 30, 72, 67, 20, 55, 69, 5, 29, 9, 41, 7, 17, 18, 71, 68, 43, 51, 62, 47, 86, 61, 42, 94, 59, 48, 45, 35, 40, 8, 84, 15, 22, 33, 4, 50, 46, 77, 88, 23, 11, 75, 2, 26, 49, 89, 25, 37, 39, 44, 87, 83, 32, 36, 54, 24, 56, 79, 76, 19, 38, 93, 12, 31, 74, 52, 65, 10, 57, 60, 58, 16, 82, 64, 78, 81, 73, 70, 1, 34, 14, 63, 80, 85, 66, 90, 13, 92, 53, 27, 3, 21]","[194, 153, 164, 99, 391, 254, 382, 198, 128, 348, 263, 181, 216, 405, 112, 185, 316, 163, 232, 328, 208, 267, 273, 180, 272, 301, 201, 258, 269, 295, 111, 345, 211, 355, 145, 306, 323, 221, 204, 240, 104, 176, 362, 371, 403, 395, 274, 275, 100, 359, 331, 283, 332, 174, 264, 182, 189, 148, 309, 231, 276, 271, 289, 184, 233, 196, 186, 234, 265, 315, 175, 341, 159, 290, 376, 324, 171, 152, 288, 200, 291, 251, 125, 157, 364, 287, 347, 374, 363, 193, 298, 144, 250, 361, 368, 222, 354, 314, 101, 322, 199, 296, 268, 218, 297, 353, 387, 202, 317, 151, 284, 303, 113, 217, 129, 311, 143, 140, 294, 342, 168, 187, 103, 266, 352, 119, 278, 190, 369, 226, 379, 401, 138, 230, 102, 243, 404, 122, 118, 312, 304, 319, 260, 205, 169, 114, 261, 257, 173, 330, 228, 360, 400, 307, 96, 158, 333, 210, 336, 385, 244, 155, 277, 282, 146, 95, 344, 334, 326, 396, 120, 256, 197, 293, 213, 249, 346, 384, 220, 383, 126, 380, 147, 245, 214, 188, 177, 389, 300, 339, 356, 165, 285, 106, 388, 137, 225, 386, 162, 212, 156, 280, 179, 335, 195, 253, 393, 366, 321, 107, 372, 191, 139, 154, 310, 325, 394, 286, 116, 365, 172, 402, 340, 292, 167, 110, 105, 375, 203, 329, 377, 236, 207, 246, 237, 398, 320, 206, 149, 170, 397, 235, 178, 192, 123, 343, 239, 308, 337, 358, 117, 367, 161, 262, 141, 279, 357, 224, 327, 350, 127, 166, 381, 229, 281, 313, 132, 227, 98, 270, 124, 215, 370, 351, 238, 259, 248, 255, 378, 130, 349, 109, 252, 135, 160, 247, 390, 115, 302, 150, 299, 219, 97, 373, 136, 223, 318, 183, 108, 121, 209, 338, 142, 134, 241, 133, 399, 242, 131, 392, 305]"
diversity_on_nsga2,95,-32.671517525000006,9.268482474999999,25.728482475000003,"[79, 14, 26, 41, 74, 7, 38, 85, 1, 4, 15, 52, 27, 37, 49, 66, 67, 24, 63, 28, 50, 46, 42, 44, 81, 61, 64, 75, 65, 22, 84, 53, 8, 83, 34, 77, 60, 55, 31, 18, 70, 6, 93, 47, 73, 82, 9, 48, 40, 36, 11, 23, 29, 43, 33, 12, 25, 51, 89, 35, 2, 87, 20, 32, 58, 16, 90, 78, 13, 69, 88, 19, 80, 17, 68, 57, 92, 21, 76, 54, 30, 86, 71, 59, 10, 56, 72, 5, 91, 45, 62, 39, 94, 3]","[344, 243, 238, 379, 150, 224, 168, 97, 146, 107, 273, 397, 175, 219, 201, 151, 145, 325, 228, 260, 217, 279, 203, 184, 114, 271, 152, 143, 242, 388, 98, 211, 169, 297, 149, 227, 277, 259, 268, 174, 218, 296, 405, 251, 139, 112, 231, 334, 359, 248, 262, 113, 294, 265, 140, 399, 130, 368, 315, 295, 249, 328, 96, 267, 350, 269, 276, 195, 341, 335, 141, 261, 353, 324, 401, 220, 385, 137, 196, 119, 347, 310, 182, 235, 331, 189, 180, 95, 213, 199, 287, 202, 333, 206, 125, 250, 395, 191, 377, 319, 212, 280, 386, 165, 317, 157, 309, 339, 364, 286, 232, 188, 363, 314, 342, 122, 177, 380, 247, 126, 223, 178, 303, 378, 197, 387, 237, 270, 321, 124, 358, 396, 241, 194, 255, 135, 192, 229, 246, 214, 308, 366, 343, 116, 340, 134, 225, 118, 284, 288, 370, 127, 129, 351, 154, 162, 252, 383, 375, 110, 307, 210, 365, 330, 167, 159, 360, 367, 181, 327, 163, 204, 109, 160, 153, 226, 253, 349, 104, 138, 172, 282, 391, 245, 300, 190, 257, 355, 147, 230, 290, 101, 264, 322, 373, 136, 234, 398, 102, 215, 311, 148, 404, 357, 216, 200, 392, 402, 132, 293, 369, 173, 352, 403, 128, 144, 272, 313, 394, 166, 400, 161, 285, 164, 320, 361, 278, 266, 372, 390, 183, 176, 240, 158, 131, 345, 186, 263, 336, 117, 100, 236, 155, 316, 208, 123, 371, 133, 185, 205, 389, 381, 338, 121, 108, 305, 142, 105, 302, 382, 346, 244, 120, 393, 111, 256, 156, 170, 337, 275, 299, 312, 115, 301, 304, 258, 318, 106, 384, 306, 103, 323, 356, 283, 187, 354, 374, 171, 99, 362, 348, 207, 376, 239, 326, 298, 329, 332, 281, 179, 233, 222, 292, 198, 209, 221, 289, 291, 193, 254, 274]"
diversity_on_nsga2,96,-11.64165726153846,8.128342738461539,11.458342738461539,"[66, 37, 50, 79, 72, 71, 49, 59, 62, 75, 94, 3, 53, 73, 39, 34, 6, 16, 31, 18, 70, 77, 93, 9, 48, 40, 86, 11, 58, 26, 82, 51, 41, 19, 43, 32, 42, 10, 67, 46, 2, 78, 8, 63, 20, 5, 81, 33, 74, 47, 7, 12, 85, 1, 14, 29, 4, 15, 52, 44, 68, 36, 28, 60, 25, 21, 84, 80, 13, 56, 54, 27, 57, 92, 38, 90, 45, 64, 76, 23, 91, 69, 83, 89, 17, 61, 35, 24, 55, 88, 22, 65, 87, 30]","[283, 187, 354, 374, 171, 351, 223, 99, 362, 348, 207, 376, 279, 298, 329, 332, 281, 179, 268, 222, 350, 198, 209, 221, 289, 291, 193, 252, 254, 274, 243, 238, 379, 150, 224, 118, 184, 114, 271, 152, 143, 242, 388, 98, 211, 169, 297, 149, 227, 277, 200, 233, 218, 296, 405, 251, 139, 112, 231, 334, 359, 248, 262, 113, 294, 265, 140, 399, 130, 368, 315, 295, 249, 328, 96, 267, 292, 286, 123, 276, 195, 341, 204, 141, 261, 345, 324, 401, 220, 385, 137, 127, 196, 119, 162, 347, 239, 344, 151, 154, 310, 182, 235, 331, 189, 180, 95, 213, 199, 287, 202, 333, 206, 361, 250, 134, 395, 191, 377, 319, 212, 280, 386, 165, 317, 157, 309, 339, 375, 177, 364, 378, 232, 188, 363, 314, 342, 288, 122, 340, 192, 380, 247, 128, 210, 365, 330, 124, 167, 159, 360, 396, 367, 181, 284, 327, 163, 366, 225, 335, 270, 178, 109, 168, 153, 226, 253, 349, 104, 138, 172, 282, 391, 245, 300, 190, 257, 355, 147, 230, 290, 101, 264, 194, 322, 160, 97, 146, 107, 174, 273, 397, 175, 219, 201, 145, 325, 373, 136, 234, 398, 102, 215, 311, 246, 148, 404, 357, 216, 259, 387, 392, 237, 402, 132, 293, 369, 173, 352, 403, 275, 228, 144, 260, 217, 272, 313, 336, 370, 203, 394, 117, 100, 236, 155, 316, 208, 269, 371, 133, 135, 110, 229, 185, 383, 205, 389, 381, 338, 121, 108, 197, 305, 142, 105, 302, 308, 382, 323, 356, 346, 255, 244, 343, 120, 393, 321, 116, 214, 111, 358, 256, 156, 170, 337, 126, 299, 312, 115, 301, 304, 258, 318, 106, 384, 241, 306, 166, 400, 161, 285, 164, 320, 125, 278, 266, 307, 372, 303, 390, 183, 176, 240, 129, 158, 131, 353, 186, 263, 326, 103]"
diversity_on_nsga2,97,-15.213385295833332,11.086614704166667,8.486614704166668,"[50, 79, 71, 49, 59, 24, 51, 10, 67, 2, 72, 42, 5, 65, 91, 87, 69, 80, 94, 3, 86, 53, 8, 39, 35, 60, 55, 31, 18, 70, 77, 93, 63, 73, 82, 81, 48, 40, 26, 6, 25, 64, 62, 76, 23, 21, 83, 89, 17, 9, 11, 58, 33, 61, 45, 46, 41, 19, 43, 32, 74, 47, 7, 38, 85, 1, 14, 29, 4, 15, 52, 44, 68, 36, 28, 16, 78, 37, 30, 75, 13, 56, 54, 27, 57, 92, 12, 90, 20, 34, 88, 22, 84, 66]","[283, 187, 354, 374, 171, 351, 223, 99, 362, 348, 207, 376, 239, 326, 298, 329, 332, 281, 179, 268, 222, 292, 198, 209, 221, 289, 120, 193, 252, 254, 274, 344, 243, 238, 379, 150, 224, 118, 184, 114, 271, 152, 143, 318, 388, 98, 211, 169, 297, 149, 227, 286, 309, 339, 375, 177, 364, 232, 188, 363, 314, 342, 288, 122, 340, 192, 380, 247, 277, 200, 233, 174, 218, 296, 405, 251, 139, 231, 334, 359, 248, 262, 113, 294, 265, 140, 399, 130, 368, 315, 295, 249, 328, 96, 267, 350, 378, 269, 276, 195, 341, 204, 141, 261, 345, 347, 401, 220, 385, 137, 127, 196, 119, 162, 324, 154, 310, 182, 235, 331, 189, 180, 95, 213, 128, 300, 327, 330, 124, 167, 199, 287, 202, 333, 206, 361, 250, 134, 395, 191, 377, 319, 212, 280, 386, 165, 317, 157, 159, 360, 396, 367, 181, 284, 163, 366, 225, 335, 270, 365, 290, 397, 175, 356, 311, 151, 145, 325, 228, 260, 217, 279, 203, 100, 155, 123, 371, 135, 229, 185, 383, 205, 381, 338, 178, 109, 168, 153, 226, 253, 349, 104, 138, 172, 282, 391, 245, 210, 190, 257, 355, 147, 230, 112, 101, 264, 194, 322, 160, 97, 146, 107, 273, 121, 108, 197, 305, 105, 323, 346, 382, 136, 234, 398, 102, 215, 201, 246, 148, 404, 357, 216, 259, 387, 392, 237, 402, 132, 293, 369, 173, 352, 403, 275, 144, 272, 313, 370, 394, 117, 236, 316, 208, 133, 110, 389, 142, 302, 308, 373, 219, 106, 244, 343, 291, 393, 321, 116, 214, 111, 358, 256, 156, 170, 337, 126, 299, 312, 115, 301, 304, 258, 242, 255, 384, 241, 306, 166, 400, 161, 285, 164, 320, 125, 278, 266, 307, 372, 303, 390, 183, 176, 240, 129, 158, 131, 353, 186, 263, 336, 103]"
diversity_on_nsga2,98,-91.37652904534575,19.983470954654273,68.42347095465428,"[44, 28, 91, 30, 82, 79, 71, 49, 24, 75, 94, 3, 53, 60, 39, 6, 16, 55, 18, 70, 93, 63, 9, 48, 40, 81, 11, 58, 26, 51, 66, 19, 43, 32, 42, 10, 67, 46, 2, 78, 8, 72, 90, 47, 77, 5, 56, 86, 57, 31, 65, 1, 59, 52, 34, 87, 36, 84, 4, 7, 85, 69, 14, 33, 74, 15, 68, 73, 25, 37, 80, 13, 20, 54, 27, 92, 12, 29, 45, 64, 38, 23, 76, 62, 21, 83, 89, 17, 61, 35, 88, 22, 41, 50]","[356, 354, 153, 374, 313, 349, 240, 322, 372, 250, 357, 263, 391, 176, 236, 124, 174, 234, 182, 292, 110, 382, 376, 255, 225, 136, 107, 296, 294, 138, 246, 191, 308, 287, 179, 394, 160, 300, 358, 101, 207, 247, 112, 193, 293, 379, 172, 133, 113, 117, 275, 297, 337, 370, 366, 148, 353, 114, 257, 186, 221, 142, 386, 251, 154, 97, 103, 324, 214, 271, 361, 162, 180, 122, 302, 290, 401, 237, 377, 389, 137, 316, 288, 342, 291, 232, 328, 208, 267, 283, 243, 272, 301, 175, 369, 226, 187, 269, 363, 276, 195, 341, 204, 141, 261, 345, 220, 385, 127, 196, 119, 347, 310, 331, 189, 95, 213, 199, 202, 333, 134, 395, 319, 212, 280, 165, 317, 157, 309, 339, 375, 177, 364, 378, 188, 314, 340, 380, 128, 210, 365, 330, 159, 167, 233, 360, 311, 367, 181, 284, 327, 163, 335, 270, 116, 168, 144, 253, 104, 282, 245, 190, 355, 147, 230, 264, 194, 146, 273, 219, 201, 151, 145, 325, 373, 398, 102, 215, 396, 404, 216, 259, 387, 392, 402, 132, 173, 352, 403, 228, 260, 217, 279, 203, 100, 155, 371, 135, 229, 185, 383, 205, 381, 338, 121, 108, 197, 305, 105, 323, 346, 244, 120, 393, 321, 109, 111, 256, 156, 126, 299, 312, 115, 304, 258, 318, 106, 384, 241, 306, 166, 400, 161, 285, 164, 320, 125, 206, 149, 170, 397, 235, 178, 192, 123, 343, 239, 278, 266, 307, 303, 390, 183, 129, 158, 131, 336, 171, 351, 223, 99, 362, 348, 326, 298, 329, 332, 281, 268, 222, 350, 198, 209, 289, 252, 254, 274, 344, 238, 150, 224, 118, 184, 152, 143, 242, 388, 98, 211, 231, 227, 277, 200, 218, 405, 139, 169, 334, 359, 248, 262, 265, 140, 399, 130, 368, 315, 295, 249, 96, 286]"
diversity_on_nsga2,99,-81.05235627616149,23.337643723838525,65.94764372383851,"[6, 16, 78, 31, 49, 67, 20, 55, 69, 5, 4, 9, 41, 7, 17, 18, 71, 68, 43, 88, 62, 47, 86, 61, 42, 94, 59, 48, 45, 35, 40, 8, 84, 15, 22, 33, 29, 50, 46, 77, 51, 93, 63, 81, 11, 58, 80, 82, 19, 32, 74, 12, 85, 1, 14, 52, 44, 36, 28, 60, 25, 21, 3, 13, 56, 54, 27, 57, 92, 38, 90, 64, 24, 76, 23, 91, 37, 83, 89, 10, 2, 65, 87, 30, 66, 79, 72, 70, 75, 26, 53, 73, 39, 34]","[252, 254, 274, 238, 150, 224, 184, 271, 152, 242, 388, 98, 211, 149, 227, 200, 391, 405, 251, 139, 112, 231, 359, 248, 262, 265, 399, 130, 315, 295, 328, 267, 292, 286, 269, 276, 195, 341, 204, 141, 345, 324, 137, 127, 196, 162, 154, 310, 182, 235, 331, 189, 180, 206, 134, 395, 191, 377, 239, 280, 386, 165, 309, 339, 375, 177, 378, 232, 188, 288, 340, 192, 380, 247, 128, 365, 124, 167, 159, 367, 181, 327, 163, 157, 364, 287, 347, 374, 373, 193, 298, 144, 250, 361, 368, 222, 354, 314, 101, 322, 199, 296, 268, 218, 297, 353, 387, 202, 317, 151, 284, 303, 113, 217, 129, 311, 143, 140, 294, 342, 168, 187, 103, 266, 233, 119, 278, 190, 369, 226, 379, 401, 138, 230, 102, 243, 404, 122, 118, 312, 304, 319, 260, 205, 169, 114, 261, 257, 173, 330, 228, 360, 400, 307, 96, 158, 333, 210, 336, 385, 244, 155, 277, 282, 146, 95, 344, 334, 326, 396, 120, 256, 197, 293, 213, 249, 346, 384, 220, 383, 366, 335, 270, 178, 109, 153, 253, 349, 104, 172, 174, 245, 300, 355, 147, 290, 264, 194, 160, 97, 107, 273, 397, 175, 219, 201, 225, 145, 325, 363, 136, 234, 398, 215, 246, 148, 357, 216, 259, 392, 237, 402, 132, 352, 403, 275, 272, 313, 279, 370, 203, 394, 117, 100, 236, 316, 208, 123, 371, 133, 135, 110, 229, 185, 389, 381, 338, 121, 108, 305, 142, 105, 302, 308, 382, 323, 356, 255, 343, 393, 321, 116, 214, 111, 358, 156, 170, 337, 126, 299, 115, 301, 258, 318, 106, 241, 306, 166, 161, 285, 164, 320, 125, 372, 390, 183, 176, 240, 131, 186, 263, 283, 171, 351, 223, 99, 362, 348, 207, 376, 212, 329, 332, 281, 179, 350, 198, 209, 221, 289, 291]"
