experiment,solution_id,obj_1,obj_2,obj_3,breakfast_ids,lunch_ids
diversity_on_nsga2,0,-98.45896818864153,26.441031811358453,76.94103181135843,"[28, 88, 32, 37, 92, 78, 17, 85, 90, 51, 61, 27, 36, 8, 65, 38, 10, 26, 15, 56, 63, 82, 79, 13, 72, 9, 19, 14, 20, 69, 53, 64, 4, 24, 58, 25, 21, 50, 70, 75, 12, 7, 54, 5, 68, 52, 62, 31, 74, 91, 43, 30, 16, 34, 83, 66, 80, 55, 94, 11, 76, 67, 73, 60, 84, 89, 42, 57, 48, 3, 22, 46, 87, 35, 81, 33, 47, 18, 2, 41, 29, 71, 39, 6, 49, 1, 40, 93, 23, 44, 86, 77, 45, 59]","[285, 241, 112, 319, 315, 131, 381, 300, 312, 209, 127, 106, 269, 281, 316, 340, 188, 295, 206, 273, 334, 99, 351, 359, 150, 252, 173, 184, 394, 403, 193, 297, 217, 148, 307, 350, 318, 369, 186, 199, 290, 157, 219, 364, 342, 365, 175, 336, 249, 331, 104, 344, 158, 110, 335, 135, 264, 182, 256, 97, 220, 398, 248, 140, 105, 189, 203, 101, 296, 289, 139, 130, 270, 95, 397, 223, 368, 322, 232, 98, 404, 230, 372, 389, 353, 395, 332, 302, 192, 262, 374, 382, 299, 333, 155, 202, 363, 221, 274, 313, 178, 298, 180, 171, 222, 151, 239, 257, 117, 357, 244, 132, 373, 128, 366, 306, 242, 294, 145, 317, 167, 113, 329, 384, 210, 168, 279, 211, 354, 138, 392, 119, 234, 263, 216, 181, 197, 243, 271, 174, 310, 254, 377, 286, 399, 352, 159, 108, 255, 228, 388, 195, 265, 402, 212, 320, 177, 170, 370, 347, 179, 321, 268, 120, 109, 183, 194, 301, 293, 282, 308, 123, 124, 405, 276, 224, 156, 330, 198, 251, 303, 247, 144, 233, 385, 391, 236, 278, 341, 261, 345, 272, 96, 137, 337, 136, 245, 240, 116, 291, 162, 187, 343, 153, 361, 205, 267, 121, 339, 280, 371, 149, 169, 143, 218, 115, 107, 215, 100, 284, 314, 376, 122, 287, 259, 328, 325, 349, 147, 309, 207, 304, 375, 292, 266, 283, 126, 277, 400, 246, 356, 348, 396, 208, 160, 114, 125, 213, 229, 327, 326, 163, 146, 201, 191, 311, 323, 133, 238, 176, 390, 260, 362, 141, 367, 214, 379, 118, 134, 360, 275, 235, 258, 164, 386, 250, 401, 227, 324, 225, 204, 305, 387, 380, 129, 196, 231, 172, 393, 142, 383, 237, 152, 355, 288, 165, 185, 154, 253, 338, 358, 226, 111, 166, 346, 190, 200, 161, 103, 378, 102]"
diversity_on_nsga2,1,-4.73741985,4.50258015,11.162580149999998,"[66, 82, 94, 84, 3, 45, 49, 93, 23, 40, 88, 75, 28, 21, 69, 16, 62, 14, 19, 71, 73, 41, 25, 81, 31, 11, 48, 43, 64, 85, 70, 27, 34, 30, 61, 32, 79, 35, 77, 13, 4, 42, 78, 53, 67, 72, 22, 26, 36, 24, 80, 2, 17, 10, 87, 8, 83, 12, 33, 57, 5, 65, 46, 15, 9, 29, 59, 58, 1, 92, 44, 54, 89, 18, 52, 68, 55, 51, 74, 86, 60, 6, 39, 47, 37, 90, 38, 56, 63, 20, 7, 50, 91, 76]","[190, 117, 109, 227, 161, 107, 371, 361, 116, 290, 215, 400, 320, 282, 198, 261, 295, 145, 375, 173, 378, 269, 141, 248, 380, 243, 203, 289, 118, 353, 108, 377, 350, 196, 234, 276, 216, 206, 308, 95, 199, 124, 222, 239, 142, 202, 197, 166, 125, 401, 357, 313, 186, 356, 156, 188, 322, 294, 258, 245, 398, 318, 392, 223, 233, 354, 187, 138, 106, 297, 232, 283, 359, 379, 249, 293, 213, 129, 399, 150, 123, 335, 144, 317, 321, 277, 298, 180, 171, 151, 257, 244, 194, 301, 405, 224, 247, 236, 96, 337, 136, 240, 98, 162, 343, 153, 205, 121, 339, 149, 143, 218, 179, 100, 314, 376, 287, 120, 259, 328, 325, 147, 207, 304, 266, 208, 160, 229, 327, 163, 191, 323, 133, 176, 260, 134, 360, 275, 316, 303, 152, 268, 122, 178, 284, 383, 395, 253, 237, 146, 131, 291, 185, 307, 341, 169, 385, 201, 221, 370, 235, 115, 155, 128, 374, 319, 351, 214, 157, 140, 272, 130, 292, 332, 264, 274, 393, 159, 252, 363, 126, 299, 330, 311, 271, 285, 281, 280, 111, 349, 326, 209, 388, 390, 404, 324, 402, 175, 362, 114, 192, 348, 336, 364, 167, 255, 101, 135, 347, 238, 382, 104, 312, 396, 309, 352, 342, 112, 279, 270, 369, 241, 397, 217, 386, 250, 225, 305, 387, 231, 263, 355, 288, 154, 262, 256, 338, 226, 230, 346, 165, 103, 102, 137, 315, 246, 331, 381, 344, 296, 300, 200, 340, 97, 139, 273, 334, 158, 105, 220, 184, 394, 403, 372, 148, 183, 195, 389, 219, 302, 170, 365, 132, 373, 329, 384, 210, 168, 211, 254, 286, 228, 182, 345, 119, 368, 358, 174, 172, 278, 265, 212, 113, 127, 391, 306, 251, 310, 189, 366, 110, 333, 367, 204, 177, 181, 164, 242, 99, 267, 193]"
diversity_on_nsga2,2,-16.74325925,8.75674075,4.95674075,"[33, 18, 78, 17, 85, 90, 51, 61, 27, 3, 8, 65, 38, 10, 40, 39, 88, 69, 53, 32, 64, 44, 24, 58, 25, 21, 50, 70, 75, 12, 7, 77, 37, 1, 56, 20, 60, 15, 86, 54, 5, 68, 87, 62, 31, 74, 91, 43, 30, 16, 34, 26, 66, 73, 41, 67, 76, 22, 89, 23, 47, 2, 29, 71, 28, 6, 49, 48, 93, 45, 4, 92, 36, 59, 63, 82, 13, 72, 94, 19, 14, 11, 83, 79, 80, 55, 9, 84, 42, 57, 46, 52, 35, 81]","[354, 341, 173, 196, 174, 105, 184, 377, 158, 331, 342, 300, 97, 302, 223, 334, 386, 404, 269, 99, 344, 202, 289, 243, 399, 366, 312, 374, 265, 382, 353, 268, 220, 177, 281, 322, 159, 231, 363, 394, 395, 333, 324, 197, 317, 209, 362, 110, 296, 392, 237, 316, 250, 273, 252, 384, 152, 294, 140, 340, 381, 305, 150, 368, 192, 372, 249, 397, 398, 188, 360, 295, 104, 275, 131, 130, 332, 299, 315, 206, 359, 106, 98, 230, 221, 108, 255, 228, 347, 274, 313, 321, 171, 119, 298, 180, 212, 222, 151, 239, 257, 286, 117, 357, 244, 194, 301, 293, 282, 167, 308, 123, 124, 405, 276, 224, 156, 330, 198, 251, 303, 247, 144, 233, 385, 391, 236, 278, 310, 178, 261, 345, 355, 96, 254, 113, 138, 181, 329, 403, 193, 297, 393, 263, 217, 387, 148, 307, 350, 318, 242, 129, 183, 369, 109, 195, 172, 238, 336, 367, 199, 141, 320, 335, 157, 134, 135, 182, 210, 142, 219, 379, 211, 137, 337, 136, 245, 240, 116, 291, 162, 187, 343, 153, 361, 205, 267, 121, 339, 280, 207, 201, 311, 323, 352, 214, 364, 168, 370, 365, 270, 203, 380, 175, 101, 234, 204, 279, 118, 371, 149, 402, 169, 143, 218, 115, 179, 107, 215, 100, 284, 314, 376, 122, 287, 120, 259, 328, 325, 349, 147, 309, 262, 304, 375, 292, 266, 283, 126, 277, 400, 246, 356, 348, 396, 208, 160, 114, 125, 213, 229, 327, 326, 163, 95, 189, 191, 383, 133, 401, 389, 155, 146, 232, 258, 235, 260, 164, 103, 290, 186, 161, 185, 390, 256, 264, 176, 248, 145, 132, 216, 200, 306, 227, 225, 378, 128, 272, 288, 165, 170, 154, 253, 338, 358, 226, 111, 166, 346, 190, 102, 285, 241, 112, 319, 127, 271, 388, 373, 351, 139]"
diversity_on_nsga2,3,-77.18401861759193,33.96598138240806,40.51598138240806,"[25, 9, 70, 91, 30, 76, 33, 38, 10, 26, 52, 65, 34, 63, 82, 13, 72, 31, 19, 14, 4, 69, 44, 24, 21, 50, 8, 75, 12, 7, 54, 16, 83, 53, 64, 59, 66, 79, 5, 68, 62, 94, 74, 43, 36, 56, 80, 55, 11, 47, 73, 58, 51, 46, 32, 67, 39, 6, 49, 60, 84, 89, 42, 57, 48, 3, 22, 87, 35, 81, 18, 88, 2, 41, 71, 77, 1, 40, 93, 23, 45, 28, 37, 92, 78, 17, 85, 90, 61, 27, 15, 86, 20, 29]","[398, 248, 105, 203, 101, 296, 289, 139, 130, 270, 397, 223, 322, 232, 404, 372, 389, 353, 302, 192, 262, 333, 202, 313, 298, 180, 171, 151, 239, 357, 132, 373, 128, 294, 145, 317, 388, 257, 244, 194, 301, 405, 247, 236, 96, 337, 98, 376, 287, 348, 328, 110, 260, 134, 360, 275, 316, 303, 152, 268, 178, 383, 395, 253, 237, 131, 185, 385, 221, 370, 235, 155, 374, 351, 214, 140, 272, 332, 264, 274, 393, 159, 252, 363, 299, 330, 271, 281, 111, 254, 136, 113, 138, 181, 175, 222, 193, 297, 263, 217, 148, 269, 307, 266, 95, 207, 167, 329, 384, 210, 168, 279, 211, 354, 392, 234, 216, 197, 243, 377, 286, 399, 108, 255, 228, 195, 347, 179, 321, 120, 183, 293, 282, 308, 123, 124, 276, 224, 156, 198, 144, 233, 261, 137, 245, 240, 291, 162, 187, 343, 153, 205, 121, 339, 149, 143, 218, 100, 284, 314, 133, 129, 142, 122, 147, 309, 304, 375, 292, 283, 126, 277, 246, 356, 259, 396, 208, 160, 114, 125, 213, 229, 327, 326, 163, 146, 201, 191, 311, 323, 350, 238, 176, 390, 141, 379, 118, 199, 258, 386, 250, 401, 324, 225, 305, 387, 380, 196, 231, 382, 355, 288, 165, 154, 338, 170, 226, 166, 346, 200, 103, 378, 102, 241, 112, 319, 315, 381, 300, 312, 209, 106, 340, 188, 295, 206, 273, 334, 359, 150, 173, 184, 394, 403, 318, 369, 186, 157, 219, 364, 365, 336, 249, 331, 344, 158, 335, 135, 256, 97, 182, 341, 285, 345, 119, 368, 115, 358, 174, 172, 278, 265, 212, 127, 391, 306, 251, 310, 189, 366, 325, 230, 367, 352, 342, 204, 280, 177, 164, 349, 242, 99, 267, 190, 104, 117, 109, 227, 161, 107, 371, 361, 116, 362, 290, 215, 400, 320, 402, 169, 220]"
diversity_on_nsga2,4,-95.61737090372019,25.50262909627979,81.18262909627977,"[28, 88, 32, 37, 92, 78, 17, 85, 90, 51, 61, 27, 36, 8, 84, 10, 26, 15, 16, 63, 82, 79, 13, 86, 60, 54, 14, 20, 69, 64, 4, 24, 25, 9, 59, 70, 75, 34, 19, 5, 68, 52, 31, 74, 53, 76, 38, 91, 43, 73, 56, 12, 83, 66, 80, 55, 11, 58, 67, 30, 65, 89, 7, 62, 21, 94, 42, 57, 48, 2, 33, 46, 87, 35, 81, 22, 47, 18, 3, 41, 29, 71, 39, 6, 49, 1, 40, 93, 23, 44, 72, 77, 45, 50]","[285, 241, 112, 319, 107, 131, 381, 300, 312, 209, 127, 106, 269, 281, 316, 340, 188, 295, 206, 273, 334, 99, 351, 359, 150, 252, 173, 184, 144, 403, 193, 297, 217, 148, 307, 133, 318, 369, 186, 360, 290, 157, 219, 364, 342, 365, 175, 274, 249, 331, 104, 344, 158, 110, 335, 135, 264, 182, 256, 97, 220, 398, 248, 140, 105, 336, 203, 101, 296, 289, 139, 130, 270, 95, 375, 223, 368, 322, 232, 98, 404, 230, 372, 389, 353, 395, 332, 302, 192, 262, 374, 142, 299, 333, 155, 202, 363, 129, 189, 313, 178, 298, 180, 171, 222, 151, 239, 257, 117, 357, 244, 132, 373, 128, 366, 306, 242, 294, 145, 317, 167, 113, 329, 384, 210, 168, 279, 211, 354, 138, 392, 119, 234, 263, 216, 181, 197, 243, 271, 174, 310, 254, 377, 286, 399, 352, 159, 108, 255, 228, 388, 195, 265, 402, 212, 320, 177, 170, 268, 347, 179, 321, 370, 120, 109, 183, 194, 301, 293, 282, 308, 123, 124, 405, 276, 224, 156, 330, 198, 251, 303, 247, 394, 233, 385, 391, 236, 278, 341, 261, 345, 272, 96, 137, 337, 136, 245, 240, 116, 291, 162, 187, 343, 153, 361, 205, 267, 121, 339, 280, 371, 149, 169, 143, 218, 115, 315, 215, 100, 284, 314, 376, 122, 287, 259, 328, 325, 349, 386, 309, 207, 304, 397, 292, 266, 283, 126, 277, 400, 246, 356, 348, 396, 208, 160, 114, 125, 213, 229, 327, 326, 163, 146, 201, 191, 311, 323, 350, 238, 176, 390, 260, 362, 141, 367, 214, 379, 118, 134, 199, 275, 235, 258, 164, 147, 250, 401, 227, 161, 225, 204, 305, 387, 380, 221, 196, 231, 172, 393, 382, 383, 237, 152, 355, 288, 165, 185, 154, 253, 338, 358, 226, 111, 166, 346, 190, 200, 324, 103, 378, 102]"
diversity_on_nsga2,5,-0.8796275468524288,7.570372453147571,10.020372453147571,"[94, 84, 45, 49, 93, 23, 40, 88, 75, 28, 69, 21, 62, 14, 19, 71, 73, 41, 25, 81, 31, 11, 43, 64, 85, 70, 76, 61, 32, 79, 78, 77, 13, 4, 42, 35, 53, 57, 72, 22, 26, 36, 24, 80, 2, 17, 10, 87, 8, 83, 12, 30, 16, 33, 67, 5, 65, 46, 15, 9, 29, 59, 58, 1, 92, 7, 54, 60, 27, 3, 89, 48, 34, 18, 52, 68, 55, 51, 74, 6, 39, 86, 37, 90, 38, 56, 63, 20, 44, 50, 82, 47, 66, 91]","[128, 366, 306, 204, 167, 329, 384, 361, 116, 290, 215, 400, 320, 282, 198, 261, 295, 145, 375, 173, 378, 114, 141, 248, 380, 243, 203, 289, 118, 353, 108, 377, 350, 196, 234, 276, 216, 206, 308, 95, 199, 124, 222, 239, 142, 202, 197, 166, 125, 401, 357, 313, 186, 356, 156, 188, 322, 294, 258, 245, 398, 318, 392, 223, 233, 354, 187, 138, 106, 297, 232, 283, 359, 379, 249, 293, 213, 129, 399, 150, 123, 335, 144, 317, 321, 277, 298, 180, 171, 151, 257, 244, 194, 301, 405, 224, 247, 236, 96, 337, 136, 240, 98, 162, 343, 153, 205, 121, 339, 149, 143, 218, 179, 100, 314, 376, 287, 120, 259, 328, 325, 147, 210, 168, 279, 211, 119, 263, 181, 271, 174, 310, 254, 286, 352, 159, 255, 360, 228, 388, 195, 265, 402, 212, 177, 170, 268, 347, 370, 109, 183, 330, 280, 326, 390, 396, 348, 238, 382, 324, 309, 241, 386, 250, 225, 305, 387, 231, 355, 288, 154, 338, 226, 346, 165, 103, 102, 137, 315, 246, 200, 365, 345, 358, 172, 278, 191, 113, 391, 251, 367, 242, 164, 267, 190, 227, 161, 371, 349, 207, 304, 266, 208, 160, 327, 163, 260, 134, 275, 303, 152, 122, 229, 146, 201, 311, 323, 214, 176, 253, 111, 383, 285, 237, 291, 185, 341, 169, 385, 221, 235, 115, 272, 292, 393, 126, 112, 319, 107, 131, 381, 300, 312, 209, 127, 269, 281, 316, 340, 273, 334, 99, 351, 252, 184, 394, 403, 193, 217, 148, 307, 133, 369, 157, 219, 364, 342, 175, 274, 331, 104, 344, 158, 110, 135, 264, 182, 256, 97, 220, 140, 105, 189, 101, 296, 139, 130, 270, 397, 368, 404, 230, 372, 389, 395, 332, 302, 192, 262, 374, 299, 333, 155, 363, 336, 284, 178, 362, 117, 132, 373]"
diversity_on_nsga2,6,-93.3889531550224,25.491046844977593,74.41104684497758,"[28, 88, 39, 37, 92, 78, 17, 85, 90, 51, 61, 27, 36, 8, 65, 38, 10, 26, 15, 56, 63, 82, 79, 13, 72, 9, 19, 14, 20, 69, 53, 64, 4, 24, 58, 25, 21, 50, 70, 75, 12, 7, 54, 5, 68, 52, 62, 31, 74, 91, 43, 30, 16, 34, 83, 66, 80, 55, 94, 11, 76, 67, 73, 60, 84, 89, 42, 57, 48, 3, 22, 46, 44, 35, 81, 33, 47, 18, 2, 41, 29, 71, 32, 6, 49, 1, 40, 93, 23, 87, 86, 77, 45, 59]","[285, 241, 112, 319, 315, 131, 381, 300, 312, 209, 127, 106, 269, 281, 316, 340, 188, 295, 206, 273, 334, 99, 351, 359, 150, 252, 173, 184, 394, 403, 193, 297, 217, 148, 307, 350, 318, 369, 186, 199, 290, 157, 219, 364, 342, 365, 175, 336, 249, 331, 104, 344, 158, 110, 335, 135, 264, 182, 256, 97, 220, 398, 248, 140, 105, 189, 203, 101, 296, 289, 139, 130, 270, 95, 397, 223, 368, 322, 232, 98, 404, 230, 372, 389, 353, 395, 332, 302, 192, 262, 374, 382, 299, 333, 155, 202, 363, 221, 274, 313, 178, 298, 180, 171, 210, 151, 222, 257, 117, 357, 244, 132, 373, 128, 366, 306, 242, 294, 145, 317, 167, 113, 329, 384, 239, 168, 279, 211, 354, 138, 392, 119, 234, 263, 216, 181, 197, 243, 271, 174, 310, 254, 377, 286, 399, 352, 159, 108, 255, 228, 388, 195, 265, 402, 212, 320, 177, 170, 370, 347, 179, 321, 268, 120, 109, 183, 194, 301, 293, 282, 308, 123, 124, 405, 276, 224, 156, 330, 198, 251, 303, 247, 144, 233, 385, 391, 236, 278, 341, 261, 345, 272, 96, 137, 337, 136, 245, 240, 116, 291, 162, 187, 343, 153, 361, 205, 267, 121, 339, 280, 371, 149, 169, 143, 218, 115, 107, 215, 100, 284, 314, 376, 122, 287, 259, 328, 325, 349, 147, 309, 207, 304, 375, 292, 266, 283, 126, 277, 400, 246, 356, 348, 396, 208, 160, 114, 125, 213, 229, 327, 326, 163, 146, 201, 191, 311, 323, 133, 238, 176, 390, 260, 362, 141, 367, 214, 379, 118, 134, 360, 275, 235, 258, 164, 386, 250, 401, 227, 324, 225, 204, 305, 387, 380, 129, 196, 231, 172, 393, 142, 383, 237, 152, 355, 288, 165, 185, 154, 253, 338, 358, 226, 111, 166, 346, 190, 200, 161, 103, 378, 102]"
diversity_on_nsga2,7,-11.79995675488526,6.630043245114741,12.40004324511474,"[66, 10, 92, 78, 17, 85, 90, 94, 61, 27, 36, 8, 38, 14, 34, 15, 42, 72, 9, 28, 59, 53, 64, 44, 58, 21, 50, 86, 5, 52, 57, 16, 89, 6, 77, 12, 54, 88, 31, 33, 87, 35, 2, 39, 29, 71, 49, 83, 79, 51, 82, 18, 68, 70, 26, 80, 19, 56, 25, 62, 47, 4, 63, 24, 69, 81, 46, 1, 13, 30, 65, 7, 74, 40, 93, 23, 75, 41, 20, 32, 37, 45, 91, 43, 55, 76, 11, 67, 73, 60, 84, 48, 3, 22]","[190, 300, 252, 206, 104, 380, 184, 286, 157, 403, 355, 331, 337, 290, 273, 336, 204, 261, 96, 254, 136, 240, 116, 291, 361, 121, 339, 149, 402, 169, 218, 107, 100, 376, 287, 120, 259, 328, 147, 304, 375, 373, 216, 292, 102, 314, 319, 310, 397, 311, 153, 126, 165, 263, 219, 177, 231, 267, 393, 404, 181, 115, 118, 211, 182, 352, 159, 108, 255, 228, 347, 274, 212, 298, 180, 171, 151, 257, 117, 244, 194, 301, 282, 370, 308, 405, 276, 198, 251, 303, 247, 144, 385, 391, 236, 278, 374, 154, 199, 124, 222, 330, 362, 142, 202, 382, 197, 166, 125, 401, 357, 313, 178, 186, 356, 156, 223, 299, 233, 354, 192, 187, 138, 106, 297, 232, 316, 283, 175, 379, 249, 293, 369, 213, 129, 399, 329, 123, 335, 205, 167, 317, 321, 122, 277, 137, 253, 372, 235, 135, 179, 210, 395, 224, 324, 112, 158, 207, 160, 264, 377, 279, 188, 322, 294, 258, 209, 245, 398, 318, 392, 148, 105, 217, 225, 98, 220, 386, 360, 139, 196, 289, 208, 150, 323, 215, 390, 268, 237, 345, 312, 284, 371, 260, 193, 270, 146, 280, 343, 132, 113, 140, 378, 266, 394, 162, 340, 309, 103, 143, 400, 95, 164, 363, 307, 185, 226, 358, 346, 265, 119, 131, 349, 173, 366, 325, 341, 229, 342, 242, 174, 272, 246, 348, 396, 114, 327, 326, 163, 388, 201, 191, 133, 238, 176, 239, 141, 234, 367, 214, 134, 275, 145, 306, 271, 183, 250, 288, 256, 248, 111, 200, 241, 315, 296, 281, 295, 334, 359, 109, 195, 172, 365, 130, 384, 230, 285, 381, 332, 161, 353, 383, 128, 351, 302, 333, 127, 227, 221, 203, 364, 99, 155, 101, 350, 368, 338, 387, 305, 269, 262, 168, 97, 110, 389, 320, 170, 243, 344, 152, 189]"
diversity_on_nsga2,8,-98.45896818864153,26.441031811358453,76.94103181135843,"[28, 88, 32, 37, 92, 78, 17, 85, 90, 51, 61, 27, 36, 72, 38, 10, 26, 15, 56, 63, 82, 79, 13, 65, 9, 19, 14, 76, 20, 69, 53, 64, 4, 24, 58, 25, 21, 50, 70, 75, 12, 7, 54, 5, 68, 52, 62, 31, 74, 91, 43, 30, 22, 34, 83, 66, 80, 55, 94, 11, 8, 67, 73, 60, 84, 89, 42, 57, 2, 3, 16, 46, 87, 35, 81, 33, 47, 18, 48, 41, 29, 71, 39, 6, 49, 1, 40, 93, 23, 44, 86, 77, 45, 59]","[285, 241, 112, 319, 315, 131, 381, 300, 312, 209, 127, 106, 269, 281, 316, 340, 188, 295, 206, 273, 334, 99, 359, 150, 252, 173, 184, 394, 403, 193, 297, 217, 148, 307, 350, 318, 369, 186, 199, 290, 157, 219, 364, 342, 365, 175, 336, 249, 331, 104, 344, 158, 110, 335, 135, 264, 182, 256, 97, 220, 398, 248, 140, 105, 189, 203, 101, 296, 289, 139, 130, 270, 95, 397, 223, 368, 322, 232, 98, 404, 230, 372, 389, 353, 395, 332, 302, 192, 262, 374, 382, 299, 333, 155, 202, 363, 221, 274, 313, 178, 298, 180, 171, 222, 151, 239, 257, 117, 357, 244, 132, 373, 128, 366, 306, 242, 294, 145, 317, 167, 113, 329, 384, 210, 168, 279, 211, 354, 138, 392, 119, 234, 263, 216, 181, 197, 243, 271, 174, 310, 254, 377, 286, 399, 352, 159, 108, 255, 228, 388, 195, 265, 402, 212, 320, 177, 170, 370, 347, 179, 321, 268, 120, 109, 183, 194, 301, 293, 282, 308, 123, 124, 405, 276, 224, 156, 330, 198, 251, 303, 247, 144, 233, 385, 391, 236, 278, 341, 261, 345, 272, 96, 137, 337, 136, 245, 240, 116, 291, 162, 187, 343, 153, 361, 205, 267, 121, 339, 280, 371, 149, 169, 143, 218, 115, 107, 215, 100, 284, 314, 376, 114, 122, 287, 259, 328, 325, 349, 147, 309, 207, 304, 375, 292, 266, 283, 126, 277, 400, 246, 356, 348, 396, 208, 160, 351, 125, 213, 229, 327, 326, 163, 146, 201, 191, 311, 323, 133, 238, 176, 390, 260, 362, 141, 367, 214, 379, 118, 134, 360, 275, 235, 258, 164, 386, 250, 401, 227, 324, 225, 204, 305, 387, 380, 129, 196, 231, 172, 393, 142, 383, 237, 152, 355, 288, 165, 185, 154, 253, 338, 358, 226, 111, 166, 346, 190, 200, 161, 103, 378, 102]"
diversity_on_nsga2,9,-94.8279250315955,26.1720749684045,67.57207496840448,"[88, 32, 37, 92, 78, 17, 10, 90, 51, 61, 27, 8, 84, 60, 85, 21, 26, 15, 56, 63, 82, 79, 13, 86, 59, 9, 54, 14, 20, 69, 53, 64, 62, 5, 58, 25, 36, 50, 70, 66, 33, 7, 19, 91, 68, 34, 47, 31, 74, 24, 43, 30, 16, 52, 83, 1, 80, 55, 29, 11, 76, 67, 73, 42, 65, 89, 41, 48, 57, 3, 22, 72, 87, 35, 81, 12, 4, 18, 2, 75, 94, 71, 46, 6, 49, 38, 40, 93, 23, 44, 39, 77, 45, 28]","[285, 241, 112, 319, 107, 131, 381, 300, 312, 209, 127, 106, 269, 281, 316, 340, 188, 295, 206, 273, 334, 99, 351, 359, 150, 252, 173, 184, 369, 403, 193, 297, 217, 148, 307, 133, 248, 394, 186, 290, 157, 219, 364, 342, 356, 175, 274, 249, 331, 104, 344, 158, 110, 335, 135, 264, 182, 256, 97, 220, 398, 318, 140, 105, 189, 203, 101, 296, 139, 130, 270, 95, 271, 223, 368, 322, 232, 98, 404, 230, 372, 389, 353, 395, 332, 302, 192, 262, 299, 142, 374, 333, 155, 202, 363, 129, 336, 284, 178, 298, 180, 171, 222, 151, 239, 257, 117, 357, 244, 132, 373, 329, 366, 306, 242, 294, 145, 317, 167, 166, 128, 384, 210, 168, 279, 211, 354, 328, 392, 119, 234, 263, 216, 181, 197, 243, 397, 174, 310, 254, 377, 286, 399, 352, 159, 108, 255, 360, 228, 388, 195, 265, 402, 212, 320, 177, 362, 268, 347, 179, 321, 370, 120, 109, 183, 194, 301, 125, 282, 308, 224, 123, 124, 405, 276, 289, 156, 330, 198, 251, 303, 247, 144, 233, 385, 391, 236, 278, 341, 261, 345, 272, 96, 137, 337, 136, 245, 240, 116, 291, 162, 187, 343, 153, 361, 205, 267, 121, 339, 280, 371, 149, 169, 143, 218, 115, 315, 215, 100, 313, 314, 376, 122, 287, 259, 138, 325, 349, 147, 309, 207, 304, 375, 292, 266, 283, 126, 277, 400, 246, 365, 348, 396, 208, 160, 114, 293, 213, 229, 327, 326, 163, 146, 201, 191, 311, 323, 350, 238, 176, 390, 260, 170, 141, 367, 214, 379, 118, 134, 199, 275, 235, 258, 164, 386, 250, 401, 227, 324, 225, 204, 305, 387, 380, 221, 196, 231, 172, 393, 382, 383, 237, 152, 355, 288, 165, 185, 154, 253, 338, 358, 226, 111, 113, 346, 190, 200, 161, 103, 378, 102]"
diversity_on_nsga2,10,-91.324579755,30.975420245000002,63.075420245000004,"[88, 32, 37, 92, 85, 90, 28, 41, 61, 59, 27, 36, 8, 38, 10, 26, 63, 83, 15, 82, 13, 72, 9, 19, 14, 20, 69, 53, 64, 4, 24, 58, 25, 21, 70, 75, 54, 5, 68, 52, 31, 74, 91, 43, 30, 16, 34, 56, 66, 80, 55, 11, 76, 67, 79, 84, 42, 73, 65, 81, 12, 62, 60, 94, 17, 57, 48, 3, 33, 46, 87, 35, 89, 22, 18, 2, 78, 29, 71, 39, 6, 49, 1, 40, 93, 23, 44, 86, 77, 45, 50, 47, 7, 51]","[381, 242, 106, 110, 270, 145, 354, 174, 153, 361, 205, 267, 121, 339, 371, 149, 402, 115, 100, 122, 120, 304, 375, 292, 283, 126, 356, 388, 146, 244, 337, 218, 376, 325, 316, 303, 178, 284, 237, 291, 319, 130, 332, 264, 274, 393, 159, 363, 330, 254, 136, 240, 175, 148, 307, 183, 369, 129, 336, 143, 169, 199, 135, 404, 348, 364, 347, 104, 309, 397, 378, 288, 154, 256, 226, 230, 246, 200, 273, 158, 105, 394, 403, 389, 333, 302, 287, 259, 328, 170, 329, 266, 278, 391, 219, 99, 396, 208, 160, 163, 161, 107, 400, 320, 295, 380, 276, 314, 401, 357, 186, 188, 398, 233, 232, 359, 379, 144, 277, 147, 373, 352, 231, 196, 280, 119, 312, 366, 384, 182, 239, 355, 201, 124, 156, 372, 243, 223, 173, 181, 167, 116, 387, 171, 335, 212, 112, 349, 179, 395, 224, 193, 125, 241, 296, 152, 321, 137, 374, 103, 101, 150, 257, 248, 127, 215, 315, 313, 180, 261, 249, 299, 142, 195, 229, 207, 192, 341, 365, 220, 338, 140, 206, 353, 95, 189, 383, 123, 162, 308, 327, 282, 350, 98, 165, 187, 131, 289, 343, 172, 245, 185, 236, 297, 290, 344, 368, 301, 184, 285, 269, 251, 345, 157, 203, 209, 300, 326, 340, 217, 222, 334, 190, 272, 346, 97, 318, 194, 281, 322, 191, 311, 323, 133, 238, 176, 390, 260, 362, 141, 367, 214, 118, 134, 360, 275, 235, 258, 164, 386, 250, 227, 324, 225, 204, 305, 114, 213, 111, 117, 405, 151, 351, 96, 385, 382, 342, 155, 202, 228, 128, 306, 294, 113, 210, 168, 279, 211, 138, 392, 234, 263, 216, 197, 271, 310, 377, 286, 399, 108, 255, 317, 265, 177, 370, 268, 109, 253, 252, 166, 358, 293, 247, 198, 139, 132, 102, 298, 221, 262, 331]"
diversity_on_nsga2,11,-25.5954465,6.2145535,29.204553500000003,"[33, 28, 88, 27, 63, 53, 4, 64, 8, 82, 65, 38, 10, 26, 15, 56, 69, 52, 13, 24, 58, 25, 21, 50, 70, 75, 7, 37, 17, 20, 86, 51, 54, 78, 90, 32, 92, 85, 61, 36, 19, 14, 79, 5, 68, 9, 47, 31, 74, 91, 43, 30, 16, 34, 83, 66, 80, 55, 29, 11, 76, 67, 73, 41, 84, 89, 42, 57, 48, 3, 22, 46, 87, 35, 81, 12, 62, 18, 2, 60, 94, 71, 39, 6, 49, 1, 40, 93, 23, 44, 72, 77, 45, 59]","[110, 296, 392, 237, 316, 250, 288, 273, 252, 152, 140, 340, 381, 305, 150, 368, 192, 372, 249, 397, 398, 188, 360, 295, 104, 275, 131, 130, 332, 359, 106, 98, 230, 313, 239, 138, 181, 329, 403, 193, 297, 393, 182, 353, 302, 170, 365, 270, 203, 299, 404, 127, 207, 206, 374, 382, 342, 155, 202, 221, 128, 366, 306, 242, 294, 373, 167, 113, 384, 210, 168, 211, 354, 119, 234, 263, 243, 271, 174, 310, 254, 377, 286, 399, 108, 274, 178, 298, 292, 171, 222, 151, 257, 117, 357, 244, 241, 200, 217, 387, 148, 307, 350, 318, 129, 369, 172, 238, 336, 367, 199, 141, 335, 157, 134, 135, 142, 219, 379, 201, 311, 323, 352, 214, 380, 175, 101, 204, 279, 118, 107, 364, 376, 122, 287, 259, 328, 325, 349, 147, 309, 262, 304, 375, 180, 266, 283, 126, 255, 228, 388, 195, 265, 402, 212, 320, 177, 220, 268, 347, 179, 321, 370, 120, 109, 183, 194, 301, 293, 282, 308, 123, 124, 405, 276, 224, 156, 330, 198, 251, 303, 247, 144, 233, 385, 391, 236, 278, 341, 261, 345, 272, 96, 137, 337, 136, 245, 240, 116, 291, 162, 187, 343, 153, 361, 205, 267, 121, 339, 280, 371, 149, 169, 143, 218, 115, 315, 215, 100, 284, 314, 277, 400, 246, 356, 348, 396, 208, 160, 114, 125, 213, 229, 327, 326, 163, 95, 189, 191, 355, 383, 133, 401, 389, 146, 232, 258, 235, 260, 164, 103, 290, 186, 161, 185, 154, 390, 256, 264, 176, 253, 338, 358, 248, 226, 111, 166, 145, 346, 132, 190, 216, 165, 227, 225, 378, 102, 285, 112, 319, 351, 139, 173, 196, 105, 184, 158, 331, 300, 97, 223, 334, 386, 269, 99, 344, 289, 312, 281, 322, 159, 231, 363, 394, 395, 333, 324, 197, 317, 209, 362]"
diversity_on_nsga2,12,-77.8,16.71,47.400000000000006,"[91, 43, 30, 83, 37, 11, 67, 61, 15, 5, 76, 46, 82, 84, 9, 86, 28, 17, 44, 72, 16, 4, 92, 89, 25, 75, 21, 38, 54, 80, 53, 7, 65, 52, 55, 88, 63, 23, 32, 73, 74, 51, 34, 66, 6, 68, 27, 22, 14, 50, 42, 20, 59, 58, 26, 48, 47, 85, 62, 36, 13, 94, 31, 60, 70, 56, 8, 3, 90, 10, 78, 93, 79, 69, 64, 57, 87, 35, 81, 33, 45, 18, 2, 41, 29, 71, 39, 77, 49, 1, 40, 24, 19, 12]","[197, 271, 310, 377, 286, 399, 108, 255, 228, 265, 320, 177, 170, 370, 268, 109, 253, 362, 252, 166, 358, 293, 247, 198, 139, 132, 102, 298, 221, 262, 363, 218, 110, 276, 371, 233, 381, 280, 404, 144, 402, 391, 324, 158, 307, 106, 160, 118, 302, 277, 240, 393, 398, 99, 394, 174, 273, 364, 105, 337, 386, 378, 369, 135, 403, 178, 360, 237, 256, 149, 169, 143, 107, 359, 319, 153, 295, 175, 389, 331, 401, 115, 336, 397, 400, 380, 104, 154, 133, 367, 270, 254, 347, 264, 323, 329, 303, 98, 200, 267, 120, 291, 379, 388, 314, 288, 136, 274, 330, 354, 145, 332, 357, 226, 199, 163, 311, 146, 333, 130, 188, 219, 304, 244, 266, 159, 161, 316, 339, 183, 242, 186, 147, 373, 352, 275, 231, 196, 129, 119, 259, 312, 366, 384, 182, 239, 355, 287, 201, 208, 124, 156, 372, 243, 390, 223, 173, 181, 246, 375, 167, 116, 387, 171, 335, 212, 112, 349, 179, 395, 224, 193, 125, 241, 205, 296, 152, 321, 137, 374, 103, 176, 260, 101, 235, 150, 257, 232, 248, 127, 215, 315, 313, 180, 261, 249, 299, 142, 230, 195, 229, 284, 376, 122, 328, 325, 309, 207, 292, 192, 238, 341, 365, 220, 338, 140, 206, 353, 95, 189, 191, 361, 121, 383, 123, 356, 100, 162, 308, 283, 250, 327, 282, 350, 278, 348, 165, 204, 258, 187, 131, 289, 343, 172, 134, 245, 185, 236, 297, 290, 344, 368, 301, 184, 285, 164, 305, 269, 251, 345, 157, 203, 209, 148, 300, 326, 340, 217, 396, 222, 334, 141, 190, 272, 346, 97, 318, 194, 281, 214, 227, 322, 114, 213, 111, 126, 225, 117, 405, 151, 351, 96, 385, 382, 342, 155, 202, 317, 128, 306, 294, 113, 210, 168, 279, 211, 138, 392, 234, 263, 216]"
diversity_on_nsga2,13,-95.31192556083138,27.818074439168605,76.88807443916859,"[28, 88, 32, 37, 92, 78, 42, 10, 90, 51, 61, 27, 36, 8, 84, 85, 26, 15, 56, 63, 82, 79, 13, 86, 21, 54, 14, 20, 69, 53, 64, 4, 24, 76, 25, 9, 59, 70, 75, 7, 19, 5, 68, 52, 38, 31, 74, 91, 43, 30, 16, 34, 83, 66, 80, 55, 11, 58, 67, 73, 65, 89, 12, 62, 60, 94, 17, 57, 48, 3, 33, 46, 87, 35, 81, 22, 47, 18, 2, 41, 29, 71, 39, 6, 49, 1, 40, 93, 23, 44, 72, 77, 45, 50]","[285, 241, 112, 319, 315, 131, 381, 300, 312, 209, 127, 106, 269, 281, 316, 340, 188, 295, 206, 273, 334, 99, 351, 359, 150, 252, 173, 184, 394, 403, 193, 297, 217, 148, 307, 350, 318, 369, 186, 199, 360, 157, 219, 364, 342, 365, 175, 336, 249, 331, 104, 344, 158, 110, 335, 135, 264, 182, 256, 97, 220, 398, 248, 140, 105, 189, 203, 101, 296, 289, 139, 130, 270, 95, 397, 223, 368, 322, 232, 98, 404, 230, 372, 389, 353, 395, 332, 302, 192, 262, 374, 382, 299, 333, 155, 202, 363, 221, 274, 313, 178, 298, 180, 171, 222, 151, 239, 257, 117, 357, 244, 132, 373, 128, 366, 306, 242, 294, 145, 317, 167, 113, 329, 384, 210, 168, 279, 211, 354, 138, 392, 119, 234, 263, 216, 181, 197, 243, 271, 174, 310, 254, 377, 286, 399, 352, 159, 108, 255, 228, 388, 195, 265, 402, 212, 320, 177, 170, 370, 347, 179, 321, 268, 120, 109, 183, 194, 301, 293, 282, 308, 123, 124, 405, 276, 224, 156, 330, 198, 251, 303, 247, 144, 233, 385, 391, 236, 278, 341, 261, 345, 272, 96, 137, 337, 136, 245, 240, 116, 291, 162, 187, 343, 153, 361, 205, 267, 121, 339, 280, 371, 149, 169, 143, 218, 115, 107, 215, 100, 284, 314, 376, 122, 287, 259, 328, 325, 349, 147, 309, 207, 304, 375, 292, 266, 283, 126, 277, 400, 246, 356, 348, 396, 208, 160, 114, 125, 213, 229, 327, 326, 163, 146, 201, 191, 311, 323, 133, 362, 176, 390, 260, 238, 141, 367, 214, 379, 118, 134, 290, 275, 235, 258, 164, 386, 250, 401, 227, 324, 225, 204, 305, 387, 380, 129, 196, 231, 172, 393, 142, 383, 237, 152, 355, 288, 165, 185, 154, 253, 338, 358, 226, 111, 166, 346, 190, 200, 161, 103, 378, 102]"
diversity_on_nsga2,14,-65.70218923515633,13.267810764843672,54.19781076484367,"[37, 92, 78, 17, 85, 77, 90, 55, 61, 27, 8, 38, 10, 26, 15, 56, 63, 82, 72, 94, 14, 59, 69, 53, 64, 44, 24, 25, 21, 50, 70, 75, 12, 7, 34, 16, 83, 66, 79, 58, 68, 62, 31, 74, 91, 43, 54, 80, 57, 11, 4, 73, 93, 41, 67, 6, 3, 2, 9, 29, 48, 40, 60, 18, 39, 81, 46, 19, 13, 30, 65, 52, 76, 36, 5, 23, 49, 35, 47, 84, 89, 71, 22, 1, 51, 33, 86, 42, 87, 45, 20, 28, 88, 32]","[344, 296, 392, 300, 354, 312, 174, 388, 250, 275, 209, 189, 355, 249, 127, 288, 152, 341, 106, 258, 291, 110, 269, 196, 281, 271, 104, 197, 362, 316, 340, 289, 97, 188, 295, 206, 140, 260, 273, 360, 334, 342, 377, 235, 398, 99, 399, 228, 139, 317, 359, 150, 252, 177, 158, 105, 159, 220, 173, 184, 394, 324, 397, 282, 223, 368, 292, 232, 98, 404, 170, 384, 230, 372, 389, 353, 294, 395, 366, 332, 302, 192, 265, 262, 374, 382, 299, 333, 155, 202, 363, 221, 108, 255, 351, 328, 313, 321, 212, 178, 298, 180, 171, 222, 151, 239, 117, 357, 194, 301, 293, 243, 370, 308, 123, 124, 405, 276, 224, 156, 330, 198, 251, 247, 233, 385, 391, 236, 278, 310, 119, 261, 345, 272, 96, 254, 113, 138, 181, 329, 403, 193, 297, 393, 263, 217, 387, 148, 401, 307, 350, 318, 242, 95, 129, 183, 369, 186, 109, 195, 172, 238, 336, 367, 199, 141, 320, 290, 335, 135, 182, 179, 210, 142, 219, 379, 211, 137, 337, 136, 245, 240, 116, 386, 162, 187, 343, 153, 361, 205, 267, 203, 280, 371, 149, 169, 218, 115, 107, 215, 100, 284, 314, 376, 122, 287, 259, 274, 325, 349, 147, 309, 207, 375, 322, 266, 283, 126, 277, 400, 246, 356, 348, 134, 231, 244, 381, 185, 286, 144, 257, 304, 303, 347, 237, 143, 157, 120, 373, 111, 168, 121, 396, 208, 160, 114, 125, 213, 229, 327, 326, 163, 146, 201, 191, 311, 323, 133, 352, 214, 364, 167, 365, 270, 339, 380, 175, 101, 164, 234, 204, 279, 118, 161, 154, 390, 256, 264, 176, 253, 338, 358, 248, 226, 166, 145, 346, 132, 190, 216, 200, 306, 165, 383, 227, 225, 103, 378, 128, 102, 285, 241, 112, 319, 315, 402, 130, 131, 331, 305, 268]"
diversity_on_nsga2,15,-81.38000153099507,17.279998469004916,45.51999846900491,"[88, 32, 37, 92, 17, 85, 90, 28, 78, 61, 59, 27, 36, 8, 65, 38, 10, 26, 63, 83, 15, 82, 73, 13, 72, 9, 19, 14, 20, 69, 53, 64, 4, 24, 58, 25, 21, 50, 70, 75, 12, 7, 54, 5, 68, 52, 62, 31, 74, 91, 43, 30, 16, 34, 56, 66, 80, 55, 94, 11, 76, 67, 79, 60, 84, 89, 42, 57, 48, 3, 22, 46, 87, 35, 81, 33, 47, 18, 2, 41, 29, 71, 39, 6, 49, 1, 40, 93, 23, 44, 86, 77, 45, 51]","[331, 381, 344, 242, 300, 312, 318, 189, 249, 127, 106, 110, 365, 270, 203, 132, 128, 306, 145, 279, 354, 392, 234, 216, 174, 341, 153, 361, 205, 267, 121, 339, 371, 149, 402, 115, 100, 142, 122, 120, 350, 304, 375, 292, 283, 126, 227, 356, 396, 208, 160, 213, 326, 163, 388, 146, 257, 244, 194, 301, 405, 224, 247, 236, 96, 254, 98, 218, 376, 325, 229, 191, 323, 133, 176, 260, 134, 360, 275, 316, 303, 152, 268, 178, 284, 383, 395, 253, 237, 131, 291, 185, 385, 201, 221, 370, 235, 155, 374, 319, 351, 214, 140, 272, 130, 332, 264, 274, 393, 159, 252, 363, 299, 330, 311, 271, 285, 281, 111, 337, 136, 113, 245, 240, 138, 116, 162, 181, 175, 187, 343, 222, 193, 297, 263, 217, 148, 269, 307, 358, 95, 207, 183, 369, 109, 280, 195, 336, 349, 143, 169, 154, 399, 335, 157, 135, 182, 179, 210, 147, 114, 125, 310, 327, 209, 390, 404, 324, 362, 192, 348, 364, 167, 255, 101, 347, 238, 382, 104, 309, 352, 342, 112, 241, 397, 386, 250, 225, 305, 387, 378, 355, 288, 199, 262, 256, 338, 226, 230, 346, 165, 103, 102, 137, 315, 246, 296, 200, 340, 97, 139, 273, 334, 158, 105, 220, 184, 394, 403, 372, 389, 333, 302, 287, 259, 328, 170, 373, 329, 384, 168, 211, 286, 228, 345, 119, 368, 266, 172, 278, 265, 212, 391, 251, 366, 219, 367, 204, 177, 164, 99, 190, 117, 161, 107, 290, 215, 400, 320, 282, 198, 261, 295, 173, 231, 141, 248, 380, 243, 289, 118, 353, 108, 377, 196, 276, 206, 308, 124, 239, 314, 202, 197, 166, 401, 357, 313, 186, 156, 188, 322, 294, 258, 398, 223, 233, 232, 359, 379, 293, 129, 150, 123, 144, 317, 321, 277, 298, 180, 171, 151]"
diversity_on_nsga2,16,-4.73741985,4.50258015,11.162580149999998,"[66, 82, 94, 84, 3, 45, 49, 93, 23, 40, 88, 75, 28, 21, 27, 16, 62, 14, 19, 71, 73, 41, 25, 81, 31, 11, 48, 43, 64, 85, 70, 69, 34, 30, 61, 32, 79, 35, 77, 13, 4, 42, 78, 53, 67, 72, 22, 26, 36, 24, 80, 2, 17, 10, 87, 8, 83, 12, 33, 57, 5, 65, 46, 15, 9, 29, 59, 58, 1, 92, 44, 54, 89, 18, 52, 68, 55, 51, 74, 86, 60, 6, 39, 47, 37, 90, 38, 56, 63, 20, 7, 50, 91, 76]","[190, 117, 109, 227, 161, 107, 371, 361, 116, 290, 215, 400, 320, 282, 198, 261, 295, 145, 375, 173, 378, 269, 141, 248, 380, 243, 203, 289, 118, 353, 108, 377, 350, 196, 234, 276, 216, 206, 308, 95, 199, 124, 222, 239, 142, 202, 197, 166, 125, 401, 357, 313, 186, 356, 156, 188, 322, 294, 258, 245, 398, 318, 392, 223, 233, 354, 187, 138, 106, 297, 232, 283, 359, 379, 249, 293, 213, 129, 399, 150, 123, 335, 144, 317, 321, 277, 298, 180, 171, 151, 257, 244, 194, 301, 405, 224, 247, 236, 96, 337, 136, 240, 98, 162, 343, 153, 205, 121, 339, 149, 143, 218, 179, 100, 314, 376, 287, 120, 259, 328, 325, 147, 207, 304, 266, 208, 160, 229, 327, 163, 191, 323, 133, 176, 260, 134, 360, 275, 316, 303, 152, 268, 122, 178, 284, 383, 230, 253, 237, 146, 131, 291, 185, 307, 341, 169, 385, 201, 221, 370, 235, 115, 155, 128, 374, 319, 351, 214, 157, 140, 272, 130, 292, 332, 264, 274, 393, 159, 252, 363, 126, 299, 330, 311, 271, 285, 281, 280, 111, 349, 326, 209, 388, 390, 404, 324, 402, 175, 362, 114, 192, 348, 336, 364, 167, 255, 101, 135, 347, 238, 382, 104, 312, 396, 309, 352, 342, 112, 279, 270, 369, 241, 397, 217, 386, 250, 225, 305, 387, 231, 263, 355, 288, 154, 262, 256, 338, 226, 395, 346, 165, 103, 102, 137, 315, 246, 331, 381, 344, 296, 300, 200, 340, 97, 139, 273, 334, 158, 105, 220, 184, 394, 403, 372, 148, 183, 195, 389, 219, 302, 170, 365, 132, 373, 329, 384, 210, 168, 211, 254, 286, 228, 182, 345, 119, 368, 358, 174, 172, 278, 265, 212, 113, 127, 391, 306, 251, 310, 189, 366, 110, 333, 367, 204, 177, 181, 164, 242, 99, 267, 193]"
diversity_on_nsga2,17,-85.26217707477477,24.297822925225223,51.33782292522522,"[92, 78, 85, 77, 61, 27, 36, 8, 65, 70, 10, 26, 25, 56, 63, 82, 13, 72, 94, 19, 14, 59, 69, 53, 64, 44, 24, 21, 50, 47, 75, 12, 7, 54, 16, 83, 66, 79, 5, 68, 62, 31, 74, 43, 30, 34, 80, 55, 11, 4, 23, 73, 58, 71, 46, 32, 67, 39, 6, 49, 60, 84, 91, 90, 40, 93, 17, 89, 42, 57, 48, 3, 22, 76, 87, 35, 81, 33, 45, 18, 2, 41, 29, 1, 88, 37, 86, 20, 28, 51, 15, 9, 38, 52]","[381, 344, 296, 300, 354, 312, 174, 388, 250, 209, 189, 223, 249, 127, 288, 120, 152, 341, 106, 110, 237, 196, 281, 271, 104, 197, 316, 340, 289, 188, 295, 392, 97, 269, 206, 140, 273, 334, 342, 231, 377, 398, 99, 399, 351, 139, 373, 317, 359, 150, 252, 177, 158, 105, 159, 220, 173, 184, 394, 324, 397, 282, 355, 368, 322, 232, 98, 404, 170, 384, 230, 372, 389, 353, 294, 395, 366, 332, 302, 192, 265, 262, 374, 382, 299, 333, 155, 202, 363, 221, 108, 255, 228, 347, 328, 313, 321, 212, 178, 298, 180, 171, 222, 151, 239, 257, 286, 117, 357, 244, 194, 301, 293, 362, 370, 308, 123, 124, 405, 276, 224, 156, 330, 198, 251, 303, 247, 144, 233, 385, 391, 236, 278, 310, 119, 261, 345, 272, 96, 254, 113, 138, 181, 329, 403, 193, 297, 263, 217, 387, 148, 401, 307, 350, 318, 242, 95, 129, 183, 369, 186, 109, 195, 336, 199, 320, 290, 335, 157, 135, 182, 179, 210, 219, 211, 137, 337, 136, 245, 240, 116, 291, 162, 187, 343, 153, 361, 205, 267, 121, 339, 280, 371, 149, 169, 143, 218, 115, 107, 215, 100, 284, 258, 376, 122, 287, 259, 274, 325, 352, 364, 168, 167, 365, 270, 203, 380, 175, 101, 234, 204, 279, 349, 147, 309, 207, 304, 375, 292, 266, 283, 126, 277, 400, 246, 356, 348, 396, 208, 160, 114, 125, 213, 229, 327, 326, 163, 146, 201, 191, 311, 323, 133, 238, 176, 390, 260, 243, 141, 367, 214, 379, 118, 134, 360, 275, 235, 314, 164, 386, 172, 393, 142, 383, 161, 185, 154, 256, 264, 253, 338, 358, 248, 226, 111, 166, 145, 346, 132, 190, 216, 200, 306, 165, 227, 225, 103, 378, 128, 102, 285, 241, 112, 319, 315, 402, 130, 131, 331, 305, 268]"
diversity_on_nsga2,18,-95.61737090372019,25.50262909627979,81.18262909627977,"[28, 88, 32, 37, 92, 78, 17, 85, 90, 51, 61, 27, 36, 8, 84, 10, 26, 15, 16, 63, 82, 79, 13, 86, 60, 54, 14, 20, 69, 64, 4, 24, 25, 9, 59, 70, 75, 34, 19, 5, 68, 52, 31, 74, 53, 76, 38, 91, 43, 73, 56, 12, 83, 66, 80, 55, 11, 58, 67, 30, 65, 89, 7, 62, 21, 94, 42, 57, 48, 2, 33, 46, 87, 35, 81, 22, 47, 18, 3, 41, 29, 71, 39, 6, 49, 1, 40, 93, 23, 44, 72, 77, 45, 50]","[285, 241, 112, 319, 107, 131, 381, 300, 312, 209, 127, 106, 269, 281, 316, 340, 188, 295, 206, 273, 334, 99, 351, 359, 150, 252, 173, 184, 144, 403, 193, 297, 217, 148, 307, 133, 318, 369, 186, 360, 290, 157, 219, 364, 342, 365, 175, 274, 249, 331, 104, 344, 158, 110, 335, 135, 264, 182, 256, 97, 220, 398, 248, 140, 105, 336, 203, 101, 296, 289, 139, 130, 270, 95, 397, 223, 368, 322, 232, 98, 404, 230, 372, 389, 353, 395, 332, 302, 192, 262, 374, 142, 299, 333, 155, 202, 363, 129, 189, 313, 178, 298, 180, 171, 222, 151, 239, 257, 117, 357, 244, 132, 373, 128, 366, 306, 242, 294, 145, 317, 167, 113, 329, 384, 210, 168, 279, 211, 354, 138, 392, 119, 234, 263, 216, 181, 197, 243, 271, 174, 310, 254, 377, 286, 399, 352, 159, 108, 255, 228, 388, 195, 265, 402, 212, 320, 177, 170, 268, 347, 179, 321, 370, 120, 109, 183, 194, 301, 293, 282, 308, 123, 124, 405, 276, 224, 156, 330, 198, 251, 303, 247, 394, 233, 385, 391, 236, 278, 341, 261, 345, 272, 96, 137, 337, 136, 245, 240, 116, 291, 162, 187, 343, 153, 361, 205, 267, 121, 339, 280, 371, 149, 169, 143, 218, 115, 315, 215, 100, 284, 314, 376, 122, 287, 259, 328, 325, 349, 386, 309, 207, 304, 375, 292, 266, 283, 126, 277, 400, 246, 356, 348, 396, 208, 160, 114, 125, 213, 229, 327, 326, 163, 146, 201, 191, 311, 323, 350, 238, 176, 390, 260, 362, 141, 367, 214, 379, 118, 134, 199, 275, 235, 258, 164, 147, 250, 401, 227, 324, 225, 204, 305, 387, 380, 221, 196, 231, 172, 393, 382, 383, 237, 152, 355, 288, 165, 185, 154, 253, 338, 358, 226, 111, 166, 346, 190, 200, 161, 103, 378, 102]"
diversity_on_nsga2,19,-75.87193294869225,19.628067051307745,38.22806705130775,"[88, 32, 37, 92, 85, 90, 28, 41, 61, 59, 27, 36, 8, 38, 10, 26, 63, 83, 15, 82, 13, 72, 9, 19, 14, 20, 69, 53, 64, 4, 24, 58, 25, 21, 50, 70, 75, 7, 54, 5, 94, 52, 31, 74, 91, 43, 30, 16, 34, 56, 66, 80, 55, 11, 76, 67, 79, 84, 42, 73, 65, 89, 12, 62, 60, 68, 17, 57, 48, 3, 33, 46, 87, 35, 81, 22, 47, 18, 2, 78, 29, 71, 39, 6, 49, 1, 40, 93, 23, 44, 86, 77, 45, 51]","[331, 381, 344, 242, 300, 312, 318, 189, 249, 127, 106, 110, 365, 270, 203, 132, 128, 306, 145, 279, 354, 392, 234, 216, 174, 341, 153, 361, 205, 267, 121, 339, 371, 149, 402, 115, 100, 142, 122, 120, 350, 304, 375, 292, 283, 126, 227, 356, 388, 146, 257, 244, 194, 301, 405, 224, 247, 236, 96, 337, 98, 218, 376, 325, 191, 323, 133, 176, 260, 134, 360, 275, 316, 303, 152, 268, 178, 284, 383, 395, 253, 237, 131, 291, 185, 385, 201, 221, 370, 235, 155, 374, 319, 351, 214, 140, 272, 130, 332, 264, 274, 393, 159, 252, 363, 299, 330, 311, 271, 285, 281, 111, 254, 136, 113, 245, 240, 138, 116, 162, 181, 175, 187, 343, 222, 193, 297, 263, 217, 148, 269, 307, 358, 95, 207, 183, 369, 109, 280, 195, 336, 349, 143, 169, 199, 399, 335, 157, 135, 182, 179, 210, 147, 310, 209, 390, 404, 324, 362, 192, 348, 364, 167, 255, 101, 347, 238, 382, 104, 309, 352, 342, 112, 241, 397, 386, 250, 225, 305, 387, 378, 355, 288, 154, 262, 256, 338, 226, 230, 346, 165, 103, 102, 137, 315, 246, 296, 200, 340, 97, 139, 273, 334, 158, 105, 220, 184, 394, 403, 372, 389, 333, 302, 287, 259, 328, 170, 373, 329, 384, 168, 211, 286, 228, 345, 119, 368, 266, 172, 278, 265, 212, 391, 251, 366, 108, 367, 204, 177, 164, 99, 190, 396, 208, 160, 114, 125, 213, 229, 327, 326, 163, 117, 161, 107, 290, 215, 400, 320, 282, 198, 261, 295, 173, 231, 141, 248, 380, 243, 289, 118, 353, 219, 377, 196, 276, 206, 308, 124, 239, 314, 202, 197, 166, 401, 357, 313, 186, 156, 188, 322, 294, 258, 398, 223, 233, 232, 359, 379, 293, 129, 150, 123, 144, 317, 321, 277, 298, 180, 171, 151]"
diversity_on_nsga2,20,-16.74325925,8.75674075,4.95674075,"[33, 18, 78, 17, 85, 90, 51, 61, 27, 57, 8, 65, 38, 59, 40, 39, 88, 69, 53, 32, 64, 44, 66, 58, 25, 21, 50, 70, 75, 12, 7, 77, 37, 1, 56, 20, 60, 15, 86, 54, 5, 68, 87, 62, 31, 74, 91, 43, 30, 16, 34, 26, 24, 73, 41, 67, 76, 22, 89, 23, 47, 2, 29, 71, 28, 6, 49, 48, 93, 45, 4, 92, 36, 10, 63, 82, 13, 72, 94, 19, 14, 11, 83, 79, 80, 55, 9, 84, 42, 3, 46, 52, 35, 81]","[354, 341, 173, 196, 174, 105, 184, 377, 158, 331, 342, 300, 97, 302, 223, 334, 386, 404, 269, 99, 344, 202, 289, 243, 399, 366, 312, 374, 265, 382, 353, 268, 220, 177, 281, 322, 159, 231, 363, 394, 395, 333, 324, 197, 317, 209, 362, 110, 296, 392, 237, 316, 250, 273, 252, 384, 152, 294, 140, 340, 381, 305, 150, 368, 192, 372, 249, 397, 398, 188, 360, 295, 104, 275, 131, 130, 332, 299, 315, 206, 359, 106, 98, 230, 221, 108, 255, 228, 347, 274, 313, 321, 171, 119, 298, 180, 212, 222, 151, 239, 257, 286, 117, 357, 244, 194, 301, 293, 282, 167, 308, 123, 124, 405, 276, 224, 156, 330, 198, 251, 303, 247, 144, 233, 385, 391, 236, 278, 310, 178, 261, 345, 355, 96, 254, 113, 138, 181, 329, 403, 193, 297, 393, 263, 217, 387, 148, 307, 350, 318, 242, 129, 183, 369, 109, 195, 172, 238, 336, 367, 199, 141, 320, 335, 157, 134, 135, 182, 210, 142, 219, 379, 211, 137, 337, 136, 245, 240, 116, 291, 162, 187, 343, 153, 361, 205, 267, 121, 339, 280, 207, 201, 311, 323, 352, 214, 364, 168, 370, 365, 270, 203, 380, 175, 101, 234, 204, 279, 118, 371, 149, 402, 169, 143, 218, 115, 179, 107, 215, 100, 284, 290, 376, 122, 287, 120, 259, 328, 325, 349, 147, 309, 262, 304, 375, 292, 266, 283, 126, 277, 400, 246, 356, 348, 396, 208, 160, 114, 125, 213, 229, 327, 326, 163, 95, 189, 191, 383, 133, 401, 389, 155, 146, 232, 258, 235, 260, 164, 103, 314, 186, 161, 185, 390, 256, 264, 176, 248, 145, 132, 216, 200, 306, 227, 225, 378, 128, 272, 288, 165, 170, 154, 253, 338, 358, 226, 111, 166, 346, 190, 102, 285, 241, 112, 319, 127, 271, 388, 373, 351, 139]"
diversity_on_nsga2,21,-47.027880575,15.962119425000001,22.072119425,"[42, 72, 9, 10, 59, 53, 64, 44, 58, 50, 86, 5, 57, 89, 6, 77, 12, 54, 88, 31, 33, 87, 35, 2, 39, 79, 51, 82, 18, 70, 26, 80, 45, 41, 29, 71, 49, 1, 40, 93, 23, 7, 65, 21, 43, 85, 16, 68, 52, 62, 76, 74, 91, 34, 83, 66, 19, 56, 25, 47, 4, 63, 24, 69, 81, 46, 13, 30, 75, 20, 32, 37, 55, 11, 67, 73, 60, 84, 48, 3, 22, 28, 92, 78, 17, 90, 94, 61, 27, 36, 8, 38, 14, 15]","[128, 254, 402, 375, 216, 310, 172, 126, 177, 393, 181, 118, 211, 182, 352, 159, 108, 255, 228, 347, 274, 212, 117, 282, 308, 276, 198, 251, 385, 391, 278, 374, 199, 124, 222, 330, 362, 142, 202, 382, 197, 125, 401, 357, 313, 178, 186, 356, 156, 223, 299, 233, 354, 192, 187, 138, 106, 297, 232, 316, 283, 175, 379, 249, 293, 213, 129, 399, 210, 377, 279, 188, 322, 294, 258, 209, 398, 318, 361, 196, 289, 193, 270, 113, 400, 95, 164, 363, 358, 265, 119, 173, 366, 341, 342, 242, 174, 239, 141, 234, 367, 214, 145, 306, 271, 248, 241, 295, 359, 109, 384, 230, 285, 332, 161, 353, 383, 204, 351, 127, 227, 221, 203, 99, 155, 101, 350, 368, 150, 123, 335, 144, 167, 317, 321, 277, 298, 180, 171, 151, 257, 244, 194, 301, 370, 405, 224, 303, 247, 236, 166, 136, 98, 179, 120, 304, 292, 266, 348, 396, 208, 160, 114, 229, 327, 326, 163, 388, 146, 201, 191, 311, 323, 133, 238, 176, 390, 260, 134, 360, 275, 235, 261, 345, 272, 96, 137, 337, 338, 245, 240, 116, 291, 162, 319, 343, 153, 392, 205, 267, 121, 339, 280, 371, 149, 169, 143, 218, 115, 107, 215, 100, 284, 314, 376, 122, 287, 259, 328, 325, 349, 147, 309, 207, 386, 250, 324, 225, 305, 268, 387, 231, 263, 237, 355, 288, 185, 154, 262, 256, 264, 253, 395, 226, 111, 333, 346, 165, 103, 378, 404, 102, 112, 315, 246, 130, 131, 331, 381, 344, 296, 300, 312, 200, 281, 340, 97, 140, 139, 273, 334, 252, 158, 105, 220, 184, 394, 403, 372, 217, 148, 307, 183, 369, 195, 336, 397, 389, 157, 135, 219, 302, 170, 364, 365, 132, 373, 329, 269, 168, 110, 320, 243, 152, 189, 190, 206, 104, 380, 286, 290]"
diversity_on_nsga2,22,-54.36451966397936,30.015480336020644,24.235480336020643,"[17, 85, 90, 51, 61, 27, 36, 8, 86, 59, 65, 88, 6, 77, 1, 84, 10, 26, 15, 56, 63, 82, 79, 13, 72, 9, 68, 14, 20, 29, 53, 64, 4, 24, 58, 25, 21, 50, 70, 75, 12, 7, 54, 5, 19, 52, 62, 31, 74, 91, 43, 30, 16, 34, 83, 66, 80, 55, 94, 11, 76, 67, 73, 18, 38, 89, 42, 57, 48, 3, 22, 46, 87, 35, 81, 33, 47, 60, 2, 41, 69, 71, 39, 40, 93, 23, 44, 49, 45, 28, 32, 37, 92, 78]","[274, 182, 374, 285, 119, 368, 174, 265, 212, 113, 127, 221, 306, 251, 310, 189, 366, 110, 230, 363, 352, 342, 177, 181, 242, 99, 193, 104, 117, 109, 290, 320, 402, 220, 398, 248, 140, 105, 203, 101, 296, 289, 139, 130, 270, 95, 397, 223, 322, 232, 98, 404, 372, 389, 353, 395, 332, 302, 192, 262, 299, 333, 155, 202, 313, 178, 298, 180, 171, 222, 151, 239, 257, 357, 244, 132, 373, 128, 294, 145, 317, 167, 329, 384, 210, 168, 279, 211, 354, 138, 392, 234, 263, 216, 197, 243, 271, 254, 377, 286, 399, 159, 108, 249, 228, 388, 195, 370, 347, 179, 321, 268, 120, 183, 194, 301, 293, 282, 308, 123, 124, 405, 276, 224, 156, 330, 198, 303, 247, 350, 199, 382, 170, 241, 112, 319, 315, 131, 381, 300, 312, 209, 106, 269, 281, 316, 340, 188, 295, 206, 273, 334, 351, 359, 150, 252, 173, 184, 307, 403, 297, 217, 148, 394, 318, 369, 186, 157, 219, 364, 365, 175, 336, 255, 331, 344, 158, 335, 135, 264, 256, 97, 144, 233, 385, 391, 236, 278, 341, 261, 345, 272, 96, 137, 337, 136, 245, 240, 116, 291, 162, 187, 343, 153, 361, 205, 267, 121, 339, 280, 371, 149, 169, 143, 218, 115, 107, 215, 100, 284, 314, 376, 122, 287, 259, 328, 325, 349, 147, 309, 207, 304, 375, 292, 266, 283, 126, 277, 400, 246, 356, 348, 396, 208, 160, 114, 125, 213, 229, 327, 326, 163, 146, 201, 191, 311, 323, 133, 238, 176, 390, 260, 362, 141, 367, 214, 379, 118, 134, 360, 275, 235, 258, 164, 386, 250, 401, 227, 324, 225, 204, 305, 387, 380, 129, 196, 231, 172, 393, 142, 383, 237, 152, 355, 288, 165, 185, 154, 253, 338, 358, 226, 111, 166, 346, 190, 200, 161, 103, 378, 102]"
diversity_on_nsga2,23,-43.94684753062932,11.193152469370679,16.05315246937068,"[30, 41, 76, 70, 86, 45, 20, 38, 10, 26, 52, 65, 34, 63, 82, 13, 72, 31, 19, 14, 4, 69, 44, 24, 21, 50, 8, 75, 12, 7, 54, 16, 83, 53, 64, 59, 66, 79, 5, 68, 62, 94, 74, 43, 36, 56, 80, 55, 11, 47, 73, 58, 51, 46, 32, 67, 39, 6, 49, 60, 84, 89, 42, 57, 48, 3, 22, 87, 35, 81, 18, 2, 71, 40, 93, 23, 77, 28, 88, 37, 92, 17, 85, 90, 27, 78, 61, 1, 15, 29, 25, 9, 33, 91]","[344, 242, 300, 312, 318, 189, 249, 127, 106, 110, 365, 270, 203, 132, 128, 306, 145, 279, 354, 392, 234, 216, 174, 341, 122, 120, 350, 304, 375, 292, 283, 126, 356, 396, 208, 160, 388, 257, 244, 194, 301, 405, 247, 236, 96, 337, 98, 376, 287, 259, 328, 325, 260, 134, 360, 275, 316, 303, 152, 268, 178, 383, 395, 253, 237, 131, 185, 385, 221, 370, 235, 155, 374, 351, 214, 140, 272, 332, 264, 274, 393, 159, 252, 363, 299, 330, 271, 281, 111, 254, 136, 113, 138, 181, 175, 222, 193, 297, 263, 217, 148, 269, 307, 266, 95, 207, 183, 369, 109, 195, 336, 349, 199, 399, 335, 157, 135, 182, 179, 210, 147, 114, 310, 209, 390, 404, 362, 348, 364, 167, 255, 101, 347, 382, 104, 309, 352, 342, 241, 397, 387, 355, 288, 154, 262, 256, 338, 226, 230, 346, 102, 137, 246, 296, 200, 340, 97, 139, 273, 334, 158, 105, 220, 184, 394, 245, 398, 116, 291, 162, 187, 343, 153, 361, 205, 267, 121, 339, 280, 371, 149, 169, 143, 218, 215, 100, 284, 314, 403, 372, 389, 219, 302, 170, 373, 329, 172, 168, 211, 286, 228, 345, 119, 368, 358, 384, 278, 212, 391, 251, 366, 333, 367, 177, 164, 99, 190, 117, 161, 107, 290, 400, 320, 282, 198, 261, 295, 173, 231, 141, 248, 380, 243, 289, 118, 353, 108, 377, 196, 125, 213, 229, 327, 326, 163, 146, 311, 191, 201, 323, 133, 238, 176, 276, 206, 308, 124, 239, 142, 202, 197, 386, 250, 401, 227, 324, 225, 204, 305, 166, 357, 313, 186, 156, 188, 322, 294, 258, 240, 223, 233, 232, 359, 379, 293, 129, 150, 123, 144, 317, 321, 277, 298, 180, 171, 151, 331, 165, 192, 103, 378, 285, 224, 265, 112, 319, 315, 402, 130, 115, 381]"
diversity_on_nsga2,24,-83.06246725269231,24.81753274730769,50.137532747307695,"[47, 28, 32, 37, 92, 78, 17, 85, 90, 51, 61, 87, 8, 65, 38, 10, 26, 73, 56, 25, 13, 59, 44, 79, 72, 19, 14, 20, 53, 4, 24, 58, 63, 21, 52, 70, 75, 94, 54, 5, 68, 50, 62, 31, 74, 91, 30, 16, 34, 76, 66, 82, 80, 7, 83, 67, 15, 84, 42, 57, 3, 22, 46, 36, 35, 81, 33, 45, 18, 2, 41, 29, 71, 49, 1, 40, 93, 23, 69, 86, 60, 6, 89, 9, 48, 43, 39, 55, 11, 64, 12, 88, 27, 77]","[274, 182, 374, 341, 285, 345, 119, 368, 115, 358, 174, 172, 278, 265, 212, 113, 127, 221, 391, 306, 251, 310, 189, 366, 110, 230, 363, 367, 352, 342, 204, 280, 177, 181, 164, 349, 242, 99, 267, 193, 190, 104, 117, 109, 227, 161, 107, 371, 361, 116, 362, 152, 290, 215, 400, 320, 402, 169, 282, 198, 214, 261, 295, 145, 271, 375, 173, 332, 351, 126, 155, 128, 269, 101, 141, 248, 380, 383, 243, 203, 289, 118, 319, 353, 108, 377, 159, 350, 241, 196, 234, 276, 216, 206, 308, 95, 385, 199, 124, 222, 330, 239, 142, 202, 382, 197, 272, 125, 401, 357, 313, 178, 186, 356, 156, 175, 188, 322, 294, 258, 209, 245, 398, 318, 392, 223, 299, 233, 354, 192, 187, 138, 106, 297, 232, 316, 283, 359, 379, 249, 293, 270, 213, 129, 399, 171, 123, 335, 144, 167, 317, 321, 122, 277, 298, 180, 150, 151, 257, 244, 194, 301, 370, 405, 224, 303, 247, 236, 166, 96, 337, 136, 240, 98, 291, 162, 343, 153, 205, 121, 339, 149, 143, 218, 179, 100, 284, 314, 376, 287, 120, 259, 328, 325, 147, 309, 207, 304, 292, 266, 348, 396, 208, 160, 114, 229, 327, 326, 163, 388, 146, 201, 191, 311, 323, 133, 238, 176, 390, 260, 264, 360, 275, 235, 386, 250, 324, 225, 305, 268, 387, 231, 263, 237, 355, 288, 185, 154, 254, 256, 134, 253, 338, 395, 226, 111, 333, 346, 165, 103, 378, 404, 102, 112, 137, 315, 246, 130, 131, 331, 381, 344, 296, 300, 312, 200, 281, 340, 97, 140, 139, 273, 334, 252, 158, 105, 220, 184, 394, 403, 372, 217, 148, 307, 183, 369, 195, 336, 397, 389, 157, 135, 219, 302, 170, 364, 365, 132, 373, 329, 384, 210, 168, 279, 211, 393, 262, 286, 255, 228, 347]"
diversity_on_nsga2,25,-70.48272467778585,14.357275322214152,36.517275322214154,"[45, 28, 88, 32, 37, 92, 16, 17, 85, 90, 51, 63, 82, 27, 9, 12, 15, 58, 25, 21, 59, 70, 75, 7, 5, 93, 62, 14, 20, 69, 29, 64, 4, 24, 31, 74, 91, 43, 30, 78, 34, 83, 66, 79, 80, 55, 11, 76, 61, 19, 13, 36, 8, 65, 50, 38, 54, 10, 72, 26, 56, 52, 53, 94, 67, 73, 60, 84, 89, 42, 57, 48, 3, 22, 46, 87, 35, 81, 6, 39, 47, 49, 23, 40, 71, 86, 2, 33, 1, 44, 18, 41, 68, 77]","[381, 344, 242, 300, 312, 318, 189, 249, 127, 106, 110, 365, 270, 203, 132, 128, 306, 145, 279, 354, 392, 234, 216, 174, 341, 402, 122, 120, 350, 304, 375, 292, 256, 126, 227, 356, 396, 208, 160, 213, 326, 163, 388, 146, 257, 244, 194, 301, 405, 224, 247, 236, 96, 337, 98, 376, 287, 259, 328, 325, 229, 191, 323, 133, 176, 260, 134, 360, 275, 316, 303, 152, 268, 178, 383, 271, 212, 237, 131, 185, 385, 201, 221, 370, 235, 155, 374, 319, 351, 214, 140, 272, 130, 332, 264, 274, 393, 159, 252, 363, 299, 330, 311, 395, 285, 281, 111, 254, 136, 113, 138, 181, 175, 219, 193, 297, 263, 217, 148, 269, 307, 266, 95, 207, 183, 369, 109, 195, 336, 349, 199, 399, 335, 277, 135, 182, 179, 210, 147, 114, 125, 310, 327, 209, 390, 404, 324, 362, 192, 348, 364, 167, 255, 101, 347, 238, 382, 104, 188, 358, 342, 112, 241, 397, 386, 250, 225, 305, 387, 378, 355, 288, 154, 262, 283, 338, 226, 230, 346, 165, 103, 102, 137, 246, 296, 200, 340, 97, 139, 273, 334, 158, 105, 220, 184, 394, 245, 398, 116, 291, 162, 187, 343, 153, 361, 205, 267, 121, 339, 280, 371, 149, 169, 143, 218, 115, 315, 215, 100, 284, 314, 403, 372, 389, 222, 302, 170, 373, 329, 172, 168, 211, 286, 228, 345, 119, 368, 352, 384, 278, 265, 253, 391, 251, 366, 333, 367, 204, 177, 164, 99, 190, 117, 161, 107, 290, 400, 320, 282, 198, 261, 295, 173, 231, 141, 248, 380, 243, 289, 118, 353, 108, 377, 196, 276, 206, 308, 124, 239, 142, 202, 197, 166, 401, 357, 313, 186, 156, 309, 322, 294, 258, 240, 223, 233, 232, 359, 379, 293, 129, 150, 123, 144, 317, 321, 157, 298, 180, 171, 151, 331]"
diversity_on_nsga2,26,-32.018168700000004,9.091831299999999,16.6818313,"[39, 9, 11, 37, 92, 78, 17, 85, 40, 51, 61, 88, 8, 65, 38, 10, 26, 64, 56, 71, 13, 59, 67, 79, 72, 69, 14, 20, 53, 4, 24, 58, 63, 21, 52, 70, 75, 94, 54, 5, 68, 50, 62, 31, 74, 91, 30, 16, 34, 76, 66, 82, 80, 7, 57, 44, 60, 84, 89, 42, 48, 3, 22, 46, 87, 35, 81, 15, 47, 18, 2, 41, 29, 6, 49, 1, 90, 93, 23, 86, 77, 45, 28, 32, 27, 36, 33, 73, 19, 25, 55, 12, 83, 43]","[354, 392, 216, 174, 361, 267, 371, 402, 100, 314, 122, 120, 350, 304, 375, 292, 283, 126, 227, 356, 396, 208, 160, 388, 257, 244, 96, 98, 376, 325, 260, 134, 360, 275, 152, 268, 178, 284, 395, 237, 202, 221, 370, 235, 155, 374, 319, 351, 140, 130, 332, 274, 393, 159, 252, 363, 299, 271, 285, 281, 254, 113, 138, 116, 181, 222, 193, 297, 263, 217, 148, 269, 307, 266, 95, 207, 183, 369, 109, 195, 336, 349, 169, 199, 399, 335, 157, 135, 182, 179, 210, 147, 114, 125, 310, 209, 324, 362, 192, 348, 255, 347, 238, 382, 104, 309, 342, 112, 241, 397, 386, 250, 225, 305, 387, 378, 355, 288, 262, 230, 346, 165, 103, 102, 315, 246, 296, 200, 340, 97, 139, 273, 334, 158, 105, 220, 184, 394, 403, 372, 389, 219, 302, 287, 259, 328, 170, 373, 329, 384, 211, 312, 383, 196, 231, 172, 194, 301, 173, 308, 123, 124, 405, 276, 224, 156, 330, 251, 303, 247, 144, 316, 385, 391, 236, 278, 341, 345, 289, 404, 137, 337, 136, 245, 240, 291, 162, 187, 343, 153, 205, 121, 339, 280, 149, 143, 218, 115, 286, 228, 119, 368, 265, 212, 366, 333, 367, 177, 99, 190, 117, 107, 290, 215, 400, 320, 154, 198, 261, 295, 141, 243, 272, 353, 108, 377, 206, 239, 142, 131, 197, 401, 357, 313, 186, 213, 229, 327, 326, 163, 146, 201, 191, 311, 323, 133, 352, 214, 364, 168, 167, 365, 270, 380, 175, 101, 164, 234, 204, 279, 118, 161, 185, 282, 390, 256, 264, 176, 253, 338, 358, 248, 226, 111, 166, 145, 188, 322, 294, 258, 398, 223, 233, 232, 359, 379, 293, 129, 150, 317, 321, 277, 298, 180, 171, 151, 331, 381, 344, 242, 300, 318, 189, 249, 127, 106, 110, 203, 132, 128, 306]"
diversity_on_nsga2,27,-93.3180403170245,23.4519596829755,66.78195968297548,"[28, 88, 32, 37, 92, 78, 17, 10, 90, 51, 61, 27, 36, 8, 84, 1, 85, 26, 15, 56, 63, 82, 79, 13, 86, 21, 54, 14, 20, 69, 53, 64, 4, 24, 58, 25, 9, 59, 70, 75, 33, 7, 19, 5, 68, 52, 38, 31, 74, 91, 43, 30, 16, 34, 83, 66, 80, 55, 29, 11, 76, 67, 73, 41, 65, 89, 42, 48, 57, 3, 22, 46, 87, 35, 81, 12, 62, 18, 2, 60, 94, 71, 39, 6, 49, 47, 40, 93, 23, 44, 72, 77, 45, 50]","[285, 241, 112, 319, 107, 131, 381, 300, 312, 209, 127, 106, 269, 281, 316, 340, 188, 295, 206, 273, 334, 99, 351, 359, 150, 252, 173, 184, 394, 403, 193, 297, 217, 148, 307, 133, 248, 369, 186, 205, 290, 157, 219, 364, 342, 365, 175, 274, 249, 331, 104, 344, 158, 110, 335, 135, 264, 182, 256, 97, 220, 398, 318, 140, 105, 189, 203, 101, 296, 289, 139, 130, 270, 95, 397, 223, 368, 322, 232, 98, 404, 230, 372, 389, 353, 395, 332, 302, 192, 262, 374, 142, 299, 333, 155, 202, 363, 129, 336, 313, 178, 298, 180, 171, 222, 151, 239, 257, 117, 357, 244, 132, 373, 128, 366, 306, 242, 294, 145, 317, 167, 113, 329, 384, 210, 168, 279, 211, 354, 138, 392, 119, 234, 263, 216, 181, 197, 243, 271, 174, 310, 254, 377, 286, 399, 352, 159, 108, 255, 228, 388, 195, 265, 402, 212, 320, 177, 170, 268, 347, 179, 321, 370, 120, 109, 183, 194, 301, 293, 282, 308, 123, 124, 405, 276, 224, 156, 330, 198, 251, 303, 247, 144, 233, 385, 391, 236, 278, 341, 261, 345, 272, 96, 137, 337, 136, 245, 240, 116, 291, 162, 187, 343, 153, 361, 360, 267, 121, 339, 280, 371, 149, 169, 143, 218, 115, 315, 215, 100, 284, 314, 376, 122, 287, 259, 328, 325, 349, 147, 309, 207, 304, 375, 292, 266, 283, 126, 277, 400, 246, 356, 348, 396, 208, 160, 114, 125, 213, 229, 327, 326, 163, 146, 201, 191, 311, 323, 350, 238, 176, 390, 260, 362, 141, 367, 214, 379, 118, 134, 199, 275, 235, 258, 164, 386, 250, 401, 227, 324, 225, 204, 305, 387, 380, 221, 196, 231, 172, 393, 382, 383, 237, 152, 355, 288, 165, 185, 154, 253, 338, 358, 226, 111, 166, 346, 190, 200, 161, 103, 378, 102]"
diversity_on_nsga2,28,-69.580337125,25.349662874999996,36.219662875,"[37, 92, 78, 17, 85, 90, 51, 61, 27, 36, 8, 84, 26, 15, 56, 63, 79, 13, 86, 21, 54, 14, 20, 69, 53, 64, 29, 24, 25, 9, 59, 70, 75, 7, 19, 5, 52, 38, 43, 35, 68, 50, 62, 31, 74, 91, 30, 16, 34, 76, 66, 82, 80, 55, 11, 58, 67, 73, 65, 89, 12, 60, 94, 42, 57, 48, 3, 33, 46, 87, 83, 88, 22, 47, 18, 2, 41, 4, 71, 39, 6, 77, 1, 40, 93, 23, 44, 72, 49, 45, 10, 28, 81, 32]","[274, 182, 374, 341, 285, 345, 119, 368, 115, 358, 174, 172, 278, 265, 212, 113, 127, 221, 391, 306, 251, 310, 189, 366, 110, 230, 363, 367, 352, 342, 204, 280, 177, 181, 164, 349, 242, 99, 267, 193, 190, 104, 117, 109, 227, 161, 107, 371, 361, 116, 362, 152, 290, 215, 400, 320, 402, 169, 220, 398, 248, 140, 105, 203, 101, 296, 289, 139, 130, 270, 95, 397, 223, 322, 232, 98, 404, 372, 389, 353, 395, 332, 302, 192, 262, 299, 333, 155, 202, 313, 178, 298, 180, 171, 222, 151, 239, 257, 357, 244, 132, 373, 128, 294, 145, 317, 167, 329, 384, 210, 168, 279, 211, 354, 138, 392, 234, 263, 216, 197, 243, 271, 254, 377, 286, 399, 159, 108, 255, 228, 388, 195, 370, 347, 179, 321, 268, 120, 183, 194, 301, 293, 282, 308, 123, 124, 405, 276, 224, 156, 330, 198, 303, 247, 144, 233, 385, 236, 261, 272, 96, 137, 337, 136, 245, 240, 291, 162, 187, 343, 153, 205, 121, 339, 149, 143, 218, 100, 284, 314, 133, 129, 142, 376, 122, 287, 259, 328, 325, 147, 309, 207, 304, 375, 292, 266, 283, 126, 277, 246, 356, 348, 396, 208, 160, 114, 125, 213, 229, 327, 326, 163, 146, 201, 191, 311, 323, 350, 238, 176, 390, 260, 141, 214, 379, 118, 134, 199, 275, 235, 258, 386, 250, 401, 324, 225, 305, 387, 380, 196, 231, 393, 382, 383, 237, 355, 288, 165, 185, 154, 253, 338, 170, 226, 111, 166, 346, 200, 103, 378, 102, 241, 112, 319, 315, 131, 381, 300, 312, 209, 106, 269, 281, 316, 340, 188, 295, 206, 273, 334, 351, 359, 150, 252, 173, 184, 394, 403, 297, 217, 148, 307, 318, 369, 186, 360, 157, 219, 364, 365, 175, 336, 249, 331, 344, 158, 335, 135, 264, 256, 97]"
diversity_on_nsga2,29,-50.83157463757641,17.518425362423592,22.86842536242359,"[61, 27, 36, 8, 65, 13, 19, 23, 54, 5, 30, 38, 10, 26, 15, 56, 63, 82, 72, 94, 14, 59, 69, 53, 64, 44, 24, 25, 21, 50, 70, 75, 12, 7, 34, 16, 83, 66, 79, 58, 68, 62, 31, 74, 91, 43, 80, 55, 11, 4, 47, 73, 46, 32, 67, 39, 6, 49, 60, 84, 90, 40, 93, 17, 89, 42, 57, 48, 3, 22, 76, 87, 35, 81, 33, 45, 18, 2, 41, 29, 1, 88, 37, 86, 20, 28, 51, 9, 71, 52, 92, 78, 85, 77]","[381, 344, 296, 300, 354, 312, 174, 388, 250, 209, 189, 355, 249, 127, 288, 120, 152, 341, 106, 110, 237, 196, 281, 271, 104, 197, 316, 340, 289, 188, 295, 392, 97, 269, 206, 140, 273, 334, 342, 231, 377, 398, 99, 399, 351, 139, 373, 317, 359, 150, 252, 394, 324, 177, 158, 105, 159, 220, 173, 184, 397, 282, 223, 368, 322, 232, 98, 404, 170, 384, 230, 372, 389, 353, 294, 395, 366, 332, 302, 192, 265, 262, 374, 382, 299, 333, 155, 202, 363, 221, 108, 255, 228, 347, 328, 313, 321, 212, 178, 298, 180, 171, 222, 151, 239, 257, 286, 117, 357, 244, 194, 301, 293, 362, 370, 308, 123, 124, 405, 276, 224, 156, 330, 198, 251, 303, 247, 144, 233, 385, 391, 236, 278, 310, 119, 261, 345, 272, 96, 254, 113, 138, 181, 329, 403, 193, 297, 263, 217, 387, 148, 401, 307, 350, 318, 242, 95, 129, 183, 369, 186, 109, 195, 336, 199, 320, 290, 335, 157, 135, 182, 179, 210, 219, 211, 137, 337, 136, 245, 240, 116, 291, 162, 187, 343, 153, 361, 205, 267, 121, 339, 280, 371, 149, 393, 143, 218, 115, 107, 215, 100, 284, 258, 376, 122, 287, 259, 274, 325, 352, 364, 168, 167, 365, 270, 203, 380, 304, 101, 234, 204, 279, 349, 147, 309, 207, 175, 375, 292, 266, 283, 126, 277, 400, 246, 356, 348, 396, 208, 160, 114, 125, 213, 229, 327, 326, 163, 146, 201, 191, 311, 323, 133, 238, 176, 390, 260, 243, 141, 367, 214, 379, 118, 134, 360, 275, 235, 314, 164, 386, 172, 169, 142, 383, 161, 185, 154, 256, 264, 253, 338, 358, 248, 226, 111, 166, 145, 346, 132, 190, 216, 200, 306, 165, 227, 225, 103, 378, 128, 102, 285, 241, 112, 319, 315, 402, 130, 131, 331, 305, 268]"
diversity_on_nsga2,30,-59.75398280384614,27.926017196153847,25.446017196153843,"[17, 85, 90, 51, 61, 27, 36, 8, 84, 26, 25, 56, 63, 79, 13, 86, 21, 54, 14, 20, 69, 53, 64, 29, 24, 15, 9, 59, 70, 23, 7, 19, 5, 52, 38, 43, 68, 50, 62, 31, 74, 91, 30, 16, 34, 76, 66, 82, 80, 55, 11, 58, 67, 73, 65, 89, 12, 60, 94, 42, 57, 48, 3, 33, 46, 83, 88, 87, 35, 81, 22, 47, 18, 2, 41, 4, 71, 39, 6, 77, 1, 40, 93, 75, 44, 72, 49, 45, 10, 28, 32, 37, 92, 78]","[274, 182, 374, 341, 285, 345, 119, 368, 115, 358, 174, 172, 278, 265, 212, 113, 127, 221, 391, 306, 251, 310, 189, 366, 110, 230, 363, 367, 352, 342, 204, 280, 177, 181, 164, 349, 242, 99, 267, 193, 190, 104, 365, 109, 227, 161, 107, 371, 361, 116, 362, 152, 290, 215, 400, 320, 402, 169, 220, 398, 248, 140, 105, 203, 101, 296, 289, 139, 130, 270, 95, 397, 223, 322, 232, 98, 404, 372, 389, 353, 395, 332, 302, 192, 262, 299, 333, 155, 202, 313, 178, 298, 180, 171, 222, 151, 239, 257, 357, 244, 132, 373, 128, 294, 145, 317, 167, 329, 384, 210, 168, 279, 211, 354, 138, 392, 234, 263, 216, 197, 243, 271, 254, 377, 286, 399, 159, 108, 255, 228, 388, 195, 370, 347, 179, 321, 268, 120, 183, 194, 301, 293, 282, 308, 123, 124, 405, 276, 224, 156, 330, 198, 303, 247, 144, 233, 385, 236, 261, 272, 96, 137, 337, 136, 245, 240, 291, 162, 187, 343, 153, 205, 121, 339, 149, 143, 218, 100, 284, 314, 133, 129, 142, 376, 122, 287, 259, 328, 325, 147, 309, 207, 304, 375, 292, 266, 283, 126, 277, 246, 356, 348, 396, 208, 160, 114, 125, 213, 229, 327, 326, 163, 146, 350, 238, 176, 390, 260, 141, 214, 379, 118, 134, 199, 275, 235, 258, 386, 250, 401, 324, 225, 305, 387, 380, 196, 231, 393, 382, 383, 237, 355, 288, 165, 185, 154, 253, 338, 170, 226, 111, 166, 346, 201, 191, 311, 323, 200, 103, 378, 102, 241, 112, 319, 315, 131, 381, 300, 312, 209, 106, 269, 281, 316, 340, 188, 295, 206, 273, 334, 351, 359, 150, 252, 173, 184, 394, 403, 297, 217, 148, 307, 318, 369, 186, 360, 157, 219, 364, 117, 175, 336, 249, 331, 344, 158, 335, 135, 264, 256, 97]"
diversity_on_nsga2,31,-55.32855286,25.89144714,25.871447140000004,"[92, 78, 85, 51, 61, 27, 36, 8, 59, 44, 65, 38, 10, 26, 15, 56, 63, 9, 79, 60, 72, 19, 14, 20, 69, 86, 64, 4, 24, 25, 21, 50, 82, 46, 1, 90, 40, 58, 70, 75, 12, 7, 54, 5, 68, 52, 62, 31, 74, 91, 43, 30, 16, 34, 83, 66, 80, 55, 94, 11, 76, 67, 73, 13, 84, 89, 17, 42, 57, 48, 3, 22, 87, 35, 81, 33, 45, 18, 2, 41, 29, 71, 39, 6, 49, 93, 23, 53, 77, 47, 28, 88, 32, 37]","[344, 300, 312, 249, 106, 269, 104, 316, 340, 289, 97, 188, 392, 98, 140, 139, 273, 334, 332, 398, 99, 351, 359, 150, 252, 158, 105, 232, 173, 184, 403, 193, 297, 372, 217, 148, 307, 350, 95, 183, 369, 186, 109, 195, 336, 397, 199, 368, 290, 335, 157, 135, 182, 353, 302, 170, 365, 270, 203, 129, 364, 404, 127, 206, 374, 382, 342, 155, 202, 221, 128, 366, 306, 242, 294, 373, 167, 113, 384, 210, 168, 211, 354, 119, 234, 263, 243, 271, 174, 310, 254, 377, 286, 399, 108, 255, 228, 347, 274, 321, 212, 178, 298, 180, 171, 151, 257, 117, 357, 244, 194, 301, 293, 282, 370, 308, 123, 405, 276, 241, 156, 330, 198, 303, 247, 233, 385, 391, 236, 278, 341, 345, 272, 137, 337, 136, 245, 116, 291, 162, 187, 200, 220, 177, 281, 352, 240, 132, 313, 219, 322, 279, 159, 256, 363, 181, 394, 216, 395, 320, 96, 333, 124, 389, 190, 145, 197, 144, 261, 318, 317, 179, 209, 110, 222, 138, 329, 239, 296, 223, 226, 237, 189, 102, 343, 153, 361, 402, 120, 262, 388, 268, 205, 267, 121, 339, 280, 371, 149, 169, 143, 218, 115, 107, 215, 100, 284, 314, 376, 122, 287, 259, 328, 251, 393, 142, 383, 152, 355, 288, 175, 295, 101, 161, 185, 154, 325, 349, 147, 309, 207, 304, 375, 292, 266, 283, 126, 277, 400, 246, 356, 348, 396, 208, 160, 114, 125, 213, 229, 327, 326, 163, 146, 201, 191, 311, 323, 133, 238, 176, 390, 260, 362, 141, 367, 214, 379, 118, 134, 360, 275, 235, 258, 164, 386, 250, 401, 227, 324, 225, 204, 305, 387, 380, 299, 196, 231, 172, 264, 253, 338, 358, 248, 111, 230, 166, 346, 165, 192, 103, 378, 285, 224, 265, 112, 319, 315, 130, 131, 331, 381]"
diversity_on_nsga2,32,-84.504527535,21.525472465,57.29547246499999,"[28, 88, 32, 37, 92, 78, 17, 85, 90, 51, 61, 27, 36, 8, 84, 1, 10, 26, 15, 56, 63, 82, 79, 13, 86, 21, 54, 14, 20, 69, 53, 64, 4, 24, 58, 25, 9, 57, 70, 75, 33, 7, 19, 5, 68, 52, 47, 31, 74, 91, 43, 65, 16, 83, 66, 80, 55, 29, 11, 76, 67, 73, 41, 30, 89, 42, 48, 59, 3, 22, 46, 87, 35, 81, 12, 62, 18, 2, 60, 94, 71, 39, 6, 49, 38, 40, 93, 23, 44, 72, 77, 45, 50, 34]","[319, 107, 131, 381, 300, 312, 209, 127, 106, 269, 281, 316, 340, 188, 295, 206, 273, 125, 99, 351, 359, 150, 252, 173, 184, 394, 403, 193, 297, 217, 148, 307, 133, 318, 369, 186, 360, 290, 157, 219, 364, 342, 142, 129, 168, 354, 175, 336, 249, 331, 104, 344, 158, 110, 335, 135, 264, 182, 256, 97, 220, 398, 248, 140, 105, 189, 203, 101, 296, 289, 139, 130, 270, 95, 397, 223, 368, 322, 232, 98, 404, 230, 196, 389, 353, 395, 332, 302, 192, 262, 374, 382, 299, 333, 155, 202, 363, 221, 274, 313, 178, 298, 180, 171, 222, 151, 239, 257, 117, 357, 244, 132, 373, 128, 366, 306, 242, 294, 145, 317, 167, 113, 329, 384, 210, 279, 211, 365, 138, 392, 119, 234, 263, 216, 181, 197, 243, 271, 174, 310, 254, 377, 286, 399, 352, 159, 108, 255, 228, 388, 195, 265, 402, 212, 320, 177, 170, 268, 347, 179, 321, 370, 120, 109, 183, 194, 301, 293, 282, 308, 224, 123, 124, 405, 276, 156, 330, 198, 251, 303, 247, 144, 225, 385, 391, 236, 278, 341, 261, 345, 272, 96, 137, 337, 136, 245, 240, 116, 291, 162, 187, 343, 153, 361, 205, 267, 121, 339, 280, 371, 149, 169, 143, 218, 115, 315, 215, 100, 284, 314, 376, 122, 287, 259, 328, 325, 349, 147, 309, 207, 304, 375, 292, 266, 283, 126, 277, 400, 246, 356, 348, 396, 208, 160, 114, 334, 213, 229, 327, 326, 163, 146, 201, 191, 311, 323, 350, 238, 176, 390, 260, 362, 141, 367, 214, 379, 118, 134, 199, 275, 235, 258, 164, 386, 250, 401, 227, 324, 233, 204, 305, 387, 380, 372, 231, 172, 393, 383, 237, 152, 355, 288, 165, 185, 154, 253, 338, 358, 226, 111, 166, 346, 190, 200, 161, 103, 378, 102, 285, 241, 112]"
diversity_on_nsga2,33,-91.29522449019868,21.114775509801337,63.40477550980133,"[88, 32, 37, 92, 78, 17, 10, 90, 51, 61, 27, 8, 84, 60, 56, 21, 26, 15, 85, 63, 82, 79, 13, 86, 69, 9, 54, 14, 20, 59, 53, 64, 4, 5, 58, 25, 36, 50, 70, 1, 33, 7, 19, 91, 68, 52, 47, 31, 74, 24, 43, 30, 16, 34, 83, 66, 80, 55, 29, 11, 76, 67, 73, 42, 65, 89, 41, 48, 57, 3, 22, 72, 87, 35, 81, 12, 62, 18, 2, 75, 94, 71, 39, 6, 49, 38, 40, 93, 23, 44, 46, 77, 45, 28]","[285, 241, 112, 319, 107, 131, 381, 300, 312, 209, 96, 106, 269, 281, 316, 340, 188, 295, 206, 273, 334, 99, 351, 359, 150, 252, 297, 184, 394, 403, 193, 173, 217, 148, 307, 133, 248, 369, 104, 290, 157, 219, 364, 342, 365, 175, 274, 249, 331, 186, 178, 158, 110, 335, 135, 264, 182, 256, 97, 220, 398, 318, 140, 105, 189, 203, 101, 296, 139, 130, 270, 95, 397, 223, 368, 322, 232, 98, 404, 230, 372, 389, 353, 395, 332, 302, 192, 262, 374, 142, 299, 333, 155, 202, 363, 129, 336, 313, 344, 298, 180, 171, 222, 151, 239, 257, 117, 357, 244, 132, 373, 128, 366, 306, 242, 294, 145, 317, 167, 113, 329, 384, 210, 168, 279, 211, 354, 328, 392, 119, 234, 263, 216, 181, 197, 243, 271, 174, 310, 254, 377, 286, 399, 352, 159, 108, 255, 360, 228, 388, 390, 265, 402, 212, 320, 177, 170, 268, 347, 179, 321, 370, 120, 109, 183, 194, 301, 293, 282, 308, 224, 123, 124, 405, 276, 289, 156, 330, 198, 396, 303, 247, 144, 233, 385, 391, 236, 278, 341, 261, 345, 272, 127, 137, 337, 136, 245, 240, 116, 291, 162, 187, 343, 153, 361, 205, 267, 121, 339, 280, 371, 149, 169, 143, 218, 115, 315, 215, 100, 284, 314, 376, 122, 287, 259, 195, 325, 349, 147, 309, 207, 304, 375, 292, 266, 283, 126, 277, 400, 246, 356, 348, 251, 208, 160, 114, 125, 213, 229, 327, 326, 163, 146, 201, 191, 311, 323, 350, 238, 176, 138, 260, 362, 141, 367, 214, 379, 118, 134, 199, 275, 235, 258, 164, 386, 250, 401, 227, 324, 225, 204, 305, 387, 380, 221, 196, 231, 172, 393, 382, 383, 237, 152, 355, 288, 165, 185, 154, 253, 338, 358, 226, 111, 166, 346, 190, 200, 161, 103, 378, 102]"
diversity_on_nsga2,34,-20.391166400000003,19.558833599999996,8.3088336,"[33, 57, 46, 40, 28, 88, 27, 8, 82, 59, 44, 65, 12, 10, 26, 15, 56, 63, 9, 50, 58, 25, 21, 13, 70, 75, 38, 89, 77, 37, 48, 17, 69, 53, 64, 4, 24, 20, 60, 86, 51, 54, 5, 3, 36, 72, 94, 11, 76, 42, 14, 67, 73, 84, 7, 22, 35, 81, 47, 18, 2, 41, 29, 71, 39, 6, 49, 1, 68, 23, 45, 32, 92, 16, 85, 90, 74, 93, 19, 91, 43, 30, 78, 34, 83, 66, 79, 61, 87, 62, 31, 52, 80, 55]","[314, 120, 189, 258, 235, 260, 292, 274, 393, 271, 285, 281, 209, 388, 362, 167, 104, 312, 342, 112, 270, 241, 386, 250, 225, 305, 231, 263, 355, 288, 346, 165, 102, 331, 381, 344, 296, 300, 340, 399, 373, 317, 139, 273, 334, 332, 299, 322, 398, 99, 351, 359, 150, 252, 177, 158, 105, 159, 220, 173, 184, 394, 324, 397, 282, 223, 137, 232, 98, 404, 170, 384, 230, 372, 389, 353, 294, 395, 366, 302, 192, 265, 262, 374, 382, 333, 155, 202, 363, 221, 108, 255, 228, 347, 180, 313, 321, 212, 178, 298, 328, 171, 222, 151, 315, 257, 286, 117, 357, 244, 194, 301, 293, 243, 370, 308, 123, 124, 405, 276, 224, 156, 330, 198, 251, 303, 247, 233, 385, 391, 236, 278, 345, 272, 337, 136, 245, 116, 291, 162, 187, 200, 217, 387, 148, 307, 350, 318, 129, 183, 369, 109, 195, 172, 238, 336, 367, 199, 141, 320, 335, 157, 134, 135, 142, 219, 379, 240, 343, 153, 361, 205, 267, 121, 339, 280, 201, 311, 323, 352, 284, 380, 175, 101, 204, 279, 118, 371, 149, 402, 169, 143, 218, 115, 179, 107, 215, 100, 214, 364, 376, 122, 287, 259, 325, 349, 147, 309, 304, 375, 266, 283, 126, 277, 400, 246, 341, 348, 396, 208, 160, 114, 125, 213, 229, 327, 326, 163, 95, 191, 383, 133, 401, 146, 164, 103, 290, 186, 161, 185, 154, 390, 256, 264, 176, 253, 338, 358, 248, 226, 111, 166, 145, 97, 127, 289, 196, 132, 190, 378, 365, 128, 306, 354, 392, 174, 356, 377, 329, 403, 210, 211, 168, 268, 237, 110, 197, 216, 319, 269, 227, 316, 152, 140, 368, 249, 188, 360, 295, 275, 131, 130, 206, 106, 119, 239, 144, 310, 261, 96, 254, 113, 138, 181, 193, 297, 242, 182, 207, 203, 234]"
diversity_on_nsga2,35,-21.123578321951097,10.326421678048902,12.376421678048903,"[33, 57, 46, 40, 28, 88, 27, 8, 82, 59, 44, 65, 12, 10, 26, 15, 56, 81, 9, 50, 58, 25, 21, 13, 75, 38, 77, 37, 48, 17, 69, 53, 64, 4, 24, 20, 60, 86, 51, 54, 5, 49, 36, 72, 94, 11, 76, 42, 14, 67, 73, 7, 35, 63, 47, 18, 2, 41, 29, 39, 6, 3, 68, 23, 45, 32, 92, 16, 85, 90, 74, 93, 70, 84, 89, 71, 22, 1, 19, 91, 43, 30, 78, 34, 83, 66, 79, 61, 87, 62, 31, 52, 80, 55]","[332, 299, 322, 398, 99, 351, 177, 159, 173, 282, 223, 372, 389, 353, 294, 366, 192, 265, 374, 382, 333, 155, 202, 363, 221, 108, 347, 180, 313, 212, 178, 298, 222, 257, 286, 117, 301, 243, 308, 124, 405, 276, 156, 330, 198, 251, 303, 247, 233, 385, 391, 278, 345, 272, 136, 245, 116, 291, 162, 187, 200, 387, 350, 318, 109, 195, 172, 238, 367, 199, 141, 320, 142, 240, 343, 361, 267, 280, 352, 380, 175, 101, 204, 118, 371, 402, 169, 115, 107, 215, 214, 349, 304, 375, 266, 126, 400, 246, 341, 208, 125, 95, 383, 401, 164, 290, 186, 161, 358, 248, 166, 145, 127, 289, 196, 190, 128, 306, 354, 392, 174, 356, 377, 403, 110, 197, 216, 319, 269, 227, 152, 119, 357, 297, 232, 316, 283, 359, 379, 249, 293, 270, 213, 129, 399, 150, 123, 335, 144, 167, 317, 321, 122, 277, 137, 253, 355, 235, 135, 179, 210, 395, 224, 324, 112, 158, 207, 160, 264, 340, 279, 337, 105, 217, 225, 98, 220, 386, 397, 393, 348, 346, 114, 275, 338, 154, 378, 219, 284, 236, 194, 148, 100, 171, 255, 307, 268, 274, 183, 328, 396, 305, 262, 326, 139, 132, 259, 370, 131, 263, 336, 153, 149, 151, 404, 103, 369, 314, 329, 252, 130, 302, 228, 134, 231, 244, 381, 185, 143, 157, 147, 229, 327, 163, 146, 201, 191, 311, 323, 133, 364, 168, 365, 390, 256, 176, 226, 111, 165, 102, 315, 331, 296, 300, 312, 388, 250, 189, 288, 120, 237, 281, 97, 140, 260, 273, 360, 334, 373, 184, 394, 170, 384, 230, 211, 205, 121, 339, 218, 376, 287, 325, 309, 368, 188, 295, 206, 106, 239, 310, 261, 96, 254, 113, 138, 181, 193, 242, 182, 203, 234, 258, 292, 271, 285, 209, 362, 104, 342, 241, 344]"
diversity_on_nsga2,36,-32.43010999999999,12.42989,13.669889999999999,"[85, 90, 27, 50, 78, 61, 36, 1, 15, 56, 63, 82, 79, 13, 21, 72, 69, 29, 64, 4, 24, 58, 25, 9, 75, 33, 7, 19, 5, 68, 47, 31, 74, 91, 43, 30, 16, 34, 83, 66, 80, 49, 11, 41, 46, 76, 70, 51, 86, 45, 20, 8, 65, 59, 38, 54, 10, 14, 26, 52, 53, 94, 89, 73, 60, 84, 67, 42, 57, 48, 3, 22, 87, 35, 81, 12, 62, 18, 2, 71, 39, 6, 55, 40, 93, 17, 44, 77, 28, 88, 32, 37, 92, 23]","[344, 242, 300, 312, 318, 189, 249, 127, 106, 110, 365, 270, 203, 132, 128, 306, 145, 279, 354, 392, 234, 233, 174, 341, 122, 120, 350, 304, 375, 292, 283, 126, 356, 396, 208, 160, 213, 326, 163, 388, 146, 257, 244, 194, 301, 405, 247, 236, 96, 337, 98, 376, 287, 259, 328, 325, 229, 191, 323, 133, 176, 260, 134, 360, 275, 316, 303, 152, 268, 178, 383, 395, 253, 237, 131, 185, 385, 201, 221, 370, 235, 155, 374, 351, 214, 140, 272, 332, 264, 274, 393, 159, 252, 363, 299, 330, 311, 271, 281, 111, 254, 136, 113, 138, 181, 175, 222, 193, 297, 263, 217, 148, 269, 307, 266, 95, 207, 183, 369, 109, 195, 336, 349, 199, 399, 335, 157, 135, 339, 179, 210, 147, 114, 125, 310, 327, 209, 390, 404, 362, 348, 364, 167, 255, 101, 347, 238, 382, 104, 309, 352, 342, 241, 397, 387, 355, 288, 154, 262, 256, 338, 226, 230, 346, 102, 137, 246, 296, 200, 340, 97, 139, 273, 334, 158, 105, 220, 184, 394, 245, 398, 116, 291, 162, 187, 343, 153, 361, 205, 267, 121, 182, 280, 371, 149, 169, 143, 218, 215, 100, 284, 314, 403, 372, 389, 219, 302, 170, 373, 329, 172, 168, 211, 286, 228, 345, 119, 368, 358, 384, 278, 212, 391, 251, 366, 333, 367, 177, 164, 99, 190, 117, 161, 107, 290, 400, 320, 282, 198, 261, 295, 173, 231, 141, 248, 380, 243, 289, 118, 353, 108, 377, 196, 276, 206, 308, 124, 239, 142, 202, 197, 386, 250, 401, 227, 324, 225, 204, 305, 166, 357, 313, 186, 156, 188, 322, 294, 258, 240, 223, 216, 232, 359, 379, 293, 129, 150, 123, 144, 317, 321, 277, 298, 180, 171, 151, 331, 165, 192, 103, 378, 285, 224, 265, 112, 319, 315, 402, 130, 115, 381]"
diversity_on_nsga2,37,-48.99775199999999,23.572248,8.702247999999999,"[9, 25, 85, 50, 78, 61, 36, 1, 15, 56, 63, 49, 79, 13, 21, 72, 69, 59, 64, 4, 24, 58, 70, 75, 38, 89, 77, 37, 48, 17, 53, 20, 60, 86, 51, 54, 5, 3, 94, 11, 76, 42, 14, 67, 73, 84, 7, 22, 35, 81, 47, 18, 2, 41, 71, 39, 6, 82, 68, 23, 45, 32, 92, 16, 27, 90, 28, 93, 19, 91, 43, 30, 34, 33, 66, 87, 62, 31, 52, 44, 55, 83, 57, 46, 40, 74, 88, 8, 29, 80, 65, 12, 10, 26]","[274, 393, 271, 285, 281, 209, 388, 362, 167, 104, 312, 342, 112, 270, 241, 386, 250, 225, 305, 231, 263, 355, 288, 165, 331, 381, 344, 300, 399, 317, 332, 299, 322, 99, 351, 359, 150, 252, 177, 159, 173, 324, 397, 282, 223, 232, 98, 404, 384, 230, 353, 294, 395, 366, 192, 265, 262, 374, 382, 333, 155, 202, 363, 221, 108, 255, 228, 347, 180, 313, 321, 212, 178, 298, 328, 171, 222, 151, 315, 257, 286, 117, 357, 244, 194, 301, 293, 243, 370, 308, 123, 124, 405, 276, 224, 156, 330, 198, 251, 303, 247, 233, 385, 391, 236, 278, 345, 272, 337, 136, 217, 387, 148, 307, 350, 318, 129, 183, 369, 109, 195, 238, 336, 367, 199, 141, 320, 335, 157, 134, 135, 142, 379, 240, 339, 201, 311, 323, 352, 380, 175, 101, 204, 279, 392, 402, 115, 179, 107, 214, 364, 376, 122, 287, 259, 325, 349, 147, 309, 304, 375, 266, 283, 346, 102, 137, 246, 296, 200, 340, 97, 139, 273, 334, 158, 105, 220, 184, 394, 245, 398, 116, 291, 162, 187, 343, 153, 361, 205, 267, 121, 182, 280, 371, 149, 169, 143, 218, 215, 100, 284, 314, 403, 372, 389, 219, 302, 170, 373, 329, 172, 168, 126, 277, 400, 341, 348, 396, 208, 160, 114, 125, 213, 229, 327, 326, 163, 95, 191, 383, 133, 401, 146, 164, 103, 290, 186, 161, 185, 154, 390, 256, 264, 176, 253, 338, 358, 248, 226, 111, 166, 145, 127, 289, 196, 132, 190, 378, 365, 128, 306, 354, 118, 174, 356, 377, 210, 211, 268, 237, 110, 197, 216, 319, 269, 227, 316, 152, 140, 368, 249, 188, 360, 295, 275, 131, 130, 206, 106, 119, 239, 144, 310, 261, 96, 254, 113, 138, 181, 193, 297, 242, 207, 203, 234, 120, 189, 258, 235, 260, 292]"
diversity_on_nsga2,38,-28.063944875,7.086055125,29.736055125,"[37, 66, 60, 47, 6, 88, 75, 28, 21, 69, 16, 84, 14, 19, 71, 73, 41, 25, 81, 31, 11, 48, 64, 85, 70, 27, 34, 30, 29, 32, 79, 35, 43, 13, 4, 42, 78, 53, 67, 72, 22, 26, 36, 24, 80, 2, 17, 10, 87, 8, 83, 12, 33, 57, 5, 65, 15, 9, 61, 59, 58, 1, 92, 54, 89, 18, 52, 49, 55, 76, 86, 51, 74, 56, 45, 90, 3, 91, 7, 82, 94, 62, 20, 68, 39, 38, 40, 93, 23, 44, 46, 77, 50, 63]","[150, 392, 197, 381, 231, 331, 398, 346, 196, 317, 202, 386, 188, 366, 166, 289, 102, 313, 358, 373, 139, 372, 256, 190, 250, 127, 227, 338, 269, 265, 164, 380, 165, 333, 220, 173, 230, 298, 110, 234, 354, 316, 152, 268, 178, 383, 395, 253, 237, 131, 185, 341, 221, 235, 155, 128, 374, 319, 351, 140, 130, 323, 264, 109, 252, 363, 378, 299, 271, 285, 281, 111, 209, 388, 390, 404, 324, 402, 175, 362, 192, 255, 101, 347, 365, 104, 312, 342, 112, 279, 270, 241, 397, 302, 260, 296, 305, 158, 118, 355, 97, 322, 200, 203, 389, 321, 288, 368, 273, 145, 171, 222, 151, 239, 257, 286, 117, 357, 244, 194, 301, 293, 243, 370, 308, 123, 124, 405, 276, 224, 156, 330, 198, 251, 303, 247, 144, 233, 385, 391, 236, 278, 310, 119, 261, 345, 272, 96, 254, 113, 138, 181, 329, 403, 193, 297, 393, 263, 217, 387, 148, 401, 307, 350, 318, 242, 95, 129, 183, 369, 186, 159, 195, 172, 238, 336, 367, 199, 141, 320, 290, 335, 157, 134, 135, 182, 179, 210, 142, 219, 379, 211, 137, 337, 136, 245, 240, 116, 291, 162, 187, 343, 153, 361, 205, 267, 121, 339, 280, 371, 149, 107, 169, 143, 262, 115, 315, 215, 100, 284, 314, 376, 122, 287, 259, 274, 325, 349, 147, 309, 207, 304, 375, 292, 266, 283, 126, 249, 400, 246, 356, 348, 396, 208, 160, 114, 125, 213, 229, 327, 326, 163, 146, 201, 191, 311, 332, 133, 352, 214, 364, 168, 167, 382, 184, 353, 228, 216, 340, 275, 294, 189, 204, 295, 399, 218, 161, 225, 98, 359, 132, 177, 174, 232, 106, 180, 248, 384, 176, 120, 328, 105, 212, 334, 258, 282, 206, 99, 377, 277, 170, 108, 344, 394, 306, 103, 154, 223, 300, 360, 226]"
diversity_on_nsga2,39,-87.34315879879448,23.316841201205534,59.956841201205535,"[88, 32, 37, 92, 78, 17, 85, 90, 51, 61, 27, 36, 8, 84, 10, 26, 15, 56, 63, 82, 79, 13, 86, 21, 54, 14, 20, 69, 53, 64, 4, 24, 25, 9, 59, 70, 75, 7, 19, 5, 68, 52, 76, 38, 23, 31, 74, 91, 43, 30, 16, 34, 83, 66, 80, 55, 11, 58, 67, 73, 65, 89, 12, 62, 60, 94, 42, 57, 48, 3, 33, 46, 87, 35, 81, 22, 47, 18, 2, 41, 29, 71, 39, 6, 49, 1, 40, 93, 44, 72, 77, 45, 50, 28]","[285, 241, 112, 319, 131, 381, 300, 312, 209, 127, 106, 269, 281, 316, 340, 188, 295, 206, 273, 334, 99, 351, 359, 150, 252, 173, 184, 394, 403, 193, 297, 217, 148, 307, 318, 369, 186, 360, 290, 157, 219, 364, 342, 175, 274, 249, 331, 104, 344, 158, 110, 335, 135, 264, 182, 256, 97, 220, 398, 248, 140, 105, 336, 203, 101, 156, 289, 139, 130, 270, 95, 397, 223, 368, 322, 232, 98, 404, 230, 372, 389, 353, 395, 332, 302, 192, 262, 374, 142, 299, 333, 155, 243, 363, 129, 189, 313, 178, 298, 180, 171, 222, 151, 239, 257, 117, 357, 244, 132, 373, 128, 366, 306, 242, 294, 145, 317, 167, 113, 329, 384, 210, 168, 279, 211, 354, 138, 392, 119, 234, 263, 216, 181, 197, 202, 271, 174, 310, 254, 377, 286, 399, 352, 159, 108, 255, 228, 388, 195, 265, 402, 212, 320, 177, 170, 268, 347, 179, 321, 370, 120, 109, 183, 194, 301, 293, 282, 308, 123, 124, 405, 276, 224, 296, 330, 198, 251, 303, 315, 365, 350, 247, 144, 233, 385, 391, 236, 278, 341, 261, 345, 272, 96, 137, 337, 136, 245, 240, 116, 291, 162, 187, 343, 153, 361, 205, 267, 121, 339, 280, 371, 149, 169, 143, 218, 115, 107, 215, 100, 284, 314, 376, 122, 287, 259, 328, 325, 349, 147, 309, 207, 304, 375, 292, 266, 283, 126, 277, 400, 246, 356, 348, 396, 208, 160, 114, 125, 213, 229, 327, 326, 163, 146, 201, 191, 311, 323, 133, 238, 176, 390, 260, 362, 141, 367, 214, 379, 118, 134, 199, 275, 235, 258, 164, 386, 250, 401, 227, 324, 225, 204, 305, 387, 380, 221, 196, 231, 172, 393, 382, 383, 237, 152, 355, 288, 165, 185, 154, 253, 338, 358, 226, 111, 166, 346, 190, 200, 161, 103, 378, 102]"
diversity_on_nsga2,40,-82.6656098225,18.364390177500002,67.5343901775,"[92, 88, 32, 77, 59, 85, 90, 78, 45, 51, 61, 27, 36, 8, 65, 38, 10, 26, 15, 56, 63, 82, 79, 13, 72, 9, 19, 14, 20, 69, 53, 64, 4, 24, 58, 25, 21, 50, 70, 75, 12, 7, 54, 5, 68, 52, 62, 31, 74, 91, 43, 30, 16, 34, 83, 66, 80, 55, 94, 11, 76, 67, 73, 60, 84, 89, 42, 57, 48, 3, 22, 46, 87, 35, 81, 33, 47, 18, 2, 41, 29, 71, 39, 6, 49, 1, 40, 93, 23, 44, 37, 86, 28, 17]","[271, 310, 377, 286, 399, 108, 255, 228, 265, 320, 177, 170, 370, 268, 109, 253, 252, 166, 358, 293, 247, 198, 139, 132, 102, 298, 221, 262, 363, 218, 110, 276, 371, 233, 381, 280, 404, 144, 402, 391, 158, 307, 106, 160, 302, 277, 240, 393, 398, 99, 394, 174, 273, 364, 105, 337, 378, 369, 135, 403, 178, 237, 256, 149, 169, 143, 107, 359, 319, 153, 295, 175, 389, 331, 115, 336, 397, 400, 380, 104, 154, 270, 254, 347, 264, 329, 303, 98, 200, 267, 120, 291, 388, 314, 288, 136, 274, 330, 354, 145, 332, 357, 226, 199, 163, 146, 333, 130, 188, 219, 304, 244, 266, 159, 161, 316, 339, 183, 242, 186, 147, 373, 352, 231, 196, 129, 119, 259, 312, 366, 384, 182, 239, 355, 287, 201, 208, 124, 156, 372, 243, 223, 173, 181, 246, 375, 167, 116, 387, 171, 335, 212, 112, 349, 179, 395, 224, 193, 125, 241, 205, 296, 152, 321, 137, 374, 103, 101, 150, 257, 232, 248, 127, 215, 315, 313, 180, 261, 249, 299, 142, 230, 195, 229, 284, 376, 122, 328, 325, 309, 207, 292, 192, 341, 365, 220, 338, 140, 206, 353, 95, 189, 361, 121, 383, 123, 356, 100, 162, 308, 283, 327, 282, 350, 278, 348, 165, 187, 131, 289, 343, 172, 245, 185, 236, 297, 290, 344, 368, 301, 184, 285, 269, 251, 345, 157, 203, 209, 148, 300, 326, 340, 217, 396, 222, 334, 190, 272, 346, 97, 318, 194, 281, 322, 191, 311, 323, 133, 238, 176, 390, 260, 362, 141, 367, 214, 379, 118, 134, 360, 275, 235, 258, 164, 386, 250, 401, 227, 324, 225, 204, 305, 114, 213, 111, 126, 117, 405, 151, 351, 96, 385, 382, 342, 155, 202, 317, 128, 306, 294, 113, 210, 168, 279, 211, 138, 392, 234, 263, 216, 197]"
diversity_on_nsga2,41,-45.800000000000004,15.799999999999999,19.5,"[17, 61, 72, 92, 85, 90, 51, 78, 2, 27, 36, 8, 10, 26, 63, 15, 82, 13, 14, 20, 69, 53, 64, 4, 24, 21, 50, 54, 56, 76, 79, 84, 42, 86, 25, 9, 59, 70, 75, 7, 19, 5, 68, 52, 38, 31, 74, 91, 43, 30, 16, 34, 83, 66, 80, 55, 11, 58, 67, 73, 65, 89, 12, 62, 60, 94, 57, 48, 3, 22, 46, 44, 35, 81, 33, 47, 18, 41, 29, 71, 32, 6, 28, 77, 23, 49, 40, 93, 87, 45, 1, 88, 39, 37]","[344, 296, 300, 354, 312, 174, 388, 209, 189, 249, 127, 120, 106, 110, 196, 281, 271, 104, 197, 316, 340, 289, 188, 295, 392, 97, 170, 206, 140, 273, 334, 342, 377, 99, 399, 114, 139, 373, 252, 177, 158, 105, 159, 220, 173, 184, 394, 324, 397, 368, 322, 98, 404, 269, 384, 230, 372, 389, 353, 294, 395, 366, 332, 136, 192, 265, 262, 374, 382, 299, 333, 155, 202, 363, 221, 108, 255, 228, 347, 313, 212, 178, 298, 171, 222, 151, 239, 257, 286, 117, 357, 194, 301, 370, 310, 119, 254, 113, 138, 181, 329, 403, 193, 297, 263, 217, 387, 148, 307, 350, 318, 242, 95, 183, 369, 186, 109, 195, 336, 199, 320, 290, 335, 157, 135, 182, 179, 210, 219, 211, 274, 352, 364, 168, 167, 365, 270, 203, 380, 175, 101, 234, 204, 279, 243, 161, 256, 282, 308, 124, 405, 276, 224, 156, 330, 198, 251, 303, 247, 385, 391, 236, 278, 341, 261, 345, 272, 96, 137, 337, 302, 245, 240, 116, 291, 162, 187, 343, 153, 361, 205, 267, 121, 339, 280, 371, 149, 169, 143, 218, 115, 107, 215, 100, 284, 314, 376, 122, 287, 259, 328, 325, 349, 147, 309, 207, 304, 375, 292, 266, 283, 126, 400, 246, 356, 348, 396, 208, 160, 351, 125, 213, 229, 327, 326, 163, 146, 201, 191, 311, 323, 133, 238, 176, 390, 260, 362, 141, 367, 145, 118, 134, 360, 275, 235, 164, 386, 250, 401, 227, 264, 248, 111, 166, 214, 346, 132, 190, 216, 200, 306, 225, 103, 378, 128, 285, 241, 112, 319, 223, 398, 258, 233, 232, 359, 379, 293, 129, 150, 123, 144, 317, 321, 277, 244, 180, 231, 172, 393, 142, 383, 237, 152, 355, 288, 165, 185, 154, 253, 338, 358, 226, 102, 315, 402, 130, 131, 331, 305, 268, 381]"
diversity_on_nsga2,42,-50.400000000000006,22.72,20.199999999999996,"[85, 90, 51, 61, 27, 36, 8, 84, 29, 35, 50, 3, 33, 46, 87, 10, 26, 15, 16, 63, 82, 79, 13, 86, 21, 54, 14, 20, 69, 64, 4, 24, 25, 9, 59, 70, 75, 7, 19, 5, 68, 52, 31, 74, 53, 76, 38, 91, 40, 30, 56, 34, 83, 66, 80, 55, 11, 58, 67, 73, 65, 89, 12, 62, 60, 94, 42, 57, 48, 2, 88, 22, 47, 18, 41, 71, 39, 6, 77, 1, 43, 93, 23, 44, 72, 49, 37, 28, 81, 32, 45, 92, 78, 17]","[274, 182, 374, 341, 285, 345, 119, 368, 115, 358, 174, 172, 278, 265, 212, 113, 127, 221, 391, 306, 251, 359, 189, 366, 110, 230, 363, 367, 352, 342, 204, 280, 177, 181, 164, 349, 242, 99, 267, 193, 190, 104, 117, 109, 227, 161, 107, 371, 361, 116, 362, 152, 290, 215, 320, 402, 169, 220, 398, 248, 140, 105, 203, 101, 296, 289, 139, 196, 270, 95, 397, 223, 322, 232, 98, 404, 372, 389, 353, 395, 332, 302, 192, 262, 299, 333, 155, 202, 313, 178, 298, 180, 171, 222, 151, 239, 257, 357, 244, 132, 373, 128, 294, 145, 317, 167, 329, 384, 210, 168, 279, 211, 354, 138, 392, 234, 263, 216, 197, 243, 271, 254, 377, 286, 399, 159, 108, 255, 228, 388, 195, 370, 347, 179, 321, 268, 281, 183, 194, 301, 293, 282, 308, 123, 124, 405, 276, 224, 156, 330, 198, 303, 247, 144, 233, 385, 236, 261, 272, 96, 137, 337, 136, 245, 240, 291, 162, 187, 343, 153, 205, 121, 339, 149, 143, 218, 100, 284, 314, 133, 129, 142, 376, 122, 287, 259, 328, 325, 147, 309, 207, 304, 375, 292, 266, 283, 176, 390, 260, 141, 214, 379, 118, 134, 199, 275, 235, 258, 386, 250, 401, 324, 225, 305, 387, 380, 130, 231, 393, 295, 383, 237, 355, 288, 165, 185, 154, 253, 338, 170, 226, 111, 166, 346, 200, 103, 126, 277, 400, 246, 356, 348, 396, 208, 160, 114, 125, 213, 229, 327, 326, 163, 146, 201, 191, 311, 323, 350, 238, 378, 102, 241, 112, 319, 315, 131, 381, 300, 312, 209, 106, 269, 120, 316, 340, 188, 382, 206, 273, 334, 351, 310, 150, 252, 173, 184, 394, 403, 297, 217, 148, 307, 318, 369, 186, 360, 157, 219, 364, 365, 175, 336, 249, 331, 344, 158, 335, 135, 264, 256, 97]"
diversity_on_nsga2,43,-33.53267375,6.777326250000001,35.367326250000005,"[47, 37, 66, 93, 60, 63, 6, 40, 88, 75, 28, 21, 69, 16, 62, 14, 19, 71, 73, 41, 25, 81, 31, 11, 48, 43, 24, 85, 70, 27, 34, 30, 29, 32, 79, 35, 77, 13, 4, 42, 78, 53, 67, 72, 22, 26, 36, 55, 80, 2, 17, 10, 87, 8, 83, 12, 33, 57, 5, 65, 46, 15, 9, 61, 59, 58, 1, 92, 44, 54, 89, 18, 52, 64, 76, 68, 51, 74, 56, 38, 45, 90, 3, 23, 91, 7, 82, 94, 84, 20, 86, 39, 49, 50]","[226, 150, 392, 197, 381, 231, 331, 398, 346, 196, 317, 202, 386, 188, 366, 166, 289, 102, 313, 358, 373, 139, 256, 372, 190, 250, 127, 227, 338, 315, 269, 265, 164, 380, 165, 333, 220, 173, 230, 298, 110, 234, 354, 316, 152, 268, 178, 383, 395, 253, 382, 131, 185, 341, 221, 235, 155, 128, 374, 319, 351, 140, 130, 264, 159, 252, 363, 378, 299, 271, 285, 281, 111, 193, 388, 303, 404, 324, 402, 175, 362, 192, 255, 101, 347, 237, 104, 312, 342, 112, 279, 270, 241, 397, 302, 260, 296, 305, 158, 118, 355, 97, 322, 200, 203, 389, 321, 288, 368, 273, 145, 171, 222, 151, 239, 257, 286, 117, 357, 244, 194, 301, 293, 243, 370, 308, 123, 124, 405, 276, 224, 156, 330, 198, 251, 390, 247, 144, 233, 385, 391, 236, 278, 310, 119, 261, 345, 272, 96, 254, 113, 138, 181, 329, 403, 209, 297, 393, 263, 217, 387, 148, 401, 307, 350, 318, 242, 95, 129, 183, 369, 186, 109, 195, 172, 238, 336, 367, 199, 141, 320, 290, 335, 157, 134, 135, 182, 179, 210, 142, 219, 379, 211, 137, 337, 136, 245, 240, 116, 291, 162, 187, 343, 153, 361, 205, 267, 121, 339, 280, 371, 149, 169, 143, 218, 115, 107, 215, 100, 284, 314, 376, 122, 287, 259, 274, 325, 349, 147, 309, 207, 304, 375, 292, 266, 283, 126, 277, 400, 246, 356, 348, 396, 208, 160, 114, 125, 213, 229, 327, 326, 163, 146, 201, 191, 311, 332, 133, 352, 214, 364, 168, 167, 365, 184, 353, 228, 216, 340, 275, 294, 189, 204, 295, 399, 262, 161, 225, 98, 359, 132, 177, 174, 232, 106, 180, 248, 384, 176, 120, 328, 105, 212, 334, 258, 282, 206, 99, 377, 249, 170, 108, 344, 394, 306, 103, 154, 223, 300, 323, 360]"
diversity_on_nsga2,44,-72.77252159874999,15.16747840125,60.42747840125,"[82, 84, 28, 17, 44, 72, 16, 92, 89, 80, 65, 55, 88, 63, 23, 32, 73, 51, 34, 66, 6, 27, 13, 86, 21, 54, 14, 20, 69, 53, 64, 4, 24, 76, 25, 9, 59, 70, 33, 7, 19, 5, 68, 52, 38, 31, 74, 22, 50, 42, 58, 26, 48, 47, 85, 62, 36, 94, 60, 56, 8, 3, 90, 10, 78, 93, 79, 57, 87, 35, 81, 75, 45, 18, 2, 41, 29, 71, 39, 77, 49, 1, 40, 12, 91, 43, 30, 83, 37, 11, 67, 61, 15, 46]","[197, 271, 310, 377, 286, 399, 108, 255, 228, 265, 320, 177, 170, 370, 268, 109, 252, 293, 139, 132, 102, 298, 221, 262, 363, 110, 381, 404, 158, 307, 106, 302, 398, 99, 394, 174, 273, 364, 105, 378, 369, 135, 403, 178, 360, 256, 359, 319, 295, 175, 389, 331, 336, 397, 104, 270, 254, 347, 264, 329, 98, 120, 388, 274, 354, 145, 332, 357, 199, 333, 130, 188, 219, 244, 159, 161, 316, 183, 242, 186, 373, 352, 119, 312, 366, 384, 182, 239, 372, 243, 223, 173, 181, 167, 171, 335, 212, 112, 179, 395, 193, 241, 296, 321, 374, 103, 101, 150, 257, 232, 248, 127, 315, 313, 180, 249, 299, 230, 195, 192, 365, 220, 140, 206, 353, 95, 189, 350, 131, 289, 297, 344, 368, 136, 184, 285, 269, 157, 203, 209, 148, 300, 340, 217, 222, 334, 97, 318, 194, 281, 322, 225, 117, 151, 351, 382, 342, 155, 202, 317, 128, 306, 294, 113, 210, 168, 279, 211, 138, 282, 308, 123, 124, 405, 276, 224, 156, 330, 204, 251, 303, 247, 144, 233, 385, 391, 236, 278, 341, 261, 345, 272, 96, 137, 337, 301, 245, 240, 116, 291, 162, 187, 343, 153, 361, 205, 267, 121, 339, 280, 371, 149, 169, 143, 218, 115, 107, 215, 100, 284, 314, 376, 122, 287, 259, 328, 325, 349, 147, 309, 207, 304, 375, 292, 266, 283, 126, 277, 400, 246, 356, 348, 396, 208, 160, 114, 125, 213, 229, 327, 326, 163, 146, 201, 191, 311, 323, 133, 238, 176, 390, 260, 362, 141, 367, 214, 379, 118, 134, 290, 275, 235, 258, 164, 386, 250, 401, 227, 324, 402, 198, 305, 387, 380, 129, 196, 231, 172, 393, 142, 383, 237, 152, 355, 288, 165, 185, 154, 253, 338, 358, 226, 111, 166, 346, 190, 200, 392, 234, 263, 216]"
diversity_on_nsga2,45,-3.570184434430513,8.189815565569486,10.029815565569487,"[82, 41, 45, 49, 19, 52, 73, 25, 38, 10, 26, 65, 34, 63, 13, 31, 72, 2, 4, 69, 44, 24, 21, 50, 8, 75, 7, 54, 16, 83, 53, 93, 59, 79, 5, 64, 58, 94, 74, 43, 61, 56, 80, 11, 47, 62, 51, 46, 67, 39, 6, 60, 84, 91, 90, 40, 68, 17, 42, 57, 48, 3, 22, 76, 87, 35, 81, 33, 18, 14, 29, 1, 88, 37, 86, 20, 28, 70, 15, 9, 71, 92, 78, 85, 77, 36, 27, 30, 66, 32, 55, 12, 89, 23]","[158, 207, 264, 183, 209, 105, 220, 346, 148, 307, 360, 275, 338, 319, 401, 359, 214, 258, 189, 101, 296, 289, 139, 130, 95, 397, 223, 96, 322, 232, 98, 368, 177, 181, 349, 242, 99, 267, 193, 190, 104, 117, 109, 295, 107, 371, 361, 116, 290, 215, 320, 402, 169, 282, 198, 261, 230, 372, 395, 192, 262, 299, 274, 313, 178, 298, 180, 171, 237, 239, 257, 357, 244, 389, 335, 157, 135, 182, 219, 353, 302, 364, 365, 270, 203, 374, 382, 342, 333, 155, 195, 363, 221, 132, 317, 128, 366, 306, 294, 145, 373, 167, 113, 329, 384, 210, 168, 279, 211, 354, 138, 392, 119, 234, 263, 216, 197, 243, 271, 174, 310, 254, 377, 286, 399, 352, 159, 108, 255, 228, 388, 202, 265, 212, 370, 347, 321, 120, 378, 179, 268, 398, 312, 194, 301, 173, 308, 123, 124, 405, 276, 224, 156, 330, 251, 303, 247, 144, 316, 385, 391, 236, 278, 341, 345, 272, 404, 137, 337, 136, 245, 240, 291, 162, 187, 343, 153, 205, 121, 339, 280, 149, 143, 218, 115, 100, 284, 314, 376, 122, 287, 259, 328, 325, 147, 309, 151, 188, 332, 170, 154, 253, 380, 204, 175, 375, 126, 400, 246, 125, 213, 146, 141, 367, 379, 118, 164, 386, 172, 393, 142, 383, 161, 185, 256, 358, 248, 111, 200, 165, 227, 225, 103, 102, 285, 241, 315, 331, 305, 381, 344, 300, 250, 249, 127, 152, 106, 110, 196, 281, 340, 131, 97, 269, 206, 140, 273, 334, 231, 351, 252, 288, 184, 186, 324, 356, 222, 293, 362, 233, 403, 297, 217, 387, 318, 369, 394, 336, 199, 129, 235, 166, 304, 292, 266, 348, 396, 208, 160, 114, 229, 327, 326, 163, 201, 191, 311, 323, 133, 238, 176, 390, 260, 134, 283, 350, 226, 150, 277, 355, 112]"
diversity_on_nsga2,46,-40.49989019210342,10.400109807896584,26.80010980789658,"[32, 37, 92, 85, 90, 28, 41, 61, 59, 27, 36, 8, 38, 10, 26, 63, 15, 82, 13, 72, 9, 19, 14, 20, 69, 53, 64, 4, 24, 58, 25, 21, 50, 70, 75, 7, 54, 65, 68, 52, 31, 74, 91, 43, 30, 56, 79, 5, 12, 62, 17, 22, 16, 34, 83, 66, 80, 55, 94, 11, 3, 67, 73, 60, 84, 89, 42, 57, 48, 76, 45, 46, 87, 35, 81, 33, 47, 18, 2, 78, 29, 71, 39, 6, 49, 1, 40, 93, 23, 44, 86, 77, 51, 88]","[300, 312, 318, 189, 249, 127, 106, 110, 365, 270, 203, 132, 128, 306, 145, 279, 354, 392, 234, 269, 174, 341, 402, 142, 120, 350, 227, 388, 257, 244, 194, 301, 405, 224, 247, 236, 96, 337, 98, 316, 303, 152, 268, 178, 383, 395, 253, 237, 131, 185, 385, 221, 370, 155, 329, 319, 351, 140, 272, 130, 332, 264, 274, 393, 159, 252, 363, 299, 330, 271, 285, 281, 111, 254, 136, 113, 245, 138, 181, 175, 222, 193, 297, 263, 217, 148, 216, 307, 358, 95, 183, 369, 109, 195, 336, 199, 399, 335, 157, 135, 182, 179, 210, 310, 209, 404, 324, 192, 364, 167, 255, 101, 347, 382, 104, 352, 342, 112, 241, 397, 386, 250, 225, 305, 387, 378, 355, 288, 154, 262, 256, 338, 226, 230, 346, 165, 103, 102, 137, 315, 296, 200, 340, 97, 139, 273, 334, 158, 105, 220, 184, 394, 403, 372, 389, 333, 302, 170, 373, 374, 384, 168, 211, 286, 228, 345, 119, 368, 172, 278, 265, 212, 391, 251, 366, 219, 204, 177, 99, 190, 117, 161, 290, 320, 282, 198, 261, 295, 173, 231, 248, 380, 243, 289, 353, 108, 377, 240, 116, 291, 162, 187, 343, 153, 361, 205, 267, 121, 339, 280, 371, 149, 169, 143, 218, 115, 107, 215, 100, 284, 314, 376, 122, 287, 259, 328, 325, 349, 147, 309, 207, 304, 375, 292, 266, 283, 126, 277, 400, 246, 356, 348, 396, 208, 160, 114, 125, 213, 229, 327, 326, 163, 146, 201, 191, 311, 323, 133, 238, 176, 390, 260, 362, 141, 367, 214, 379, 118, 134, 360, 275, 235, 258, 164, 196, 276, 206, 308, 124, 239, 202, 197, 166, 401, 357, 313, 186, 156, 188, 322, 294, 398, 223, 233, 232, 359, 293, 129, 150, 123, 144, 317, 321, 298, 180, 171, 151, 331, 381, 344, 242]"
diversity_on_nsga2,47,-23.97928721923077,7.940712780769231,17.62071278076923,"[32, 37, 92, 78, 17, 85, 90, 51, 1, 27, 8, 10, 26, 36, 61, 88, 15, 56, 63, 82, 79, 13, 86, 59, 9, 66, 14, 20, 77, 49, 64, 4, 24, 58, 25, 21, 50, 70, 75, 33, 7, 19, 5, 68, 52, 47, 31, 74, 91, 43, 30, 16, 34, 83, 54, 80, 55, 53, 11, 76, 67, 73, 65, 41, 57, 84, 89, 42, 46, 48, 3, 22, 87, 35, 81, 12, 62, 93, 2, 60, 94, 71, 39, 6, 29, 38, 40, 18, 23, 44, 72, 69, 45, 28]","[369, 186, 360, 290, 157, 364, 342, 365, 175, 249, 331, 104, 344, 158, 110, 335, 264, 256, 220, 398, 248, 140, 105, 189, 203, 101, 296, 139, 130, 270, 95, 397, 223, 368, 322, 232, 98, 404, 230, 372, 389, 353, 395, 332, 96, 192, 262, 374, 299, 333, 155, 202, 363, 129, 336, 313, 178, 298, 180, 171, 222, 151, 239, 257, 117, 357, 244, 132, 373, 128, 366, 306, 242, 294, 145, 317, 167, 329, 384, 168, 279, 354, 234, 263, 216, 181, 197, 243, 271, 174, 310, 377, 286, 399, 352, 159, 108, 255, 228, 388, 195, 265, 402, 212, 177, 170, 268, 347, 321, 370, 120, 109, 183, 194, 301, 293, 282, 308, 356, 124, 289, 233, 385, 405, 276, 224, 156, 330, 198, 251, 303, 247, 144, 392, 391, 236, 278, 188, 113, 261, 345, 272, 302, 254, 119, 138, 387, 401, 97, 320, 135, 182, 179, 210, 142, 219, 379, 211, 137, 337, 136, 245, 240, 153, 361, 205, 267, 121, 339, 371, 149, 218, 115, 107, 100, 284, 314, 376, 122, 287, 259, 274, 325, 147, 309, 304, 341, 116, 291, 162, 187, 343, 280, 169, 143, 315, 215, 328, 349, 207, 375, 292, 266, 283, 126, 277, 400, 246, 123, 348, 396, 208, 160, 114, 125, 213, 229, 383, 326, 163, 146, 201, 191, 311, 323, 350, 238, 176, 390, 260, 362, 141, 367, 214, 118, 134, 199, 275, 235, 258, 164, 386, 250, 227, 324, 225, 305, 204, 380, 221, 196, 231, 172, 393, 382, 327, 237, 152, 355, 288, 165, 185, 154, 253, 338, 358, 226, 111, 166, 346, 190, 200, 161, 103, 378, 102, 285, 241, 112, 319, 131, 381, 300, 312, 209, 127, 106, 269, 281, 316, 340, 295, 206, 273, 334, 99, 351, 359, 150, 252, 173, 184, 394, 403, 193, 297, 217, 148, 307, 133, 318]"
diversity_on_nsga2,48,-37.70806350000001,10.171936500000001,15.591936500000001,"[66, 27, 75, 8, 40, 15, 19, 37, 92, 78, 17, 85, 42, 90, 57, 59, 67, 28, 31, 35, 54, 87, 73, 20, 44, 49, 41, 22, 61, 45, 29, 50, 51, 94, 91, 14, 58, 3, 93, 33, 77, 23, 80, 10, 16, 34, 72, 83, 79, 21, 82, 18, 68, 70, 26, 74, 1, 56, 25, 62, 47, 4, 63, 24, 69, 81, 46, 32, 13, 30, 65, 52, 76, 36, 5, 2, 53, 71, 84, 7, 86, 60, 6, 89, 9, 38, 48, 43, 39, 55, 11, 64, 12, 88]","[344, 182, 374, 341, 285, 345, 119, 368, 115, 358, 174, 172, 278, 265, 212, 113, 127, 275, 391, 306, 400, 310, 200, 366, 110, 333, 363, 367, 352, 342, 204, 280, 177, 181, 164, 349, 242, 99, 267, 193, 190, 104, 117, 109, 227, 161, 107, 371, 361, 116, 362, 152, 290, 215, 251, 320, 402, 169, 282, 198, 214, 261, 295, 145, 271, 375, 173, 332, 351, 126, 155, 128, 269, 101, 141, 248, 380, 383, 243, 203, 289, 118, 319, 353, 108, 377, 159, 359, 350, 241, 196, 234, 276, 216, 245, 308, 95, 385, 199, 124, 222, 330, 239, 142, 202, 382, 197, 166, 125, 401, 357, 313, 178, 186, 356, 156, 223, 299, 233, 354, 192, 187, 138, 106, 297, 232, 316, 283, 175, 379, 249, 293, 270, 213, 129, 399, 150, 123, 335, 205, 167, 317, 321, 122, 277, 137, 253, 355, 235, 135, 179, 210, 395, 224, 324, 112, 158, 207, 160, 264, 183, 279, 188, 322, 294, 258, 209, 206, 398, 318, 392, 337, 105, 217, 225, 98, 220, 386, 397, 393, 348, 346, 114, 221, 338, 154, 378, 219, 284, 236, 194, 148, 100, 171, 255, 307, 268, 274, 340, 328, 396, 305, 262, 326, 139, 132, 259, 370, 131, 263, 336, 153, 149, 151, 404, 103, 369, 314, 329, 252, 130, 302, 228, 134, 140, 244, 381, 185, 286, 144, 257, 304, 303, 347, 237, 143, 157, 120, 373, 111, 168, 121, 272, 250, 231, 218, 229, 403, 394, 323, 365, 246, 309, 292, 405, 163, 388, 146, 201, 191, 311, 211, 133, 238, 176, 390, 260, 300, 343, 147, 389, 256, 136, 240, 170, 184, 327, 230, 266, 273, 360, 364, 96, 387, 165, 339, 372, 331, 291, 97, 102, 254, 281, 247, 226, 195, 301, 298, 384, 296, 376, 315, 288, 208, 180, 325, 189, 287, 162, 334, 312]"
diversity_on_nsga2,49,-63.755193635000005,16.434806365,31.444806365,"[92, 78, 17, 85, 90, 57, 61, 27, 8, 65, 38, 10, 26, 58, 25, 56, 63, 82, 13, 72, 94, 19, 14, 69, 53, 64, 24, 31, 50, 75, 12, 7, 54, 16, 83, 66, 79, 5, 68, 62, 21, 74, 91, 43, 30, 34, 52, 55, 11, 4, 73, 76, 70, 60, 84, 89, 42, 67, 36, 20, 51, 15, 48, 3, 33, 46, 87, 35, 81, 22, 47, 18, 2, 41, 29, 71, 39, 6, 49, 1, 40, 93, 23, 44, 86, 77, 45, 59, 28, 88, 32, 37, 9, 80]","[344, 296, 233, 300, 354, 312, 139, 388, 250, 275, 209, 189, 355, 249, 127, 288, 120, 152, 341, 106, 260, 386, 110, 237, 196, 281, 271, 104, 197, 362, 316, 340, 289, 310, 295, 206, 140, 258, 360, 241, 231, 377, 235, 399, 373, 317, 174, 273, 334, 291, 299, 322, 398, 99, 351, 359, 150, 252, 177, 158, 105, 159, 220, 173, 184, 394, 324, 397, 282, 223, 368, 232, 98, 404, 170, 384, 230, 372, 389, 353, 294, 395, 366, 302, 192, 265, 262, 374, 382, 333, 155, 202, 363, 221, 108, 255, 228, 347, 328, 313, 321, 212, 178, 298, 180, 171, 200, 151, 239, 257, 286, 117, 357, 244, 194, 301, 293, 243, 370, 308, 123, 124, 405, 276, 224, 156, 330, 198, 251, 303, 247, 144, 392, 391, 236, 278, 188, 119, 261, 345, 272, 96, 254, 113, 138, 153, 401, 97, 320, 135, 182, 179, 210, 142, 219, 379, 211, 137, 337, 136, 245, 240, 387, 361, 205, 267, 121, 339, 371, 149, 284, 314, 376, 126, 277, 400, 246, 356, 348, 116, 332, 162, 181, 329, 187, 343, 403, 193, 297, 393, 263, 217, 385, 148, 269, 307, 350, 318, 242, 95, 129, 183, 369, 186, 109, 280, 195, 172, 238, 336, 367, 143, 169, 218, 115, 107, 163, 100, 122, 287, 259, 274, 325, 349, 147, 309, 207, 304, 375, 292, 266, 283, 199, 290, 141, 335, 157, 134, 396, 208, 160, 114, 125, 213, 229, 327, 326, 215, 146, 201, 191, 311, 323, 133, 352, 214, 364, 168, 167, 365, 270, 203, 380, 175, 101, 164, 234, 204, 279, 118, 161, 185, 154, 390, 256, 264, 176, 253, 338, 358, 248, 226, 111, 166, 145, 346, 132, 190, 216, 222, 306, 165, 383, 227, 225, 103, 378, 128, 102, 285, 342, 112, 319, 315, 402, 130, 131, 331, 305, 268, 381]"
diversity_on_nsga2,50,-86.3075383236196,20.4324616763804,57.49246167638039,"[68, 91, 24, 19, 26, 88, 32, 37, 78, 17, 85, 92, 90, 51, 27, 61, 36, 69, 75, 49, 13, 79, 33, 73, 62, 29, 83, 89, 3, 15, 40, 1, 12, 2, 72, 38, 55, 34, 87, 4, 56, 53, 16, 65, 59, 42, 93, 11, 5, 66, 21, 81, 39, 35, 9, 82, 71, 28, 41, 67, 7, 47, 57, 84, 63, 6, 76, 43, 54, 31, 74, 60, 58, 18, 46, 52, 8, 14, 64, 44, 23, 48, 10, 70, 94, 30, 80, 25, 20, 86, 22, 77, 45, 50]","[319, 107, 131, 381, 300, 312, 209, 127, 106, 269, 281, 316, 340, 188, 295, 206, 273, 334, 99, 351, 359, 150, 252, 173, 184, 394, 403, 193, 297, 217, 148, 307, 133, 369, 186, 360, 290, 157, 219, 364, 342, 365, 175, 274, 248, 192, 262, 374, 249, 331, 104, 344, 158, 110, 335, 135, 264, 395, 256, 97, 220, 398, 318, 140, 105, 189, 203, 161, 296, 289, 139, 130, 270, 95, 397, 223, 368, 322, 232, 98, 404, 230, 372, 389, 353, 182, 332, 302, 142, 299, 333, 202, 363, 129, 336, 313, 178, 298, 180, 171, 222, 151, 239, 257, 117, 357, 338, 132, 128, 366, 306, 242, 294, 145, 317, 167, 113, 329, 384, 210, 279, 211, 354, 138, 392, 119, 234, 263, 216, 181, 197, 243, 271, 174, 310, 254, 377, 286, 399, 352, 159, 108, 255, 228, 388, 195, 265, 402, 212, 320, 177, 170, 268, 347, 179, 321, 370, 120, 109, 183, 194, 301, 293, 282, 308, 123, 124, 405, 276, 224, 156, 330, 198, 251, 303, 247, 144, 233, 385, 391, 236, 278, 341, 261, 345, 272, 96, 137, 337, 136, 245, 240, 116, 291, 162, 187, 343, 153, 361, 155, 168, 122, 373, 103, 200, 205, 267, 121, 339, 280, 371, 149, 169, 143, 218, 115, 315, 215, 100, 284, 314, 376, 287, 259, 328, 325, 349, 147, 309, 207, 304, 375, 292, 266, 283, 126, 277, 400, 246, 356, 348, 396, 208, 160, 114, 125, 213, 229, 327, 326, 163, 146, 201, 191, 311, 323, 350, 238, 176, 390, 260, 362, 141, 367, 214, 379, 118, 134, 199, 275, 235, 258, 164, 386, 250, 401, 227, 324, 225, 204, 305, 387, 380, 221, 196, 231, 172, 393, 382, 383, 237, 152, 355, 288, 165, 185, 154, 253, 244, 358, 226, 111, 166, 346, 190, 101, 378, 102, 285, 241, 112]"
diversity_on_nsga2,51,-61.872036310927946,15.337963689072053,28.82796368907205,"[88, 32, 37, 92, 17, 85, 90, 51, 78, 61, 59, 27, 36, 8, 65, 38, 10, 26, 63, 83, 15, 82, 73, 13, 72, 9, 19, 14, 20, 69, 53, 64, 4, 24, 58, 25, 21, 50, 70, 75, 12, 7, 54, 5, 68, 52, 62, 31, 74, 91, 43, 30, 16, 34, 56, 66, 80, 55, 94, 11, 76, 67, 79, 60, 84, 89, 42, 57, 48, 3, 22, 46, 87, 35, 81, 33, 47, 18, 2, 41, 29, 71, 39, 6, 49, 1, 40, 93, 23, 44, 86, 77, 45, 28]","[331, 381, 344, 242, 300, 312, 318, 189, 249, 127, 106, 110, 365, 270, 203, 132, 128, 306, 145, 279, 354, 392, 234, 216, 174, 341, 153, 361, 205, 267, 121, 339, 371, 149, 402, 115, 100, 142, 122, 120, 350, 304, 375, 292, 283, 126, 227, 356, 396, 208, 160, 213, 326, 163, 388, 146, 257, 244, 194, 301, 405, 224, 247, 236, 96, 337, 98, 218, 376, 325, 229, 191, 323, 133, 176, 260, 134, 360, 275, 316, 303, 152, 268, 178, 284, 383, 395, 253, 237, 131, 291, 185, 385, 201, 221, 370, 235, 155, 374, 319, 351, 214, 140, 272, 130, 332, 264, 274, 393, 159, 252, 363, 299, 330, 311, 271, 285, 281, 111, 254, 136, 113, 245, 240, 138, 116, 162, 181, 175, 187, 343, 222, 193, 297, 263, 217, 148, 269, 307, 266, 95, 207, 183, 369, 109, 280, 195, 336, 349, 143, 169, 199, 399, 335, 157, 135, 182, 179, 210, 147, 114, 125, 310, 327, 209, 390, 404, 324, 362, 192, 348, 364, 167, 255, 101, 347, 238, 382, 104, 309, 352, 342, 112, 241, 397, 386, 250, 225, 305, 387, 378, 355, 288, 154, 262, 256, 338, 226, 230, 346, 165, 103, 102, 137, 315, 246, 296, 200, 340, 97, 139, 273, 334, 158, 105, 220, 184, 394, 403, 372, 389, 333, 302, 287, 259, 328, 170, 373, 329, 384, 168, 211, 286, 228, 345, 119, 368, 358, 172, 278, 265, 212, 391, 251, 366, 219, 367, 204, 177, 164, 99, 190, 117, 161, 107, 290, 215, 400, 320, 282, 198, 261, 295, 173, 231, 141, 248, 380, 243, 289, 118, 353, 108, 377, 196, 276, 206, 308, 124, 239, 314, 202, 197, 166, 401, 357, 313, 186, 156, 188, 322, 294, 258, 398, 223, 233, 232, 359, 379, 293, 129, 150, 123, 144, 317, 321, 277, 298, 180, 171, 151]"
diversity_on_nsga2,52,-40.705887974415774,8.974112025584226,28.994112025584226,"[32, 37, 92, 16, 17, 85, 90, 51, 63, 82, 9, 74, 69, 64, 4, 58, 21, 50, 70, 75, 93, 62, 31, 19, 91, 43, 30, 78, 34, 83, 66, 79, 61, 12, 13, 38, 56, 52, 80, 55, 33, 57, 46, 48, 3, 27, 36, 8, 65, 59, 54, 53, 72, 26, 15, 10, 94, 11, 76, 5, 42, 25, 14, 7, 67, 73, 24, 60, 84, 89, 22, 87, 35, 81, 47, 18, 2, 41, 29, 71, 39, 6, 49, 1, 40, 68, 23, 44, 86, 77, 45, 20, 28, 88]","[392, 234, 174, 341, 361, 205, 121, 339, 371, 149, 115, 100, 314, 225, 283, 126, 356, 160, 248, 163, 201, 323, 176, 376, 362, 316, 340, 97, 188, 295, 218, 206, 140, 273, 360, 334, 231, 377, 235, 398, 381, 399, 351, 139, 317, 150, 252, 105, 159, 220, 173, 184, 394, 401, 368, 322, 232, 170, 384, 230, 372, 389, 294, 395, 366, 302, 262, 299, 333, 155, 202, 363, 221, 108, 228, 274, 313, 321, 212, 178, 298, 180, 171, 222, 151, 286, 117, 357, 244, 194, 301, 136, 282, 370, 308, 123, 405, 276, 224, 156, 198, 251, 303, 247, 144, 233, 385, 391, 236, 310, 119, 261, 345, 272, 137, 337, 254, 293, 245, 240, 138, 116, 291, 162, 181, 329, 343, 403, 193, 393, 387, 148, 223, 307, 266, 318, 242, 95, 129, 183, 186, 109, 195, 172, 143, 199, 141, 290, 335, 157, 134, 182, 179, 210, 142, 379, 211, 284, 214, 168, 277, 118, 275, 258, 164, 386, 250, 350, 204, 268, 380, 383, 237, 152, 355, 122, 287, 120, 328, 325, 147, 207, 330, 311, 271, 285, 281, 280, 111, 349, 326, 209, 388, 390, 404, 324, 402, 175, 331, 114, 192, 348, 270, 364, 167, 255, 101, 135, 347, 238, 382, 104, 312, 396, 309, 352, 342, 112, 279, 336, 369, 241, 397, 217, 110, 107, 191, 320, 260, 153, 296, 297, 305, 215, 259, 133, 158, 278, 208, 125, 213, 229, 327, 197, 304, 375, 373, 292, 216, 246, 263, 96, 131, 99, 353, 124, 319, 269, 267, 249, 187, 227, 265, 127, 169, 288, 146, 289, 400, 239, 113, 344, 374, 243, 332, 196, 203, 219, 98, 359, 367, 132, 257, 177, 165, 185, 154, 256, 264, 253, 338, 358, 226, 166, 346, 190, 200, 161, 103, 378, 102, 315, 130, 300, 189, 106, 365, 128, 306, 145, 354]"
diversity_on_nsga2,53,-91.75333792383154,22.94666207616845,64.14666207616845,"[88, 32, 37, 92, 78, 17, 85, 90, 51, 61, 27, 36, 8, 10, 26, 15, 63, 82, 79, 13, 86, 54, 14, 20, 22, 64, 4, 24, 25, 9, 59, 70, 75, 19, 5, 68, 52, 31, 74, 53, 38, 56, 12, 58, 65, 7, 62, 21, 2, 91, 43, 30, 16, 34, 83, 66, 80, 55, 94, 11, 76, 67, 73, 60, 84, 89, 42, 57, 48, 3, 69, 46, 87, 35, 81, 33, 47, 18, 41, 29, 71, 39, 6, 49, 1, 40, 93, 23, 44, 72, 77, 45, 50, 28]","[285, 241, 112, 319, 107, 131, 381, 300, 312, 209, 127, 106, 269, 281, 316, 340, 188, 295, 206, 273, 334, 99, 351, 359, 150, 252, 173, 184, 144, 403, 193, 297, 217, 148, 307, 133, 318, 369, 186, 360, 290, 157, 219, 364, 342, 365, 175, 274, 249, 331, 104, 344, 158, 110, 335, 135, 264, 182, 256, 97, 220, 398, 248, 140, 105, 336, 203, 101, 296, 289, 139, 130, 270, 95, 397, 223, 368, 322, 232, 98, 404, 230, 372, 389, 353, 395, 332, 302, 192, 262, 374, 142, 299, 333, 155, 202, 363, 129, 189, 313, 178, 298, 180, 171, 222, 151, 239, 257, 117, 357, 244, 132, 373, 128, 366, 306, 242, 294, 145, 317, 167, 113, 329, 384, 210, 168, 279, 211, 354, 138, 339, 119, 234, 263, 216, 181, 197, 243, 271, 174, 310, 254, 377, 286, 399, 352, 159, 108, 255, 228, 388, 195, 265, 402, 212, 320, 177, 170, 268, 347, 179, 321, 370, 120, 109, 183, 194, 301, 293, 282, 308, 123, 124, 405, 276, 224, 156, 330, 198, 251, 303, 247, 394, 233, 385, 391, 236, 278, 341, 261, 345, 272, 96, 137, 337, 136, 245, 240, 116, 291, 162, 187, 343, 153, 361, 205, 267, 121, 392, 280, 371, 149, 169, 143, 218, 115, 315, 215, 100, 284, 314, 376, 122, 287, 259, 328, 325, 349, 386, 309, 207, 304, 375, 292, 266, 283, 126, 277, 400, 246, 356, 348, 396, 208, 160, 114, 125, 213, 229, 327, 326, 163, 146, 201, 191, 311, 323, 350, 238, 176, 390, 260, 362, 141, 367, 214, 379, 118, 134, 199, 275, 235, 258, 164, 147, 250, 401, 227, 324, 225, 204, 305, 387, 380, 221, 196, 231, 172, 393, 382, 383, 237, 152, 355, 288, 165, 185, 154, 253, 338, 358, 226, 111, 166, 346, 190, 200, 161, 103, 378, 102]"
diversity_on_nsga2,54,-59.005579375,22.154420625,27.394420625,"[17, 85, 90, 61, 27, 36, 8, 65, 63, 83, 15, 82, 13, 9, 19, 14, 20, 69, 64, 4, 24, 58, 25, 21, 50, 70, 75, 12, 7, 5, 62, 31, 74, 91, 43, 30, 16, 34, 56, 66, 80, 55, 11, 76, 79, 39, 93, 23, 44, 86, 77, 45, 51, 59, 38, 54, 10, 72, 26, 52, 53, 94, 67, 73, 60, 84, 89, 42, 57, 48, 3, 22, 46, 87, 35, 81, 33, 47, 18, 2, 41, 29, 71, 68, 6, 49, 1, 40, 28, 88, 32, 37, 92, 78]","[381, 344, 242, 300, 312, 318, 189, 249, 127, 106, 110, 270, 354, 392, 174, 341, 153, 361, 205, 267, 121, 339, 371, 149, 100, 122, 120, 350, 304, 375, 292, 283, 126, 356, 396, 208, 160, 326, 163, 388, 146, 257, 244, 194, 301, 405, 247, 236, 96, 254, 98, 218, 376, 325, 229, 191, 323, 133, 260, 316, 303, 152, 268, 178, 395, 237, 131, 291, 385, 201, 221, 370, 155, 374, 351, 140, 272, 332, 274, 393, 159, 252, 363, 299, 330, 311, 271, 281, 337, 136, 113, 245, 240, 138, 116, 162, 181, 187, 343, 222, 193, 297, 263, 217, 148, 269, 307, 95, 207, 183, 369, 109, 280, 195, 336, 349, 143, 169, 399, 335, 157, 135, 182, 179, 210, 147, 114, 125, 310, 327, 209, 404, 362, 348, 364, 255, 347, 238, 382, 104, 309, 342, 397, 355, 288, 199, 262, 137, 246, 296, 340, 97, 139, 273, 334, 158, 105, 220, 184, 394, 403, 372, 389, 333, 302, 287, 259, 328, 170, 373, 329, 384, 286, 228, 345, 119, 368, 266, 278, 212, 391, 251, 366, 99, 117, 107, 290, 215, 400, 320, 282, 198, 261, 295, 173, 243, 289, 353, 108, 377, 276, 206, 308, 124, 239, 314, 202, 197, 357, 313, 186, 156, 188, 322, 398, 223, 233, 232, 359, 293, 150, 123, 144, 317, 321, 277, 298, 180, 171, 151, 142, 219, 211, 284, 352, 168, 167, 365, 213, 203, 175, 101, 234, 279, 161, 185, 154, 390, 256, 176, 226, 145, 132, 190, 216, 200, 306, 383, 294, 128, 102, 177, 241, 141, 367, 214, 379, 118, 134, 360, 275, 235, 258, 164, 386, 250, 401, 227, 324, 225, 204, 305, 387, 380, 129, 196, 231, 172, 264, 253, 338, 358, 248, 111, 230, 166, 346, 165, 192, 103, 378, 285, 224, 265, 112, 319, 315, 402, 130, 115, 331]"
diversity_on_nsga2,55,-61.01160326666666,12.268396733333335,48.788396733333336,"[44, 72, 16, 4, 92, 89, 25, 75, 21, 7, 88, 63, 23, 32, 73, 74, 51, 6, 68, 22, 14, 50, 42, 20, 91, 43, 30, 78, 34, 83, 66, 79, 61, 12, 13, 38, 56, 52, 80, 55, 85, 57, 46, 48, 3, 27, 36, 8, 65, 59, 54, 53, 58, 26, 47, 33, 62, 94, 31, 60, 70, 90, 10, 93, 69, 64, 87, 35, 81, 45, 18, 2, 41, 29, 71, 39, 77, 49, 1, 40, 24, 19, 37, 11, 67, 15, 5, 76, 82, 84, 9, 86, 28, 17]","[197, 271, 310, 377, 286, 399, 108, 255, 228, 320, 170, 370, 268, 109, 362, 252, 293, 247, 198, 139, 298, 221, 262, 363, 218, 110, 276, 371, 233, 381, 280, 404, 144, 402, 391, 324, 158, 307, 160, 248, 302, 277, 240, 393, 398, 99, 394, 174, 273, 364, 105, 337, 386, 369, 135, 403, 178, 360, 237, 149, 143, 107, 319, 153, 295, 175, 214, 331, 401, 115, 336, 397, 380, 104, 133, 270, 254, 347, 323, 329, 303, 267, 120, 291, 379, 388, 314, 136, 274, 330, 357, 199, 163, 311, 333, 188, 304, 244, 266, 159, 316, 339, 183, 242, 186, 147, 373, 352, 275, 231, 129, 119, 259, 312, 366, 384, 182, 355, 287, 201, 208, 124, 156, 372, 390, 223, 173, 181, 246, 375, 167, 116, 387, 171, 335, 212, 112, 315, 179, 395, 224, 193, 125, 241, 205, 296, 152, 321, 137, 176, 260, 101, 235, 150, 232, 118, 215, 313, 180, 261, 249, 299, 142, 230, 195, 229, 284, 376, 122, 328, 325, 309, 207, 292, 192, 238, 341, 220, 140, 206, 353, 95, 191, 361, 121, 383, 123, 356, 100, 162, 308, 283, 250, 327, 282, 350, 278, 348, 204, 258, 187, 131, 343, 172, 134, 245, 236, 297, 290, 368, 301, 184, 285, 164, 305, 269, 251, 345, 157, 209, 148, 326, 340, 217, 396, 222, 334, 141, 272, 97, 318, 194, 281, 389, 227, 322, 114, 213, 111, 126, 225, 117, 405, 151, 351, 96, 385, 382, 342, 155, 202, 317, 294, 210, 168, 279, 211, 138, 392, 234, 263, 216, 265, 127, 177, 288, 146, 289, 400, 239, 113, 344, 374, 243, 332, 196, 203, 219, 98, 359, 367, 132, 257, 169, 165, 185, 154, 256, 264, 253, 338, 358, 226, 166, 346, 190, 200, 161, 103, 378, 102, 349, 130, 300, 189, 106, 365, 128, 306, 145, 354]"
diversity_on_nsga2,56,-38.63957948656679,13.84042051343321,13.860420513433208,"[41, 61, 27, 36, 8, 38, 83, 72, 69, 53, 24, 50, 84, 1, 10, 26, 15, 56, 63, 82, 79, 13, 86, 21, 54, 14, 20, 29, 64, 4, 58, 25, 9, 59, 70, 75, 7, 19, 5, 68, 52, 31, 74, 91, 43, 30, 16, 34, 66, 80, 55, 11, 76, 67, 42, 73, 65, 89, 12, 62, 60, 94, 17, 57, 48, 3, 33, 46, 87, 35, 81, 22, 47, 18, 2, 78, 71, 39, 6, 49, 40, 93, 23, 44, 77, 45, 51, 88, 32, 37, 92, 85, 90, 28]","[344, 242, 300, 312, 318, 189, 249, 127, 106, 110, 365, 270, 203, 132, 128, 306, 145, 279, 354, 392, 234, 216, 174, 341, 153, 361, 205, 267, 121, 339, 371, 149, 402, 115, 100, 142, 122, 120, 350, 227, 388, 257, 244, 194, 301, 405, 224, 247, 236, 96, 337, 98, 218, 376, 133, 176, 260, 134, 360, 275, 316, 303, 152, 268, 178, 284, 383, 253, 237, 131, 291, 185, 385, 221, 370, 235, 155, 374, 319, 351, 214, 140, 272, 130, 332, 264, 274, 393, 159, 252, 363, 299, 330, 271, 285, 281, 111, 254, 136, 113, 245, 240, 138, 116, 162, 181, 175, 187, 343, 222, 193, 297, 263, 217, 148, 269, 307, 358, 95, 183, 369, 109, 280, 195, 336, 143, 169, 199, 399, 335, 157, 135, 182, 179, 210, 310, 209, 390, 404, 324, 362, 192, 364, 167, 255, 101, 347, 238, 382, 104, 352, 342, 112, 241, 397, 386, 250, 225, 305, 387, 378, 355, 288, 154, 262, 256, 338, 226, 230, 346, 165, 103, 102, 137, 315, 296, 200, 340, 97, 139, 273, 334, 158, 105, 220, 184, 394, 403, 372, 389, 333, 302, 287, 259, 170, 373, 329, 384, 168, 211, 286, 228, 345, 119, 368, 172, 278, 265, 212, 391, 251, 366, 219, 367, 204, 177, 164, 99, 190, 160, 117, 161, 107, 290, 215, 328, 325, 349, 147, 309, 207, 304, 375, 292, 266, 283, 126, 277, 400, 246, 356, 348, 396, 208, 395, 114, 125, 213, 229, 327, 326, 163, 146, 201, 191, 311, 323, 320, 282, 198, 261, 295, 173, 231, 141, 248, 380, 243, 289, 118, 353, 108, 377, 196, 276, 206, 308, 124, 239, 314, 202, 197, 166, 401, 357, 313, 186, 156, 188, 322, 294, 258, 398, 223, 233, 232, 359, 379, 293, 129, 150, 123, 144, 317, 321, 298, 180, 171, 151, 331, 381]"
diversity_on_nsga2,57,-73.91388511488964,19.096114885110357,41.98611488511036,"[32, 37, 92, 78, 17, 85, 90, 51, 61, 27, 36, 8, 72, 1, 10, 15, 26, 56, 45, 82, 79, 13, 86, 59, 9, 54, 14, 20, 69, 53, 64, 4, 24, 58, 25, 21, 50, 38, 75, 33, 7, 19, 5, 68, 52, 47, 31, 74, 91, 43, 30, 16, 34, 83, 66, 80, 55, 29, 94, 11, 76, 67, 73, 42, 65, 89, 41, 48, 57, 3, 22, 46, 87, 35, 18, 12, 62, 81, 2, 60, 71, 39, 6, 49, 70, 40, 93, 23, 44, 84, 77, 63, 28, 88]","[285, 241, 112, 319, 131, 381, 300, 312, 311, 127, 106, 269, 281, 316, 340, 188, 295, 206, 273, 334, 99, 351, 359, 150, 252, 173, 184, 394, 403, 297, 217, 148, 307, 133, 318, 369, 352, 360, 290, 157, 219, 364, 342, 365, 175, 274, 249, 331, 104, 344, 158, 110, 335, 135, 264, 182, 256, 97, 220, 398, 248, 140, 105, 189, 203, 101, 296, 139, 130, 270, 95, 397, 223, 368, 322, 232, 98, 404, 230, 372, 389, 353, 395, 332, 302, 192, 262, 374, 142, 299, 333, 155, 202, 363, 129, 336, 313, 178, 298, 180, 171, 222, 151, 239, 257, 117, 357, 244, 132, 373, 128, 366, 306, 242, 294, 145, 317, 167, 113, 329, 384, 210, 168, 279, 211, 354, 138, 392, 119, 234, 263, 216, 181, 197, 243, 271, 174, 310, 254, 377, 286, 399, 186, 159, 108, 255, 228, 388, 195, 265, 402, 212, 320, 177, 170, 268, 347, 215, 321, 370, 120, 109, 183, 194, 301, 293, 282, 308, 123, 124, 289, 315, 193, 405, 276, 224, 156, 330, 198, 251, 303, 247, 144, 233, 385, 391, 236, 278, 341, 261, 345, 272, 96, 137, 337, 136, 245, 240, 116, 291, 162, 187, 343, 153, 361, 205, 267, 121, 339, 280, 371, 149, 169, 143, 218, 115, 107, 179, 100, 284, 314, 376, 122, 287, 259, 328, 325, 349, 147, 309, 207, 304, 375, 292, 266, 283, 126, 277, 400, 246, 356, 348, 396, 208, 160, 114, 125, 213, 229, 327, 326, 163, 146, 201, 191, 209, 323, 350, 238, 176, 390, 260, 362, 141, 367, 214, 379, 118, 134, 199, 275, 235, 258, 164, 386, 250, 401, 227, 324, 225, 204, 305, 387, 380, 221, 196, 231, 172, 393, 382, 383, 237, 152, 355, 288, 165, 185, 154, 253, 338, 358, 226, 111, 166, 346, 190, 200, 161, 103, 378, 102]"
diversity_on_nsga2,58,-51.34972037692307,14.660279623076923,23.950279623076923,"[39, 80, 71, 87, 35, 81, 33, 45, 18, 32, 67, 6, 49, 1, 88, 2, 58, 25, 40, 56, 63, 82, 13, 72, 94, 19, 14, 59, 69, 53, 64, 44, 24, 31, 50, 47, 75, 12, 7, 54, 16, 83, 66, 79, 5, 68, 29, 62, 21, 74, 91, 43, 30, 34, 52, 55, 11, 4, 23, 73, 93, 41, 76, 70, 60, 84, 89, 42, 46, 48, 3, 22, 37, 86, 20, 28, 51, 15, 9, 92, 78, 17, 85, 77, 90, 57, 61, 27, 36, 8, 65, 38, 10, 26]","[381, 344, 296, 233, 300, 354, 312, 174, 388, 250, 275, 209, 189, 355, 249, 127, 288, 120, 152, 341, 106, 260, 386, 110, 237, 196, 281, 271, 104, 197, 362, 316, 340, 289, 310, 295, 206, 140, 258, 360, 241, 231, 377, 235, 399, 373, 317, 139, 273, 334, 291, 299, 322, 398, 99, 351, 359, 150, 252, 177, 158, 105, 159, 220, 173, 184, 394, 324, 397, 282, 223, 368, 232, 98, 404, 170, 384, 230, 372, 389, 353, 294, 395, 366, 302, 192, 265, 262, 374, 382, 333, 155, 202, 363, 221, 108, 255, 228, 347, 328, 313, 321, 212, 178, 298, 180, 171, 200, 151, 239, 257, 286, 117, 194, 301, 293, 243, 370, 308, 123, 124, 405, 276, 224, 156, 330, 198, 251, 303, 247, 144, 392, 391, 236, 278, 188, 119, 261, 345, 272, 96, 254, 113, 138, 387, 401, 97, 320, 135, 357, 244, 182, 179, 210, 142, 219, 379, 211, 137, 337, 136, 245, 240, 153, 361, 205, 267, 121, 339, 371, 149, 218, 115, 107, 100, 284, 314, 376, 122, 287, 259, 274, 325, 147, 309, 304, 375, 292, 283, 126, 277, 400, 246, 356, 348, 116, 332, 162, 181, 329, 187, 343, 403, 193, 297, 393, 263, 217, 385, 148, 269, 307, 350, 266, 318, 242, 95, 207, 129, 183, 369, 186, 109, 280, 195, 172, 238, 336, 367, 349, 143, 169, 199, 290, 141, 215, 335, 157, 134, 396, 208, 160, 114, 125, 213, 229, 327, 326, 163, 146, 201, 191, 311, 323, 133, 352, 214, 364, 168, 167, 365, 270, 203, 380, 175, 101, 164, 234, 204, 279, 118, 161, 185, 154, 390, 256, 264, 176, 253, 338, 358, 248, 226, 111, 166, 145, 346, 132, 190, 216, 222, 306, 165, 383, 227, 225, 103, 378, 128, 102, 285, 342, 112, 319, 315, 402, 130, 131, 331, 305, 268]"
diversity_on_nsga2,59,-25.290770499999997,17.1492295,9.6092295,"[54, 51, 61, 27, 8, 65, 38, 10, 40, 39, 88, 69, 53, 32, 64, 44, 24, 58, 25, 21, 73, 70, 75, 12, 7, 77, 37, 1, 56, 20, 60, 15, 86, 41, 23, 68, 62, 31, 74, 91, 43, 30, 16, 34, 26, 66, 50, 90, 67, 76, 22, 5, 47, 2, 29, 71, 28, 6, 49, 93, 45, 4, 92, 36, 84, 89, 42, 57, 48, 3, 19, 46, 87, 59, 63, 82, 13, 72, 94, 14, 11, 83, 79, 80, 55, 9, 52, 35, 81, 33, 18, 78, 17, 85]","[354, 341, 173, 196, 174, 105, 184, 377, 158, 331, 342, 300, 97, 302, 223, 334, 404, 269, 99, 344, 202, 289, 243, 399, 366, 312, 374, 265, 382, 353, 268, 220, 177, 281, 322, 159, 231, 363, 394, 395, 333, 324, 197, 317, 209, 273, 252, 320, 294, 140, 340, 381, 150, 368, 192, 372, 249, 397, 398, 188, 295, 104, 131, 130, 332, 299, 315, 206, 359, 106, 98, 230, 221, 108, 255, 228, 347, 274, 313, 321, 171, 119, 298, 180, 212, 222, 151, 239, 257, 286, 117, 357, 244, 194, 301, 293, 282, 167, 308, 123, 124, 405, 276, 224, 156, 330, 198, 251, 303, 247, 144, 233, 385, 391, 236, 278, 310, 178, 261, 345, 96, 254, 113, 138, 181, 329, 403, 193, 297, 263, 217, 148, 307, 350, 318, 242, 183, 369, 109, 195, 336, 199, 384, 120, 157, 135, 182, 210, 219, 211, 137, 337, 136, 245, 240, 116, 291, 162, 187, 343, 153, 361, 205, 267, 121, 339, 280, 352, 364, 168, 370, 365, 270, 203, 234, 279, 371, 358, 149, 402, 169, 143, 218, 115, 179, 107, 215, 100, 284, 314, 335, 262, 356, 348, 396, 208, 160, 114, 213, 95, 189, 389, 155, 232, 290, 186, 256, 264, 248, 145, 132, 216, 306, 128, 272, 170, 285, 241, 112, 319, 376, 122, 287, 259, 328, 325, 349, 147, 309, 207, 304, 375, 292, 266, 283, 126, 277, 400, 246, 125, 229, 327, 326, 163, 146, 201, 191, 311, 323, 133, 238, 176, 390, 260, 362, 141, 367, 214, 379, 118, 134, 360, 275, 235, 258, 164, 386, 250, 393, 165, 253, 338, 226, 111, 166, 346, 190, 200, 401, 227, 225, 204, 305, 387, 380, 129, 172, 142, 383, 237, 152, 355, 288, 175, 101, 161, 185, 154, 103, 378, 102, 127, 271, 388, 373, 351, 139, 110, 296, 392, 316]"
diversity_on_nsga2,60,-87.09862353959466,19.271376460405353,62.001376460405346,"[88, 32, 37, 92, 78, 17, 85, 77, 90, 55, 61, 27, 36, 8, 65, 38, 10, 53, 15, 56, 63, 82, 13, 72, 94, 70, 14, 59, 69, 26, 64, 44, 24, 25, 21, 50, 19, 75, 12, 7, 34, 16, 83, 66, 79, 58, 5, 68, 52, 62, 31, 74, 91, 43, 30, 54, 80, 57, 11, 4, 23, 73, 93, 41, 67, 6, 3, 2, 9, 29, 48, 40, 60, 18, 76, 39, 49, 46, 35, 47, 84, 89, 71, 22, 1, 51, 33, 86, 42, 87, 45, 20, 81, 28]","[331, 305, 268, 381, 344, 296, 392, 300, 354, 312, 174, 388, 250, 275, 209, 189, 355, 249, 127, 288, 120, 152, 341, 106, 258, 291, 110, 237, 269, 196, 281, 271, 104, 197, 362, 316, 340, 289, 97, 188, 295, 206, 140, 260, 273, 360, 334, 342, 231, 261, 235, 398, 99, 399, 228, 139, 373, 317, 359, 150, 252, 177, 158, 105, 159, 220, 173, 184, 394, 324, 397, 282, 223, 368, 292, 232, 98, 404, 170, 384, 230, 372, 389, 353, 294, 395, 366, 332, 302, 192, 265, 262, 374, 382, 299, 333, 155, 202, 363, 221, 108, 255, 351, 347, 329, 313, 321, 212, 178, 298, 180, 171, 222, 151, 239, 257, 286, 117, 357, 244, 194, 301, 293, 243, 370, 308, 123, 124, 405, 276, 224, 156, 330, 198, 251, 303, 247, 144, 233, 385, 391, 236, 278, 310, 119, 377, 345, 272, 96, 254, 113, 138, 181, 328, 403, 193, 297, 393, 263, 217, 387, 148, 401, 307, 350, 318, 242, 95, 129, 183, 369, 186, 109, 195, 172, 238, 336, 367, 199, 141, 320, 290, 335, 157, 134, 135, 182, 179, 210, 142, 219, 379, 211, 137, 337, 136, 245, 240, 116, 386, 162, 187, 343, 153, 361, 205, 267, 121, 203, 280, 371, 149, 169, 143, 218, 115, 107, 215, 100, 284, 314, 376, 122, 287, 259, 274, 325, 349, 147, 309, 207, 304, 375, 322, 266, 283, 126, 277, 400, 246, 356, 348, 396, 208, 160, 114, 125, 213, 229, 327, 326, 163, 146, 201, 191, 311, 323, 133, 352, 214, 364, 168, 167, 365, 270, 339, 380, 175, 101, 164, 234, 204, 279, 118, 161, 185, 154, 390, 256, 264, 176, 253, 338, 358, 248, 226, 111, 166, 145, 346, 132, 190, 216, 200, 306, 165, 383, 227, 225, 103, 378, 128, 102, 285, 241, 112, 319, 315, 402, 130, 131]"
diversity_on_nsga2,61,-35.89176565660387,13.42823434339613,14.508234343396131,"[1, 88, 39, 37, 92, 78, 17, 85, 90, 51, 61, 27, 36, 8, 65, 38, 10, 26, 15, 56, 63, 82, 79, 13, 72, 9, 19, 14, 20, 69, 53, 64, 4, 24, 58, 25, 21, 50, 70, 75, 12, 7, 54, 5, 68, 52, 62, 31, 74, 91, 43, 30, 16, 34, 83, 66, 80, 55, 94, 11, 76, 67, 73, 60, 84, 89, 42, 57, 48, 3, 22, 46, 44, 35, 81, 33, 47, 18, 2, 41, 29, 71, 32, 6, 86, 28, 77, 59, 23, 49, 40, 93, 87, 45]","[344, 296, 300, 354, 312, 174, 388, 209, 189, 223, 249, 127, 288, 120, 152, 106, 110, 237, 196, 281, 271, 104, 197, 316, 340, 289, 188, 295, 392, 97, 269, 206, 140, 273, 334, 342, 231, 377, 398, 99, 399, 114, 139, 373, 317, 359, 150, 252, 177, 158, 105, 159, 220, 173, 184, 394, 324, 397, 355, 368, 322, 232, 98, 404, 170, 384, 230, 372, 389, 353, 294, 395, 366, 332, 136, 192, 265, 262, 374, 382, 299, 333, 155, 202, 363, 221, 108, 255, 228, 347, 313, 321, 212, 178, 298, 180, 171, 222, 151, 239, 257, 286, 117, 357, 244, 194, 301, 370, 310, 119, 254, 113, 138, 181, 329, 403, 193, 297, 263, 217, 387, 148, 307, 350, 318, 242, 95, 129, 183, 369, 186, 109, 195, 336, 199, 320, 290, 335, 157, 135, 182, 179, 210, 219, 211, 274, 352, 364, 168, 167, 365, 270, 203, 380, 175, 101, 234, 204, 279, 243, 172, 393, 142, 383, 161, 185, 154, 256, 293, 282, 308, 123, 124, 405, 276, 224, 156, 330, 198, 251, 303, 247, 144, 233, 385, 391, 236, 278, 341, 261, 345, 272, 96, 137, 337, 302, 245, 240, 116, 291, 162, 187, 343, 153, 361, 205, 267, 121, 339, 280, 371, 149, 169, 143, 218, 115, 107, 215, 100, 284, 314, 376, 122, 287, 259, 328, 325, 349, 147, 309, 207, 304, 375, 292, 266, 283, 126, 277, 400, 246, 356, 348, 396, 208, 160, 351, 125, 213, 229, 327, 326, 163, 146, 201, 191, 311, 323, 133, 238, 176, 390, 260, 362, 141, 367, 145, 379, 118, 134, 360, 275, 235, 258, 164, 386, 250, 401, 227, 264, 253, 338, 358, 248, 226, 111, 166, 214, 346, 132, 190, 216, 200, 306, 165, 225, 103, 378, 128, 102, 285, 241, 112, 319, 315, 402, 130, 131, 331, 305, 268, 381]"
diversity_on_nsga2,62,-57.586128243927256,24.16387175607275,27.313871756072754,"[61, 27, 8, 84, 85, 21, 26, 15, 56, 63, 82, 79, 13, 66, 36, 50, 1, 33, 47, 83, 41, 76, 73, 38, 4, 24, 54, 14, 20, 69, 29, 64, 25, 9, 59, 70, 75, 7, 19, 5, 68, 52, 31, 28, 53, 91, 43, 30, 16, 34, 35, 86, 80, 55, 11, 58, 67, 65, 37, 12, 62, 60, 94, 42, 57, 48, 3, 22, 72, 87, 81, 18, 2, 71, 39, 6, 49, 40, 93, 23, 44, 46, 77, 45, 74, 88, 32, 89, 92, 78, 17, 10, 90, 51]","[381, 300, 312, 209, 127, 318, 269, 281, 316, 340, 188, 295, 206, 273, 334, 99, 351, 359, 150, 252, 173, 202, 394, 403, 193, 297, 217, 148, 307, 133, 248, 369, 186, 290, 157, 219, 364, 342, 365, 160, 249, 331, 104, 344, 158, 110, 335, 135, 264, 182, 256, 97, 220, 398, 106, 140, 105, 189, 203, 101, 296, 139, 130, 270, 380, 397, 223, 368, 322, 232, 98, 404, 230, 372, 142, 129, 336, 328, 360, 289, 389, 353, 395, 332, 302, 192, 262, 374, 299, 363, 155, 184, 333, 274, 313, 178, 298, 180, 171, 222, 151, 239, 257, 95, 357, 244, 132, 373, 128, 366, 306, 242, 294, 145, 317, 167, 113, 329, 384, 210, 168, 279, 211, 354, 138, 392, 119, 234, 263, 216, 181, 197, 243, 358, 143, 218, 115, 315, 271, 174, 310, 254, 377, 286, 399, 352, 159, 108, 255, 228, 388, 195, 265, 402, 212, 320, 177, 170, 268, 347, 179, 321, 370, 120, 109, 183, 194, 301, 293, 282, 308, 123, 124, 405, 276, 224, 156, 330, 198, 251, 303, 247, 144, 233, 385, 391, 236, 278, 341, 261, 345, 272, 96, 137, 337, 136, 245, 240, 116, 291, 162, 187, 343, 153, 361, 205, 267, 121, 339, 280, 371, 149, 169, 215, 100, 284, 314, 376, 122, 287, 259, 325, 349, 147, 309, 207, 304, 375, 292, 266, 283, 126, 277, 400, 246, 356, 348, 396, 208, 175, 114, 125, 213, 229, 327, 326, 163, 146, 201, 191, 311, 323, 350, 238, 176, 390, 260, 362, 141, 367, 214, 379, 118, 134, 199, 275, 235, 258, 164, 386, 250, 401, 227, 324, 225, 204, 305, 387, 117, 221, 196, 231, 172, 393, 382, 383, 237, 152, 355, 288, 165, 185, 154, 253, 338, 226, 111, 166, 346, 190, 200, 161, 103, 378, 102, 285, 241, 112, 319, 107, 131]"
diversity_on_nsga2,63,-29.3,6.95,34.0,"[47, 37, 66, 93, 60, 63, 6, 40, 88, 75, 28, 21, 69, 16, 62, 14, 19, 71, 73, 41, 25, 81, 31, 11, 48, 43, 24, 85, 70, 27, 34, 30, 29, 32, 79, 35, 77, 13, 4, 42, 78, 53, 67, 72, 22, 26, 36, 55, 80, 2, 17, 10, 87, 8, 83, 12, 33, 57, 5, 65, 46, 15, 9, 61, 59, 58, 1, 92, 44, 54, 89, 18, 52, 64, 76, 68, 51, 74, 56, 38, 45, 90, 3, 23, 91, 7, 82, 94, 84, 20, 86, 39, 49, 50]","[226, 150, 392, 197, 206, 231, 331, 398, 346, 196, 317, 202, 386, 188, 366, 166, 289, 102, 313, 358, 373, 139, 256, 372, 190, 250, 127, 227, 338, 315, 269, 265, 164, 380, 165, 333, 220, 173, 230, 298, 110, 234, 354, 316, 152, 268, 178, 383, 395, 253, 382, 131, 185, 341, 221, 235, 155, 128, 374, 319, 351, 140, 130, 264, 159, 252, 363, 378, 299, 271, 285, 281, 111, 193, 388, 303, 404, 324, 402, 175, 362, 192, 255, 101, 347, 237, 104, 141, 342, 112, 279, 270, 241, 397, 302, 260, 296, 305, 158, 118, 355, 97, 322, 200, 203, 389, 321, 288, 368, 273, 145, 171, 222, 151, 239, 257, 286, 117, 357, 244, 194, 301, 293, 243, 370, 308, 123, 124, 405, 276, 224, 156, 330, 198, 251, 390, 247, 144, 233, 385, 391, 236, 278, 310, 119, 261, 345, 272, 96, 254, 113, 138, 181, 329, 403, 209, 297, 393, 263, 217, 387, 148, 401, 307, 350, 318, 242, 95, 129, 183, 369, 186, 109, 195, 172, 238, 336, 367, 199, 312, 320, 290, 335, 157, 134, 135, 182, 179, 210, 142, 219, 379, 211, 137, 337, 136, 245, 240, 116, 291, 162, 187, 343, 153, 361, 205, 267, 121, 339, 280, 371, 149, 169, 143, 218, 115, 107, 215, 100, 284, 314, 376, 122, 287, 259, 274, 325, 349, 147, 309, 207, 304, 375, 292, 266, 283, 126, 277, 400, 246, 356, 348, 396, 208, 160, 114, 125, 213, 229, 327, 326, 163, 146, 201, 191, 311, 332, 133, 352, 214, 364, 168, 167, 365, 184, 353, 228, 216, 340, 275, 294, 189, 204, 295, 399, 262, 161, 225, 98, 359, 132, 177, 174, 232, 106, 180, 248, 384, 176, 120, 328, 105, 212, 334, 258, 282, 381, 99, 377, 249, 170, 108, 344, 394, 306, 103, 154, 223, 300, 323, 360]"
diversity_on_nsga2,64,-82.29450342692307,20.755496573076922,55.00549657307692,"[78, 3, 92, 9, 85, 77, 90, 57, 61, 27, 36, 8, 65, 38, 10, 26, 58, 25, 40, 56, 63, 82, 13, 72, 94, 19, 14, 59, 69, 53, 64, 44, 24, 21, 50, 47, 75, 12, 7, 54, 16, 83, 66, 79, 5, 68, 29, 62, 31, 35, 91, 43, 30, 34, 80, 55, 11, 4, 23, 76, 67, 73, 41, 84, 89, 42, 48, 32, 22, 46, 87, 74, 81, 18, 2, 60, 71, 39, 6, 49, 1, 93, 45, 33, 28, 88, 15, 52, 70, 37, 17, 20, 86, 51]","[237, 316, 250, 288, 273, 252, 152, 140, 340, 381, 305, 150, 368, 192, 372, 249, 397, 398, 188, 360, 295, 104, 275, 131, 130, 332, 359, 106, 98, 230, 313, 239, 118, 181, 329, 353, 193, 297, 234, 403, 302, 170, 365, 270, 203, 299, 404, 127, 207, 206, 374, 382, 342, 155, 202, 221, 128, 366, 306, 242, 294, 373, 167, 113, 384, 168, 211, 354, 119, 393, 263, 243, 271, 174, 310, 254, 377, 286, 399, 108, 274, 178, 298, 292, 171, 222, 151, 257, 117, 357, 244, 241, 200, 217, 387, 148, 307, 350, 318, 129, 369, 172, 238, 336, 367, 199, 141, 335, 157, 134, 379, 201, 311, 323, 352, 214, 380, 175, 101, 204, 279, 142, 107, 364, 376, 122, 287, 259, 328, 325, 349, 147, 309, 262, 304, 375, 180, 266, 283, 126, 255, 228, 388, 195, 265, 402, 212, 401, 97, 320, 135, 182, 179, 210, 138, 219, 177, 220, 268, 347, 321, 370, 120, 109, 183, 194, 301, 293, 282, 308, 123, 124, 405, 276, 224, 156, 330, 198, 251, 303, 247, 144, 233, 385, 391, 236, 278, 341, 261, 345, 272, 96, 137, 337, 136, 245, 240, 116, 291, 162, 187, 343, 153, 361, 205, 267, 121, 339, 280, 371, 149, 169, 143, 218, 115, 315, 215, 100, 284, 314, 277, 400, 246, 356, 348, 396, 208, 160, 114, 125, 213, 229, 327, 326, 163, 95, 189, 191, 355, 383, 133, 389, 146, 232, 258, 235, 260, 164, 103, 290, 186, 161, 185, 154, 390, 256, 264, 176, 253, 338, 358, 248, 226, 111, 166, 145, 346, 132, 190, 216, 165, 227, 225, 378, 102, 285, 112, 319, 351, 139, 173, 196, 105, 184, 158, 331, 300, 223, 334, 386, 269, 99, 344, 289, 312, 281, 322, 159, 231, 363, 394, 395, 333, 324, 197, 317, 209, 362, 110, 296, 392]"
diversity_on_nsga2,65,-27.130352874999996,8.409647125,14.169647125,"[33, 87, 35, 2, 39, 79, 51, 18, 70, 26, 80, 45, 34, 63, 82, 13, 72, 31, 19, 14, 4, 69, 44, 24, 21, 50, 8, 75, 12, 7, 54, 16, 83, 41, 29, 71, 49, 1, 40, 93, 23, 65, 43, 85, 68, 52, 62, 76, 74, 91, 66, 56, 25, 47, 81, 46, 30, 20, 32, 37, 55, 11, 67, 73, 60, 84, 48, 3, 22, 28, 92, 78, 17, 90, 94, 61, 27, 36, 38, 15, 42, 9, 10, 59, 53, 64, 58, 86, 5, 57, 89, 6, 77, 88]","[130, 331, 381, 344, 300, 312, 249, 127, 106, 110, 365, 270, 203, 132, 128, 306, 145, 279, 354, 392, 234, 216, 174, 341, 122, 120, 350, 304, 375, 292, 283, 126, 356, 396, 208, 160, 388, 257, 244, 194, 301, 405, 247, 277, 96, 337, 98, 376, 287, 259, 328, 325, 260, 134, 360, 275, 316, 303, 152, 268, 178, 383, 395, 253, 237, 131, 185, 385, 221, 370, 235, 155, 374, 351, 214, 140, 272, 332, 264, 274, 393, 159, 252, 363, 299, 330, 271, 281, 111, 254, 136, 113, 138, 181, 175, 222, 193, 297, 263, 217, 148, 269, 307, 266, 95, 207, 183, 369, 109, 195, 336, 349, 199, 399, 335, 157, 135, 182, 179, 210, 147, 114, 310, 209, 390, 404, 362, 348, 364, 167, 255, 101, 347, 382, 104, 309, 352, 342, 241, 397, 387, 355, 288, 154, 262, 256, 338, 226, 230, 346, 102, 137, 246, 296, 200, 340, 97, 139, 273, 334, 158, 105, 220, 184, 394, 245, 398, 116, 291, 162, 187, 343, 153, 361, 205, 267, 121, 339, 280, 371, 149, 169, 143, 218, 215, 100, 284, 314, 403, 372, 389, 219, 302, 170, 373, 329, 172, 168, 211, 286, 228, 345, 119, 368, 358, 384, 278, 212, 391, 251, 366, 333, 367, 177, 164, 99, 190, 117, 161, 107, 290, 400, 320, 282, 198, 261, 295, 173, 231, 141, 248, 380, 243, 289, 118, 353, 108, 377, 196, 125, 213, 229, 327, 326, 163, 146, 311, 191, 201, 323, 133, 238, 176, 276, 206, 308, 124, 239, 142, 202, 197, 386, 250, 401, 227, 324, 225, 204, 305, 166, 357, 313, 186, 156, 188, 322, 294, 258, 240, 223, 233, 232, 359, 189, 402, 192, 379, 293, 129, 318, 265, 242, 285, 150, 123, 144, 317, 321, 236, 298, 180, 171, 151, 224, 319, 115, 165, 103, 378, 112, 315]"
diversity_on_nsga2,66,-84.01119457477476,29.148805425225223,44.88880542522522,"[92, 78, 85, 77, 61, 27, 36, 8, 65, 38, 10, 26, 25, 56, 63, 82, 13, 72, 94, 19, 14, 59, 69, 53, 64, 44, 24, 21, 50, 23, 75, 12, 7, 54, 16, 83, 66, 79, 5, 68, 62, 31, 74, 43, 30, 34, 80, 55, 11, 4, 47, 73, 58, 70, 46, 32, 67, 39, 6, 49, 60, 84, 91, 90, 40, 93, 17, 89, 42, 57, 48, 3, 22, 76, 87, 35, 81, 33, 45, 18, 2, 41, 29, 1, 88, 37, 86, 20, 28, 51, 15, 9, 71, 52]","[381, 344, 296, 300, 354, 312, 174, 388, 250, 209, 189, 355, 249, 127, 288, 120, 152, 341, 106, 110, 237, 196, 281, 271, 104, 197, 316, 340, 289, 188, 295, 392, 97, 269, 206, 140, 273, 334, 342, 231, 377, 398, 99, 399, 351, 139, 373, 317, 359, 150, 252, 177, 158, 105, 159, 220, 173, 184, 394, 324, 397, 282, 223, 368, 322, 232, 98, 404, 170, 384, 230, 372, 389, 353, 294, 395, 366, 332, 302, 192, 265, 262, 374, 382, 299, 333, 155, 202, 363, 221, 108, 255, 228, 347, 328, 313, 321, 212, 178, 298, 180, 171, 222, 151, 239, 257, 286, 117, 357, 244, 194, 301, 293, 362, 370, 308, 123, 124, 405, 276, 224, 156, 330, 198, 251, 303, 247, 144, 233, 385, 391, 236, 278, 310, 119, 261, 345, 272, 96, 254, 113, 138, 181, 329, 403, 193, 297, 263, 217, 387, 148, 401, 307, 350, 318, 242, 95, 129, 183, 369, 186, 109, 195, 336, 199, 320, 290, 335, 157, 135, 182, 179, 210, 219, 211, 137, 337, 136, 245, 240, 116, 291, 162, 187, 343, 153, 361, 205, 267, 121, 339, 280, 371, 149, 393, 143, 218, 115, 107, 215, 100, 284, 258, 376, 122, 287, 259, 274, 325, 352, 364, 168, 167, 365, 270, 203, 380, 304, 101, 234, 204, 279, 349, 147, 309, 207, 175, 375, 292, 266, 283, 126, 277, 400, 246, 356, 348, 396, 208, 160, 114, 125, 213, 229, 327, 326, 163, 146, 201, 191, 311, 323, 133, 238, 176, 390, 260, 243, 141, 367, 214, 379, 118, 134, 360, 275, 235, 314, 164, 386, 172, 169, 142, 383, 161, 185, 154, 256, 264, 253, 338, 358, 248, 226, 111, 166, 145, 346, 132, 190, 216, 200, 306, 165, 227, 225, 103, 378, 128, 102, 285, 241, 112, 319, 315, 402, 130, 131, 331, 305, 268]"
diversity_on_nsga2,67,-64.25764508848482,11.402354911515182,49.042354911515176,"[37, 92, 78, 17, 85, 77, 90, 55, 61, 27, 8, 38, 10, 26, 15, 56, 63, 82, 72, 94, 14, 59, 69, 22, 64, 44, 24, 25, 21, 50, 70, 75, 12, 7, 71, 16, 83, 66, 79, 58, 68, 62, 31, 74, 91, 43, 54, 80, 57, 11, 4, 73, 93, 41, 67, 6, 3, 2, 9, 29, 48, 40, 60, 18, 39, 81, 46, 19, 13, 30, 65, 52, 76, 36, 5, 23, 49, 35, 47, 84, 89, 34, 53, 1, 51, 33, 86, 42, 87, 45, 20, 28, 88, 32]","[344, 296, 392, 293, 354, 312, 174, 388, 250, 275, 209, 189, 355, 353, 127, 288, 152, 341, 106, 258, 291, 110, 269, 196, 281, 271, 104, 197, 362, 316, 340, 289, 97, 188, 295, 206, 140, 260, 273, 360, 334, 342, 377, 235, 398, 99, 399, 228, 139, 317, 359, 150, 252, 177, 158, 105, 159, 220, 173, 184, 394, 324, 397, 282, 223, 368, 292, 232, 98, 404, 170, 384, 336, 372, 389, 249, 294, 395, 366, 332, 302, 192, 265, 262, 374, 382, 299, 333, 155, 202, 363, 221, 108, 255, 351, 328, 313, 321, 212, 178, 298, 180, 171, 222, 151, 239, 117, 357, 194, 301, 300, 243, 370, 308, 123, 124, 405, 276, 224, 156, 330, 198, 251, 247, 233, 385, 391, 236, 278, 310, 119, 261, 345, 272, 96, 254, 113, 138, 181, 329, 403, 193, 297, 393, 263, 217, 387, 148, 401, 307, 350, 318, 242, 95, 129, 183, 369, 186, 109, 195, 172, 238, 230, 367, 199, 141, 320, 290, 335, 135, 182, 179, 210, 142, 219, 379, 211, 137, 337, 136, 245, 240, 116, 386, 162, 187, 343, 153, 361, 205, 267, 203, 280, 371, 149, 169, 218, 115, 107, 215, 100, 284, 314, 376, 122, 287, 259, 274, 325, 349, 147, 309, 207, 375, 322, 266, 283, 126, 277, 400, 246, 356, 348, 134, 231, 244, 381, 185, 286, 144, 257, 304, 303, 347, 237, 143, 157, 120, 373, 111, 168, 121, 396, 208, 160, 114, 125, 213, 229, 327, 326, 163, 146, 201, 191, 311, 323, 133, 352, 214, 364, 167, 365, 270, 339, 380, 175, 101, 164, 234, 204, 279, 118, 161, 154, 390, 256, 264, 176, 253, 338, 358, 248, 226, 166, 145, 346, 132, 190, 216, 200, 306, 165, 383, 227, 225, 103, 378, 128, 102, 285, 241, 112, 319, 315, 402, 130, 131, 331, 305, 268]"
diversity_on_nsga2,68,-73.91388511488964,19.096114885110357,41.98611488511036,"[32, 37, 92, 78, 17, 85, 90, 51, 61, 27, 36, 8, 72, 1, 10, 15, 26, 56, 45, 82, 79, 13, 86, 59, 9, 54, 14, 20, 69, 53, 64, 4, 24, 58, 25, 21, 50, 70, 75, 33, 7, 19, 5, 68, 52, 47, 31, 74, 91, 43, 30, 16, 34, 83, 66, 80, 55, 29, 94, 11, 76, 67, 73, 42, 65, 89, 41, 48, 57, 3, 22, 46, 87, 35, 18, 12, 62, 81, 2, 60, 71, 39, 6, 49, 38, 40, 93, 23, 44, 84, 77, 63, 28, 88]","[285, 241, 112, 319, 131, 381, 300, 312, 311, 127, 106, 269, 281, 316, 340, 188, 295, 206, 273, 334, 99, 351, 359, 150, 252, 173, 184, 394, 403, 297, 217, 148, 307, 133, 318, 369, 352, 360, 290, 157, 219, 364, 342, 365, 175, 274, 249, 331, 104, 344, 158, 110, 335, 135, 264, 182, 256, 97, 220, 398, 248, 140, 105, 189, 203, 101, 296, 139, 130, 270, 95, 397, 223, 368, 322, 232, 98, 404, 230, 372, 389, 353, 395, 332, 302, 192, 262, 374, 142, 299, 333, 155, 202, 363, 129, 336, 313, 178, 298, 180, 171, 222, 151, 239, 257, 117, 357, 244, 132, 373, 128, 366, 306, 242, 294, 145, 317, 167, 113, 329, 384, 210, 168, 279, 211, 354, 138, 392, 119, 234, 263, 216, 181, 197, 243, 271, 174, 310, 254, 377, 286, 399, 186, 159, 108, 255, 228, 388, 195, 265, 402, 212, 320, 177, 170, 268, 347, 215, 321, 370, 120, 109, 183, 194, 301, 293, 282, 308, 123, 124, 289, 315, 193, 405, 276, 224, 156, 330, 198, 251, 303, 247, 144, 233, 385, 391, 236, 278, 341, 261, 345, 272, 96, 137, 337, 136, 245, 240, 116, 291, 162, 187, 343, 153, 361, 205, 267, 121, 339, 280, 371, 149, 169, 143, 218, 115, 107, 179, 100, 284, 314, 376, 122, 287, 259, 328, 325, 349, 147, 309, 207, 304, 375, 292, 266, 283, 126, 277, 400, 246, 356, 348, 396, 208, 160, 114, 125, 213, 229, 327, 326, 163, 146, 201, 191, 209, 323, 350, 238, 176, 390, 260, 362, 141, 367, 214, 379, 118, 134, 199, 275, 235, 258, 164, 386, 250, 401, 227, 324, 225, 204, 305, 387, 380, 221, 196, 231, 172, 393, 382, 383, 237, 152, 355, 288, 165, 185, 154, 253, 338, 358, 226, 111, 166, 346, 190, 200, 161, 103, 378, 102]"
diversity_on_nsga2,69,-84.20521395640269,24.044786043597306,55.1947860435973,"[88, 32, 37, 80, 78, 17, 10, 90, 51, 61, 27, 8, 84, 60, 85, 21, 26, 15, 56, 63, 82, 79, 13, 86, 59, 9, 54, 14, 44, 69, 53, 64, 4, 34, 58, 25, 36, 50, 70, 1, 33, 7, 19, 91, 68, 83, 47, 31, 74, 24, 43, 30, 16, 52, 5, 66, 92, 55, 29, 11, 76, 67, 73, 42, 65, 89, 41, 48, 57, 3, 22, 72, 87, 35, 81, 12, 62, 18, 2, 75, 94, 71, 39, 6, 49, 38, 40, 93, 23, 20, 46, 77, 45, 28]","[285, 241, 112, 319, 107, 131, 381, 300, 312, 209, 127, 106, 269, 281, 316, 340, 188, 295, 206, 273, 334, 99, 351, 359, 150, 252, 173, 184, 394, 403, 193, 297, 217, 148, 307, 133, 248, 369, 232, 290, 157, 219, 364, 342, 356, 175, 274, 249, 331, 104, 344, 158, 110, 335, 135, 264, 182, 256, 97, 220, 398, 318, 140, 105, 189, 203, 101, 296, 139, 130, 270, 95, 397, 223, 368, 322, 186, 98, 404, 230, 372, 389, 353, 395, 332, 302, 192, 262, 374, 142, 299, 333, 155, 202, 363, 129, 336, 284, 178, 298, 180, 171, 222, 151, 239, 257, 117, 357, 244, 132, 373, 128, 366, 306, 242, 294, 145, 317, 167, 166, 329, 384, 210, 168, 279, 211, 354, 328, 392, 119, 234, 263, 216, 181, 197, 243, 271, 174, 310, 254, 377, 286, 399, 352, 159, 108, 255, 360, 228, 388, 195, 265, 402, 212, 320, 177, 170, 268, 347, 179, 321, 370, 120, 109, 183, 194, 301, 293, 282, 308, 224, 123, 124, 405, 276, 289, 156, 330, 198, 251, 303, 247, 144, 233, 385, 391, 236, 278, 341, 261, 345, 272, 96, 137, 337, 136, 245, 240, 116, 291, 162, 187, 343, 153, 361, 205, 267, 121, 339, 280, 371, 149, 169, 143, 218, 115, 315, 215, 100, 313, 314, 376, 122, 287, 259, 138, 325, 349, 147, 309, 207, 304, 375, 292, 266, 283, 126, 277, 400, 246, 365, 348, 396, 208, 160, 114, 125, 213, 229, 327, 326, 163, 146, 201, 191, 311, 323, 350, 238, 176, 390, 260, 362, 141, 367, 214, 379, 118, 134, 199, 275, 235, 258, 164, 386, 250, 401, 227, 324, 225, 204, 305, 387, 380, 221, 196, 231, 172, 393, 382, 383, 237, 152, 355, 288, 165, 185, 154, 253, 338, 358, 226, 111, 113, 346, 190, 200, 161, 103, 378, 102]"
diversity_on_nsga2,70,-89.26945018650342,24.120549813496595,60.33054981349658,"[28, 88, 32, 37, 92, 78, 17, 10, 90, 51, 61, 27, 36, 8, 84, 85, 26, 15, 56, 63, 82, 79, 13, 86, 21, 54, 14, 20, 69, 53, 64, 4, 24, 76, 25, 9, 59, 70, 75, 7, 19, 5, 68, 52, 38, 31, 74, 91, 43, 30, 16, 34, 83, 66, 80, 55, 11, 58, 67, 73, 65, 89, 12, 62, 60, 94, 42, 57, 48, 3, 33, 46, 87, 35, 81, 22, 47, 18, 2, 41, 29, 71, 39, 6, 49, 1, 40, 93, 23, 44, 72, 77, 45, 50]","[285, 241, 112, 319, 315, 131, 381, 300, 312, 209, 127, 106, 269, 281, 316, 340, 188, 295, 206, 273, 334, 99, 351, 359, 150, 252, 173, 184, 394, 403, 193, 297, 217, 148, 307, 350, 318, 369, 186, 199, 360, 157, 219, 364, 342, 365, 175, 336, 249, 331, 104, 344, 158, 110, 335, 135, 264, 182, 256, 97, 220, 398, 248, 140, 105, 189, 203, 101, 296, 289, 139, 130, 270, 95, 397, 223, 368, 322, 232, 98, 404, 230, 372, 389, 353, 395, 332, 302, 192, 262, 374, 382, 299, 333, 155, 202, 363, 221, 274, 313, 178, 298, 180, 171, 222, 151, 239, 257, 117, 357, 244, 132, 373, 128, 366, 306, 242, 294, 145, 317, 167, 113, 329, 384, 210, 168, 279, 211, 354, 138, 392, 119, 234, 263, 216, 181, 197, 243, 271, 174, 310, 254, 377, 286, 399, 352, 159, 108, 255, 228, 388, 195, 265, 225, 212, 320, 177, 170, 370, 347, 179, 321, 268, 120, 109, 183, 194, 301, 293, 282, 308, 123, 124, 405, 276, 224, 156, 330, 204, 251, 303, 247, 144, 233, 385, 391, 236, 278, 341, 261, 345, 272, 96, 137, 337, 136, 245, 240, 116, 291, 162, 187, 343, 153, 361, 205, 267, 121, 339, 280, 371, 149, 169, 143, 218, 115, 107, 215, 100, 284, 314, 376, 122, 287, 259, 328, 325, 349, 147, 309, 207, 304, 375, 292, 266, 283, 126, 277, 400, 246, 356, 348, 396, 208, 160, 114, 125, 213, 229, 327, 326, 163, 146, 201, 191, 311, 323, 133, 238, 176, 390, 260, 362, 141, 367, 214, 379, 118, 134, 290, 275, 235, 258, 164, 386, 250, 401, 227, 324, 402, 198, 305, 387, 380, 129, 196, 231, 172, 393, 142, 383, 237, 152, 355, 288, 165, 185, 154, 253, 338, 358, 226, 111, 166, 346, 190, 200, 161, 103, 378, 102]"
diversity_on_nsga2,71,-67.18098539780664,30.499014602193355,32.61901460219335,"[61, 22, 92, 85, 90, 51, 78, 27, 36, 10, 26, 63, 15, 82, 13, 14, 20, 69, 53, 64, 56, 76, 79, 86, 9, 59, 19, 38, 65, 44, 29, 71, 4, 24, 58, 25, 21, 50, 70, 75, 12, 7, 54, 5, 68, 52, 62, 31, 74, 91, 43, 30, 16, 34, 83, 66, 80, 55, 94, 11, 8, 67, 73, 60, 84, 89, 42, 57, 48, 3, 72, 46, 87, 35, 81, 33, 47, 18, 2, 41, 32, 6, 28, 77, 23, 49, 40, 93, 45, 1, 88, 39, 37, 17]","[296, 300, 354, 312, 174, 388, 209, 189, 249, 127, 120, 106, 110, 196, 281, 271, 104, 197, 316, 340, 289, 188, 295, 392, 97, 170, 206, 140, 273, 334, 342, 377, 99, 399, 139, 373, 252, 177, 158, 105, 159, 220, 173, 184, 394, 324, 397, 368, 322, 98, 404, 269, 384, 230, 372, 389, 353, 294, 395, 366, 332, 136, 192, 265, 262, 374, 382, 299, 333, 155, 202, 363, 221, 108, 255, 228, 347, 313, 212, 178, 298, 171, 222, 151, 239, 257, 286, 117, 357, 194, 301, 370, 310, 119, 254, 113, 138, 181, 329, 403, 193, 297, 263, 217, 387, 148, 307, 350, 318, 242, 95, 183, 369, 186, 109, 195, 336, 199, 320, 290, 335, 157, 135, 182, 179, 210, 219, 211, 274, 352, 364, 168, 167, 365, 270, 203, 380, 175, 101, 234, 204, 279, 243, 161, 256, 282, 308, 124, 405, 276, 224, 156, 330, 198, 251, 303, 247, 278, 391, 236, 385, 341, 261, 345, 272, 96, 137, 337, 302, 245, 240, 116, 291, 162, 187, 343, 153, 361, 205, 267, 121, 339, 280, 371, 160, 351, 125, 213, 229, 327, 326, 163, 146, 201, 191, 311, 323, 133, 238, 176, 390, 260, 362, 141, 367, 145, 118, 134, 360, 275, 149, 169, 143, 218, 115, 107, 215, 100, 284, 314, 376, 114, 122, 287, 259, 328, 325, 349, 147, 309, 207, 304, 375, 292, 266, 283, 126, 277, 400, 246, 356, 348, 396, 208, 235, 164, 386, 250, 401, 227, 264, 248, 111, 166, 214, 346, 132, 190, 216, 200, 306, 225, 103, 378, 128, 285, 241, 112, 319, 223, 398, 258, 233, 232, 359, 379, 293, 129, 150, 123, 144, 317, 321, 244, 180, 231, 172, 393, 142, 383, 237, 152, 355, 288, 165, 185, 154, 253, 338, 358, 226, 102, 315, 402, 130, 131, 331, 305, 268, 381, 344]"
diversity_on_nsga2,72,-87.65679876730769,26.163201232692302,47.84320123269231,"[80, 92, 78, 17, 85, 77, 90, 57, 61, 27, 1, 8, 65, 38, 10, 26, 58, 25, 40, 56, 63, 82, 13, 72, 94, 19, 14, 59, 69, 53, 64, 44, 24, 31, 50, 47, 75, 12, 7, 54, 16, 83, 66, 79, 5, 68, 29, 62, 21, 74, 91, 43, 30, 34, 52, 55, 11, 4, 23, 73, 93, 41, 49, 71, 60, 84, 89, 42, 46, 48, 3, 22, 87, 35, 81, 33, 45, 18, 32, 67, 39, 6, 76, 36, 88, 2, 37, 86, 20, 28, 51, 15, 9, 70]","[381, 344, 296, 233, 300, 354, 312, 174, 388, 109, 275, 209, 189, 355, 249, 127, 288, 120, 152, 341, 106, 260, 386, 110, 237, 196, 281, 271, 104, 197, 362, 316, 340, 289, 310, 295, 206, 140, 258, 360, 241, 231, 377, 235, 399, 373, 317, 139, 273, 334, 291, 299, 322, 398, 99, 351, 359, 150, 252, 177, 158, 105, 159, 220, 173, 184, 394, 324, 397, 282, 223, 368, 232, 98, 404, 170, 384, 230, 372, 389, 353, 294, 395, 366, 302, 192, 265, 262, 374, 382, 333, 155, 202, 363, 221, 108, 255, 228, 347, 328, 313, 321, 212, 178, 298, 180, 171, 200, 151, 239, 257, 286, 117, 357, 244, 194, 301, 293, 243, 370, 308, 123, 124, 405, 276, 224, 156, 330, 198, 251, 303, 247, 144, 392, 391, 236, 278, 188, 119, 261, 345, 272, 96, 254, 113, 138, 387, 401, 97, 320, 135, 182, 179, 210, 142, 219, 379, 211, 137, 337, 136, 245, 240, 153, 361, 205, 267, 121, 339, 371, 149, 218, 115, 107, 100, 284, 314, 376, 122, 287, 259, 274, 325, 147, 309, 304, 375, 292, 283, 126, 277, 400, 246, 356, 348, 116, 332, 162, 181, 329, 187, 343, 403, 193, 297, 393, 263, 217, 385, 148, 269, 307, 350, 266, 318, 242, 95, 207, 129, 183, 369, 186, 250, 280, 195, 172, 238, 336, 367, 349, 143, 169, 199, 290, 141, 215, 335, 157, 134, 396, 208, 160, 114, 125, 213, 229, 327, 326, 163, 146, 201, 191, 311, 323, 133, 352, 214, 364, 168, 167, 365, 270, 203, 380, 175, 101, 164, 234, 204, 279, 118, 161, 185, 154, 390, 256, 264, 176, 253, 338, 358, 248, 226, 111, 166, 145, 346, 132, 190, 216, 222, 306, 165, 383, 227, 225, 103, 378, 128, 102, 285, 342, 112, 319, 315, 402, 130, 131, 331, 305, 268]"
diversity_on_nsga2,73,-29.31534175,10.804658250000001,9.78465825,"[27, 50, 78, 61, 1, 15, 56, 63, 82, 79, 13, 21, 72, 69, 29, 64, 4, 24, 58, 25, 9, 75, 33, 7, 19, 5, 68, 47, 31, 74, 91, 43, 30, 16, 34, 83, 66, 80, 11, 41, 46, 76, 70, 51, 86, 45, 20, 8, 65, 59, 38, 54, 10, 14, 26, 52, 53, 94, 89, 73, 60, 84, 42, 57, 48, 3, 22, 87, 35, 81, 12, 62, 18, 2, 71, 55, 40, 93, 32, 67, 39, 6, 49, 36, 88, 17, 44, 77, 28, 37, 92, 23, 85, 90]","[344, 242, 300, 340, 318, 189, 249, 127, 106, 110, 365, 270, 203, 132, 128, 306, 145, 279, 354, 392, 234, 233, 174, 341, 122, 120, 350, 304, 375, 292, 283, 126, 356, 396, 208, 160, 213, 326, 163, 388, 257, 244, 194, 301, 405, 247, 236, 96, 337, 98, 376, 287, 259, 328, 325, 229, 323, 133, 176, 260, 134, 360, 275, 316, 303, 152, 268, 178, 383, 395, 253, 237, 131, 185, 385, 221, 370, 235, 155, 374, 351, 214, 140, 272, 332, 264, 274, 290, 159, 252, 363, 299, 330, 271, 281, 111, 254, 136, 113, 138, 181, 175, 222, 193, 297, 263, 217, 148, 269, 307, 266, 95, 207, 183, 369, 109, 195, 336, 349, 199, 399, 335, 157, 135, 339, 179, 210, 147, 114, 125, 310, 327, 209, 390, 404, 362, 348, 364, 167, 255, 101, 347, 238, 382, 104, 309, 352, 342, 241, 397, 387, 355, 288, 154, 262, 256, 338, 226, 230, 346, 102, 137, 246, 296, 200, 312, 97, 139, 273, 334, 158, 105, 220, 184, 394, 245, 398, 116, 291, 162, 187, 343, 153, 361, 205, 267, 121, 182, 280, 371, 149, 169, 143, 218, 215, 100, 284, 314, 403, 372, 389, 219, 302, 170, 373, 329, 172, 168, 211, 286, 228, 345, 119, 368, 358, 384, 278, 212, 391, 251, 366, 333, 367, 177, 164, 99, 190, 117, 161, 107, 393, 400, 320, 282, 198, 261, 295, 173, 231, 141, 248, 380, 243, 289, 118, 353, 108, 377, 196, 146, 201, 191, 311, 276, 206, 308, 124, 239, 142, 202, 197, 386, 250, 401, 227, 324, 225, 204, 305, 166, 357, 313, 186, 156, 188, 322, 294, 258, 240, 223, 216, 232, 359, 379, 293, 129, 150, 123, 144, 317, 321, 277, 298, 180, 171, 151, 331, 165, 192, 103, 378, 285, 224, 265, 112, 319, 315, 402, 130, 115, 381]"
diversity_on_nsga2,74,-87.52485180671675,21.735148193283248,61.27514819328325,"[28, 88, 32, 37, 92, 78, 17, 85, 90, 51, 61, 27, 36, 8, 65, 38, 10, 26, 15, 56, 63, 79, 13, 72, 66, 22, 14, 76, 67, 73, 60, 20, 69, 53, 64, 4, 24, 58, 25, 21, 94, 70, 75, 12, 7, 54, 5, 68, 52, 62, 31, 74, 91, 43, 30, 16, 34, 83, 9, 82, 80, 55, 50, 11, 84, 89, 42, 57, 48, 3, 19, 46, 87, 35, 81, 33, 47, 18, 2, 41, 29, 71, 39, 6, 49, 1, 40, 93, 23, 44, 86, 77, 45, 59]","[112, 319, 315, 226, 381, 300, 312, 209, 127, 106, 269, 281, 340, 188, 295, 206, 273, 334, 99, 351, 359, 150, 184, 394, 403, 193, 297, 217, 148, 307, 350, 318, 369, 186, 199, 290, 157, 219, 364, 342, 365, 175, 336, 249, 331, 104, 344, 158, 110, 335, 135, 264, 182, 256, 97, 220, 398, 248, 252, 338, 293, 142, 109, 140, 105, 189, 203, 101, 296, 289, 139, 130, 270, 95, 397, 223, 368, 322, 232, 98, 404, 230, 372, 389, 353, 395, 332, 302, 192, 262, 374, 382, 299, 333, 155, 202, 363, 221, 274, 313, 178, 298, 180, 171, 210, 151, 222, 257, 117, 357, 244, 132, 373, 128, 366, 306, 242, 294, 145, 317, 167, 113, 329, 384, 239, 168, 279, 211, 354, 138, 392, 119, 234, 263, 216, 181, 197, 243, 271, 174, 310, 254, 377, 286, 399, 352, 159, 108, 255, 228, 388, 195, 265, 402, 212, 320, 177, 170, 370, 347, 179, 321, 268, 120, 183, 194, 301, 173, 282, 308, 123, 124, 405, 276, 224, 156, 330, 198, 251, 303, 247, 144, 316, 385, 391, 236, 278, 341, 261, 345, 272, 96, 137, 337, 136, 245, 240, 116, 291, 162, 187, 343, 153, 361, 205, 267, 121, 339, 280, 371, 149, 169, 143, 218, 115, 107, 215, 100, 284, 314, 376, 122, 287, 259, 328, 325, 349, 147, 309, 207, 304, 375, 292, 266, 283, 126, 277, 400, 246, 356, 348, 396, 208, 160, 114, 125, 213, 229, 327, 326, 163, 146, 201, 191, 311, 323, 133, 238, 176, 390, 260, 362, 141, 367, 214, 379, 118, 134, 360, 275, 235, 258, 164, 386, 250, 401, 227, 324, 225, 204, 305, 387, 380, 129, 196, 231, 172, 393, 233, 383, 237, 152, 355, 288, 165, 185, 154, 253, 358, 131, 111, 166, 346, 190, 200, 161, 103, 378, 102, 285, 241]"
diversity_on_nsga2,75,-20.391166400000003,19.558833599999996,8.3088336,"[33, 57, 46, 40, 28, 88, 27, 8, 82, 59, 44, 65, 12, 10, 26, 15, 56, 63, 9, 50, 58, 25, 21, 13, 70, 75, 38, 89, 77, 37, 48, 17, 69, 53, 64, 4, 24, 20, 60, 86, 51, 54, 5, 3, 36, 72, 94, 11, 76, 42, 14, 67, 73, 84, 7, 22, 35, 81, 47, 18, 2, 41, 29, 71, 39, 6, 49, 1, 68, 23, 45, 32, 92, 16, 85, 90, 74, 93, 19, 91, 43, 30, 78, 34, 83, 66, 79, 61, 87, 62, 31, 52, 80, 55]","[314, 120, 189, 258, 235, 260, 292, 274, 393, 271, 285, 281, 209, 388, 362, 167, 104, 312, 317, 112, 270, 241, 386, 250, 225, 305, 231, 263, 355, 288, 346, 165, 102, 331, 381, 344, 296, 300, 340, 399, 373, 342, 139, 273, 334, 332, 299, 322, 398, 99, 351, 359, 150, 252, 177, 158, 105, 159, 220, 173, 184, 394, 324, 397, 282, 223, 137, 232, 98, 404, 170, 384, 230, 372, 389, 353, 294, 395, 366, 302, 192, 265, 262, 374, 382, 333, 155, 202, 363, 221, 108, 255, 228, 347, 180, 313, 321, 212, 178, 298, 328, 171, 222, 151, 315, 257, 286, 117, 357, 244, 194, 301, 293, 243, 370, 308, 123, 149, 405, 276, 224, 156, 330, 198, 251, 303, 247, 233, 385, 391, 236, 278, 345, 272, 337, 136, 245, 116, 291, 162, 187, 200, 217, 387, 148, 307, 350, 318, 129, 183, 369, 109, 195, 172, 238, 336, 367, 199, 141, 320, 335, 157, 134, 135, 142, 219, 379, 240, 343, 153, 361, 205, 267, 121, 339, 280, 201, 311, 378, 352, 284, 380, 175, 101, 204, 279, 118, 371, 124, 402, 169, 143, 218, 115, 179, 107, 215, 100, 214, 364, 376, 122, 287, 259, 325, 349, 147, 309, 304, 375, 266, 283, 126, 277, 400, 246, 341, 348, 396, 208, 160, 114, 125, 213, 229, 327, 326, 163, 95, 191, 383, 133, 401, 146, 164, 103, 290, 186, 161, 185, 154, 390, 256, 264, 176, 253, 338, 358, 248, 226, 111, 166, 145, 97, 127, 289, 196, 132, 190, 323, 365, 128, 306, 354, 392, 174, 356, 377, 329, 403, 210, 211, 168, 268, 237, 110, 197, 216, 319, 269, 227, 316, 152, 140, 368, 249, 188, 360, 295, 275, 131, 130, 206, 106, 119, 239, 144, 310, 261, 96, 254, 113, 138, 181, 193, 297, 242, 182, 207, 203, 234]"
diversity_on_nsga2,76,-44.986127875,11.803872125000002,25.013872125000002,"[32, 35, 77, 42, 78, 67, 72, 22, 36, 2, 17, 87, 8, 12, 57, 38, 10, 26, 15, 56, 63, 82, 79, 13, 86, 9, 19, 14, 20, 69, 53, 64, 4, 24, 58, 25, 21, 50, 70, 75, 33, 7, 54, 5, 68, 52, 47, 31, 74, 91, 43, 30, 16, 34, 83, 66, 80, 55, 65, 46, 61, 59, 1, 92, 44, 89, 18, 49, 76, 51, 45, 90, 3, 23, 94, 62, 39, 37, 93, 60, 6, 40, 88, 28, 84, 71, 73, 41, 81, 11, 48, 85, 27, 29]","[197, 381, 331, 398, 317, 202, 188, 366, 289, 102, 313, 373, 139, 372, 256, 190, 127, 269, 265, 333, 220, 173, 230, 298, 110, 234, 354, 316, 268, 178, 395, 131, 341, 221, 155, 128, 374, 319, 351, 140, 130, 264, 159, 252, 363, 378, 299, 271, 285, 281, 209, 388, 404, 402, 175, 192, 255, 101, 347, 382, 104, 312, 342, 112, 279, 270, 241, 397, 302, 296, 158, 97, 322, 200, 203, 389, 321, 368, 273, 145, 171, 222, 151, 239, 257, 286, 117, 357, 244, 194, 301, 293, 243, 370, 308, 123, 124, 405, 276, 224, 156, 330, 198, 251, 303, 247, 144, 233, 385, 391, 236, 278, 310, 119, 254, 113, 138, 181, 329, 403, 193, 297, 263, 217, 148, 307, 350, 318, 242, 95, 183, 369, 186, 109, 195, 336, 320, 290, 335, 157, 135, 182, 179, 210, 219, 211, 107, 274, 332, 352, 364, 168, 167, 365, 184, 353, 228, 216, 340, 294, 189, 295, 399, 262, 161, 98, 359, 132, 177, 174, 232, 106, 180, 248, 384, 120, 105, 212, 334, 282, 206, 99, 377, 249, 170, 108, 344, 394, 306, 261, 345, 272, 96, 137, 337, 136, 245, 240, 116, 291, 162, 187, 343, 153, 361, 205, 267, 121, 339, 280, 371, 149, 169, 143, 218, 115, 315, 215, 100, 284, 314, 376, 122, 287, 259, 328, 325, 349, 147, 309, 207, 304, 375, 292, 266, 283, 126, 277, 400, 246, 356, 348, 396, 208, 160, 114, 125, 213, 229, 327, 326, 163, 146, 201, 191, 311, 323, 133, 238, 176, 390, 260, 362, 141, 367, 214, 379, 118, 134, 199, 275, 235, 258, 164, 386, 250, 401, 227, 324, 225, 204, 305, 387, 380, 129, 196, 231, 172, 393, 142, 383, 237, 152, 355, 288, 165, 185, 154, 253, 338, 358, 226, 111, 166, 346, 103, 223, 300, 360, 150, 392]"
diversity_on_nsga2,77,-53.374954891201526,16.15504510879848,24.42504510879848,"[78, 17, 30, 90, 51, 61, 8, 54, 38, 10, 15, 56, 25, 13, 44, 79, 72, 19, 14, 20, 53, 4, 9, 58, 73, 70, 75, 5, 50, 82, 22, 36, 45, 41, 29, 71, 49, 55, 40, 93, 23, 7, 65, 21, 43, 85, 16, 68, 52, 62, 76, 74, 91, 34, 83, 66, 80, 1, 94, 59, 35, 67, 26, 69, 84, 89, 42, 57, 48, 3, 46, 63, 87, 31, 81, 33, 47, 18, 2, 86, 60, 6, 24, 39, 11, 64, 12, 88, 27, 77, 28, 32, 37, 92]","[374, 341, 285, 119, 368, 358, 174, 172, 278, 366, 212, 113, 127, 221, 391, 306, 251, 310, 189, 265, 110, 230, 363, 367, 352, 342, 204, 177, 181, 164, 242, 99, 193, 190, 104, 117, 109, 227, 161, 362, 152, 290, 400, 320, 402, 282, 198, 214, 295, 145, 271, 375, 173, 332, 351, 126, 155, 128, 269, 101, 141, 248, 380, 383, 243, 203, 289, 118, 187, 353, 108, 377, 159, 350, 241, 196, 234, 276, 216, 206, 308, 95, 385, 199, 124, 222, 330, 239, 142, 202, 382, 197, 125, 401, 357, 313, 178, 186, 356, 156, 175, 188, 322, 294, 258, 209, 398, 318, 392, 223, 299, 233, 354, 192, 138, 106, 297, 232, 316, 283, 359, 274, 249, 293, 270, 213, 129, 399, 150, 123, 335, 144, 167, 317, 321, 277, 298, 180, 171, 151, 257, 244, 194, 301, 370, 405, 224, 303, 247, 236, 166, 136, 98, 179, 120, 304, 292, 266, 348, 396, 208, 160, 114, 229, 327, 326, 163, 388, 146, 201, 191, 311, 323, 133, 238, 176, 390, 260, 134, 360, 275, 235, 261, 345, 272, 96, 137, 337, 338, 245, 240, 116, 291, 162, 319, 343, 153, 361, 205, 267, 121, 339, 280, 371, 149, 169, 143, 218, 115, 107, 215, 100, 284, 314, 376, 122, 287, 259, 328, 325, 349, 147, 309, 207, 386, 250, 324, 225, 305, 268, 387, 231, 263, 237, 355, 288, 185, 154, 262, 256, 264, 253, 395, 226, 111, 333, 346, 165, 103, 378, 404, 102, 112, 315, 246, 130, 131, 331, 381, 344, 296, 300, 312, 200, 281, 340, 97, 140, 139, 273, 334, 252, 158, 105, 220, 184, 394, 403, 372, 217, 148, 307, 183, 369, 195, 336, 397, 389, 157, 135, 219, 302, 170, 364, 365, 132, 373, 329, 384, 210, 168, 279, 211, 393, 254, 286, 255, 228, 347, 379, 182]"
diversity_on_nsga2,78,-14.3375243,7.3324757,10.4624757,"[33, 57, 46, 40, 28, 88, 27, 8, 82, 59, 44, 65, 12, 10, 26, 15, 56, 63, 79, 13, 86, 21, 54, 14, 20, 69, 53, 64, 4, 48, 76, 25, 9, 70, 75, 7, 19, 5, 68, 52, 38, 31, 74, 91, 43, 30, 16, 34, 83, 66, 80, 55, 11, 58, 67, 73, 89, 62, 60, 94, 42, 24, 3, 87, 35, 81, 22, 47, 18, 2, 41, 29, 71, 39, 6, 49, 1, 93, 23, 72, 77, 45, 50, 32, 37, 92, 78, 17, 90, 51, 61, 36, 84, 85]","[318, 186, 199, 360, 157, 364, 342, 365, 175, 331, 104, 344, 110, 182, 256, 97, 398, 248, 140, 189, 203, 101, 296, 289, 95, 223, 368, 322, 230, 372, 389, 353, 332, 192, 374, 382, 299, 333, 155, 202, 363, 221, 313, 178, 298, 180, 222, 239, 257, 117, 357, 373, 128, 366, 306, 242, 294, 145, 113, 384, 168, 211, 354, 138, 392, 119, 234, 216, 181, 197, 243, 271, 174, 310, 254, 377, 286, 352, 159, 108, 388, 195, 265, 212, 320, 177, 170, 347, 120, 109, 301, 282, 308, 124, 405, 276, 156, 330, 204, 251, 303, 247, 233, 385, 391, 278, 341, 261, 345, 272, 96, 136, 245, 240, 116, 291, 162, 187, 343, 361, 205, 267, 121, 339, 280, 371, 169, 143, 218, 115, 107, 215, 376, 287, 232, 316, 283, 359, 379, 249, 293, 270, 213, 129, 399, 150, 123, 335, 144, 167, 208, 321, 122, 277, 137, 253, 355, 235, 135, 179, 210, 395, 224, 324, 112, 158, 207, 160, 264, 340, 279, 337, 105, 217, 225, 98, 220, 386, 397, 393, 348, 346, 114, 275, 338, 154, 378, 219, 284, 236, 194, 148, 100, 171, 255, 307, 268, 274, 183, 328, 396, 305, 262, 326, 139, 132, 259, 370, 131, 263, 336, 153, 149, 151, 404, 103, 369, 314, 329, 252, 130, 302, 228, 134, 231, 244, 325, 349, 147, 309, 304, 375, 292, 266, 126, 400, 246, 356, 317, 125, 229, 327, 163, 146, 201, 191, 311, 323, 133, 238, 176, 390, 260, 362, 141, 367, 214, 118, 290, 258, 164, 250, 401, 227, 402, 198, 387, 380, 196, 172, 142, 383, 237, 152, 288, 165, 185, 358, 226, 111, 166, 190, 200, 161, 102, 285, 241, 319, 315, 381, 300, 312, 209, 127, 106, 269, 281, 188, 295, 206, 273, 334, 99, 351, 173, 184, 394, 403, 193, 297, 350]"
diversity_on_nsga2,79,-52.44073110000001,15.069268899999999,24.8592689,"[36, 80, 70, 32, 67, 39, 6, 90, 17, 57, 76, 8, 65, 38, 10, 26, 58, 25, 40, 56, 63, 82, 13, 72, 94, 19, 14, 59, 69, 53, 64, 44, 24, 31, 50, 47, 75, 12, 7, 54, 16, 83, 93, 79, 5, 68, 29, 62, 21, 74, 91, 43, 30, 34, 52, 55, 11, 4, 23, 73, 66, 41, 49, 71, 60, 84, 89, 42, 46, 48, 3, 22, 87, 35, 81, 33, 45, 18, 2, 1, 88, 37, 86, 20, 28, 51, 15, 9, 92, 78, 85, 77, 61, 27]","[381, 344, 296, 300, 354, 312, 174, 388, 209, 189, 355, 249, 127, 288, 120, 152, 341, 106, 110, 237, 196, 281, 271, 104, 197, 316, 340, 289, 188, 295, 392, 206, 140, 273, 334, 231, 377, 398, 99, 399, 351, 139, 373, 317, 359, 150, 252, 177, 158, 105, 159, 220, 173, 184, 394, 324, 397, 282, 223, 368, 322, 232, 98, 404, 170, 384, 230, 372, 389, 353, 294, 395, 366, 302, 192, 265, 262, 374, 382, 299, 333, 155, 202, 363, 221, 108, 255, 228, 347, 328, 313, 321, 212, 178, 298, 180, 171, 151, 239, 257, 286, 117, 357, 244, 194, 301, 293, 362, 370, 308, 123, 124, 405, 276, 224, 156, 330, 198, 251, 303, 247, 144, 233, 391, 236, 278, 310, 119, 261, 345, 272, 96, 254, 113, 138, 387, 401, 109, 291, 258, 260, 243, 360, 275, 235, 386, 200, 241, 97, 320, 135, 182, 179, 210, 142, 219, 379, 211, 137, 337, 136, 245, 240, 153, 361, 205, 267, 121, 339, 371, 149, 218, 115, 107, 100, 284, 314, 376, 122, 287, 259, 274, 325, 147, 309, 304, 375, 292, 283, 126, 277, 400, 246, 356, 348, 116, 332, 162, 181, 329, 187, 343, 403, 193, 297, 393, 263, 217, 385, 148, 269, 307, 350, 266, 318, 242, 95, 207, 129, 183, 369, 186, 250, 280, 195, 172, 238, 336, 367, 349, 143, 169, 199, 290, 141, 215, 335, 157, 134, 396, 208, 160, 114, 125, 213, 229, 327, 326, 163, 146, 201, 191, 311, 323, 133, 352, 214, 364, 168, 167, 365, 270, 203, 380, 175, 101, 164, 234, 204, 279, 118, 161, 185, 154, 390, 256, 264, 176, 253, 338, 358, 248, 226, 111, 166, 145, 346, 132, 190, 216, 222, 306, 165, 383, 227, 225, 103, 378, 128, 102, 285, 342, 112, 319, 315, 402, 130, 131, 331, 305, 268]"
diversity_on_nsga2,80,-55.3,10.959999999999999,37.3,"[9, 47, 37, 92, 78, 17, 85, 90, 51, 61, 38, 36, 75, 93, 50, 21, 32, 15, 12, 72, 27, 4, 56, 53, 86, 59, 25, 77, 88, 82, 28, 63, 64, 69, 13, 58, 14, 44, 23, 10, 70, 8, 20, 65, 7, 54, 5, 68, 52, 62, 31, 74, 91, 30, 43, 16, 34, 83, 66, 79, 80, 55, 94, 11, 76, 67, 73, 60, 84, 89, 42, 46, 48, 3, 22, 57, 87, 35, 81, 33, 45, 18, 2, 41, 29, 71, 39, 6, 49, 1, 40, 24, 19, 26]","[344, 211, 399, 109, 181, 361, 310, 274, 351, 116, 130, 352, 368, 302, 138, 382, 186, 286, 209, 166, 358, 293, 247, 198, 139, 132, 102, 298, 221, 262, 363, 218, 110, 276, 371, 233, 381, 280, 404, 144, 402, 391, 128, 252, 297, 270, 136, 107, 184, 336, 151, 197, 330, 156, 403, 364, 384, 301, 251, 244, 334, 115, 372, 95, 212, 303, 333, 149, 290, 359, 162, 281, 108, 249, 340, 369, 222, 357, 117, 230, 291, 104, 365, 350, 189, 159, 257, 226, 405, 150, 123, 335, 205, 167, 317, 321, 279, 253, 135, 179, 210, 395, 224, 112, 158, 264, 183, 188, 322, 294, 173, 245, 398, 318, 392, 103, 105, 217, 98, 220, 397, 346, 338, 154, 378, 219, 236, 194, 148, 171, 255, 307, 313, 345, 202, 182, 366, 261, 232, 331, 282, 192, 155, 295, 106, 343, 370, 121, 312, 140, 339, 180, 308, 161, 227, 354, 143, 168, 373, 337, 394, 216, 342, 206, 178, 347, 263, 96, 131, 285, 99, 353, 124, 319, 278, 269, 267, 199, 187, 265, 127, 169, 153, 289, 239, 113, 374, 243, 332, 316, 341, 223, 242, 137, 174, 272, 246, 234, 145, 306, 271, 377, 256, 248, 111, 200, 241, 315, 296, 254, 193, 203, 299, 170, 273, 228, 329, 119, 240, 190, 215, 100, 284, 314, 376, 122, 287, 120, 259, 328, 325, 349, 147, 309, 207, 304, 375, 292, 266, 283, 126, 277, 305, 97, 356, 348, 396, 208, 160, 114, 125, 213, 229, 327, 326, 163, 388, 146, 201, 191, 311, 323, 133, 238, 176, 390, 260, 362, 141, 367, 214, 379, 118, 134, 360, 275, 235, 258, 164, 386, 250, 401, 195, 324, 225, 204, 400, 268, 387, 380, 129, 196, 231, 172, 393, 142, 383, 237, 152, 355, 177, 288, 320, 175, 389, 101, 165, 185, 385, 157, 300]"
diversity_on_nsga2,81,-62.57847551100561,13.98152448899439,40.921524488994386,"[91, 23, 93, 6, 3, 76, 39, 49, 84, 40, 88, 75, 28, 21, 69, 16, 62, 19, 14, 42, 8, 41, 25, 81, 31, 11, 48, 43, 64, 85, 70, 27, 34, 1, 61, 32, 79, 35, 77, 13, 4, 71, 78, 53, 67, 72, 22, 26, 36, 24, 80, 2, 17, 10, 87, 73, 83, 12, 33, 57, 5, 65, 46, 15, 9, 29, 59, 58, 30, 92, 44, 54, 89, 18, 52, 68, 55, 51, 74, 86, 60, 45, 20, 37, 90, 38, 56, 63, 82, 94, 50, 47, 7, 66]","[110, 276, 233, 381, 280, 144, 402, 391, 158, 307, 106, 160, 302, 240, 393, 398, 99, 394, 174, 273, 364, 105, 337, 378, 369, 135, 403, 178, 237, 256, 169, 143, 359, 319, 295, 175, 389, 331, 336, 397, 380, 104, 154, 270, 254, 347, 264, 329, 303, 200, 120, 291, 388, 288, 136, 274, 330, 354, 145, 332, 357, 226, 199, 163, 146, 333, 130, 188, 244, 266, 159, 148, 232, 278, 404, 170, 230, 401, 320, 219, 379, 153, 361, 205, 267, 121, 339, 371, 149, 218, 115, 107, 100, 284, 314, 376, 122, 287, 259, 328, 325, 309, 304, 375, 292, 283, 126, 277, 400, 246, 356, 348, 396, 208, 161, 316, 183, 242, 186, 147, 373, 352, 231, 196, 129, 119, 312, 366, 384, 182, 239, 355, 201, 124, 156, 372, 243, 223, 173, 181, 167, 116, 387, 171, 335, 212, 112, 349, 179, 395, 224, 193, 125, 241, 296, 152, 321, 137, 374, 103, 101, 150, 257, 248, 127, 215, 315, 313, 180, 261, 249, 299, 142, 195, 229, 207, 192, 341, 365, 220, 338, 140, 206, 353, 95, 189, 383, 123, 162, 308, 327, 282, 350, 98, 165, 187, 131, 289, 343, 172, 245, 185, 236, 297, 290, 344, 368, 301, 184, 285, 269, 251, 345, 157, 203, 209, 300, 326, 340, 217, 222, 334, 190, 272, 346, 97, 318, 194, 281, 322, 191, 311, 323, 133, 238, 176, 390, 260, 362, 141, 367, 214, 118, 134, 360, 275, 235, 258, 164, 386, 250, 227, 324, 225, 204, 305, 114, 213, 111, 117, 405, 151, 351, 96, 385, 382, 342, 155, 202, 317, 128, 306, 294, 113, 210, 168, 279, 211, 138, 392, 234, 263, 216, 197, 271, 310, 377, 286, 399, 108, 255, 228, 265, 177, 370, 268, 109, 253, 252, 166, 358, 293, 247, 198, 139, 132, 102, 298, 221, 262, 363]"
diversity_on_nsga2,82,-84.01119457477476,29.148805425225223,44.88880542522522,"[92, 78, 85, 77, 61, 27, 36, 8, 65, 38, 10, 26, 25, 56, 63, 82, 13, 72, 94, 19, 14, 59, 69, 53, 64, 44, 24, 21, 50, 23, 75, 12, 7, 54, 16, 83, 66, 79, 5, 68, 62, 31, 74, 43, 30, 34, 80, 55, 11, 4, 47, 73, 58, 70, 46, 32, 67, 39, 6, 49, 60, 84, 91, 90, 40, 93, 17, 89, 42, 57, 48, 22, 3, 76, 87, 35, 81, 33, 45, 18, 2, 41, 29, 1, 88, 37, 86, 20, 28, 51, 15, 9, 71, 52]","[381, 344, 296, 300, 354, 312, 174, 388, 250, 209, 189, 355, 249, 127, 288, 120, 152, 341, 106, 110, 237, 196, 281, 271, 104, 197, 316, 340, 289, 188, 295, 392, 97, 269, 206, 140, 273, 334, 342, 231, 377, 398, 99, 399, 351, 139, 373, 317, 359, 150, 252, 177, 158, 105, 159, 220, 173, 184, 394, 324, 397, 282, 223, 368, 322, 232, 98, 404, 170, 384, 230, 372, 389, 353, 294, 395, 366, 332, 302, 192, 265, 262, 374, 382, 299, 333, 155, 202, 363, 221, 108, 255, 228, 347, 328, 313, 321, 212, 178, 298, 180, 171, 222, 151, 239, 257, 286, 117, 357, 244, 194, 96, 293, 362, 370, 308, 123, 124, 405, 276, 224, 156, 330, 198, 251, 303, 247, 144, 233, 385, 391, 236, 278, 310, 119, 261, 345, 272, 301, 254, 113, 138, 181, 329, 403, 193, 297, 263, 217, 387, 148, 401, 307, 350, 318, 242, 95, 129, 183, 369, 186, 109, 195, 336, 199, 320, 290, 335, 157, 135, 182, 179, 210, 219, 211, 137, 337, 136, 245, 240, 116, 291, 162, 187, 343, 153, 361, 205, 267, 121, 339, 280, 371, 149, 393, 143, 218, 115, 107, 215, 100, 284, 258, 376, 122, 287, 259, 274, 325, 352, 364, 168, 167, 365, 270, 203, 380, 304, 101, 234, 204, 279, 349, 147, 309, 207, 175, 375, 292, 266, 283, 126, 277, 400, 246, 356, 348, 396, 208, 160, 114, 125, 213, 229, 327, 326, 163, 146, 201, 191, 311, 323, 133, 238, 176, 390, 260, 243, 141, 367, 214, 379, 118, 134, 360, 275, 235, 314, 164, 386, 172, 169, 142, 383, 161, 185, 154, 256, 264, 253, 338, 358, 248, 226, 111, 166, 145, 346, 132, 190, 216, 200, 306, 165, 227, 225, 103, 378, 128, 102, 285, 241, 112, 319, 315, 402, 130, 131, 331, 305, 268]"
diversity_on_nsga2,83,-67.18098539780664,30.499014602193355,32.61901460219335,"[61, 22, 92, 85, 90, 51, 78, 27, 36, 10, 26, 63, 15, 82, 13, 14, 20, 69, 53, 64, 56, 76, 79, 86, 9, 59, 19, 38, 65, 44, 29, 71, 4, 24, 58, 25, 21, 50, 70, 75, 12, 7, 54, 5, 68, 52, 62, 31, 74, 91, 43, 30, 16, 34, 83, 66, 80, 55, 94, 11, 8, 67, 73, 60, 84, 89, 42, 57, 48, 3, 72, 46, 87, 35, 81, 33, 47, 18, 2, 41, 32, 6, 28, 77, 23, 49, 40, 93, 45, 1, 88, 39, 37, 17]","[296, 300, 354, 312, 174, 388, 209, 189, 249, 127, 120, 106, 110, 196, 281, 271, 104, 197, 316, 340, 289, 188, 295, 392, 97, 170, 206, 140, 273, 334, 342, 377, 99, 399, 139, 373, 252, 177, 158, 105, 159, 220, 173, 184, 394, 324, 397, 368, 322, 98, 404, 269, 384, 230, 372, 389, 353, 294, 395, 366, 332, 136, 192, 265, 262, 374, 382, 299, 333, 155, 202, 363, 221, 108, 255, 228, 347, 313, 212, 178, 298, 171, 222, 151, 309, 257, 286, 117, 357, 194, 301, 370, 310, 119, 254, 113, 138, 181, 329, 403, 193, 297, 263, 217, 387, 148, 307, 350, 318, 242, 95, 183, 369, 186, 109, 195, 336, 199, 320, 290, 335, 157, 135, 182, 179, 210, 219, 211, 274, 352, 364, 168, 167, 365, 270, 203, 380, 175, 101, 234, 204, 279, 243, 161, 256, 282, 308, 124, 405, 276, 224, 156, 330, 198, 251, 303, 247, 278, 391, 236, 385, 341, 261, 345, 272, 96, 137, 337, 302, 245, 240, 116, 291, 162, 187, 343, 153, 361, 205, 267, 121, 339, 280, 371, 160, 351, 125, 213, 229, 327, 326, 163, 146, 201, 191, 311, 323, 133, 238, 176, 390, 260, 362, 141, 367, 145, 118, 134, 360, 275, 149, 169, 143, 218, 115, 107, 215, 100, 284, 314, 376, 114, 122, 287, 259, 328, 325, 349, 147, 239, 207, 304, 375, 292, 266, 283, 126, 277, 400, 246, 356, 348, 396, 208, 235, 164, 386, 250, 401, 227, 264, 248, 111, 166, 214, 346, 132, 190, 216, 200, 306, 225, 103, 378, 128, 285, 241, 112, 319, 223, 398, 258, 233, 232, 359, 379, 293, 129, 150, 123, 144, 317, 321, 244, 180, 231, 172, 393, 142, 383, 237, 152, 355, 288, 165, 185, 154, 253, 338, 358, 226, 102, 315, 402, 130, 131, 331, 305, 268, 381, 344]"
diversity_on_nsga2,84,-31.583451999999998,11.346548,14.616548,"[39, 9, 11, 37, 92, 78, 17, 85, 90, 51, 61, 88, 8, 65, 38, 10, 26, 64, 56, 72, 13, 45, 44, 79, 71, 19, 14, 20, 53, 4, 24, 58, 63, 76, 52, 70, 75, 94, 54, 5, 68, 50, 91, 30, 16, 34, 62, 31, 74, 21, 15, 82, 80, 7, 83, 67, 73, 84, 42, 57, 3, 22, 46, 36, 35, 43, 29, 48, 33, 18, 2, 41, 81, 25, 6, 49, 1, 40, 93, 23, 86, 77, 59, 28, 87, 27, 60, 69, 66, 32, 55, 12, 89, 47]","[318, 369, 186, 199, 175, 336, 249, 331, 344, 158, 110, 264, 285, 97, 220, 248, 140, 105, 189, 101, 296, 289, 139, 130, 95, 397, 223, 96, 322, 232, 98, 368, 177, 181, 349, 242, 99, 267, 193, 190, 104, 117, 109, 295, 107, 371, 361, 116, 290, 215, 320, 402, 169, 282, 198, 261, 230, 372, 395, 192, 262, 299, 274, 313, 178, 298, 180, 171, 237, 239, 257, 357, 244, 389, 335, 157, 135, 182, 219, 353, 302, 364, 365, 270, 203, 374, 382, 342, 333, 155, 195, 363, 221, 132, 317, 128, 366, 306, 294, 145, 373, 167, 113, 329, 384, 210, 168, 279, 211, 354, 138, 392, 119, 234, 263, 216, 197, 243, 271, 174, 310, 254, 377, 286, 399, 352, 159, 108, 255, 228, 388, 202, 265, 212, 370, 347, 321, 120, 378, 179, 268, 398, 312, 194, 301, 173, 308, 123, 124, 405, 276, 224, 156, 330, 251, 303, 247, 144, 316, 385, 391, 236, 278, 341, 345, 272, 404, 137, 337, 136, 245, 240, 291, 162, 187, 343, 153, 205, 121, 339, 280, 149, 143, 218, 115, 111, 284, 314, 376, 122, 287, 259, 328, 325, 147, 309, 151, 188, 332, 170, 154, 253, 338, 358, 226, 100, 166, 346, 200, 103, 183, 102, 256, 241, 112, 319, 315, 131, 381, 300, 209, 127, 106, 269, 281, 233, 340, 161, 206, 273, 207, 304, 375, 292, 266, 283, 126, 277, 400, 246, 356, 348, 396, 208, 160, 114, 125, 213, 229, 327, 326, 163, 146, 201, 191, 311, 323, 133, 238, 176, 390, 260, 362, 141, 367, 214, 379, 118, 134, 360, 275, 235, 258, 164, 386, 250, 401, 227, 324, 225, 204, 305, 387, 380, 129, 196, 231, 172, 393, 142, 383, 222, 152, 355, 288, 165, 185, 334, 351, 359, 150, 252, 293, 184, 394, 403, 297, 217, 148, 307, 350]"
diversity_on_nsga2,85,-76.29019333749999,22.3698066625,45.1098066625,"[17, 85, 77, 90, 61, 58, 36, 27, 25, 82, 13, 19, 14, 69, 15, 56, 63, 9, 64, 44, 24, 21, 50, 75, 12, 7, 16, 83, 66, 79, 5, 39, 62, 31, 74, 91, 43, 30, 34, 80, 55, 11, 4, 23, 93, 76, 70, 51, 86, 45, 20, 8, 65, 59, 38, 54, 10, 72, 26, 52, 53, 94, 67, 73, 60, 84, 89, 42, 57, 48, 3, 22, 46, 87, 35, 81, 33, 47, 18, 2, 41, 29, 71, 68, 6, 49, 1, 40, 28, 88, 32, 37, 92, 78]","[268, 381, 344, 296, 392, 300, 354, 312, 174, 388, 209, 189, 355, 249, 127, 288, 120, 152, 396, 106, 110, 237, 281, 271, 104, 197, 362, 316, 340, 289, 97, 188, 295, 206, 140, 260, 273, 334, 342, 377, 398, 99, 382, 351, 139, 373, 317, 359, 150, 252, 158, 105, 159, 220, 173, 184, 394, 397, 243, 223, 368, 322, 232, 98, 404, 170, 384, 153, 361, 205, 267, 121, 339, 371, 149, 218, 131, 107, 100, 314, 376, 122, 287, 259, 325, 309, 304, 375, 292, 283, 126, 277, 400, 246, 356, 348, 341, 208, 160, 372, 389, 353, 395, 366, 332, 302, 269, 350, 114, 125, 270, 229, 327, 326, 163, 146, 201, 191, 311, 323, 133, 364, 262, 374, 399, 299, 333, 155, 202, 363, 221, 108, 255, 228, 347, 274, 313, 321, 212, 178, 298, 180, 171, 222, 151, 239, 257, 286, 117, 357, 244, 194, 301, 293, 282, 370, 308, 123, 124, 405, 276, 156, 330, 198, 251, 303, 391, 144, 233, 385, 247, 236, 278, 310, 119, 261, 345, 272, 96, 137, 337, 254, 136, 113, 245, 240, 138, 116, 291, 199, 181, 329, 187, 343, 403, 193, 297, 393, 263, 217, 148, 307, 328, 266, 318, 242, 95, 207, 183, 369, 186, 109, 280, 195, 238, 336, 349, 143, 169, 162, 215, 320, 290, 335, 157, 135, 182, 179, 210, 147, 142, 219, 211, 284, 352, 168, 167, 365, 213, 203, 175, 101, 234, 279, 161, 185, 154, 390, 256, 176, 226, 145, 132, 190, 216, 200, 306, 383, 294, 128, 102, 177, 241, 141, 367, 214, 379, 118, 134, 360, 275, 235, 258, 164, 386, 250, 401, 227, 324, 225, 204, 305, 387, 380, 129, 196, 231, 172, 264, 253, 338, 358, 248, 111, 230, 166, 346, 165, 192, 103, 378, 285, 224, 265, 112, 319, 315, 402, 130, 115, 331]"
diversity_on_nsga2,86,-51.623117,23.746883,14.976882999999999,"[9, 25, 50, 78, 61, 15, 56, 63, 79, 13, 21, 58, 70, 75, 82, 27, 43, 30, 34, 33, 66, 87, 62, 31, 52, 44, 38, 89, 77, 37, 48, 17, 69, 53, 64, 4, 24, 20, 60, 86, 51, 54, 5, 3, 36, 72, 94, 11, 76, 42, 14, 67, 73, 84, 7, 22, 35, 81, 47, 18, 2, 41, 29, 71, 39, 6, 49, 1, 68, 23, 45, 32, 92, 16, 85, 90, 74, 93, 19, 91, 55, 83, 57, 46, 40, 28, 88, 8, 59, 80, 65, 12, 10, 26]","[274, 393, 271, 285, 281, 209, 388, 362, 167, 104, 312, 342, 112, 270, 241, 386, 250, 225, 305, 231, 263, 355, 288, 165, 331, 381, 344, 300, 399, 317, 332, 299, 322, 99, 351, 359, 150, 252, 177, 159, 173, 324, 397, 282, 223, 232, 98, 404, 384, 230, 353, 294, 395, 366, 192, 265, 262, 374, 382, 333, 155, 202, 363, 221, 108, 255, 228, 347, 180, 313, 321, 212, 178, 298, 328, 171, 222, 151, 315, 257, 286, 117, 357, 244, 194, 301, 293, 243, 370, 308, 123, 124, 405, 276, 224, 156, 330, 198, 251, 303, 247, 233, 385, 391, 236, 278, 345, 272, 337, 136, 217, 387, 148, 307, 350, 318, 129, 183, 369, 109, 195, 238, 336, 367, 199, 141, 320, 335, 157, 134, 135, 142, 379, 240, 339, 201, 311, 323, 352, 380, 175, 101, 204, 279, 392, 346, 102, 137, 296, 200, 340, 139, 273, 334, 158, 105, 220, 184, 394, 245, 398, 116, 291, 162, 187, 343, 153, 361, 205, 267, 121, 182, 280, 284, 314, 403, 372, 389, 219, 302, 170, 373, 329, 172, 168, 132, 190, 371, 149, 402, 169, 143, 218, 115, 179, 107, 215, 100, 214, 364, 376, 122, 287, 259, 325, 349, 147, 309, 375, 304, 266, 283, 126, 277, 400, 246, 341, 348, 396, 208, 160, 114, 125, 213, 229, 327, 326, 163, 95, 191, 383, 133, 401, 146, 164, 103, 290, 186, 161, 185, 154, 390, 256, 264, 176, 253, 338, 358, 248, 226, 111, 166, 145, 97, 127, 289, 196, 378, 365, 128, 377, 354, 118, 174, 356, 306, 210, 211, 268, 237, 110, 197, 216, 319, 269, 227, 316, 152, 140, 368, 249, 188, 360, 295, 275, 131, 130, 206, 106, 119, 239, 144, 310, 261, 96, 254, 113, 138, 181, 193, 297, 242, 207, 203, 234, 120, 189, 258, 235, 260, 292]"
diversity_on_nsga2,87,-65.98219241279686,15.677807587203127,34.617807587203124,"[88, 32, 37, 92, 85, 90, 51, 78, 2, 27, 36, 8, 10, 26, 63, 15, 82, 13, 14, 20, 69, 53, 64, 4, 24, 21, 50, 54, 56, 76, 79, 84, 42, 86, 25, 9, 59, 70, 75, 7, 19, 5, 68, 52, 38, 31, 74, 91, 43, 30, 16, 34, 83, 66, 80, 55, 11, 58, 67, 73, 65, 89, 12, 62, 60, 94, 17, 57, 48, 3, 33, 46, 87, 35, 81, 22, 47, 18, 61, 41, 29, 71, 39, 6, 49, 1, 40, 93, 23, 44, 72, 77, 45, 28]","[331, 381, 344, 242, 300, 312, 318, 189, 249, 127, 106, 110, 365, 270, 203, 132, 128, 306, 145, 279, 354, 392, 234, 216, 174, 341, 153, 361, 205, 267, 121, 339, 371, 149, 402, 115, 100, 122, 120, 350, 304, 375, 292, 283, 126, 227, 356, 396, 208, 160, 213, 326, 163, 388, 146, 257, 298, 194, 301, 405, 224, 247, 236, 96, 337, 98, 218, 376, 325, 229, 191, 323, 133, 176, 260, 134, 360, 275, 316, 303, 268, 178, 284, 395, 131, 291, 385, 201, 221, 370, 235, 155, 374, 319, 351, 214, 140, 272, 130, 332, 264, 274, 159, 252, 363, 299, 330, 311, 271, 285, 281, 254, 136, 113, 245, 240, 138, 116, 162, 181, 175, 187, 343, 222, 193, 297, 263, 217, 148, 269, 307, 266, 95, 207, 183, 369, 109, 280, 195, 336, 349, 143, 169, 199, 399, 335, 157, 135, 182, 179, 210, 147, 114, 125, 161, 327, 209, 390, 404, 324, 362, 192, 348, 364, 167, 255, 101, 347, 238, 382, 104, 309, 352, 342, 112, 241, 397, 386, 250, 225, 305, 387, 378, 262, 256, 230, 111, 137, 315, 246, 296, 340, 97, 139, 273, 334, 158, 105, 220, 184, 394, 403, 372, 389, 333, 302, 287, 259, 328, 170, 373, 329, 384, 168, 211, 286, 228, 345, 119, 368, 278, 265, 212, 391, 251, 366, 219, 367, 204, 177, 164, 99, 117, 107, 290, 215, 400, 320, 282, 198, 261, 295, 173, 141, 248, 380, 243, 289, 118, 353, 108, 377, 196, 276, 206, 308, 124, 239, 314, 202, 197, 401, 357, 313, 186, 156, 188, 322, 294, 223, 398, 258, 233, 232, 359, 379, 293, 129, 150, 123, 144, 317, 321, 277, 244, 180, 231, 172, 393, 142, 383, 237, 152, 355, 288, 165, 185, 154, 253, 338, 358, 226, 102, 166, 346, 190, 200, 310, 103, 171, 151]"
diversity_on_nsga2,88,-0.8796275468524288,7.570372453147571,10.020372453147571,"[94, 84, 45, 49, 93, 23, 40, 88, 75, 28, 69, 21, 62, 14, 19, 71, 73, 41, 25, 81, 31, 11, 43, 64, 85, 70, 76, 61, 32, 79, 78, 77, 13, 4, 42, 35, 53, 57, 72, 22, 26, 36, 24, 80, 2, 17, 10, 87, 8, 83, 12, 30, 16, 33, 67, 5, 65, 46, 15, 9, 29, 59, 58, 1, 92, 7, 54, 60, 52, 86, 18, 3, 89, 48, 34, 68, 55, 51, 74, 6, 39, 47, 37, 90, 38, 56, 63, 20, 44, 50, 82, 27, 66, 91]","[393, 126, 112, 319, 107, 131, 381, 300, 312, 209, 127, 106, 269, 281, 316, 340, 188, 295, 206, 273, 334, 99, 351, 359, 150, 252, 173, 184, 394, 403, 193, 297, 217, 148, 307, 133, 248, 369, 232, 290, 157, 219, 364, 342, 356, 175, 274, 249, 331, 104, 344, 158, 110, 335, 135, 264, 182, 256, 97, 220, 398, 318, 140, 105, 189, 203, 101, 296, 139, 130, 270, 95, 397, 223, 368, 322, 186, 98, 404, 230, 372, 389, 353, 395, 332, 302, 192, 262, 374, 142, 299, 333, 155, 202, 363, 129, 336, 284, 178, 298, 180, 171, 222, 151, 239, 257, 117, 357, 244, 132, 373, 128, 366, 306, 204, 294, 145, 317, 167, 166, 329, 384, 210, 168, 279, 211, 354, 328, 392, 119, 234, 263, 216, 181, 197, 243, 271, 174, 310, 254, 377, 286, 399, 352, 159, 108, 255, 360, 228, 388, 195, 265, 402, 212, 320, 177, 170, 268, 347, 179, 321, 370, 120, 109, 183, 194, 301, 293, 282, 308, 224, 123, 124, 405, 276, 289, 156, 330, 280, 349, 326, 390, 396, 362, 114, 348, 238, 382, 324, 309, 241, 386, 250, 225, 305, 387, 231, 355, 288, 154, 338, 226, 346, 165, 103, 102, 137, 315, 246, 200, 365, 345, 358, 172, 278, 191, 113, 391, 251, 367, 242, 164, 267, 190, 227, 161, 371, 361, 215, 400, 198, 261, 375, 378, 141, 350, 196, 199, 125, 401, 313, 258, 233, 187, 283, 379, 144, 277, 247, 236, 96, 337, 136, 343, 153, 205, 121, 339, 149, 143, 218, 100, 314, 376, 287, 259, 325, 147, 207, 304, 266, 208, 160, 327, 163, 260, 134, 275, 303, 152, 122, 213, 229, 146, 201, 311, 323, 214, 380, 118, 176, 253, 111, 383, 285, 245, 240, 138, 116, 162, 237, 291, 185, 341, 169, 385, 221, 235, 115, 272, 292]"
diversity_on_nsga2,89,-14.3375243,7.3324757,10.4624757,"[33, 57, 46, 40, 28, 88, 27, 8, 82, 59, 44, 65, 12, 10, 26, 15, 56, 63, 79, 13, 86, 21, 54, 14, 20, 69, 53, 64, 4, 48, 76, 25, 9, 70, 75, 7, 19, 5, 68, 52, 38, 31, 74, 91, 43, 30, 16, 34, 83, 66, 80, 55, 11, 58, 67, 73, 89, 62, 60, 94, 42, 24, 3, 87, 35, 81, 22, 47, 18, 2, 41, 29, 71, 39, 6, 49, 1, 93, 23, 72, 77, 45, 50, 32, 37, 92, 78, 17, 90, 51, 61, 36, 84, 85]","[318, 186, 199, 360, 157, 364, 342, 365, 175, 331, 104, 344, 110, 182, 256, 97, 398, 248, 140, 189, 203, 101, 296, 289, 95, 223, 368, 322, 230, 372, 389, 353, 332, 192, 374, 382, 299, 333, 155, 202, 363, 221, 313, 178, 298, 180, 222, 239, 257, 117, 357, 373, 128, 366, 306, 242, 294, 145, 113, 384, 168, 211, 354, 138, 392, 119, 234, 216, 181, 197, 243, 271, 174, 310, 254, 377, 286, 352, 159, 108, 388, 195, 265, 212, 320, 177, 170, 347, 120, 109, 301, 282, 308, 124, 405, 276, 156, 330, 204, 251, 303, 247, 233, 385, 391, 278, 341, 261, 345, 272, 96, 136, 245, 240, 116, 291, 162, 187, 343, 361, 205, 267, 121, 339, 280, 371, 169, 143, 218, 115, 107, 215, 376, 287, 232, 316, 283, 359, 379, 249, 293, 270, 213, 129, 399, 150, 123, 335, 144, 167, 208, 321, 122, 277, 137, 253, 355, 235, 135, 179, 210, 395, 224, 324, 112, 158, 207, 160, 264, 340, 279, 337, 105, 217, 225, 98, 220, 386, 397, 393, 348, 346, 114, 275, 338, 154, 378, 219, 284, 236, 194, 148, 100, 171, 255, 307, 268, 274, 183, 328, 396, 305, 262, 326, 139, 132, 259, 370, 131, 263, 336, 153, 149, 151, 404, 103, 369, 314, 329, 252, 130, 302, 228, 134, 231, 244, 325, 349, 147, 309, 304, 375, 292, 266, 126, 400, 246, 356, 317, 125, 229, 327, 163, 146, 201, 191, 311, 323, 133, 238, 176, 390, 260, 362, 141, 367, 214, 118, 290, 258, 164, 250, 401, 227, 402, 198, 387, 380, 196, 172, 142, 383, 237, 152, 288, 165, 185, 358, 226, 111, 166, 190, 200, 161, 102, 285, 241, 319, 315, 381, 300, 312, 209, 127, 106, 269, 281, 188, 295, 206, 273, 334, 99, 351, 173, 184, 394, 403, 193, 297, 350]"
diversity_on_nsga2,90,-23.97928721923077,7.940712780769231,17.62071278076923,"[32, 37, 92, 78, 17, 85, 90, 51, 61, 27, 8, 10, 26, 36, 1, 88, 15, 56, 63, 82, 79, 13, 86, 59, 9, 66, 14, 20, 69, 53, 64, 4, 24, 58, 25, 21, 50, 70, 75, 33, 7, 19, 5, 68, 52, 47, 31, 74, 91, 43, 30, 16, 34, 83, 54, 80, 55, 49, 11, 76, 67, 73, 65, 41, 57, 84, 89, 42, 46, 48, 3, 22, 87, 35, 81, 12, 62, 93, 2, 60, 94, 71, 39, 6, 29, 38, 40, 18, 23, 44, 72, 77, 45, 28]","[369, 186, 360, 290, 157, 364, 342, 365, 175, 249, 331, 104, 344, 158, 110, 335, 264, 256, 220, 398, 248, 140, 105, 189, 203, 101, 296, 139, 130, 270, 95, 397, 223, 368, 322, 232, 98, 404, 230, 372, 389, 353, 395, 332, 302, 192, 262, 374, 299, 333, 155, 202, 363, 129, 336, 313, 178, 298, 180, 171, 222, 151, 239, 257, 117, 357, 244, 132, 373, 128, 366, 306, 242, 294, 145, 317, 167, 329, 384, 168, 279, 354, 234, 263, 216, 181, 197, 243, 271, 174, 310, 377, 286, 399, 352, 159, 108, 255, 228, 388, 195, 265, 402, 212, 177, 170, 268, 347, 321, 370, 120, 109, 183, 194, 301, 293, 282, 308, 123, 124, 289, 233, 385, 405, 276, 224, 156, 330, 198, 251, 303, 247, 144, 392, 391, 236, 278, 188, 119, 261, 345, 272, 96, 254, 113, 138, 387, 401, 97, 320, 135, 182, 179, 210, 142, 219, 379, 211, 137, 337, 136, 245, 240, 153, 361, 205, 267, 121, 339, 371, 149, 218, 115, 107, 100, 284, 314, 376, 122, 287, 259, 274, 325, 147, 309, 304, 341, 116, 291, 162, 187, 343, 280, 169, 143, 315, 215, 328, 349, 207, 375, 292, 266, 283, 126, 277, 400, 246, 356, 348, 396, 208, 160, 114, 125, 213, 229, 383, 326, 163, 146, 201, 191, 311, 323, 350, 238, 176, 390, 260, 362, 141, 367, 214, 118, 134, 199, 275, 235, 258, 164, 386, 250, 227, 324, 225, 305, 204, 380, 221, 196, 231, 172, 393, 382, 327, 237, 152, 355, 288, 165, 185, 154, 253, 338, 358, 226, 111, 166, 346, 190, 200, 161, 103, 378, 102, 285, 241, 112, 319, 131, 381, 300, 312, 209, 127, 106, 269, 281, 316, 340, 295, 206, 273, 334, 99, 351, 359, 150, 252, 173, 184, 394, 403, 193, 297, 217, 148, 307, 133, 318]"
diversity_on_nsga2,91,-86.3075383236196,20.4324616763804,57.49246167638039,"[68, 91, 24, 19, 26, 88, 32, 37, 78, 17, 85, 92, 90, 51, 27, 61, 36, 69, 75, 49, 13, 79, 33, 73, 62, 29, 21, 89, 3, 15, 40, 1, 12, 2, 72, 38, 55, 34, 87, 4, 56, 53, 16, 65, 59, 42, 93, 11, 5, 66, 83, 81, 39, 35, 9, 82, 71, 28, 41, 67, 7, 47, 57, 84, 63, 6, 76, 43, 54, 31, 74, 60, 58, 18, 46, 52, 8, 14, 64, 44, 23, 48, 10, 70, 94, 30, 80, 25, 20, 86, 22, 77, 45, 50]","[319, 107, 131, 381, 300, 312, 209, 127, 106, 269, 281, 316, 340, 188, 295, 206, 273, 334, 99, 351, 359, 150, 252, 173, 184, 394, 403, 193, 297, 217, 148, 307, 133, 369, 186, 360, 290, 157, 219, 364, 342, 365, 175, 274, 248, 192, 262, 374, 249, 331, 104, 344, 158, 110, 335, 135, 264, 395, 256, 97, 220, 398, 318, 140, 105, 189, 203, 161, 296, 289, 139, 130, 270, 95, 397, 223, 368, 322, 232, 98, 404, 230, 372, 389, 353, 182, 332, 302, 142, 299, 333, 202, 363, 129, 336, 313, 178, 298, 180, 171, 222, 151, 239, 257, 117, 357, 244, 132, 128, 366, 306, 242, 294, 145, 317, 167, 113, 329, 384, 210, 279, 211, 354, 138, 392, 119, 234, 263, 216, 181, 197, 243, 271, 174, 310, 254, 377, 286, 399, 352, 159, 108, 255, 228, 388, 195, 265, 402, 212, 320, 177, 170, 268, 347, 179, 321, 370, 120, 109, 183, 194, 301, 293, 282, 308, 123, 124, 405, 276, 224, 156, 330, 198, 251, 303, 247, 144, 233, 385, 391, 236, 278, 341, 261, 345, 272, 96, 137, 337, 136, 245, 240, 116, 291, 162, 187, 343, 153, 361, 155, 168, 122, 373, 103, 200, 205, 267, 121, 339, 280, 371, 149, 169, 143, 218, 115, 315, 215, 100, 284, 314, 376, 287, 259, 328, 325, 349, 147, 309, 207, 304, 375, 292, 266, 283, 126, 277, 400, 246, 356, 348, 396, 208, 160, 114, 125, 213, 229, 327, 326, 163, 146, 201, 191, 311, 323, 350, 238, 176, 390, 260, 362, 141, 367, 214, 379, 118, 134, 199, 275, 235, 258, 164, 386, 250, 401, 227, 324, 225, 204, 305, 387, 380, 221, 196, 231, 172, 393, 382, 383, 237, 152, 355, 288, 165, 185, 154, 253, 338, 358, 226, 111, 166, 346, 190, 101, 378, 102, 285, 241, 112]"
diversity_on_nsga2,92,-65.27945519999999,15.620544800000001,35.6205448,"[37, 92, 17, 85, 90, 51, 78, 61, 59, 27, 36, 8, 65, 15, 10, 26, 63, 38, 82, 73, 13, 72, 9, 19, 14, 20, 69, 53, 64, 4, 24, 25, 21, 50, 56, 55, 70, 75, 12, 7, 34, 16, 83, 66, 79, 58, 5, 68, 52, 62, 31, 74, 91, 43, 30, 54, 80, 57, 94, 11, 76, 67, 60, 84, 89, 42, 48, 3, 22, 46, 87, 35, 81, 33, 47, 18, 2, 41, 29, 71, 39, 6, 49, 1, 40, 93, 23, 44, 86, 77, 45, 28, 88, 32]","[331, 381, 344, 242, 300, 312, 318, 189, 249, 127, 106, 110, 203, 132, 128, 306, 354, 392, 216, 174, 341, 153, 361, 205, 267, 121, 371, 149, 402, 115, 100, 314, 122, 120, 350, 304, 375, 292, 283, 126, 227, 356, 396, 208, 160, 388, 257, 244, 194, 301, 405, 224, 247, 236, 96, 337, 98, 218, 376, 325, 260, 134, 360, 275, 316, 303, 152, 268, 178, 284, 383, 395, 237, 131, 291, 385, 221, 370, 235, 155, 374, 319, 351, 140, 272, 130, 332, 274, 393, 159, 252, 363, 299, 330, 271, 285, 281, 254, 136, 113, 245, 240, 138, 116, 162, 181, 187, 343, 222, 193, 297, 263, 217, 148, 269, 307, 266, 95, 207, 183, 369, 109, 280, 195, 336, 349, 143, 169, 199, 399, 335, 157, 135, 182, 179, 210, 147, 114, 125, 310, 209, 404, 324, 362, 192, 348, 255, 347, 238, 382, 104, 309, 342, 112, 241, 397, 386, 250, 225, 305, 387, 378, 355, 288, 262, 230, 346, 165, 103, 102, 137, 315, 246, 296, 200, 340, 97, 139, 273, 334, 158, 105, 220, 184, 394, 403, 372, 389, 219, 302, 287, 259, 328, 170, 373, 329, 384, 211, 286, 228, 345, 119, 368, 172, 278, 265, 212, 391, 251, 366, 333, 367, 177, 99, 190, 117, 107, 290, 215, 400, 320, 282, 198, 261, 295, 173, 231, 141, 243, 289, 353, 108, 377, 196, 276, 206, 308, 124, 239, 142, 202, 197, 401, 357, 313, 186, 156, 213, 229, 327, 326, 163, 146, 201, 191, 311, 323, 133, 352, 214, 364, 168, 167, 365, 270, 339, 380, 175, 101, 164, 234, 204, 279, 118, 161, 185, 154, 390, 256, 264, 176, 253, 338, 358, 248, 226, 111, 166, 145, 188, 322, 294, 258, 398, 223, 233, 232, 359, 379, 293, 129, 150, 123, 144, 317, 321, 277, 298, 180, 171, 151]"
diversity_on_nsga2,93,-32.699903660106216,7.980096339893777,31.00009633989378,"[77, 59, 28, 88, 32, 37, 92, 17, 85, 90, 9, 74, 69, 64, 4, 58, 21, 50, 70, 75, 93, 62, 31, 19, 91, 43, 30, 78, 34, 83, 66, 79, 61, 12, 13, 38, 56, 52, 80, 55, 33, 57, 46, 48, 3, 27, 36, 8, 65, 45, 54, 53, 72, 26, 15, 10, 94, 11, 76, 5, 42, 25, 14, 7, 67, 73, 24, 60, 84, 89, 22, 87, 35, 81, 47, 18, 2, 41, 29, 71, 39, 6, 49, 1, 40, 68, 51, 63, 82, 20, 16, 23, 44, 86]","[354, 392, 234, 174, 341, 361, 205, 121, 339, 371, 149, 115, 100, 283, 126, 356, 160, 163, 218, 376, 323, 176, 360, 316, 201, 235, 351, 140, 130, 399, 362, 225, 340, 97, 139, 273, 334, 295, 231, 248, 377, 206, 314, 188, 398, 150, 252, 105, 159, 220, 173, 184, 394, 401, 368, 322, 232, 170, 384, 230, 372, 389, 294, 395, 366, 302, 262, 299, 333, 155, 202, 363, 221, 108, 228, 274, 313, 321, 212, 178, 298, 180, 171, 222, 151, 286, 117, 357, 244, 194, 301, 136, 282, 370, 308, 123, 405, 276, 224, 156, 198, 251, 303, 247, 144, 233, 385, 391, 236, 310, 119, 261, 345, 272, 137, 337, 254, 293, 245, 240, 138, 116, 128, 162, 181, 329, 343, 403, 193, 393, 387, 148, 223, 307, 266, 318, 242, 95, 129, 183, 186, 109, 195, 172, 143, 199, 141, 290, 335, 157, 134, 182, 179, 210, 142, 379, 211, 284, 214, 168, 277, 118, 275, 258, 164, 386, 250, 350, 204, 268, 380, 383, 237, 152, 355, 122, 287, 120, 328, 325, 147, 207, 330, 311, 271, 285, 281, 280, 111, 349, 326, 209, 388, 390, 404, 324, 402, 175, 331, 114, 192, 348, 270, 364, 167, 255, 101, 135, 347, 238, 382, 104, 312, 396, 309, 352, 342, 112, 279, 336, 369, 241, 397, 217, 110, 107, 191, 320, 260, 153, 296, 297, 305, 215, 259, 133, 158, 278, 208, 125, 213, 229, 327, 197, 304, 375, 373, 292, 216, 246, 263, 96, 131, 99, 353, 124, 319, 269, 267, 249, 187, 227, 265, 127, 169, 288, 146, 289, 400, 239, 113, 344, 374, 243, 332, 196, 203, 219, 98, 359, 367, 132, 257, 177, 165, 185, 154, 256, 264, 253, 338, 358, 226, 166, 346, 190, 200, 161, 103, 378, 102, 315, 317, 381, 300, 189, 106, 365, 291, 306, 145]"
diversity_on_nsga2,94,-35.91865948128763,8.311340518712374,22.281340518712373,"[32, 35, 77, 42, 78, 67, 72, 22, 36, 2, 17, 87, 8, 12, 57, 38, 10, 26, 15, 74, 63, 82, 79, 13, 86, 9, 19, 14, 20, 69, 53, 64, 4, 24, 58, 25, 21, 50, 70, 75, 33, 7, 54, 5, 68, 52, 47, 31, 56, 91, 43, 30, 16, 34, 83, 66, 80, 55, 65, 46, 61, 59, 1, 92, 29, 44, 89, 18, 51, 60, 6, 39, 37, 90, 76, 94, 84, 3, 45, 49, 93, 23, 40, 88, 28, 62, 71, 73, 41, 81, 11, 48, 85, 27]","[275, 316, 152, 268, 122, 178, 284, 383, 395, 253, 237, 146, 131, 185, 201, 235, 214, 292, 393, 126, 311, 111, 349, 326, 390, 324, 362, 114, 348, 238, 396, 309, 341, 221, 155, 128, 374, 319, 351, 140, 130, 264, 159, 252, 363, 378, 299, 271, 285, 281, 209, 388, 404, 402, 175, 192, 255, 101, 347, 382, 104, 312, 342, 112, 279, 270, 241, 397, 302, 296, 158, 97, 322, 200, 203, 389, 321, 368, 273, 145, 171, 222, 151, 239, 257, 286, 117, 357, 244, 194, 301, 293, 243, 370, 308, 123, 124, 405, 276, 224, 156, 330, 198, 251, 303, 247, 144, 233, 385, 391, 236, 278, 310, 119, 254, 113, 138, 181, 329, 403, 193, 297, 263, 217, 148, 307, 350, 318, 242, 95, 183, 369, 186, 109, 195, 336, 320, 290, 335, 157, 135, 182, 179, 210, 219, 211, 107, 274, 332, 352, 364, 168, 167, 365, 184, 353, 228, 216, 340, 294, 189, 295, 399, 262, 161, 98, 359, 132, 177, 174, 232, 106, 180, 248, 384, 120, 105, 212, 334, 282, 206, 99, 400, 249, 170, 108, 344, 394, 306, 261, 345, 272, 96, 137, 337, 136, 245, 240, 116, 291, 162, 187, 343, 153, 361, 205, 267, 121, 339, 280, 371, 149, 169, 143, 218, 115, 315, 386, 250, 225, 305, 387, 231, 355, 288, 154, 256, 338, 226, 230, 346, 165, 103, 102, 246, 331, 381, 300, 139, 220, 372, 373, 358, 172, 265, 127, 366, 110, 333, 367, 204, 164, 190, 227, 215, 377, 375, 173, 269, 141, 380, 289, 118, 196, 234, 199, 142, 202, 197, 166, 125, 401, 313, 356, 188, 258, 398, 392, 223, 354, 283, 379, 213, 129, 150, 317, 277, 298, 100, 314, 376, 287, 259, 328, 325, 147, 207, 304, 266, 208, 160, 229, 327, 163, 191, 323, 133, 176, 260, 134, 360]"
diversity_on_nsga2,95,-50.23435225,18.67564775,19.665647749999998,"[42, 72, 9, 15, 59, 53, 64, 44, 58, 50, 86, 5, 57, 89, 6, 77, 12, 54, 88, 31, 33, 87, 35, 2, 39, 79, 51, 94, 18, 70, 26, 80, 45, 41, 29, 71, 49, 1, 40, 93, 23, 7, 65, 21, 43, 85, 16, 68, 52, 62, 76, 74, 91, 34, 83, 66, 19, 56, 25, 47, 4, 63, 24, 69, 81, 46, 32, 13, 30, 36, 84, 60, 38, 48, 55, 11, 27, 75, 8, 10, 37, 92, 78, 17, 90, 67, 28, 73, 20, 22, 61, 82, 14, 3]","[182, 374, 341, 285, 345, 119, 368, 115, 358, 174, 172, 278, 265, 212, 127, 275, 391, 306, 310, 200, 366, 110, 333, 363, 367, 352, 342, 204, 280, 177, 181, 349, 242, 99, 267, 193, 190, 104, 117, 109, 227, 161, 107, 371, 361, 116, 362, 152, 290, 215, 251, 320, 402, 169, 282, 198, 214, 261, 295, 145, 271, 375, 173, 332, 351, 126, 155, 128, 269, 101, 141, 248, 380, 383, 243, 203, 289, 118, 319, 353, 108, 377, 159, 113, 400, 95, 164, 359, 350, 241, 196, 234, 276, 216, 245, 308, 385, 199, 124, 222, 330, 239, 142, 202, 382, 197, 166, 125, 401, 357, 313, 178, 186, 356, 156, 223, 299, 233, 354, 192, 187, 138, 106, 297, 232, 316, 283, 175, 379, 249, 293, 270, 213, 129, 399, 150, 123, 335, 205, 167, 317, 321, 122, 277, 137, 253, 355, 235, 135, 179, 210, 395, 224, 324, 112, 158, 207, 160, 264, 183, 279, 188, 322, 294, 258, 209, 206, 398, 318, 392, 337, 105, 217, 225, 98, 220, 386, 397, 393, 348, 346, 114, 221, 338, 154, 378, 219, 284, 236, 194, 148, 100, 171, 255, 307, 268, 274, 340, 328, 396, 305, 262, 326, 139, 132, 259, 370, 131, 263, 336, 153, 149, 151, 404, 103, 369, 314, 329, 252, 130, 302, 228, 134, 140, 244, 381, 185, 286, 144, 257, 304, 303, 347, 237, 143, 157, 120, 373, 111, 168, 121, 272, 250, 231, 218, 229, 403, 394, 323, 365, 246, 309, 292, 405, 163, 388, 146, 201, 191, 311, 211, 133, 238, 176, 390, 260, 300, 343, 147, 389, 256, 136, 240, 170, 184, 327, 230, 266, 273, 360, 364, 96, 387, 165, 339, 372, 331, 291, 97, 102, 254, 281, 247, 226, 195, 301, 298, 384, 296, 376, 315, 288, 208, 180, 325, 189, 287, 162, 334, 312, 344]"
diversity_on_nsga2,96,-50.22297039183034,10.887029608169657,44.47702960816965,"[17, 85, 77, 47, 86, 20, 28, 90, 51, 61, 27, 36, 8, 73, 38, 10, 26, 15, 56, 63, 82, 13, 72, 9, 19, 14, 40, 64, 53, 69, 24, 25, 21, 50, 70, 58, 75, 12, 7, 54, 5, 68, 52, 16, 31, 74, 91, 43, 62, 34, 83, 66, 79, 80, 3, 94, 11, 76, 71, 65, 60, 84, 89, 42, 32, 48, 55, 22, 30, 92, 44, 57, 87, 35, 81, 33, 45, 18, 2, 41, 29, 67, 39, 6, 49, 1, 59, 93, 23, 4, 88, 46, 37, 78]","[300, 354, 312, 388, 275, 209, 189, 355, 268, 127, 288, 120, 152, 341, 106, 258, 386, 110, 281, 271, 104, 197, 362, 316, 340, 289, 188, 295, 206, 140, 260, 360, 231, 377, 235, 399, 373, 317, 139, 273, 334, 398, 99, 351, 359, 150, 252, 177, 158, 105, 159, 220, 173, 180, 97, 250, 305, 249, 196, 342, 130, 131, 331, 381, 344, 184, 394, 324, 397, 243, 223, 148, 232, 98, 404, 170, 230, 401, 320, 219, 379, 153, 361, 205, 267, 121, 339, 371, 149, 218, 115, 107, 100, 284, 314, 376, 122, 287, 259, 328, 325, 309, 304, 375, 292, 283, 126, 277, 400, 246, 356, 348, 396, 208, 160, 372, 389, 353, 294, 395, 366, 332, 302, 192, 262, 374, 382, 299, 333, 155, 202, 363, 221, 108, 255, 347, 274, 313, 321, 178, 298, 237, 171, 222, 151, 239, 257, 117, 357, 244, 194, 301, 293, 282, 370, 308, 123, 124, 405, 276, 224, 156, 330, 198, 251, 303, 247, 144, 233, 387, 391, 236, 310, 261, 272, 96, 137, 337, 136, 113, 245, 240, 138, 116, 291, 162, 181, 329, 187, 343, 403, 193, 297, 393, 263, 217, 385, 322, 269, 307, 350, 266, 318, 242, 95, 207, 129, 183, 369, 186, 109, 280, 195, 238, 336, 367, 349, 143, 169, 199, 290, 141, 215, 335, 157, 134, 135, 179, 147, 142, 114, 125, 213, 229, 327, 326, 163, 146, 201, 191, 311, 323, 133, 352, 214, 364, 167, 365, 270, 203, 380, 175, 101, 164, 234, 204, 279, 118, 161, 185, 154, 390, 256, 264, 176, 253, 338, 248, 226, 111, 166, 145, 346, 132, 190, 384, 210, 168, 211, 254, 286, 228, 182, 345, 119, 368, 358, 174, 172, 278, 265, 212, 216, 200, 306, 165, 383, 227, 225, 103, 378, 128, 102, 285, 241, 112, 319, 315, 402, 296, 392]"
diversity_on_nsga2,97,-62.718337749999996,24.561662249999998,31.081662249999997,"[78, 17, 85, 90, 51, 61, 27, 36, 8, 84, 26, 15, 56, 31, 79, 13, 86, 21, 54, 14, 29, 35, 50, 62, 82, 12, 60, 20, 69, 53, 64, 4, 24, 76, 25, 9, 59, 70, 75, 7, 19, 91, 68, 52, 38, 63, 74, 5, 43, 30, 16, 34, 83, 66, 80, 55, 11, 58, 67, 73, 65, 89, 94, 42, 57, 48, 3, 33, 46, 87, 88, 22, 47, 18, 2, 41, 71, 39, 6, 49, 1, 40, 93, 23, 44, 72, 77, 45, 10, 28, 81, 32, 37, 92]","[274, 182, 374, 341, 285, 345, 119, 368, 115, 358, 174, 104, 278, 265, 212, 113, 127, 221, 391, 306, 251, 310, 189, 366, 110, 230, 363, 367, 352, 342, 204, 280, 177, 181, 164, 349, 242, 99, 267, 193, 190, 172, 109, 227, 161, 107, 371, 361, 116, 362, 152, 290, 215, 400, 320, 402, 169, 220, 398, 248, 140, 105, 203, 101, 296, 289, 139, 130, 270, 95, 397, 223, 322, 232, 98, 404, 372, 389, 353, 395, 332, 302, 192, 262, 299, 333, 155, 202, 313, 178, 298, 180, 171, 222, 151, 239, 257, 244, 132, 373, 128, 294, 145, 317, 167, 329, 384, 210, 117, 357, 168, 279, 211, 354, 343, 392, 234, 263, 216, 197, 243, 271, 254, 377, 286, 399, 159, 108, 255, 228, 388, 195, 370, 347, 179, 321, 268, 120, 183, 194, 301, 293, 282, 308, 123, 124, 405, 276, 224, 156, 330, 198, 303, 247, 144, 233, 385, 236, 261, 272, 96, 137, 337, 136, 245, 240, 291, 162, 187, 138, 153, 205, 121, 339, 149, 143, 218, 100, 284, 314, 133, 129, 142, 376, 122, 287, 259, 328, 325, 147, 309, 207, 304, 375, 292, 266, 283, 126, 277, 246, 356, 348, 396, 208, 160, 114, 125, 213, 229, 327, 326, 163, 146, 201, 191, 311, 323, 350, 238, 176, 390, 260, 141, 214, 379, 118, 134, 199, 275, 235, 258, 386, 250, 401, 324, 225, 305, 387, 380, 196, 231, 393, 382, 383, 237, 355, 288, 165, 185, 154, 253, 338, 170, 226, 111, 166, 346, 200, 103, 378, 102, 241, 112, 319, 315, 131, 381, 157, 312, 209, 106, 269, 281, 316, 340, 188, 295, 206, 273, 334, 351, 359, 150, 252, 173, 184, 394, 403, 297, 217, 148, 307, 318, 369, 186, 360, 300, 219, 364, 365, 175, 336, 249, 331, 344, 158, 335, 135, 264, 256, 97]"
diversity_on_nsga2,98,-58.82242692423076,13.88757307576923,32.57757307576924,"[43, 30, 83, 11, 15, 38, 86, 28, 17, 44, 72, 16, 68, 25, 75, 21, 5, 54, 80, 53, 7, 65, 52, 55, 63, 24, 74, 51, 66, 77, 27, 14, 50, 58, 20, 26, 62, 94, 31, 70, 56, 8, 10, 13, 34, 23, 73, 67, 9, 76, 92, 78, 85, 90, 57, 36, 79, 82, 60, 22, 45, 71, 40, 4, 2, 89, 42, 37, 48, 3, 19, 46, 87, 35, 81, 33, 47, 18, 84, 41, 29, 39, 6, 49, 1, 59, 93, 61, 88, 32, 69, 64, 12, 91]","[329, 403, 393, 197, 243, 271, 174, 254, 377, 162, 121, 164, 213, 167, 95, 233, 370, 227, 140, 145, 182, 291, 261, 360, 205, 203, 364, 193, 266, 352, 314, 371, 101, 191, 135, 350, 297, 356, 235, 399, 373, 317, 139, 273, 334, 332, 299, 322, 398, 99, 351, 359, 150, 252, 177, 158, 105, 159, 220, 173, 184, 394, 324, 397, 282, 223, 137, 232, 98, 404, 170, 384, 230, 372, 389, 353, 294, 395, 366, 302, 192, 265, 262, 374, 382, 333, 155, 202, 363, 221, 108, 255, 228, 347, 328, 313, 321, 212, 178, 298, 180, 171, 222, 151, 315, 257, 286, 326, 96, 368, 237, 258, 358, 102, 310, 211, 338, 280, 387, 385, 305, 269, 160, 245, 114, 122, 146, 168, 97, 327, 110, 342, 234, 208, 320, 147, 275, 215, 274, 154, 239, 357, 244, 194, 263, 217, 148, 381, 307, 318, 242, 129, 183, 369, 109, 195, 172, 238, 336, 367, 199, 141, 335, 157, 134, 210, 142, 219, 379, 337, 136, 240, 116, 187, 343, 153, 361, 267, 339, 207, 201, 311, 323, 214, 365, 270, 380, 175, 204, 279, 118, 149, 402, 169, 143, 218, 115, 179, 107, 100, 284, 376, 287, 120, 259, 325, 349, 309, 304, 283, 250, 348, 165, 131, 289, 185, 290, 344, 285, 209, 300, 340, 396, 190, 346, 281, 111, 126, 225, 132, 128, 306, 392, 216, 268, 253, 362, 106, 277, 186, 386, 378, 256, 319, 295, 331, 401, 400, 104, 133, 264, 200, 388, 288, 354, 226, 163, 130, 188, 161, 316, 196, 312, 355, 390, 246, 375, 112, 125, 241, 296, 166, 152, 103, 176, 260, 248, 249, 229, 292, 341, 189, 206, 231, 383, 117, 301, 293, 308, 123, 124, 405, 276, 224, 156, 330, 198, 251, 303, 247, 127, 391, 236, 278, 144, 119, 345, 272, 113, 138, 181]"
diversity_on_nsga2,99,-91.324579755,30.975420245000002,63.075420245000004,"[88, 32, 37, 92, 85, 90, 28, 41, 61, 59, 27, 36, 8, 38, 10, 26, 63, 83, 15, 82, 13, 72, 9, 19, 14, 20, 69, 53, 64, 4, 62, 58, 25, 21, 70, 75, 54, 5, 68, 52, 31, 74, 91, 43, 30, 16, 34, 56, 66, 80, 55, 11, 76, 67, 79, 84, 42, 73, 65, 89, 12, 24, 60, 94, 17, 57, 48, 3, 33, 46, 87, 35, 81, 22, 18, 2, 78, 29, 71, 39, 6, 49, 1, 40, 93, 23, 44, 86, 77, 45, 50, 47, 7, 51]","[381, 242, 106, 110, 270, 145, 354, 174, 153, 361, 205, 267, 121, 339, 371, 149, 402, 115, 100, 122, 120, 304, 375, 292, 283, 126, 356, 388, 146, 244, 337, 218, 376, 325, 316, 303, 178, 284, 237, 291, 319, 130, 332, 264, 274, 393, 159, 363, 330, 254, 136, 240, 175, 148, 307, 183, 369, 280, 336, 143, 169, 199, 135, 404, 348, 364, 347, 104, 309, 397, 378, 288, 154, 256, 226, 230, 246, 200, 273, 158, 105, 394, 403, 389, 333, 302, 287, 259, 328, 170, 329, 338, 278, 391, 219, 99, 396, 208, 160, 163, 161, 107, 400, 320, 295, 380, 276, 314, 401, 357, 186, 188, 398, 233, 232, 359, 379, 144, 277, 147, 373, 352, 231, 196, 129, 119, 312, 366, 384, 182, 239, 355, 201, 124, 156, 372, 243, 223, 173, 181, 167, 116, 387, 171, 335, 212, 112, 349, 179, 395, 224, 193, 125, 241, 296, 152, 321, 137, 374, 103, 101, 150, 257, 248, 127, 215, 315, 313, 180, 261, 249, 299, 142, 195, 229, 207, 192, 341, 365, 220, 266, 140, 206, 353, 95, 189, 383, 123, 162, 308, 327, 282, 350, 98, 165, 187, 131, 289, 343, 172, 245, 185, 236, 297, 290, 344, 368, 301, 184, 285, 269, 251, 345, 157, 203, 209, 300, 326, 340, 217, 222, 334, 190, 272, 346, 97, 318, 194, 281, 322, 191, 311, 323, 133, 238, 176, 390, 260, 362, 141, 367, 214, 118, 134, 360, 275, 235, 258, 164, 386, 250, 227, 324, 225, 204, 305, 114, 213, 111, 117, 405, 151, 351, 96, 385, 382, 342, 155, 202, 228, 128, 306, 294, 113, 210, 168, 279, 211, 138, 392, 234, 263, 216, 197, 271, 310, 377, 286, 399, 108, 255, 317, 265, 177, 370, 268, 109, 253, 252, 166, 358, 293, 247, 198, 139, 132, 102, 298, 221, 262, 331]"
