experiment,solution_id,obj_1,obj_2,obj_3,breakfast_ids,lunch_ids
diversity_off_nsga2,0,-11.321149865384616,5.948850134615385,11.678850134615384,"[33, 13, 24, 50, 69, 63, 18, 2, 41, 21, 80, 29, 71, 39, 58, 49, 40, 93, 11, 4, 44, 9, 19, 86, 77, 45, 20, 83, 82, 16, 88, 32, 37, 91, 78, 70, 17, 85, 90, 51, 75, 64, 61, 12, 27, 73, 65, 59, 54, 10, 72, 23, 8, 46, 66, 43, 5, 56, 57, 60, 67, 94, 26, 3, 52, 92, 30, 79, 14, 42, 53, 7, 84, 31, 87, 36, 62, 55, 74, 38, 81, 15, 22, 48, 28, 35, 76, 47, 34, 6, 89, 25, 68, 1]","[339, 385, 178, 281, 143, 232, 201, 174, 124, 290, 139, 369, 378, 104, 267, 402, 257, 327, 314, 199, 247, 308, 275, 326, 173, 316, 252, 386, 222, 165, 218, 243, 95, 228, 241, 258, 286, 367, 113, 284, 99, 337, 343, 237, 273, 144, 168, 140, 375, 288, 224, 193, 307, 380, 244, 216, 389, 200, 149, 366, 280, 324, 320, 394, 245, 102, 172, 393, 230, 297, 103, 159, 272, 254, 323, 270, 291, 282, 336, 274, 186, 376, 214, 347, 399, 115, 306, 388, 340, 196, 269, 404, 259, 138, 109, 341, 405, 293, 249, 141, 97, 331, 184, 365, 234, 206, 397, 289, 229, 372, 177, 296, 133, 120, 167, 154, 191, 98, 129, 271, 277, 384, 153, 278, 134, 213, 253, 359, 192, 356, 207, 304, 266, 217, 377, 205, 268, 358, 300, 332, 152, 188, 238, 398, 176, 334, 160, 305, 212, 344, 248, 155, 335, 294, 328, 126, 96, 130, 354, 357, 116, 227, 302, 106, 121, 312, 261, 169, 368, 202, 303, 210, 219, 379, 211, 352, 123, 240, 170, 318, 250, 363, 203, 246, 374, 162, 209, 101, 279, 127, 185, 262, 390, 264, 137, 395, 361, 226, 111, 180, 338, 175, 242, 171, 107, 158, 315, 373, 145, 351, 163, 360, 263, 110, 187, 355, 156, 295, 146, 382, 317, 348, 125, 350, 333, 100, 383, 309, 148, 220, 299, 381, 265, 233, 142, 276, 301, 190, 161, 298, 292, 319, 321, 329, 166, 135, 313, 403, 221, 119, 223, 204, 325, 345, 118, 147, 322, 371, 283, 260, 208, 255, 197, 251, 362, 164, 387, 330, 189, 179, 108, 136, 122, 310, 311, 198, 132, 256, 285, 400, 370, 183, 349, 231, 392, 151, 235, 105, 236, 391, 181, 215, 287, 131, 195, 396, 239, 194, 353, 401, 157, 117, 346, 182, 150, 342, 114, 225, 364, 128, 112]"
diversity_off_nsga2,1,-7.02004425,12.05995575,3.9799557500000002,"[33, 13, 24, 69, 63, 2, 41, 80, 29, 71, 39, 58, 49, 40, 93, 4, 9, 19, 86, 77, 20, 83, 82, 16, 32, 37, 91, 78, 75, 64, 61, 12, 27, 73, 65, 59, 54, 72, 23, 8, 66, 5, 57, 60, 67, 26, 52, 92, 14, 42, 53, 7, 36, 74, 15, 76, 47, 34, 6, 89, 25, 17, 44, 90, 45, 18, 88, 50, 84, 51, 70, 35, 10, 28, 56, 81, 38, 11, 85, 79, 55, 48, 3, 22, 43, 31, 46, 30, 62, 87, 94, 21, 68, 1]","[281, 143, 232, 201, 174, 124, 290, 139, 369, 378, 104, 267, 402, 257, 327, 314, 199, 308, 275, 316, 252, 222, 165, 243, 228, 241, 258, 286, 367, 113, 284, 99, 337, 343, 237, 273, 144, 168, 375, 288, 224, 380, 354, 216, 149, 324, 320, 394, 245, 172, 230, 103, 159, 272, 254, 323, 270, 291, 282, 336, 274, 186, 376, 214, 347, 399, 115, 306, 388, 340, 196, 269, 259, 138, 109, 341, 405, 293, 249, 141, 97, 184, 234, 206, 397, 289, 229, 177, 296, 129, 167, 154, 191, 120, 271, 277, 384, 153, 278, 134, 213, 253, 195, 356, 207, 304, 266, 217, 377, 205, 268, 300, 332, 188, 238, 398, 176, 334, 160, 305, 212, 344, 248, 155, 335, 328, 126, 96, 244, 357, 116, 302, 106, 121, 312, 169, 368, 202, 303, 210, 219, 379, 352, 123, 170, 318, 250, 363, 203, 246, 374, 162, 209, 101, 279, 127, 262, 264, 361, 180, 171, 107, 315, 373, 351, 163, 360, 187, 355, 156, 295, 146, 382, 317, 348, 333, 100, 309, 148, 381, 233, 142, 276, 301, 190, 298, 292, 319, 321, 166, 135, 313, 403, 221, 119, 204, 325, 345, 118, 147, 322, 371, 283, 260, 255, 197, 362, 164, 387, 330, 189, 179, 136, 122, 310, 311, 198, 132, 256, 285, 400, 370, 349, 231, 392, 151, 236, 391, 181, 287, 396, 239, 194, 240, 223, 185, 227, 383, 307, 338, 137, 247, 218, 133, 297, 131, 226, 161, 102, 365, 175, 331, 110, 350, 105, 130, 200, 98, 404, 372, 389, 353, 395, 192, 265, 299, 152, 366, 242, 294, 95, 261, 183, 326, 220, 173, 235, 215, 339, 158, 263, 211, 193, 145, 208, 108, 111, 182, 140, 393, 329, 358, 125, 280, 386, 251, 390, 359, 401, 157, 117, 346, 150, 342, 114, 225, 364, 128, 112, 385, 178]"
diversity_off_nsga2,2,-113.62753982423955,27.752460175760447,93.67246017576043,"[91, 22, 88, 32, 44, 92, 6, 17, 90, 68, 61, 27, 36, 62, 65, 51, 54, 10, 26, 15, 56, 63, 50, 13, 72, 9, 19, 14, 59, 69, 53, 64, 37, 58, 25, 82, 70, 12, 7, 28, 5, 52, 8, 31, 74, 20, 43, 30, 48, 75, 21, 23, 1, 85, 73, 16, 34, 83, 86, 79, 80, 55, 94, 11, 76, 24, 66, 4, 39, 2, 33, 29, 84, 35, 57, 93, 42, 60, 49, 41, 47, 87, 3, 18, 46, 38, 67, 78, 89, 71, 81, 40, 45, 77]","[319, 275, 151, 337, 248, 344, 323, 296, 221, 358, 274, 201, 219, 262, 374, 382, 299, 155, 363, 228, 347, 321, 180, 171, 222, 239, 257, 353, 117, 357, 244, 194, 301, 293, 282, 308, 123, 124, 224, 251, 225, 385, 341, 119, 254, 245, 240, 138, 113, 329, 187, 350, 361, 267, 339, 149, 143, 215, 284, 315, 290, 371, 114, 153, 166, 231, 199, 295, 177, 402, 376, 99, 328, 168, 279, 211, 392, 234, 335, 232, 386, 197, 373, 306, 384, 195, 139, 101, 368, 223, 134, 288, 298, 397, 204, 331, 97, 327, 292, 209, 230, 105, 214, 258, 110, 253, 365, 212, 362, 318, 265, 336, 338, 378, 121, 375, 216, 266, 283, 227, 157, 102, 172, 129, 104, 377, 316, 269, 238, 256, 271, 132, 131, 169, 150, 109, 159, 213, 310, 297, 103, 388, 367, 164, 148, 273, 161, 252, 185, 394, 95, 342, 193, 208, 108, 340, 140, 189, 130, 270, 243, 404, 372, 286, 332, 192, 202, 255, 144, 233, 272, 398, 167, 317, 122, 135, 158, 207, 183, 322, 294, 217, 98, 220, 170, 160, 247, 145, 242, 309, 277, 360, 370, 191, 181, 174, 96, 176, 184, 106, 307, 313, 383, 263, 200, 312, 118, 405, 115, 403, 188, 390, 111, 261, 393, 348, 304, 147, 190, 333, 324, 260, 343, 305, 179, 326, 396, 136, 351, 287, 142, 391, 380, 303, 325, 241, 300, 126, 276, 311, 345, 146, 401, 285, 278, 154, 163, 125, 205, 381, 395, 127, 235, 246, 320, 346, 141, 291, 107, 112, 156, 268, 133, 355, 236, 359, 198, 196, 349, 162, 186, 280, 379, 387, 152, 281, 116, 218, 173, 206, 330, 334, 356, 250, 175, 366, 100, 264, 226, 352, 210, 259, 400, 128, 203, 137, 302, 389, 178, 249, 369, 229, 364, 314, 354, 399, 289, 120, 237, 182, 165]"
diversity_off_nsga2,3,-113.62753982423955,27.752460175760447,93.67246017576043,"[91, 22, 88, 32, 44, 92, 6, 17, 90, 68, 61, 27, 36, 62, 65, 51, 54, 10, 26, 15, 56, 63, 50, 13, 72, 9, 19, 14, 59, 69, 53, 64, 37, 58, 25, 82, 70, 12, 7, 28, 5, 52, 8, 31, 74, 20, 43, 30, 48, 75, 21, 23, 1, 85, 73, 16, 34, 83, 86, 79, 80, 55, 94, 11, 76, 24, 66, 4, 39, 78, 33, 29, 84, 35, 57, 93, 42, 60, 49, 41, 47, 87, 3, 18, 46, 38, 67, 2, 89, 71, 81, 40, 45, 77]","[319, 275, 151, 337, 248, 344, 323, 296, 221, 358, 274, 201, 219, 262, 374, 382, 299, 155, 363, 228, 347, 321, 180, 171, 222, 239, 257, 353, 117, 357, 244, 194, 301, 293, 282, 308, 123, 124, 224, 251, 225, 385, 341, 119, 254, 245, 240, 138, 113, 329, 187, 350, 361, 267, 339, 149, 143, 215, 284, 315, 290, 371, 114, 153, 166, 231, 199, 295, 177, 402, 376, 99, 328, 168, 279, 211, 392, 234, 335, 232, 386, 197, 373, 306, 384, 195, 139, 101, 368, 223, 134, 288, 298, 397, 204, 331, 97, 327, 292, 209, 230, 105, 214, 258, 110, 253, 365, 212, 362, 318, 265, 336, 338, 378, 121, 375, 216, 266, 283, 227, 157, 102, 172, 129, 104, 377, 316, 269, 238, 256, 271, 132, 131, 169, 150, 109, 159, 213, 310, 297, 103, 388, 367, 164, 148, 273, 161, 252, 185, 394, 95, 342, 193, 208, 108, 340, 140, 189, 130, 270, 243, 404, 372, 286, 332, 192, 202, 255, 144, 233, 272, 398, 167, 317, 122, 135, 158, 207, 183, 322, 294, 217, 98, 220, 170, 160, 247, 145, 242, 309, 277, 360, 370, 191, 181, 174, 96, 176, 184, 106, 307, 313, 383, 263, 200, 312, 118, 405, 115, 403, 188, 390, 111, 261, 393, 348, 304, 147, 190, 333, 324, 260, 343, 305, 179, 326, 396, 136, 351, 287, 142, 391, 380, 303, 325, 241, 300, 126, 276, 311, 345, 146, 401, 285, 278, 154, 163, 125, 205, 381, 395, 127, 235, 246, 320, 346, 141, 291, 107, 112, 156, 268, 133, 355, 236, 359, 198, 196, 349, 162, 186, 280, 379, 387, 152, 281, 116, 218, 173, 206, 330, 334, 356, 250, 175, 366, 100, 264, 226, 352, 210, 259, 400, 128, 203, 137, 302, 389, 178, 249, 369, 229, 364, 314, 354, 399, 289, 120, 237, 182, 165]"
diversity_off_nsga2,4,-96.065784775,37.334215225,50.534215225000004,"[78, 17, 85, 68, 61, 27, 54, 62, 65, 36, 73, 10, 26, 48, 72, 12, 7, 28, 5, 15, 56, 63, 57, 13, 9, 19, 14, 59, 69, 53, 37, 58, 25, 55, 64, 70, 24, 82, 84, 52, 8, 31, 74, 20, 43, 50, 30, 16, 34, 2, 4, 29, 51, 49, 18, 79, 80, 21, 94, 38, 76, 23, 66, 39, 75, 33, 41, 35, 77, 1, 93, 42, 83, 90, 86, 47, 87, 3, 60, 46, 11, 67, 6, 89, 71, 81, 40, 45, 91, 22, 88, 32, 44, 92]","[154, 248, 344, 323, 221, 114, 153, 166, 231, 358, 277, 201, 219, 262, 374, 382, 299, 155, 363, 228, 347, 321, 395, 180, 171, 222, 239, 257, 286, 117, 357, 244, 194, 301, 293, 282, 308, 123, 124, 224, 251, 391, 385, 341, 119, 254, 245, 240, 138, 113, 329, 187, 350, 297, 267, 339, 149, 143, 215, 284, 315, 290, 371, 199, 295, 177, 402, 376, 198, 296, 207, 99, 328, 168, 279, 211, 392, 234, 335, 232, 386, 197, 373, 306, 384, 195, 139, 101, 368, 223, 134, 288, 298, 250, 397, 204, 331, 97, 327, 235, 292, 209, 230, 105, 214, 258, 110, 253, 365, 212, 362, 318, 265, 336, 338, 378, 121, 375, 216, 266, 283, 227, 157, 102, 172, 129, 104, 377, 316, 269, 238, 256, 271, 132, 131, 169, 150, 109, 159, 213, 310, 361, 103, 388, 367, 164, 148, 273, 161, 252, 185, 394, 95, 342, 193, 208, 108, 340, 140, 189, 130, 270, 243, 404, 372, 353, 332, 192, 202, 255, 144, 233, 263, 398, 167, 317, 122, 135, 158, 276, 112, 322, 294, 217, 98, 220, 170, 160, 247, 145, 242, 309, 274, 360, 370, 191, 181, 174, 96, 176, 184, 106, 307, 127, 313, 383, 272, 200, 312, 118, 405, 115, 403, 188, 390, 111, 261, 393, 348, 381, 304, 278, 190, 333, 324, 260, 343, 305, 179, 326, 396, 136, 351, 287, 142, 225, 380, 303, 325, 241, 300, 126, 311, 345, 146, 401, 285, 147, 337, 163, 125, 205, 246, 320, 346, 141, 291, 107, 183, 156, 268, 133, 355, 236, 359, 196, 349, 162, 186, 280, 379, 387, 152, 281, 116, 218, 173, 206, 330, 334, 356, 175, 366, 100, 264, 226, 352, 210, 259, 400, 128, 203, 137, 302, 389, 178, 249, 369, 229, 364, 314, 354, 399, 289, 120, 237, 182, 165, 319, 275, 151]"
diversity_off_nsga2,5,1.8290621569077112,7.979062156907712,5.829062156907711,"[50, 49, 56, 88, 6, 72, 59, 15, 61, 10, 48, 13, 92, 17, 53, 65, 32, 77, 63, 9, 8, 19, 38, 3, 82, 89, 25, 18, 26, 14, 69, 64, 1, 23, 58, 36, 78, 70, 47, 12, 7, 54, 5, 68, 52, 62, 2, 74, 91, 43, 30, 85, 73, 75, 34, 83, 86, 79, 22, 76, 24, 66, 31, 33, 11, 35, 57, 27, 93, 46, 41, 71, 60, 67, 87, 44, 37, 51, 81, 21, 80, 29, 39, 94, 40, 28, 84, 4, 45, 42, 16, 20, 90, 55]","[329, 187, 350, 361, 339, 149, 143, 215, 284, 220, 132, 371, 114, 166, 212, 199, 295, 138, 392, 216, 181, 174, 397, 352, 347, 274, 298, 357, 244, 194, 123, 267, 157, 191, 362, 314, 200, 290, 120, 153, 363, 177, 238, 376, 188, 147, 190, 126, 311, 171, 222, 375, 356, 231, 381, 366, 182, 287, 201, 170, 243, 390, 223, 279, 225, 395, 296, 321, 176, 101, 402, 258, 328, 168, 198, 234, 335, 232, 386, 197, 373, 306, 384, 195, 139, 368, 134, 288, 254, 204, 331, 97, 327, 235, 292, 382, 105, 214, 99, 110, 253, 365, 318, 265, 336, 338, 378, 121, 266, 283, 227, 102, 172, 129, 163, 246, 291, 107, 268, 133, 233, 312, 208, 156, 372, 167, 360, 388, 213, 193, 125, 241, 205, 391, 103, 260, 127, 313, 261, 160, 142, 269, 184, 271, 131, 169, 150, 109, 320, 96, 255, 300, 325, 297, 346, 309, 185, 398, 324, 351, 277, 370, 108, 310, 405, 326, 315, 207, 342, 141, 111, 272, 179, 377, 144, 278, 307, 202, 122, 148, 367, 164, 383, 217, 247, 340, 316, 273, 226, 112, 252, 106, 161, 104, 158, 183, 135, 256, 140, 189, 130, 270, 95, 322, 98, 404, 242, 353, 332, 192, 394, 317, 294, 145, 263, 159, 118, 115, 403, 393, 348, 304, 333, 343, 396, 136, 380, 303, 276, 355, 236, 359, 211, 196, 349, 341, 186, 280, 379, 387, 152, 281, 116, 218, 173, 206, 330, 334, 250, 175, 100, 264, 230, 210, 259, 400, 128, 203, 137, 302, 389, 178, 249, 369, 229, 364, 354, 399, 289, 237, 165, 345, 146, 401, 337, 319, 275, 151, 119, 248, 344, 323, 221, 358, 219, 262, 374, 209, 299, 155, 228, 180, 285, 239, 257, 286, 117, 301, 293, 282, 308, 305, 124, 224, 251, 385, 162, 154, 245, 240, 113]"
diversity_off_nsga2,6,-110.28071223557693,23.86928776442308,79.31928776442308,"[77, 91, 22, 88, 32, 44, 92, 78, 17, 85, 62, 68, 89, 27, 36, 90, 65, 54, 73, 10, 26, 15, 56, 63, 50, 29, 13, 72, 9, 19, 14, 59, 69, 53, 64, 37, 24, 58, 25, 55, 82, 70, 84, 12, 7, 28, 5, 52, 8, 31, 74, 20, 43, 30, 16, 34, 48, 75, 79, 4, 80, 21, 94, 11, 76, 23, 66, 51, 39, 2, 33, 86, 35, 57, 1, 93, 42, 83, 60, 49, 41, 47, 87, 3, 18, 46, 38, 67, 6, 61, 71, 81, 40, 45]","[275, 151, 154, 248, 344, 323, 221, 358, 346, 201, 219, 262, 374, 382, 299, 155, 363, 228, 347, 321, 395, 180, 171, 222, 239, 257, 286, 117, 357, 244, 194, 301, 293, 282, 308, 123, 124, 224, 251, 225, 385, 341, 119, 254, 245, 240, 138, 113, 329, 187, 350, 361, 267, 339, 149, 143, 215, 284, 315, 290, 371, 114, 153, 166, 231, 199, 295, 177, 402, 376, 99, 328, 168, 279, 211, 392, 234, 335, 232, 386, 197, 373, 306, 384, 195, 317, 198, 139, 101, 368, 223, 134, 288, 298, 397, 204, 331, 97, 327, 235, 292, 209, 230, 105, 214, 258, 110, 253, 365, 212, 362, 318, 265, 336, 338, 378, 121, 375, 216, 266, 283, 227, 157, 102, 172, 129, 104, 377, 316, 269, 238, 256, 271, 132, 131, 169, 150, 109, 159, 213, 310, 297, 103, 388, 367, 164, 148, 273, 161, 252, 185, 394, 95, 342, 193, 208, 108, 340, 140, 189, 130, 270, 243, 404, 372, 353, 332, 192, 202, 272, 144, 233, 255, 398, 167, 296, 122, 135, 158, 207, 183, 322, 294, 217, 98, 220, 170, 160, 247, 145, 242, 309, 277, 360, 370, 191, 181, 174, 96, 176, 184, 106, 307, 127, 313, 383, 263, 200, 312, 118, 405, 115, 403, 188, 390, 111, 261, 393, 348, 381, 304, 147, 190, 333, 324, 260, 343, 305, 179, 326, 396, 136, 351, 287, 142, 391, 380, 303, 325, 241, 300, 126, 276, 311, 345, 146, 401, 285, 278, 337, 163, 125, 205, 246, 320, 274, 141, 291, 107, 112, 156, 268, 133, 355, 236, 359, 196, 349, 162, 186, 280, 379, 387, 152, 281, 116, 218, 173, 206, 330, 334, 356, 250, 175, 366, 100, 264, 226, 352, 210, 259, 400, 128, 203, 137, 302, 389, 178, 249, 369, 229, 364, 314, 354, 399, 289, 120, 237, 182, 165, 319]"
diversity_off_nsga2,7,-113.18831212734301,36.481687872657005,76.511687872657,"[77, 91, 22, 88, 32, 44, 92, 78, 17, 85, 90, 68, 61, 27, 36, 62, 65, 54, 73, 10, 26, 15, 56, 76, 53, 29, 13, 72, 9, 19, 14, 59, 69, 50, 64, 70, 24, 58, 25, 55, 82, 37, 84, 12, 7, 28, 5, 52, 8, 31, 74, 20, 43, 30, 16, 34, 48, 75, 79, 4, 80, 21, 94, 11, 63, 23, 66, 51, 39, 2, 33, 86, 35, 57, 1, 93, 42, 83, 60, 49, 41, 47, 87, 3, 18, 46, 38, 67, 6, 89, 71, 81, 40, 45]","[151, 154, 248, 344, 323, 221, 358, 201, 219, 262, 374, 382, 299, 155, 363, 228, 347, 321, 395, 180, 171, 222, 239, 257, 286, 117, 357, 244, 194, 301, 293, 282, 308, 123, 124, 224, 251, 225, 385, 341, 119, 254, 245, 240, 138, 113, 329, 187, 350, 361, 267, 339, 149, 143, 215, 284, 315, 290, 371, 114, 153, 166, 231, 199, 295, 177, 402, 376, 198, 296, 207, 277, 99, 328, 168, 279, 211, 392, 234, 335, 232, 386, 197, 373, 306, 384, 195, 139, 101, 368, 223, 134, 288, 298, 397, 204, 331, 97, 327, 235, 292, 209, 230, 105, 214, 258, 110, 253, 365, 212, 362, 318, 265, 336, 338, 378, 121, 375, 216, 266, 283, 227, 157, 102, 172, 129, 104, 377, 316, 269, 238, 256, 271, 132, 131, 169, 150, 109, 159, 213, 310, 297, 103, 388, 367, 164, 148, 273, 161, 252, 185, 394, 95, 342, 193, 208, 108, 340, 140, 189, 130, 270, 243, 404, 372, 353, 332, 192, 202, 255, 144, 233, 272, 398, 167, 317, 122, 135, 158, 276, 183, 322, 294, 217, 98, 220, 170, 160, 247, 145, 242, 309, 274, 360, 370, 191, 181, 174, 96, 176, 184, 106, 307, 127, 313, 383, 263, 200, 312, 118, 405, 115, 403, 188, 390, 111, 261, 393, 348, 381, 304, 147, 190, 333, 324, 260, 343, 305, 179, 326, 396, 136, 351, 287, 142, 391, 380, 303, 325, 241, 300, 126, 311, 345, 146, 401, 285, 278, 337, 163, 125, 205, 246, 320, 346, 141, 291, 107, 112, 156, 268, 133, 355, 236, 359, 196, 349, 162, 186, 280, 379, 387, 152, 281, 116, 218, 173, 206, 330, 334, 356, 250, 175, 366, 100, 264, 226, 352, 210, 259, 400, 128, 203, 137, 302, 389, 178, 249, 369, 229, 364, 314, 354, 399, 289, 120, 237, 182, 165, 319, 275]"
diversity_off_nsga2,8,-95.155428244225,28.414571755774983,56.24457175577498,"[9, 4, 25, 79, 89, 31, 36, 33, 35, 67, 21, 59, 15, 61, 7, 10, 13, 86, 41, 44, 34, 62, 92, 12, 85, 70, 17, 38, 54, 5, 60, 52, 69, 53, 64, 37, 24, 19, 43, 30, 16, 83, 65, 80, 55, 94, 11, 76, 23, 66, 74, 39, 32, 29, 84, 57, 93, 18, 22, 14, 50, 42, 58, 91, 1, 47, 20, 90, 26, 48, 68, 49, 87, 3, 46, 73, 6, 71, 81, 40, 77, 45, 28, 88, 2, 78, 75, 51, 27, 8, 56, 63, 82, 72]","[319, 275, 151, 154, 248, 344, 323, 296, 221, 358, 274, 201, 219, 262, 374, 382, 299, 155, 363, 228, 347, 321, 395, 180, 171, 222, 239, 257, 286, 117, 357, 244, 194, 301, 293, 282, 308, 123, 124, 224, 251, 225, 385, 341, 119, 254, 245, 240, 138, 113, 329, 187, 350, 361, 267, 339, 149, 143, 215, 284, 315, 290, 371, 114, 153, 166, 231, 199, 295, 177, 402, 376, 99, 328, 168, 279, 211, 392, 234, 335, 232, 386, 197, 373, 306, 384, 195, 139, 101, 368, 223, 134, 288, 298, 292, 204, 331, 97, 327, 235, 397, 399, 230, 105, 214, 258, 110, 253, 365, 212, 362, 318, 265, 336, 338, 378, 121, 375, 216, 266, 283, 227, 157, 102, 172, 129, 163, 246, 291, 107, 268, 133, 359, 198, 186, 280, 379, 281, 218, 173, 206, 330, 356, 233, 249, 196, 381, 259, 312, 366, 182, 355, 287, 208, 170, 156, 372, 243, 390, 167, 360, 387, 112, 349, 213, 193, 125, 241, 205, 152, 391, 103, 176, 260, 100, 127, 313, 261, 160, 142, 165, 229, 203, 269, 184, 271, 132, 131, 169, 150, 109, 348, 320, 96, 255, 300, 178, 161, 297, 346, 309, 137, 334, 185, 289, 398, 324, 351, 162, 364, 277, 370, 108, 310, 405, 302, 326, 220, 236, 209, 207, 116, 342, 141, 111, 210, 272, 179, 377, 144, 278, 307, 202, 122, 148, 237, 367, 164, 383, 217, 247, 400, 340, 316, 273, 226, 388, 252, 106, 325, 175, 104, 158, 183, 135, 264, 256, 140, 189, 130, 270, 95, 322, 98, 404, 242, 353, 332, 192, 394, 317, 128, 389, 294, 145, 354, 263, 181, 174, 352, 159, 369, 191, 314, 200, 120, 238, 118, 115, 403, 188, 393, 250, 304, 147, 190, 333, 343, 305, 396, 136, 380, 303, 126, 276, 311, 345, 146, 401, 285, 337]"
diversity_off_nsga2,9,-98.92784041438986,20.94215958561013,78.77215958561011,"[44, 92, 6, 78, 17, 85, 90, 68, 61, 27, 36, 8, 51, 54, 62, 65, 72, 73, 10, 26, 15, 56, 63, 50, 13, 9, 19, 14, 59, 69, 53, 64, 37, 24, 58, 25, 55, 82, 70, 84, 12, 7, 28, 5, 52, 31, 74, 20, 43, 30, 16, 34, 48, 75, 79, 4, 80, 21, 94, 11, 76, 23, 66, 29, 39, 2, 33, 86, 35, 57, 1, 93, 42, 83, 60, 49, 41, 47, 87, 3, 18, 46, 38, 67, 89, 71, 81, 40, 45, 77, 91, 22, 88, 32]","[319, 275, 151, 337, 248, 344, 323, 296, 221, 358, 274, 201, 219, 262, 374, 382, 299, 155, 363, 228, 347, 321, 180, 171, 222, 239, 257, 353, 117, 357, 244, 166, 194, 301, 293, 282, 308, 123, 124, 224, 251, 225, 385, 341, 119, 254, 245, 240, 138, 113, 329, 187, 350, 361, 267, 339, 149, 143, 215, 284, 315, 250, 371, 114, 153, 231, 199, 295, 177, 402, 376, 99, 328, 168, 279, 211, 392, 234, 335, 232, 386, 197, 373, 306, 384, 195, 139, 101, 368, 223, 134, 288, 298, 397, 204, 331, 97, 327, 292, 209, 230, 105, 214, 258, 110, 253, 365, 212, 362, 318, 265, 336, 338, 378, 121, 375, 216, 266, 283, 227, 157, 102, 172, 129, 104, 377, 316, 269, 238, 256, 271, 132, 131, 169, 150, 109, 159, 213, 310, 297, 103, 388, 367, 164, 148, 273, 161, 252, 185, 394, 95, 342, 193, 208, 108, 340, 140, 189, 130, 270, 243, 404, 372, 286, 332, 192, 202, 255, 144, 233, 272, 398, 167, 317, 122, 135, 158, 207, 183, 322, 294, 217, 98, 220, 170, 160, 247, 145, 242, 309, 277, 360, 370, 191, 181, 174, 96, 176, 184, 345, 307, 313, 383, 263, 200, 312, 118, 405, 115, 403, 188, 390, 111, 261, 393, 348, 304, 147, 190, 333, 324, 260, 343, 305, 179, 326, 396, 136, 351, 287, 142, 391, 380, 303, 325, 241, 300, 126, 276, 311, 106, 146, 401, 285, 278, 154, 163, 125, 205, 381, 395, 127, 235, 246, 320, 346, 141, 291, 107, 112, 156, 268, 133, 355, 236, 359, 198, 196, 349, 162, 186, 280, 379, 387, 152, 281, 116, 218, 173, 206, 330, 334, 356, 290, 175, 366, 100, 264, 226, 352, 210, 259, 400, 128, 203, 137, 302, 389, 178, 249, 369, 229, 364, 314, 354, 399, 289, 120, 237, 182, 165]"
diversity_off_nsga2,10,-110.64407851636211,33.665921483637895,74.95592148363788,"[29, 91, 22, 88, 32, 44, 92, 78, 17, 85, 90, 68, 61, 27, 54, 62, 65, 51, 36, 73, 10, 26, 15, 56, 63, 50, 13, 72, 9, 19, 14, 59, 69, 53, 64, 37, 24, 58, 25, 55, 82, 70, 84, 12, 7, 28, 5, 52, 8, 31, 74, 20, 43, 30, 16, 34, 48, 75, 79, 4, 80, 21, 94, 11, 23, 66, 39, 2, 33, 86, 35, 57, 1, 93, 42, 83, 60, 49, 41, 47, 87, 3, 18, 46, 38, 67, 6, 89, 71, 81, 40, 45, 77, 76]","[154, 248, 344, 323, 221, 114, 153, 166, 231, 358, 277, 201, 219, 262, 374, 382, 299, 155, 363, 228, 347, 321, 395, 180, 171, 222, 239, 257, 286, 117, 357, 244, 194, 301, 293, 282, 308, 123, 124, 224, 251, 225, 385, 341, 119, 254, 245, 240, 138, 113, 329, 187, 350, 361, 267, 339, 149, 143, 215, 284, 315, 290, 371, 199, 295, 177, 402, 376, 198, 296, 207, 99, 328, 168, 279, 211, 392, 234, 335, 232, 386, 197, 373, 306, 384, 195, 139, 101, 368, 223, 134, 288, 298, 397, 204, 331, 97, 327, 235, 292, 209, 230, 105, 214, 258, 110, 253, 365, 212, 362, 318, 265, 336, 338, 378, 121, 375, 216, 266, 283, 227, 157, 102, 172, 129, 104, 377, 316, 269, 238, 256, 271, 132, 131, 169, 150, 109, 159, 213, 310, 297, 103, 388, 367, 164, 148, 273, 161, 252, 185, 394, 95, 342, 193, 208, 108, 340, 140, 189, 130, 270, 243, 404, 372, 353, 332, 192, 202, 255, 144, 233, 272, 398, 167, 317, 122, 135, 158, 276, 183, 322, 294, 217, 98, 220, 170, 160, 247, 145, 242, 309, 274, 360, 370, 191, 181, 174, 96, 176, 184, 106, 307, 127, 313, 383, 263, 200, 312, 118, 405, 115, 403, 188, 390, 111, 261, 393, 348, 381, 304, 147, 190, 333, 324, 260, 343, 305, 179, 326, 396, 136, 351, 287, 142, 391, 380, 303, 325, 241, 300, 126, 311, 345, 146, 401, 285, 278, 337, 163, 125, 205, 246, 320, 346, 141, 291, 107, 112, 156, 268, 133, 355, 236, 359, 196, 349, 162, 186, 280, 379, 387, 152, 281, 116, 218, 173, 206, 330, 334, 356, 250, 175, 366, 100, 264, 226, 352, 210, 259, 400, 128, 203, 137, 302, 389, 178, 249, 369, 229, 364, 314, 354, 399, 289, 120, 237, 182, 165, 319, 275, 151]"
diversity_off_nsga2,11,-110.64407851636211,33.665921483637895,74.95592148363788,"[29, 91, 22, 88, 32, 44, 92, 78, 17, 85, 90, 68, 61, 27, 54, 62, 18, 51, 36, 73, 10, 26, 15, 56, 63, 50, 13, 72, 9, 19, 14, 59, 69, 53, 64, 37, 24, 58, 25, 55, 82, 70, 84, 12, 2, 28, 5, 52, 8, 31, 74, 20, 43, 30, 16, 34, 48, 75, 79, 4, 80, 21, 65, 11, 23, 66, 39, 7, 33, 86, 35, 57, 1, 93, 42, 83, 60, 49, 41, 47, 87, 3, 94, 46, 38, 67, 6, 89, 71, 81, 40, 45, 77, 76]","[154, 248, 344, 323, 221, 114, 153, 166, 231, 358, 201, 219, 262, 374, 382, 299, 155, 228, 347, 321, 180, 171, 222, 239, 257, 286, 117, 244, 194, 301, 293, 282, 308, 124, 224, 251, 225, 385, 341, 119, 254, 245, 240, 138, 113, 329, 187, 350, 361, 267, 339, 149, 143, 215, 284, 315, 290, 371, 199, 295, 177, 402, 376, 99, 328, 168, 279, 211, 392, 234, 335, 232, 386, 197, 373, 306, 384, 195, 139, 101, 368, 223, 288, 298, 212, 274, 296, 305, 357, 285, 337, 363, 165, 319, 397, 204, 331, 97, 116, 235, 292, 209, 230, 105, 214, 258, 110, 253, 365, 395, 362, 318, 265, 336, 338, 378, 121, 375, 216, 266, 283, 227, 157, 102, 172, 129, 163, 246, 291, 107, 268, 133, 359, 198, 186, 280, 379, 281, 218, 173, 206, 330, 356, 233, 249, 196, 381, 259, 312, 366, 182, 355, 287, 208, 170, 156, 372, 243, 390, 167, 360, 387, 112, 349, 213, 193, 125, 241, 205, 152, 391, 103, 176, 260, 100, 127, 313, 261, 160, 142, 134, 229, 203, 269, 184, 271, 132, 131, 169, 150, 109, 250, 320, 96, 255, 300, 178, 325, 297, 346, 309, 137, 334, 185, 289, 398, 324, 351, 162, 364, 277, 370, 108, 310, 405, 302, 326, 220, 236, 399, 207, 327, 342, 141, 111, 210, 272, 179, 377, 144, 278, 307, 202, 122, 148, 237, 367, 164, 383, 217, 247, 400, 340, 316, 273, 226, 388, 252, 106, 161, 175, 104, 158, 183, 135, 264, 256, 140, 189, 130, 270, 95, 322, 98, 404, 242, 353, 332, 192, 394, 317, 128, 389, 294, 145, 354, 263, 181, 174, 352, 159, 369, 191, 314, 200, 120, 238, 118, 115, 403, 188, 393, 348, 304, 147, 190, 333, 343, 123, 396, 136, 380, 303, 126, 276, 311, 345, 146, 401, 275, 151]"
diversity_off_nsga2,12,-106.66750758838312,21.102492411616897,60.732492411616896,"[91, 9, 88, 32, 44, 92, 78, 85, 90, 27, 36, 8, 65, 38, 10, 26, 15, 56, 63, 13, 72, 28, 19, 14, 50, 89, 61, 62, 45, 59, 69, 53, 64, 37, 24, 58, 5, 55, 82, 48, 51, 12, 7, 54, 84, 68, 52, 17, 31, 74, 20, 43, 30, 16, 34, 70, 75, 79, 4, 80, 21, 94, 11, 76, 23, 66, 86, 39, 2, 33, 29, 25, 35, 57, 1, 93, 42, 83, 60, 49, 41, 47, 87, 3, 18, 46, 73, 67, 6, 71, 81, 40, 22, 77]","[275, 151, 154, 248, 344, 323, 296, 221, 358, 274, 201, 219, 262, 374, 382, 299, 155, 363, 228, 347, 321, 212, 180, 171, 239, 257, 286, 117, 357, 244, 194, 301, 293, 282, 308, 123, 124, 224, 251, 375, 385, 341, 119, 254, 245, 240, 138, 113, 329, 187, 310, 361, 267, 339, 149, 143, 215, 284, 314, 290, 371, 114, 153, 166, 231, 199, 295, 177, 402, 376, 99, 328, 168, 279, 211, 392, 234, 335, 232, 386, 197, 373, 306, 384, 195, 266, 273, 253, 185, 209, 131, 378, 106, 161, 365, 336, 331, 104, 135, 398, 294, 145, 167, 263, 216, 109, 327, 271, 174, 377, 159, 108, 255, 313, 298, 370, 208, 157, 404, 191, 129, 362, 144, 388, 96, 120, 97, 394, 238, 269, 172, 213, 312, 176, 300, 337, 163, 125, 205, 246, 320, 141, 291, 107, 156, 184, 189, 139, 101, 130, 95, 223, 368, 98, 170, 230, 353, 265, 202, 181, 256, 338, 102, 183, 122, 332, 252, 110, 372, 150, 207, 397, 164, 200, 318, 235, 169, 140, 103, 340, 297, 317, 132, 367, 193, 247, 270, 160, 243, 158, 350, 220, 192, 395, 316, 105, 225, 204, 322, 307, 272, 214, 277, 148, 233, 360, 127, 288, 118, 405, 115, 403, 112, 242, 268, 133, 355, 349, 198, 196, 162, 186, 280, 379, 387, 152, 281, 116, 173, 330, 334, 356, 250, 100, 237, 400, 315, 137, 229, 364, 319, 226, 175, 369, 236, 396, 206, 136, 190, 325, 305, 260, 346, 218, 147, 276, 249, 264, 182, 203, 359, 289, 389, 302, 128, 366, 259, 210, 354, 333, 399, 352, 178, 165, 188, 390, 111, 261, 393, 348, 381, 304, 324, 343, 179, 326, 351, 287, 142, 391, 380, 303, 241, 222, 126, 311, 345, 146, 401, 285, 278, 342, 283, 134, 258, 227, 309, 121, 383, 217, 292]"
diversity_off_nsga2,13,-37.796418134999996,9.103581865,21.903581865,"[32, 61, 8, 59, 10, 26, 56, 13, 69, 14, 88, 41, 82, 92, 38, 21, 31, 91, 85, 78, 76, 64, 44, 24, 58, 25, 50, 75, 12, 7, 54, 5, 68, 52, 62, 74, 43, 30, 73, 16, 34, 86, 79, 80, 55, 94, 11, 60, 89, 42, 6, 45, 71, 66, 4, 23, 39, 2, 33, 29, 84, 35, 57, 70, 83, 77, 87, 1, 93, 48, 49, 47, 3, 18, 46, 67, 81, 40, 28, 72, 27, 37, 65, 51, 63, 17, 53, 9, 20, 19, 36, 90, 15, 22]","[389, 353, 332, 192, 262, 394, 221, 317, 128, 306, 242, 145, 373, 329, 392, 263, 181, 174, 254, 352, 159, 347, 274, 298, 357, 194, 123, 157, 388, 290, 146, 184, 311, 148, 336, 171, 401, 334, 281, 384, 167, 345, 203, 196, 312, 152, 305, 248, 110, 403, 377, 351, 387, 143, 346, 361, 156, 112, 119, 107, 239, 328, 163, 212, 178, 396, 233, 360, 198, 359, 214, 232, 355, 129, 304, 137, 106, 161, 342, 208, 210, 231, 393, 211, 136, 390, 318, 296, 330, 333, 147, 381, 182, 365, 201, 225, 383, 364, 369, 397, 253, 378, 104, 267, 111, 402, 257, 250, 102, 109, 291, 327, 120, 344, 188, 314, 229, 199, 247, 268, 154, 308, 275, 326, 363, 103, 294, 271, 173, 316, 259, 215, 386, 222, 165, 303, 218, 219, 243, 356, 95, 228, 241, 323, 258, 399, 286, 367, 113, 284, 99, 337, 162, 343, 127, 297, 237, 133, 273, 134, 282, 138, 144, 168, 293, 335, 121, 153, 140, 379, 375, 288, 224, 193, 307, 380, 244, 289, 216, 349, 179, 395, 125, 205, 166, 321, 391, 374, 176, 260, 101, 235, 100, 315, 313, 180, 261, 249, 299, 142, 195, 269, 287, 371, 132, 131, 169, 301, 187, 320, 96, 255, 300, 325, 151, 283, 309, 204, 172, 185, 149, 245, 398, 265, 324, 372, 155, 277, 370, 108, 310, 405, 302, 234, 209, 220, 236, 207, 116, 141, 338, 382, 272, 213, 331, 341, 278, 368, 202, 197, 158, 240, 227, 200, 177, 295, 362, 191, 226, 164, 348, 118, 252, 190, 135, 206, 354, 358, 117, 251, 126, 376, 114, 339, 366, 223, 292, 340, 160, 238, 122, 124, 280, 276, 175, 115, 400, 279, 285, 246, 186, 150, 217, 385, 266, 319, 350, 183, 264, 256, 97, 105, 189, 139, 130, 270, 322, 98, 404, 170, 230]"
diversity_off_nsga2,14,-89.76924810497171,17.99075189502831,66.0307518950283,"[77, 91, 32, 44, 78, 17, 85, 90, 61, 27, 36, 8, 51, 54, 45, 15, 56, 63, 50, 13, 72, 9, 19, 14, 59, 69, 53, 64, 37, 24, 58, 25, 82, 70, 84, 12, 7, 28, 5, 52, 31, 20, 34, 86, 4, 80, 21, 94, 11, 39, 29, 1, 42, 83, 38, 67, 6, 89, 3, 68, 18, 26, 22, 43, 46, 62, 87, 81, 48, 2, 30, 41, 23, 79, 66, 92, 76, 35, 73, 47, 40, 74, 88, 57, 16, 65, 75, 49, 93, 60, 33, 55, 71, 10]","[319, 275, 151, 154, 299, 344, 323, 296, 221, 358, 274, 200, 219, 262, 374, 382, 248, 155, 363, 228, 347, 321, 395, 180, 171, 222, 239, 257, 286, 117, 357, 244, 194, 301, 293, 282, 308, 123, 124, 224, 251, 225, 385, 341, 119, 254, 245, 240, 138, 113, 329, 187, 350, 361, 267, 339, 149, 143, 215, 284, 315, 290, 371, 114, 153, 327, 231, 199, 295, 177, 402, 376, 99, 328, 168, 279, 359, 392, 234, 335, 232, 386, 197, 373, 306, 384, 195, 139, 101, 368, 223, 134, 288, 298, 397, 204, 331, 97, 166, 235, 292, 230, 105, 214, 258, 110, 253, 365, 212, 362, 318, 265, 336, 338, 378, 121, 375, 216, 266, 283, 227, 157, 102, 172, 129, 104, 377, 316, 269, 238, 256, 271, 132, 131, 169, 150, 109, 159, 213, 310, 297, 103, 388, 367, 164, 148, 273, 161, 252, 394, 95, 342, 193, 208, 108, 340, 140, 189, 130, 270, 243, 404, 372, 353, 332, 192, 202, 255, 144, 233, 272, 398, 167, 317, 122, 135, 158, 207, 183, 322, 294, 217, 98, 220, 170, 160, 247, 145, 242, 309, 277, 360, 370, 191, 181, 174, 96, 176, 184, 106, 307, 127, 313, 383, 263, 201, 312, 118, 405, 115, 403, 188, 390, 111, 261, 393, 348, 381, 304, 147, 190, 333, 324, 260, 343, 305, 179, 326, 152, 136, 185, 209, 351, 287, 142, 391, 380, 303, 325, 241, 300, 126, 276, 311, 345, 146, 401, 285, 278, 337, 163, 125, 205, 246, 320, 346, 141, 291, 107, 112, 156, 268, 133, 355, 236, 211, 198, 196, 349, 162, 186, 280, 379, 387, 396, 281, 116, 218, 173, 206, 330, 334, 356, 250, 175, 366, 100, 264, 226, 352, 210, 259, 400, 128, 203, 137, 302, 389, 178, 249, 369, 229, 364, 314, 354, 399, 289, 120, 237, 182, 165]"
diversity_off_nsga2,15,-47.38675465000001,29.523245349999996,19.61324535,"[41, 1, 22, 69, 46, 24, 55, 63, 48, 27, 15, 54, 73, 16, 21, 86, 7, 20, 90, 26, 29, 93, 40, 77, 88, 78, 82, 37, 58, 4, 32, 67, 57, 45, 53, 71, 83, 39, 64, 19, 60, 42, 47, 14, 5, 68, 52, 62, 31, 74, 91, 43, 30, 34, 79, 87, 75, 89, 61, 13, 80, 59, 17, 3, 44, 25, 50, 51, 70, 10, 28, 56, 81, 94, 18, 9, 12, 36, 65, 76, 2, 38, 23, 11, 85, 8, 92, 6, 33, 84, 35, 72, 49, 66]","[398, 161, 354, 342, 97, 315, 258, 285, 248, 140, 189, 203, 101, 296, 289, 139, 399, 109, 95, 243, 223, 368, 322, 98, 404, 170, 384, 389, 366, 302, 262, 374, 382, 155, 363, 228, 347, 321, 212, 180, 171, 222, 239, 257, 286, 117, 357, 244, 194, 301, 293, 282, 308, 123, 124, 224, 156, 198, 251, 233, 385, 236, 341, 119, 254, 162, 245, 240, 138, 116, 291, 113, 329, 187, 310, 361, 267, 339, 149, 143, 107, 215, 284, 314, 290, 371, 114, 153, 166, 231, 199, 295, 177, 402, 376, 99, 118, 115, 188, 390, 312, 305, 179, 106, 287, 142, 380, 303, 325, 241, 126, 276, 311, 230, 349, 309, 144, 168, 292, 319, 283, 210, 277, 400, 356, 151, 255, 345, 278, 196, 218, 133, 207, 338, 340, 108, 134, 165, 181, 183, 160, 213, 238, 195, 103, 403, 221, 405, 100, 122, 128, 375, 135, 232, 205, 391, 204, 269, 332, 377, 146, 351, 373, 178, 317, 150, 252, 249, 370, 105, 110, 159, 220, 259, 327, 125, 173, 394, 272, 298, 208, 193, 237, 297, 372, 136, 263, 247, 217, 387, 148, 401, 350, 266, 355, 369, 280, 328, 172, 336, 163, 200, 346, 320, 326, 264, 360, 209, 186, 229, 127, 185, 227, 383, 307, 137, 226, 365, 175, 331, 235, 158, 211, 145, 111, 182, 393, 358, 201, 386, 102, 381, 324, 316, 273, 121, 184, 268, 397, 335, 147, 337, 253, 334, 169, 190, 130, 353, 395, 192, 265, 299, 152, 242, 294, 261, 333, 288, 323, 304, 330, 225, 306, 141, 313, 318, 279, 270, 359, 364, 256, 275, 348, 176, 260, 206, 250, 131, 343, 396, 378, 300, 112, 379, 392, 234, 216, 197, 271, 174, 352, 157, 191, 129, 362, 388, 96, 120, 154, 202, 132, 214, 246, 104, 167, 367, 219, 164, 281, 274, 344]"
diversity_off_nsga2,16,-97.80906008500001,19.880939915,69.19093991499999,"[77, 45, 9, 88, 32, 44, 92, 78, 85, 90, 27, 36, 8, 65, 38, 10, 26, 15, 56, 63, 13, 72, 28, 19, 14, 50, 89, 61, 17, 91, 68, 59, 69, 53, 64, 37, 24, 58, 25, 55, 82, 70, 51, 12, 7, 54, 5, 52, 62, 31, 74, 20, 43, 30, 16, 34, 48, 75, 79, 4, 80, 21, 94, 41, 76, 23, 66, 86, 39, 2, 33, 29, 84, 35, 57, 1, 93, 42, 83, 60, 49, 11, 47, 87, 3, 18, 46, 73, 67, 6, 71, 81, 40, 22]","[292, 275, 151, 154, 248, 344, 323, 296, 221, 358, 274, 201, 219, 262, 374, 382, 299, 155, 363, 228, 347, 321, 212, 180, 171, 222, 239, 257, 286, 117, 357, 244, 194, 301, 293, 282, 308, 123, 124, 224, 251, 375, 385, 341, 119, 254, 245, 240, 138, 113, 329, 187, 310, 361, 267, 339, 149, 143, 215, 284, 314, 290, 371, 114, 153, 166, 231, 199, 295, 177, 402, 376, 99, 328, 168, 279, 211, 392, 234, 335, 232, 386, 197, 373, 306, 384, 195, 147, 266, 273, 253, 319, 185, 209, 131, 226, 378, 106, 161, 365, 175, 336, 331, 104, 135, 398, 366, 242, 294, 145, 167, 210, 354, 263, 216, 109, 327, 271, 174, 377, 399, 352, 159, 108, 255, 313, 178, 298, 370, 208, 157, 404, 191, 129, 362, 144, 165, 388, 96, 120, 97, 394, 238, 269, 172, 213, 312, 118, 405, 115, 403, 188, 390, 111, 261, 393, 348, 381, 304, 176, 190, 333, 324, 260, 343, 305, 179, 396, 136, 351, 287, 142, 391, 380, 303, 325, 241, 300, 126, 276, 311, 345, 146, 401, 285, 278, 337, 163, 125, 205, 246, 320, 346, 141, 291, 107, 112, 156, 268, 133, 355, 236, 359, 198, 196, 349, 162, 186, 280, 379, 387, 184, 281, 116, 218, 173, 206, 189, 139, 101, 203, 130, 95, 223, 368, 98, 170, 230, 389, 353, 265, 152, 202, 302, 369, 181, 289, 256, 338, 102, 183, 122, 332, 252, 249, 110, 237, 372, 150, 207, 356, 334, 397, 164, 200, 318, 229, 259, 264, 235, 169, 140, 103, 340, 297, 317, 330, 132, 367, 193, 182, 247, 270, 160, 243, 158, 350, 220, 137, 192, 395, 316, 315, 105, 128, 225, 204, 364, 322, 100, 307, 272, 214, 277, 148, 400, 250, 233, 360, 127, 288, 342, 283, 134, 326, 258, 227, 309, 121, 383, 217]"
diversity_off_nsga2,17,-64.97798644375,32.952013556249995,28.822013556250003,"[9, 19, 53, 3, 82, 89, 25, 67, 59, 15, 61, 38, 10, 41, 13, 92, 32, 18, 22, 14, 42, 47, 20, 90, 26, 50, 49, 56, 17, 88, 6, 69, 64, 44, 23, 58, 36, 21, 78, 70, 75, 12, 7, 54, 5, 68, 52, 62, 31, 74, 91, 43, 30, 85, 73, 16, 34, 83, 86, 79, 80, 55, 94, 11, 76, 24, 66, 4, 39, 2, 33, 29, 84, 35, 57, 1, 93, 46, 28, 48, 71, 60, 72, 87, 81, 27, 37, 40, 45, 77, 65, 51, 63, 8]","[383, 217, 292, 339, 385, 247, 400, 340, 154, 316, 266, 251, 273, 253, 204, 327, 319, 287, 318, 358, 226, 200, 252, 106, 161, 102, 219, 365, 175, 269, 104, 158, 183, 135, 264, 256, 97, 140, 105, 189, 139, 130, 270, 95, 397, 322, 98, 404, 170, 230, 389, 353, 332, 192, 262, 394, 221, 317, 128, 306, 242, 294, 145, 373, 329, 168, 206, 138, 392, 263, 216, 181, 174, 254, 352, 159, 347, 274, 298, 357, 244, 194, 123, 267, 157, 369, 191, 362, 314, 388, 290, 120, 153, 363, 227, 146, 184, 321, 320, 288, 311, 148, 336, 293, 171, 401, 334, 99, 162, 299, 375, 281, 282, 331, 372, 384, 167, 345, 203, 196, 374, 240, 261, 278, 386, 312, 152, 398, 305, 118, 371, 172, 248, 335, 110, 338, 245, 220, 403, 213, 302, 199, 207, 173, 166, 377, 351, 265, 260, 387, 224, 143, 349, 149, 284, 402, 346, 180, 326, 142, 361, 156, 368, 112, 218, 119, 286, 367, 341, 107, 239, 344, 328, 237, 111, 370, 258, 295, 283, 163, 379, 268, 308, 212, 178, 396, 233, 141, 271, 360, 198, 297, 277, 187, 337, 359, 259, 214, 205, 232, 355, 129, 96, 255, 405, 304, 202, 137, 257, 169, 185, 234, 100, 151, 313, 125, 250, 109, 301, 246, 393, 121, 116, 280, 333, 330, 391, 380, 303, 325, 241, 300, 126, 276, 310, 103, 186, 348, 399, 197, 144, 225, 350, 208, 215, 190, 289, 134, 342, 381, 395, 127, 235, 236, 201, 176, 209, 356, 366, 150, 296, 179, 376, 222, 307, 155, 354, 124, 160, 193, 195, 114, 132, 210, 122, 101, 131, 108, 291, 378, 238, 364, 117, 182, 165, 211, 228, 324, 136, 231, 275, 382, 223, 177, 147, 315, 249, 323, 133, 188, 113, 243, 309, 115, 272, 279, 285, 390, 229, 343, 164]"
diversity_off_nsga2,18,-67.07310630532618,19.236893694673814,35.426893694673815,"[72, 9, 19, 53, 24, 25, 69, 89, 31, 36, 91, 67, 59, 15, 61, 7, 10, 41, 86, 13, 12, 62, 92, 44, 85, 70, 17, 38, 54, 5, 68, 52, 65, 55, 66, 74, 39, 32, 18, 22, 14, 50, 58, 33, 47, 20, 90, 26, 64, 60, 49, 87, 43, 30, 16, 34, 48, 75, 79, 4, 80, 21, 94, 11, 76, 23, 29, 57, 84, 35, 1, 93, 42, 83, 3, 46, 73, 6, 71, 81, 40, 77, 45, 28, 88, 2, 37, 78, 51, 27, 8, 56, 63, 82]","[248, 320, 300, 151, 141, 344, 323, 296, 221, 358, 274, 201, 219, 262, 374, 382, 299, 155, 363, 228, 347, 321, 212, 180, 171, 222, 239, 257, 286, 117, 357, 244, 194, 301, 293, 282, 308, 123, 124, 224, 251, 225, 385, 341, 119, 254, 245, 240, 138, 113, 329, 187, 310, 361, 267, 339, 149, 143, 215, 284, 314, 290, 371, 114, 153, 166, 231, 199, 295, 177, 402, 376, 99, 328, 168, 279, 211, 392, 234, 335, 232, 386, 197, 373, 306, 384, 195, 139, 101, 368, 223, 134, 288, 298, 397, 204, 331, 97, 327, 235, 292, 209, 230, 105, 214, 258, 110, 253, 365, 395, 362, 318, 265, 336, 338, 378, 121, 375, 216, 266, 283, 227, 157, 102, 172, 129, 104, 377, 316, 269, 238, 256, 271, 132, 131, 303, 150, 109, 159, 213, 350, 297, 103, 388, 367, 164, 148, 273, 161, 252, 185, 394, 95, 342, 193, 208, 108, 340, 140, 189, 130, 270, 243, 404, 372, 353, 332, 192, 202, 255, 144, 233, 272, 398, 167, 317, 122, 135, 158, 207, 183, 322, 294, 217, 98, 220, 170, 160, 247, 145, 156, 309, 277, 360, 370, 191, 181, 174, 96, 176, 184, 106, 307, 127, 313, 383, 263, 200, 312, 118, 405, 115, 403, 112, 242, 268, 133, 355, 349, 198, 196, 162, 186, 280, 379, 387, 152, 281, 116, 173, 330, 334, 356, 250, 100, 237, 400, 315, 137, 229, 364, 319, 226, 175, 369, 236, 396, 206, 136, 190, 325, 305, 260, 346, 218, 147, 276, 249, 264, 182, 203, 359, 289, 389, 302, 128, 366, 259, 210, 354, 333, 399, 352, 178, 165, 120, 188, 390, 111, 261, 393, 348, 381, 304, 324, 343, 179, 326, 351, 287, 142, 278, 275, 154, 380, 169, 126, 311, 345, 146, 401, 285, 337, 163, 246, 291, 107, 125, 241, 205, 391]"
diversity_off_nsga2,19,-62.93098874261561,30.89901125738438,28.569011257384382,"[9, 19, 53, 65, 82, 89, 25, 67, 59, 15, 61, 38, 10, 41, 13, 92, 32, 18, 22, 5, 42, 47, 20, 90, 26, 50, 49, 56, 17, 88, 6, 69, 64, 44, 86, 58, 36, 21, 78, 70, 75, 28, 7, 34, 14, 68, 52, 62, 31, 74, 91, 43, 30, 85, 73, 16, 54, 83, 23, 79, 80, 55, 51, 11, 76, 24, 66, 4, 39, 2, 33, 29, 84, 35, 57, 1, 93, 46, 12, 48, 71, 60, 72, 87, 81, 27, 37, 40, 45, 94, 3, 77, 63, 8]","[383, 217, 292, 339, 385, 247, 400, 340, 154, 316, 266, 251, 273, 253, 204, 327, 319, 287, 318, 358, 226, 200, 252, 106, 161, 102, 219, 365, 175, 269, 104, 158, 183, 135, 264, 256, 97, 140, 105, 189, 139, 130, 270, 95, 397, 322, 98, 404, 170, 230, 389, 353, 332, 192, 262, 394, 221, 281, 128, 306, 242, 294, 145, 373, 329, 168, 206, 138, 392, 263, 216, 181, 174, 254, 352, 159, 347, 274, 298, 357, 244, 194, 123, 267, 157, 369, 191, 362, 314, 388, 290, 120, 153, 363, 227, 146, 184, 321, 320, 288, 311, 148, 336, 293, 171, 401, 334, 99, 162, 299, 375, 317, 282, 331, 372, 384, 167, 345, 203, 196, 374, 240, 261, 278, 386, 312, 152, 398, 305, 118, 371, 172, 248, 335, 110, 338, 245, 220, 403, 213, 302, 199, 207, 173, 166, 377, 351, 265, 260, 387, 224, 143, 349, 149, 284, 402, 346, 180, 326, 142, 361, 156, 368, 112, 218, 119, 286, 367, 341, 107, 239, 344, 328, 237, 111, 370, 258, 295, 283, 396, 379, 268, 308, 212, 178, 163, 233, 141, 271, 360, 198, 297, 277, 187, 337, 359, 259, 214, 205, 232, 355, 129, 96, 255, 405, 304, 202, 137, 257, 169, 185, 234, 100, 151, 313, 125, 250, 109, 301, 246, 393, 121, 116, 280, 333, 330, 391, 380, 303, 325, 241, 300, 126, 276, 310, 103, 186, 348, 399, 197, 144, 225, 350, 208, 215, 190, 289, 134, 342, 381, 395, 127, 235, 236, 201, 176, 209, 356, 366, 150, 296, 179, 376, 222, 307, 155, 354, 124, 160, 193, 195, 114, 132, 210, 122, 101, 131, 108, 291, 378, 238, 364, 117, 182, 165, 211, 228, 324, 136, 231, 343, 382, 223, 177, 147, 315, 249, 323, 133, 188, 113, 243, 309, 115, 272, 279, 285, 390, 229, 275, 164]"
diversity_off_nsga2,20,-22.722381249999998,6.067618749999999,17.277618750000002,"[6, 33, 63, 47, 50, 69, 18, 2, 41, 21, 80, 29, 84, 39, 58, 94, 40, 75, 11, 4, 44, 9, 19, 86, 77, 45, 20, 83, 82, 16, 88, 32, 37, 91, 60, 70, 17, 85, 90, 51, 93, 64, 61, 12, 27, 73, 65, 43, 54, 10, 72, 23, 8, 46, 66, 59, 5, 56, 57, 78, 67, 49, 26, 3, 52, 92, 30, 79, 14, 42, 53, 7, 71, 31, 87, 36, 62, 55, 74, 38, 81, 15, 22, 48, 28, 35, 76, 24, 1, 68, 25, 34, 13, 89]","[243, 299, 339, 310, 321, 241, 366, 233, 292, 140, 257, 151, 218, 338, 108, 102, 165, 181, 183, 195, 221, 100, 122, 375, 190, 391, 144, 398, 351, 260, 373, 178, 317, 252, 105, 393, 327, 125, 173, 394, 298, 355, 193, 237, 136, 263, 148, 401, 350, 208, 369, 280, 367, 143, 114, 348, 364, 255, 104, 396, 247, 276, 342, 149, 236, 256, 244, 370, 230, 297, 103, 159, 272, 254, 323, 270, 291, 282, 336, 274, 186, 376, 214, 347, 399, 179, 306, 388, 340, 278, 269, 404, 259, 138, 109, 341, 405, 293, 249, 141, 97, 331, 184, 365, 234, 206, 397, 289, 229, 372, 177, 296, 133, 120, 167, 154, 191, 98, 129, 271, 277, 384, 153, 196, 134, 213, 253, 359, 192, 356, 207, 304, 266, 217, 377, 205, 117, 358, 300, 332, 152, 188, 238, 146, 176, 334, 160, 231, 212, 344, 248, 155, 335, 294, 328, 126, 96, 130, 354, 357, 116, 227, 302, 106, 121, 312, 261, 169, 368, 202, 303, 210, 219, 379, 211, 352, 123, 240, 170, 318, 250, 363, 203, 246, 374, 162, 209, 101, 279, 127, 185, 262, 390, 264, 137, 395, 361, 226, 111, 180, 132, 382, 216, 385, 200, 286, 311, 124, 163, 378, 258, 112, 308, 242, 265, 99, 400, 232, 220, 333, 187, 322, 128, 147, 371, 150, 320, 389, 164, 324, 225, 204, 387, 380, 305, 172, 329, 166, 135, 313, 403, 194, 319, 95, 349, 118, 228, 337, 362, 392, 284, 158, 197, 330, 131, 142, 360, 245, 235, 343, 161, 285, 281, 115, 175, 171, 139, 345, 301, 315, 353, 386, 381, 182, 119, 290, 239, 189, 316, 224, 287, 145, 107, 201, 314, 309, 325, 110, 402, 157, 267, 295, 307, 199, 383, 174, 223, 215, 168, 268, 251, 198, 283, 156, 273, 222, 275, 288, 326, 346, 113]"
diversity_off_nsga2,21,-98.73035476,36.729645239999996,59.16964524,"[92, 78, 17, 85, 68, 61, 27, 54, 62, 65, 36, 73, 10, 26, 48, 72, 12, 7, 28, 5, 15, 56, 63, 50, 13, 9, 19, 14, 59, 69, 53, 64, 37, 24, 58, 25, 55, 82, 70, 84, 52, 8, 31, 74, 20, 43, 57, 30, 16, 34, 75, 4, 29, 51, 49, 18, 79, 80, 21, 94, 11, 76, 23, 66, 39, 2, 33, 41, 35, 77, 1, 93, 42, 83, 90, 86, 47, 87, 3, 60, 46, 38, 67, 6, 89, 71, 81, 40, 45, 91, 22, 88, 32, 44]","[154, 248, 344, 323, 221, 114, 153, 166, 231, 358, 277, 201, 219, 262, 374, 382, 299, 155, 363, 228, 347, 321, 395, 180, 171, 222, 239, 257, 286, 117, 357, 244, 194, 301, 293, 282, 308, 123, 124, 224, 251, 225, 385, 341, 119, 254, 245, 240, 138, 113, 329, 187, 350, 361, 267, 339, 149, 143, 215, 284, 315, 290, 371, 199, 295, 177, 402, 376, 198, 296, 207, 99, 328, 168, 279, 211, 392, 234, 335, 232, 386, 197, 373, 306, 384, 195, 139, 101, 368, 223, 134, 288, 298, 397, 204, 331, 97, 327, 235, 292, 209, 230, 105, 214, 258, 110, 253, 365, 212, 362, 318, 265, 336, 338, 378, 121, 375, 216, 266, 283, 227, 157, 102, 172, 129, 104, 377, 269, 238, 256, 271, 132, 131, 169, 150, 109, 159, 213, 310, 297, 103, 388, 148, 273, 161, 252, 185, 394, 95, 342, 193, 208, 108, 140, 189, 130, 270, 243, 404, 372, 353, 332, 192, 202, 255, 144, 233, 272, 398, 167, 317, 122, 135, 158, 276, 183, 322, 294, 98, 220, 170, 160, 145, 242, 309, 274, 360, 370, 191, 181, 174, 96, 176, 184, 106, 307, 127, 313, 367, 164, 383, 217, 247, 340, 316, 263, 200, 312, 118, 405, 115, 403, 188, 390, 111, 261, 393, 348, 381, 304, 147, 190, 333, 324, 260, 343, 305, 179, 326, 396, 136, 351, 287, 142, 391, 380, 303, 325, 241, 300, 126, 311, 345, 146, 401, 285, 278, 337, 163, 125, 205, 246, 320, 346, 141, 291, 107, 112, 156, 268, 133, 355, 236, 359, 196, 349, 162, 186, 280, 218, 173, 379, 387, 152, 281, 116, 206, 330, 334, 356, 250, 175, 366, 100, 264, 226, 352, 210, 259, 400, 128, 203, 137, 302, 389, 178, 249, 369, 229, 364, 314, 354, 399, 289, 120, 237, 182, 165, 319, 275, 151]"
diversity_off_nsga2,22,-79.99970271000001,18.830297289999997,42.00029729,"[9, 32, 44, 92, 78, 88, 51, 27, 36, 8, 86, 10, 26, 15, 63, 29, 13, 72, 73, 37, 14, 49, 81, 53, 19, 24, 58, 25, 21, 50, 70, 12, 7, 85, 64, 61, 17, 54, 5, 4, 52, 56, 48, 62, 31, 74, 91, 43, 30, 75, 28, 34, 83, 65, 79, 80, 55, 60, 69, 68, 82, 40, 47, 93, 1, 57, 18, 42, 35, 87, 41, 59, 33, 16, 94, 11, 76, 38, 66, 39, 2, 3, 90, 46, 23, 67, 6, 89, 71, 22, 84, 77, 45, 20]","[276, 285, 151, 154, 248, 344, 323, 296, 221, 358, 274, 201, 219, 262, 374, 382, 299, 155, 363, 228, 347, 321, 212, 180, 352, 222, 239, 257, 170, 117, 357, 244, 194, 301, 293, 282, 308, 123, 124, 224, 251, 225, 385, 341, 119, 254, 245, 240, 138, 113, 329, 187, 310, 361, 267, 339, 149, 143, 215, 284, 315, 290, 136, 114, 153, 166, 231, 199, 295, 177, 402, 376, 99, 328, 168, 279, 211, 392, 234, 335, 232, 386, 197, 373, 306, 384, 195, 139, 101, 223, 134, 288, 298, 397, 204, 331, 97, 327, 235, 292, 209, 226, 105, 214, 258, 110, 253, 365, 362, 318, 265, 383, 338, 378, 121, 375, 216, 266, 283, 227, 157, 102, 172, 129, 104, 377, 316, 269, 238, 256, 271, 132, 131, 169, 150, 109, 159, 213, 297, 103, 388, 367, 164, 148, 273, 161, 252, 185, 394, 95, 342, 193, 208, 108, 340, 140, 189, 130, 270, 243, 404, 372, 353, 332, 192, 202, 255, 144, 233, 272, 398, 167, 122, 135, 158, 207, 183, 322, 294, 217, 98, 220, 286, 160, 247, 145, 242, 309, 277, 360, 370, 191, 181, 174, 96, 176, 184, 106, 307, 127, 313, 336, 263, 200, 312, 118, 405, 115, 403, 188, 390, 111, 261, 393, 348, 381, 304, 147, 190, 333, 324, 260, 343, 305, 179, 326, 396, 371, 351, 287, 142, 391, 380, 303, 325, 125, 246, 133, 236, 280, 116, 206, 230, 389, 369, 289, 350, 400, 264, 317, 128, 330, 356, 182, 395, 249, 229, 250, 364, 275, 319, 175, 366, 210, 354, 399, 171, 186, 165, 314, 120, 146, 320, 311, 401, 334, 162, 281, 345, 203, 196, 278, 152, 302, 173, 387, 349, 346, 291, 156, 368, 112, 218, 107, 237, 163, 379, 268, 178, 141, 198, 337, 359, 259, 205, 355, 137, 100, 241, 300, 126]"
diversity_off_nsga2,23,-94.47826616494639,18.301733835053614,53.02173383505361,"[45, 9, 88, 32, 44, 92, 78, 85, 90, 27, 36, 8, 65, 38, 10, 26, 55, 56, 63, 13, 72, 28, 19, 14, 50, 89, 61, 17, 91, 59, 69, 53, 64, 37, 24, 58, 5, 15, 82, 70, 66, 12, 3, 54, 84, 68, 52, 62, 31, 74, 20, 43, 41, 16, 7, 48, 75, 79, 4, 80, 67, 94, 11, 76, 23, 51, 86, 39, 2, 33, 29, 25, 35, 57, 1, 93, 42, 83, 60, 49, 30, 47, 87, 34, 18, 46, 73, 21, 6, 71, 81, 40, 22, 77]","[275, 151, 154, 248, 344, 323, 296, 221, 358, 274, 201, 219, 262, 374, 382, 299, 155, 363, 228, 347, 321, 212, 180, 215, 239, 257, 286, 117, 357, 244, 194, 301, 293, 282, 308, 123, 124, 224, 251, 375, 385, 341, 119, 254, 245, 240, 138, 113, 329, 187, 310, 361, 267, 97, 149, 143, 171, 284, 314, 290, 371, 114, 153, 166, 231, 199, 295, 177, 402, 376, 99, 328, 168, 279, 211, 392, 234, 335, 232, 386, 197, 373, 306, 384, 195, 266, 273, 253, 185, 209, 131, 378, 106, 161, 365, 336, 331, 104, 135, 398, 294, 145, 167, 263, 216, 109, 327, 271, 174, 377, 159, 108, 255, 313, 298, 370, 208, 157, 404, 191, 129, 362, 144, 388, 96, 120, 339, 394, 238, 269, 172, 213, 312, 176, 300, 337, 163, 125, 205, 246, 320, 141, 291, 107, 156, 184, 189, 139, 101, 130, 95, 223, 368, 98, 170, 230, 353, 265, 202, 181, 256, 338, 102, 183, 122, 332, 252, 110, 372, 150, 207, 397, 164, 200, 318, 235, 169, 140, 103, 340, 297, 317, 132, 367, 193, 247, 270, 160, 243, 158, 350, 220, 192, 395, 316, 105, 225, 204, 322, 307, 272, 214, 277, 148, 233, 360, 127, 288, 118, 405, 115, 403, 112, 242, 268, 133, 355, 349, 198, 196, 162, 186, 280, 379, 387, 152, 281, 116, 173, 330, 334, 356, 250, 100, 237, 400, 315, 137, 229, 364, 319, 226, 175, 369, 236, 396, 206, 136, 190, 325, 305, 260, 346, 218, 147, 276, 249, 264, 182, 203, 359, 289, 389, 302, 128, 366, 259, 210, 354, 333, 399, 352, 178, 165, 188, 390, 111, 261, 393, 348, 381, 304, 324, 343, 179, 326, 351, 287, 142, 391, 380, 303, 241, 222, 126, 311, 345, 146, 401, 285, 278, 342, 283, 134, 258, 227, 309, 121, 383, 217, 292]"
diversity_off_nsga2,24,-6.926816327556008,8.303183672443991,6.673183672443991,"[49, 53, 9, 7, 20, 47, 19, 36, 62, 90, 15, 22, 50, 32, 42, 61, 64, 12, 8, 59, 54, 10, 5, 26, 56, 52, 13, 3, 6, 83, 69, 89, 67, 44, 14, 88, 58, 23, 41, 82, 86, 18, 92, 68, 75, 38, 21, 70, 71, 74, 91, 43, 30, 85, 73, 16, 34, 25, 78, 79, 80, 55, 94, 11, 76, 24, 66, 4, 39, 2, 33, 29, 84, 35, 57, 1, 93, 46, 28, 48, 31, 60, 72, 87, 81, 27, 37, 40, 45, 77, 65, 51, 63, 17]","[303, 121, 280, 179, 276, 175, 115, 400, 380, 154, 279, 133, 131, 252, 323, 250, 285, 125, 246, 291, 186, 127, 150, 378, 217, 385, 247, 266, 327, 319, 350, 158, 183, 135, 264, 256, 97, 140, 105, 189, 139, 130, 270, 95, 207, 322, 98, 404, 170, 230, 389, 353, 332, 192, 262, 394, 221, 317, 128, 306, 242, 294, 145, 373, 329, 168, 206, 208, 392, 263, 216, 181, 174, 254, 352, 159, 347, 274, 298, 357, 244, 194, 123, 267, 157, 369, 191, 362, 314, 388, 290, 120, 153, 363, 227, 146, 184, 321, 320, 288, 311, 148, 336, 293, 171, 401, 334, 99, 162, 299, 375, 281, 282, 331, 372, 384, 167, 345, 257, 196, 374, 240, 261, 278, 386, 312, 152, 398, 305, 118, 371, 172, 248, 335, 110, 338, 251, 220, 166, 213, 302, 199, 397, 173, 403, 377, 351, 265, 260, 387, 224, 143, 349, 149, 284, 402, 346, 180, 326, 142, 361, 156, 368, 112, 218, 119, 286, 367, 341, 107, 239, 344, 328, 237, 111, 370, 258, 295, 283, 163, 379, 268, 308, 212, 178, 396, 233, 141, 271, 360, 198, 297, 277, 187, 337, 359, 259, 214, 205, 232, 355, 129, 96, 255, 405, 304, 202, 137, 203, 358, 226, 106, 161, 219, 104, 342, 138, 395, 249, 134, 185, 289, 209, 210, 272, 231, 393, 324, 188, 356, 211, 136, 164, 200, 390, 318, 229, 300, 235, 169, 296, 236, 330, 132, 193, 333, 147, 382, 155, 228, 301, 177, 315, 381, 182, 316, 365, 287, 201, 309, 325, 234, 354, 225, 307, 116, 383, 364, 399, 215, 253, 117, 245, 109, 126, 376, 273, 222, 343, 275, 114, 176, 113, 243, 339, 310, 241, 366, 197, 195, 101, 223, 204, 292, 151, 340, 108, 102, 165, 160, 238, 103, 100, 122, 190, 391, 348, 144, 269, 313, 124]"
diversity_off_nsga2,25,-54.264540749999995,13.365459249999999,33.935459249999994,"[38, 10, 26, 15, 56, 63, 82, 13, 31, 36, 21, 72, 76, 9, 19, 14, 69, 53, 64, 44, 24, 58, 25, 50, 75, 12, 7, 54, 5, 68, 52, 62, 74, 47, 30, 73, 16, 34, 86, 79, 80, 55, 94, 11, 89, 6, 8, 71, 66, 4, 23, 39, 48, 29, 84, 70, 77, 43, 3, 67, 81, 40, 20, 28, 37, 78, 33, 2, 35, 57, 32, 93, 42, 83, 60, 49, 41, 87, 18, 46, 22, 91, 88, 1, 92, 85, 51, 59, 17, 90, 61, 27, 45, 65]","[151, 141, 107, 154, 248, 344, 323, 296, 221, 358, 274, 201, 219, 262, 374, 382, 299, 155, 363, 228, 347, 321, 212, 180, 171, 222, 239, 257, 286, 117, 357, 244, 194, 301, 293, 282, 308, 123, 124, 224, 251, 225, 385, 341, 119, 254, 245, 240, 138, 113, 329, 187, 310, 361, 267, 339, 149, 143, 215, 284, 314, 290, 371, 114, 153, 166, 231, 199, 295, 177, 402, 376, 99, 328, 168, 279, 211, 392, 234, 335, 232, 386, 197, 373, 306, 384, 195, 139, 101, 368, 223, 288, 298, 397, 204, 331, 97, 327, 235, 292, 209, 230, 105, 214, 258, 110, 253, 365, 395, 362, 318, 265, 336, 338, 378, 375, 216, 266, 283, 227, 157, 102, 172, 129, 104, 377, 316, 269, 270, 256, 271, 132, 131, 169, 150, 109, 159, 213, 350, 297, 103, 388, 367, 164, 148, 273, 161, 252, 185, 394, 95, 342, 193, 208, 108, 340, 140, 189, 130, 238, 243, 404, 372, 353, 332, 192, 202, 255, 144, 233, 272, 398, 167, 317, 122, 135, 158, 183, 322, 294, 217, 98, 220, 170, 160, 247, 145, 156, 277, 360, 370, 191, 181, 174, 96, 176, 184, 106, 307, 127, 313, 383, 263, 134, 207, 309, 121, 200, 312, 118, 405, 115, 403, 112, 242, 268, 133, 355, 349, 198, 196, 162, 186, 280, 379, 387, 152, 281, 116, 173, 330, 334, 356, 250, 100, 237, 400, 315, 137, 229, 364, 319, 226, 175, 369, 236, 396, 206, 136, 190, 325, 305, 260, 346, 218, 147, 276, 249, 264, 182, 203, 359, 289, 389, 302, 128, 366, 259, 210, 354, 333, 399, 352, 178, 165, 120, 188, 390, 111, 261, 393, 348, 381, 304, 324, 343, 179, 326, 351, 287, 142, 391, 380, 303, 241, 300, 126, 311, 345, 146, 401, 285, 278, 337, 163, 246, 291, 275, 125, 205, 320]"
diversity_off_nsga2,26,-21.3308857,7.1991143,13.8691143,"[60, 67, 26, 52, 57, 14, 42, 53, 7, 21, 80, 29, 39, 58, 49, 40, 93, 4, 9, 19, 86, 20, 83, 82, 16, 32, 37, 91, 78, 77, 47, 75, 64, 24, 71, 27, 73, 65, 59, 54, 72, 23, 1, 74, 15, 76, 68, 6, 89, 25, 12, 34, 36, 33, 13, 69, 61, 63, 2, 41, 8, 17, 44, 90, 45, 18, 88, 50, 84, 51, 70, 35, 10, 28, 56, 81, 38, 11, 85, 79, 55, 48, 3, 22, 43, 31, 46, 30, 62, 87, 94, 66, 5, 92]","[300, 332, 188, 238, 398, 176, 334, 160, 305, 212, 344, 248, 155, 335, 328, 126, 96, 327, 314, 199, 247, 308, 275, 326, 173, 316, 252, 222, 165, 218, 243, 95, 228, 241, 258, 286, 367, 113, 284, 99, 337, 343, 237, 273, 144, 103, 375, 288, 224, 307, 380, 244, 216, 389, 200, 149, 366, 324, 320, 394, 245, 102, 172, 230, 279, 168, 159, 272, 254, 323, 270, 291, 282, 336, 274, 186, 376, 214, 347, 399, 115, 306, 388, 340, 196, 269, 404, 259, 138, 109, 341, 405, 293, 249, 141, 97, 331, 184, 365, 234, 206, 397, 289, 229, 372, 177, 296, 133, 120, 167, 154, 191, 98, 129, 271, 277, 384, 153, 278, 134, 213, 253, 359, 357, 116, 302, 106, 121, 312, 169, 368, 202, 303, 210, 219, 379, 352, 123, 170, 318, 250, 363, 203, 246, 374, 162, 209, 101, 297, 127, 262, 264, 361, 180, 171, 107, 315, 373, 351, 163, 360, 187, 355, 156, 295, 146, 382, 317, 348, 333, 100, 309, 148, 381, 233, 142, 276, 301, 190, 298, 292, 319, 321, 166, 135, 313, 403, 221, 119, 204, 325, 345, 118, 147, 322, 371, 283, 260, 255, 197, 362, 164, 387, 330, 189, 179, 136, 122, 310, 311, 198, 178, 256, 285, 400, 370, 349, 231, 392, 151, 236, 391, 181, 287, 396, 239, 194, 240, 223, 185, 227, 383, 338, 137, 131, 226, 161, 175, 110, 350, 105, 130, 353, 395, 192, 265, 299, 152, 242, 294, 261, 183, 220, 235, 215, 339, 158, 390, 401, 157, 117, 346, 150, 342, 114, 225, 364, 128, 112, 385, 132, 281, 143, 356, 201, 174, 124, 290, 139, 369, 263, 211, 193, 145, 208, 108, 111, 182, 140, 393, 329, 358, 125, 280, 386, 251, 378, 104, 267, 402, 257, 354, 195, 232, 207, 304, 266, 217, 377, 205, 268]"
diversity_off_nsga2,27,-84.89019439301532,23.71980560698467,48.30980560698466,"[15, 72, 9, 19, 59, 25, 50, 46, 7, 10, 13, 44, 62, 92, 85, 70, 17, 54, 5, 18, 52, 69, 78, 64, 37, 24, 65, 55, 32, 84, 22, 14, 58, 8, 90, 26, 68, 12, 73, 40, 77, 45, 28, 88, 53, 27, 56, 11, 82, 31, 74, 20, 43, 30, 16, 34, 48, 75, 79, 4, 80, 21, 94, 63, 76, 23, 66, 86, 39, 2, 33, 29, 51, 35, 57, 1, 93, 42, 83, 60, 49, 41, 47, 87, 3, 38, 67, 89, 71, 81, 91, 6, 61, 36]","[319, 275, 151, 154, 248, 344, 323, 296, 221, 358, 274, 201, 219, 262, 374, 382, 299, 155, 363, 228, 347, 321, 180, 171, 222, 239, 257, 286, 117, 357, 244, 194, 301, 293, 282, 308, 305, 124, 224, 251, 225, 385, 341, 119, 254, 245, 240, 138, 113, 329, 187, 350, 361, 267, 339, 149, 143, 215, 284, 315, 290, 371, 114, 153, 166, 212, 231, 199, 295, 177, 402, 376, 99, 328, 168, 279, 211, 392, 234, 335, 232, 386, 197, 373, 306, 384, 195, 139, 101, 368, 223, 134, 288, 298, 397, 204, 331, 97, 326, 235, 292, 209, 230, 105, 214, 258, 110, 253, 365, 395, 362, 318, 265, 336, 338, 378, 121, 375, 216, 266, 283, 227, 157, 102, 172, 129, 163, 246, 291, 107, 268, 133, 359, 198, 186, 280, 379, 281, 218, 173, 206, 330, 356, 233, 249, 196, 381, 259, 312, 366, 182, 355, 287, 208, 170, 156, 372, 243, 390, 167, 360, 387, 112, 349, 213, 193, 125, 241, 144, 272, 398, 317, 122, 135, 158, 207, 183, 322, 294, 217, 98, 220, 160, 247, 145, 242, 309, 277, 370, 191, 181, 174, 96, 176, 184, 106, 307, 313, 383, 263, 200, 118, 405, 115, 403, 188, 111, 261, 393, 348, 304, 147, 190, 333, 324, 260, 343, 179, 327, 396, 136, 351, 142, 391, 380, 303, 325, 300, 126, 276, 311, 345, 146, 401, 285, 278, 205, 127, 320, 346, 141, 236, 162, 152, 116, 334, 250, 175, 100, 264, 226, 352, 210, 400, 128, 203, 137, 302, 389, 178, 369, 229, 364, 314, 354, 399, 289, 120, 237, 165, 337, 353, 123, 104, 377, 316, 269, 238, 256, 271, 132, 131, 169, 150, 109, 159, 310, 297, 103, 388, 367, 164, 148, 273, 161, 252, 185, 394, 95, 342, 108, 340, 140, 189, 130, 270, 404, 332, 192, 202, 255]"
diversity_off_nsga2,28,-31.500000000000004,8.559999999999999,31.1,"[38, 10, 68, 62, 74, 43, 30, 16, 53, 86, 91, 65, 12, 13, 42, 36, 80, 27, 52, 9, 54, 85, 66, 94, 1, 82, 8, 61, 39, 44, 20, 59, 60, 4, 77, 15, 51, 21, 45, 5, 72, 34, 56, 78, 73, 84, 69, 28, 90, 79, 55, 11, 76, 23, 2, 93, 48, 14, 7, 67, 24, 31, 92, 3, 22, 46, 87, 81, 6, 47, 49, 40, 89, 88, 18, 17, 41, 32, 71, 33, 29, 35, 57, 26, 83, 19, 63, 64, 37, 58, 25, 50, 70, 75]","[130, 399, 109, 95, 243, 223, 322, 232, 404, 170, 384, 224, 389, 353, 395, 366, 265, 262, 374, 382, 299, 333, 202, 363, 221, 108, 255, 228, 347, 274, 321, 178, 298, 180, 171, 222, 151, 239, 257, 286, 117, 244, 194, 301, 282, 370, 387, 148, 401, 350, 280, 172, 367, 143, 261, 368, 303, 254, 219, 115, 211, 352, 214, 250, 270, 149, 380, 323, 162, 313, 209, 164, 405, 293, 300, 141, 97, 331, 184, 365, 234, 206, 397, 289, 229, 372, 296, 120, 167, 154, 191, 98, 129, 271, 153, 278, 134, 213, 253, 359, 192, 356, 207, 304, 246, 217, 377, 205, 268, 358, 182, 198, 152, 188, 238, 398, 176, 334, 160, 305, 212, 344, 179, 155, 335, 294, 328, 126, 96, 357, 116, 227, 308, 123, 124, 230, 156, 330, 332, 251, 247, 144, 233, 385, 236, 341, 119, 272, 137, 337, 113, 245, 122, 128, 375, 391, 204, 269, 146, 351, 373, 317, 150, 252, 159, 259, 327, 131, 173, 394, 208, 193, 237, 297, 136, 263, 266, 242, 355, 369, 106, 163, 379, 396, 111, 393, 381, 147, 190, 324, 260, 343, 360, 200, 348, 127, 226, 169, 185, 121, 197, 307, 326, 388, 201, 302, 362, 275, 216, 288, 273, 157, 186, 132, 383, 174, 364, 145, 339, 279, 235, 112, 258, 318, 392, 225, 386, 346, 378, 320, 306, 316, 161, 354, 342, 315, 125, 285, 240, 138, 291, 329, 187, 310, 361, 267, 281, 107, 215, 284, 314, 290, 371, 114, 166, 231, 199, 295, 177, 402, 376, 99, 118, 390, 312, 287, 142, 325, 241, 276, 311, 349, 309, 168, 292, 319, 283, 210, 277, 400, 345, 196, 218, 133, 338, 340, 165, 181, 195, 103, 403, 100, 102, 175, 336, 104, 158, 183, 110, 135, 264, 249, 256, 220, 248, 140, 105, 189, 203, 101, 139]"
diversity_off_nsga2,29,-65.18314020999999,17.43685979,32.01685979,"[92, 78, 88, 51, 27, 36, 8, 10, 26, 15, 40, 29, 13, 72, 73, 19, 14, 49, 69, 53, 37, 24, 58, 25, 21, 50, 70, 12, 7, 56, 64, 61, 17, 54, 5, 4, 52, 75, 48, 62, 31, 74, 91, 43, 30, 85, 28, 34, 83, 65, 79, 80, 55, 60, 81, 68, 82, 63, 47, 93, 1, 57, 18, 42, 39, 2, 33, 86, 35, 87, 41, 59, 16, 94, 11, 76, 38, 66, 3, 90, 46, 23, 67, 6, 89, 71, 22, 84, 77, 45, 20, 9, 32, 44]","[276, 285, 151, 154, 248, 344, 323, 296, 221, 358, 274, 201, 219, 262, 374, 382, 299, 155, 363, 228, 347, 321, 212, 180, 171, 222, 239, 257, 286, 117, 357, 244, 194, 301, 293, 282, 308, 123, 124, 224, 251, 225, 385, 341, 119, 254, 245, 240, 138, 113, 329, 187, 310, 361, 267, 339, 149, 143, 215, 284, 315, 290, 136, 114, 153, 166, 231, 199, 295, 177, 402, 376, 99, 328, 168, 279, 211, 392, 234, 335, 232, 386, 197, 373, 306, 384, 195, 139, 101, 223, 134, 288, 298, 397, 204, 331, 97, 327, 235, 292, 209, 226, 105, 214, 258, 110, 253, 365, 362, 318, 265, 336, 338, 378, 121, 375, 216, 266, 283, 227, 157, 102, 172, 129, 342, 377, 316, 269, 238, 256, 271, 132, 131, 169, 150, 109, 159, 213, 297, 103, 388, 367, 164, 148, 273, 161, 252, 185, 394, 95, 104, 193, 208, 108, 340, 140, 189, 130, 270, 243, 404, 372, 353, 332, 192, 202, 255, 144, 233, 272, 398, 167, 122, 135, 183, 207, 158, 322, 294, 217, 98, 220, 170, 160, 247, 145, 242, 309, 277, 360, 370, 191, 181, 174, 96, 176, 184, 106, 307, 127, 313, 383, 263, 200, 312, 118, 405, 115, 403, 188, 390, 111, 261, 393, 348, 381, 304, 147, 190, 333, 324, 260, 343, 305, 179, 326, 396, 371, 351, 287, 142, 391, 380, 303, 325, 125, 246, 133, 236, 280, 116, 206, 230, 389, 369, 289, 350, 400, 264, 317, 128, 330, 356, 182, 395, 249, 229, 250, 364, 275, 319, 175, 366, 210, 354, 399, 352, 186, 165, 314, 120, 146, 320, 311, 401, 334, 162, 281, 345, 203, 196, 278, 152, 302, 173, 387, 349, 346, 291, 156, 368, 112, 218, 107, 237, 163, 379, 268, 178, 141, 198, 337, 359, 259, 205, 355, 137, 100, 241, 300, 126]"
diversity_off_nsga2,30,-63.708649085000005,12.511350915,67.891350915,"[77, 45, 20, 9, 88, 32, 44, 92, 78, 85, 90, 51, 27, 36, 8, 65, 38, 10, 26, 15, 56, 63, 82, 13, 72, 28, 19, 14, 49, 69, 53, 37, 24, 58, 25, 21, 50, 70, 12, 7, 75, 64, 89, 61, 17, 54, 5, 4, 52, 62, 31, 74, 91, 93, 30, 16, 34, 48, 86, 79, 80, 55, 94, 11, 76, 23, 66, 68, 39, 2, 33, 29, 84, 35, 57, 1, 43, 42, 83, 60, 59, 41, 47, 87, 3, 18, 46, 73, 67, 6, 71, 81, 40, 22]","[249, 110, 237, 372, 150, 207, 299, 356, 334, 397, 248, 164, 200, 318, 229, 259, 264, 235, 169, 296, 140, 103, 340, 297, 317, 330, 132, 367, 193, 182, 247, 270, 160, 143, 158, 155, 240, 350, 220, 137, 192, 395, 316, 315, 105, 284, 128, 262, 375, 341, 204, 364, 322, 363, 100, 386, 307, 272, 214, 277, 148, 400, 250, 361, 233, 201, 360, 127, 288, 342, 225, 283, 275, 134, 326, 323, 258, 227, 309, 121, 224, 383, 217, 292, 339, 385, 154, 147, 266, 251, 273, 253, 149, 319, 185, 209, 358, 131, 226, 378, 106, 161, 219, 365, 175, 336, 331, 104, 344, 335, 135, 398, 138, 327, 366, 306, 242, 294, 145, 373, 167, 113, 329, 384, 210, 168, 279, 211, 354, 198, 392, 119, 234, 263, 216, 109, 197, 243, 271, 174, 310, 254, 377, 286, 399, 352, 159, 108, 255, 228, 347, 274, 313, 321, 212, 178, 298, 180, 171, 222, 151, 239, 257, 117, 357, 244, 194, 301, 293, 282, 370, 308, 123, 124, 208, 267, 245, 157, 404, 191, 187, 129, 362, 144, 165, 215, 314, 388, 290, 96, 120, 371, 114, 153, 166, 231, 97, 394, 199, 295, 177, 238, 402, 269, 376, 99, 172, 213, 312, 118, 405, 115, 403, 188, 390, 111, 261, 393, 348, 381, 304, 176, 190, 333, 324, 260, 343, 305, 179, 328, 396, 136, 351, 287, 142, 391, 380, 303, 325, 241, 300, 126, 276, 311, 345, 146, 401, 285, 278, 337, 163, 125, 205, 246, 320, 346, 141, 291, 107, 112, 156, 268, 133, 355, 236, 359, 196, 349, 162, 186, 280, 379, 387, 184, 281, 116, 218, 173, 206, 189, 139, 101, 203, 130, 95, 223, 368, 98, 170, 230, 389, 353, 265, 382, 152, 202, 302, 369, 181, 374, 289, 256, 338, 102, 183, 195, 221, 122, 232, 332, 252]"
diversity_off_nsga2,31,-85.6564196918579,25.2635803081421,47.043580308142104,"[17, 85, 90, 68, 61, 27, 36, 8, 65, 73, 10, 26, 15, 56, 63, 50, 13, 92, 37, 54, 9, 19, 14, 59, 69, 53, 64, 24, 58, 25, 55, 82, 89, 71, 81, 40, 45, 77, 91, 22, 70, 84, 12, 7, 28, 5, 52, 62, 31, 74, 20, 43, 30, 16, 34, 48, 75, 79, 4, 80, 21, 94, 11, 76, 23, 66, 86, 39, 2, 33, 29, 51, 35, 57, 1, 93, 42, 83, 60, 49, 41, 47, 87, 3, 18, 46, 38, 67, 6, 88, 32, 44, 72, 78]","[275, 151, 154, 248, 344, 323, 296, 221, 358, 274, 201, 219, 262, 374, 382, 299, 155, 363, 228, 347, 321, 212, 180, 377, 222, 239, 257, 286, 117, 357, 244, 194, 301, 293, 282, 308, 123, 124, 224, 251, 225, 385, 341, 119, 254, 245, 240, 138, 113, 291, 187, 310, 361, 267, 339, 149, 143, 215, 284, 314, 290, 371, 114, 153, 166, 231, 199, 295, 177, 402, 376, 99, 328, 168, 279, 211, 392, 234, 335, 232, 386, 197, 373, 306, 384, 346, 139, 101, 368, 223, 134, 288, 298, 397, 204, 331, 97, 327, 235, 292, 209, 230, 105, 214, 258, 110, 253, 365, 107, 362, 318, 265, 336, 338, 378, 121, 375, 216, 266, 283, 227, 157, 102, 172, 129, 104, 171, 316, 269, 238, 256, 271, 132, 169, 150, 109, 159, 213, 350, 297, 103, 343, 367, 164, 148, 273, 396, 252, 185, 394, 95, 342, 193, 208, 108, 340, 189, 130, 270, 243, 404, 372, 353, 332, 192, 202, 255, 144, 233, 272, 398, 167, 317, 122, 135, 158, 207, 183, 322, 294, 217, 98, 220, 170, 160, 247, 145, 242, 309, 277, 360, 370, 191, 181, 174, 96, 176, 184, 106, 307, 127, 313, 383, 263, 200, 312, 118, 405, 115, 403, 188, 390, 111, 261, 393, 348, 381, 304, 147, 190, 333, 324, 260, 388, 305, 179, 326, 161, 136, 351, 287, 142, 391, 380, 303, 325, 241, 300, 126, 276, 311, 345, 146, 401, 278, 337, 163, 125, 205, 246, 320, 195, 141, 329, 395, 112, 156, 268, 133, 355, 236, 359, 198, 196, 349, 162, 186, 280, 379, 387, 152, 281, 116, 218, 173, 206, 330, 334, 356, 250, 175, 100, 264, 226, 352, 210, 259, 400, 128, 203, 137, 302, 389, 178, 249, 369, 229, 364, 354, 399, 289, 120, 237, 182, 165, 366, 315, 131, 140, 319, 285]"
diversity_off_nsga2,32,-43.07186062499999,22.888139375,15.428139374999997,"[27, 8, 65, 38, 10, 26, 15, 56, 63, 82, 13, 31, 36, 91, 21, 72, 9, 19, 14, 69, 53, 64, 44, 24, 58, 25, 50, 75, 12, 7, 54, 5, 68, 52, 62, 74, 43, 30, 73, 16, 34, 86, 79, 80, 55, 94, 11, 60, 89, 42, 6, 45, 71, 66, 4, 23, 39, 2, 33, 29, 84, 35, 57, 70, 83, 77, 87, 1, 93, 48, 49, 47, 3, 18, 46, 67, 81, 40, 22, 20, 28, 88, 32, 37, 92, 78, 85, 51, 41, 59, 76, 17, 90, 61]","[217, 175, 383, 317, 400, 285, 256, 163, 328, 350, 361, 394, 233, 160, 122, 123, 238, 137, 159, 161, 183, 242, 147, 373, 221, 231, 196, 381, 129, 119, 366, 239, 355, 110, 208, 156, 351, 223, 181, 246, 360, 387, 171, 212, 194, 304, 404, 353, 318, 401, 157, 377, 117, 346, 182, 384, 184, 150, 279, 347, 210, 390, 230, 342, 114, 248, 167, 203, 225, 388, 364, 376, 128, 112, 339, 296, 385, 178, 211, 97, 214, 281, 266, 143, 232, 312, 170, 201, 264, 174, 124, 332, 290, 359, 334, 306, 152, 139, 369, 397, 253, 378, 104, 267, 111, 402, 257, 250, 102, 109, 291, 327, 120, 344, 188, 314, 229, 199, 247, 268, 154, 308, 275, 326, 363, 103, 294, 271, 173, 316, 259, 215, 386, 222, 165, 303, 218, 219, 243, 356, 95, 228, 241, 323, 258, 399, 286, 367, 113, 284, 99, 337, 162, 343, 127, 297, 237, 133, 273, 134, 282, 138, 144, 168, 293, 335, 121, 153, 140, 379, 375, 288, 224, 193, 307, 380, 244, 289, 216, 349, 179, 395, 125, 205, 166, 321, 391, 374, 176, 260, 101, 235, 100, 315, 313, 180, 261, 249, 299, 142, 195, 269, 287, 371, 132, 131, 169, 301, 187, 320, 96, 255, 300, 325, 151, 283, 309, 204, 172, 185, 149, 245, 398, 265, 324, 372, 155, 277, 370, 108, 310, 405, 302, 234, 209, 220, 236, 207, 116, 141, 338, 382, 272, 213, 331, 341, 278, 368, 202, 197, 158, 240, 227, 200, 177, 295, 362, 191, 226, 164, 348, 118, 252, 190, 135, 206, 354, 358, 396, 146, 319, 336, 106, 263, 145, 340, 365, 393, 105, 189, 130, 270, 322, 98, 389, 192, 262, 333, 352, 274, 298, 357, 148, 276, 330, 198, 251, 345, 254, 136, 329, 280, 107, 292, 126, 392, 115, 403, 305, 186, 311]"
diversity_off_nsga2,33,-96.58125635675921,20.948743643240807,61.0187436432408,"[22, 88, 32, 44, 92, 78, 17, 85, 18, 68, 61, 27, 36, 65, 29, 75, 10, 26, 15, 56, 63, 50, 13, 72, 9, 19, 49, 59, 69, 53, 64, 37, 2, 58, 25, 55, 84, 38, 8, 4, 82, 70, 51, 12, 7, 54, 5, 52, 62, 31, 74, 20, 43, 30, 16, 34, 48, 73, 79, 80, 21, 94, 11, 76, 23, 66, 39, 24, 33, 86, 35, 77, 1, 93, 42, 83, 60, 14, 41, 47, 87, 3, 90, 46, 28, 67, 6, 89, 71, 81, 40, 45, 57, 91]","[107, 275, 151, 154, 248, 344, 323, 296, 221, 358, 274, 201, 219, 262, 374, 382, 299, 155, 363, 228, 347, 321, 212, 180, 171, 222, 239, 257, 286, 117, 357, 244, 194, 301, 293, 282, 308, 123, 124, 224, 251, 225, 385, 341, 119, 254, 245, 240, 138, 113, 329, 187, 310, 361, 267, 339, 149, 143, 215, 284, 315, 290, 136, 114, 153, 166, 231, 199, 295, 177, 402, 376, 99, 328, 168, 279, 211, 392, 234, 335, 232, 386, 197, 373, 306, 384, 195, 139, 101, 223, 134, 288, 298, 397, 204, 331, 97, 327, 235, 292, 209, 226, 105, 214, 258, 110, 253, 365, 362, 318, 265, 336, 338, 378, 121, 375, 216, 266, 283, 227, 157, 102, 172, 129, 104, 377, 160, 269, 238, 256, 271, 132, 131, 169, 150, 109, 159, 213, 297, 103, 388, 367, 164, 148, 273, 161, 252, 185, 394, 95, 342, 193, 208, 108, 340, 140, 189, 130, 270, 243, 404, 372, 353, 332, 192, 202, 255, 144, 233, 272, 398, 167, 122, 135, 158, 207, 183, 322, 294, 217, 98, 220, 170, 316, 247, 145, 242, 309, 277, 360, 370, 191, 181, 174, 96, 176, 184, 106, 307, 127, 313, 383, 263, 200, 312, 118, 405, 115, 403, 188, 390, 111, 261, 393, 348, 381, 304, 147, 190, 333, 324, 260, 343, 305, 179, 326, 396, 371, 351, 287, 142, 391, 380, 303, 325, 241, 300, 126, 276, 311, 345, 146, 401, 285, 278, 337, 163, 125, 205, 246, 320, 346, 141, 291, 112, 156, 268, 133, 355, 236, 359, 198, 196, 349, 162, 186, 280, 379, 387, 152, 281, 116, 218, 173, 206, 330, 334, 356, 250, 175, 366, 100, 264, 230, 352, 210, 259, 400, 128, 203, 137, 302, 389, 178, 249, 369, 229, 364, 314, 354, 399, 289, 120, 237, 182, 165, 319, 317, 395, 368, 350]"
diversity_off_nsga2,34,-60.5999339425,26.350066057500005,31.1000660575,"[3, 5, 62, 69, 63, 2, 41, 65, 29, 71, 39, 58, 49, 40, 93, 4, 9, 19, 86, 77, 20, 83, 82, 16, 32, 37, 91, 31, 34, 55, 94, 76, 23, 84, 87, 46, 48, 6, 68, 25, 66, 79, 30, 47, 50, 53, 22, 43, 56, 44, 54, 33, 51, 35, 1, 75, 73, 85, 74, 18, 89, 81, 15, 8, 70, 28, 88, 92, 78, 17, 90, 61, 27, 36, 80, 38, 10, 13, 59, 60, 67, 26, 52, 57, 14, 42, 24, 7, 21, 12, 11, 64, 45, 72]","[154, 248, 344, 323, 296, 274, 155, 228, 347, 212, 222, 286, 244, 293, 282, 308, 224, 341, 254, 245, 138, 113, 149, 284, 314, 199, 177, 376, 99, 328, 168, 279, 234, 335, 386, 306, 288, 397, 97, 327, 230, 214, 258, 336, 375, 216, 266, 172, 129, 377, 316, 269, 238, 271, 109, 159, 103, 388, 367, 273, 252, 394, 95, 193, 340, 140, 270, 243, 404, 372, 332, 144, 272, 398, 167, 217, 160, 277, 191, 96, 176, 184, 405, 115, 188, 393, 324, 343, 305, 326, 380, 241, 300, 126, 136, 205, 320, 141, 291, 268, 196, 186, 280, 173, 206, 334, 366, 259, 389, 249, 229, 399, 384, 153, 278, 134, 213, 253, 359, 357, 116, 302, 106, 121, 312, 169, 368, 202, 303, 210, 219, 379, 352, 123, 170, 318, 250, 363, 203, 246, 374, 162, 209, 101, 127, 262, 264, 361, 180, 171, 107, 315, 373, 351, 163, 360, 187, 355, 156, 295, 146, 382, 317, 348, 333, 100, 309, 148, 381, 233, 142, 276, 301, 190, 298, 292, 319, 321, 166, 135, 313, 403, 221, 119, 204, 325, 345, 118, 147, 322, 371, 283, 260, 255, 197, 362, 164, 299, 330, 189, 179, 337, 122, 310, 311, 158, 178, 256, 285, 400, 370, 349, 231, 392, 151, 236, 391, 181, 287, 396, 239, 194, 353, 395, 192, 265, 387, 152, 242, 294, 261, 183, 220, 240, 223, 185, 227, 383, 307, 338, 137, 247, 218, 133, 297, 131, 226, 161, 102, 365, 175, 331, 110, 350, 105, 130, 200, 98, 235, 215, 339, 198, 263, 211, 145, 208, 108, 111, 182, 329, 358, 125, 251, 390, 401, 157, 117, 346, 150, 342, 114, 225, 364, 128, 112, 385, 132, 281, 143, 232, 201, 174, 124, 290, 139, 369, 378, 104, 267, 402, 257, 354, 195, 356, 207, 304, 289, 120, 237, 165, 275]"
diversity_off_nsga2,35,-71.66565878710003,26.234341212899974,39.03434121289997,"[30, 80, 55, 94, 11, 66, 29, 22, 7, 10, 13, 44, 62, 92, 85, 70, 17, 54, 5, 50, 52, 69, 78, 64, 37, 24, 65, 32, 84, 14, 58, 8, 90, 26, 68, 12, 73, 40, 77, 45, 28, 88, 53, 27, 56, 82, 31, 74, 20, 89, 16, 34, 48, 75, 79, 4, 21, 63, 76, 23, 86, 39, 2, 33, 51, 35, 57, 1, 93, 42, 83, 60, 49, 41, 47, 87, 3, 18, 46, 38, 67, 6, 43, 71, 81, 72, 9, 19, 25, 36, 91, 59, 15, 61]","[154, 248, 344, 323, 296, 221, 358, 274, 219, 262, 374, 382, 299, 155, 363, 228, 347, 322, 321, 180, 171, 222, 239, 257, 117, 357, 244, 194, 301, 293, 282, 308, 123, 124, 224, 251, 225, 385, 341, 119, 254, 245, 240, 138, 113, 329, 187, 350, 361, 267, 149, 284, 315, 290, 371, 114, 153, 166, 199, 295, 177, 402, 376, 99, 328, 168, 279, 392, 234, 335, 232, 386, 197, 373, 306, 384, 195, 139, 101, 368, 223, 134, 298, 397, 204, 331, 97, 327, 292, 209, 230, 105, 214, 258, 110, 253, 365, 212, 362, 343, 265, 336, 338, 378, 121, 375, 216, 266, 283, 227, 157, 102, 172, 129, 269, 271, 132, 131, 169, 150, 109, 213, 310, 297, 103, 161, 185, 208, 108, 243, 372, 286, 192, 255, 398, 167, 317, 231, 170, 309, 277, 370, 96, 176, 184, 313, 312, 390, 261, 201, 160, 127, 288, 233, 324, 260, 351, 287, 142, 391, 241, 300, 337, 163, 125, 205, 381, 395, 246, 320, 346, 291, 107, 112, 156, 268, 133, 355, 359, 198, 196, 349, 162, 186, 280, 379, 387, 152, 281, 360, 218, 206, 330, 334, 356, 250, 366, 100, 259, 203, 137, 178, 249, 229, 364, 289, 182, 226, 405, 302, 236, 399, 207, 116, 342, 141, 111, 210, 272, 179, 377, 144, 278, 307, 202, 122, 148, 237, 367, 164, 383, 217, 247, 400, 340, 316, 273, 165, 388, 252, 106, 325, 175, 104, 135, 264, 256, 140, 189, 130, 270, 95, 126, 98, 404, 242, 353, 332, 143, 394, 275, 128, 389, 294, 354, 181, 174, 352, 159, 369, 191, 314, 183, 326, 220, 173, 235, 215, 339, 158, 263, 211, 193, 145, 200, 120, 238, 118, 115, 403, 188, 393, 348, 304, 147, 190, 333, 318, 305, 396, 136, 380, 303, 276, 311, 345, 146, 401, 285, 319, 151]"
diversity_off_nsga2,36,-91.81886339999998,25.2011366,50.58113660000001,"[9, 19, 25, 79, 89, 31, 36, 26, 35, 67, 21, 59, 15, 92, 7, 10, 41, 86, 13, 44, 34, 28, 61, 49, 85, 70, 17, 38, 54, 5, 50, 52, 69, 53, 64, 37, 24, 4, 43, 30, 16, 83, 65, 80, 55, 94, 66, 76, 23, 11, 74, 39, 32, 29, 84, 57, 93, 18, 22, 14, 60, 42, 58, 33, 1, 8, 20, 90, 91, 48, 68, 12, 87, 3, 46, 73, 6, 71, 81, 40, 77, 45, 62, 88, 2, 78, 75, 51, 27, 47, 56, 63, 82, 72]","[319, 275, 151, 154, 248, 344, 323, 296, 221, 358, 274, 201, 219, 262, 374, 382, 299, 155, 363, 228, 347, 321, 395, 391, 171, 222, 239, 257, 286, 117, 357, 244, 194, 301, 293, 282, 308, 123, 124, 224, 251, 225, 385, 341, 119, 254, 245, 240, 138, 113, 329, 187, 350, 361, 267, 339, 149, 143, 215, 284, 315, 290, 371, 114, 153, 166, 231, 199, 295, 177, 402, 376, 99, 328, 168, 243, 211, 392, 234, 335, 232, 386, 197, 373, 306, 384, 195, 139, 101, 368, 223, 134, 288, 298, 292, 204, 331, 97, 327, 235, 397, 209, 230, 105, 214, 258, 110, 253, 365, 212, 362, 318, 265, 336, 338, 378, 121, 375, 216, 266, 283, 227, 157, 102, 172, 129, 163, 246, 291, 107, 268, 133, 359, 198, 186, 280, 379, 281, 218, 173, 206, 330, 356, 233, 249, 196, 381, 259, 312, 366, 182, 355, 287, 208, 170, 156, 372, 279, 390, 167, 360, 387, 112, 349, 213, 193, 125, 241, 205, 152, 180, 103, 176, 260, 100, 127, 313, 261, 160, 142, 165, 229, 203, 269, 184, 271, 132, 131, 169, 150, 109, 250, 320, 96, 255, 300, 178, 325, 297, 346, 309, 137, 334, 185, 289, 398, 324, 351, 162, 364, 277, 370, 108, 310, 405, 302, 326, 220, 236, 399, 207, 116, 342, 141, 111, 210, 272, 179, 377, 144, 278, 307, 202, 122, 148, 237, 367, 164, 383, 217, 247, 400, 340, 316, 273, 226, 388, 252, 106, 161, 175, 104, 158, 183, 135, 264, 256, 140, 189, 130, 270, 95, 322, 98, 404, 242, 353, 332, 192, 394, 317, 128, 389, 294, 145, 354, 263, 181, 174, 352, 159, 369, 191, 314, 200, 120, 238, 118, 115, 403, 188, 393, 348, 304, 147, 190, 333, 343, 305, 396, 136, 380, 303, 126, 276, 311, 345, 146, 401, 285, 337]"
diversity_off_nsga2,37,-59.277127775,14.492872225,43.822872225000005,"[47, 17, 10, 76, 35, 40, 74, 16, 61, 27, 36, 8, 51, 54, 45, 15, 56, 63, 50, 13, 72, 9, 19, 14, 59, 69, 53, 64, 37, 24, 58, 25, 82, 70, 84, 12, 7, 28, 5, 52, 31, 20, 34, 86, 4, 80, 21, 94, 11, 39, 29, 1, 42, 83, 38, 67, 6, 89, 3, 68, 18, 26, 22, 43, 46, 62, 87, 81, 48, 2, 30, 41, 23, 79, 66, 92, 73, 88, 91, 49, 93, 60, 75, 33, 55, 71, 85, 32, 65, 44, 57, 77, 78, 90]","[334, 160, 305, 344, 248, 294, 96, 130, 354, 302, 125, 315, 142, 195, 298, 310, 311, 371, 281, 245, 318, 369, 144, 338, 101, 117, 174, 156, 110, 353, 361, 321, 150, 175, 210, 242, 250, 389, 364, 237, 290, 275, 128, 277, 404, 147, 247, 327, 254, 143, 267, 154, 240, 350, 220, 137, 133, 325, 395, 264, 355, 120, 235, 399, 402, 169, 199, 296, 236, 177, 218, 357, 239, 140, 103, 340, 297, 317, 162, 295, 367, 193, 333, 182, 113, 405, 386, 225, 204, 387, 192, 265, 262, 382, 155, 202, 363, 274, 212, 178, 180, 171, 222, 151, 335, 286, 308, 312, 124, 401, 351, 105, 243, 280, 191, 341, 375, 216, 266, 283, 227, 157, 102, 172, 129, 104, 377, 316, 269, 238, 256, 271, 132, 131, 215, 381, 322, 190, 396, 138, 112, 100, 187, 307, 272, 328, 214, 394, 148, 111, 167, 231, 376, 99, 115, 261, 393, 343, 179, 380, 126, 276, 345, 285, 278, 268, 198, 196, 186, 400, 379, 163, 106, 205, 246, 257, 346, 141, 291, 184, 116, 233, 201, 360, 127, 288, 314, 134, 207, 309, 121, 224, 383, 292, 339, 385, 145, 251, 273, 253, 149, 185, 209, 358, 226, 378, 161, 219, 365, 279, 352, 200, 258, 391, 165, 252, 211, 136, 255, 301, 123, 183, 189, 203, 139, 223, 373, 232, 170, 374, 299, 221, 320, 241, 366, 329, 166, 135, 313, 403, 194, 319, 95, 349, 118, 228, 337, 362, 392, 284, 158, 197, 330, 119, 173, 208, 108, 263, 303, 181, 107, 287, 122, 368, 348, 114, 146, 260, 324, 390, 168, 164, 342, 244, 370, 230, 159, 323, 270, 282, 336, 347, 306, 388, 259, 109, 293, 249, 97, 331, 234, 206, 397, 289, 229, 372, 98, 384, 153, 213, 359, 356, 326, 304, 217, 300, 332, 152, 188, 398, 176]"
diversity_off_nsga2,38,-89.76924810497171,17.99075189502831,66.0307518950283,"[77, 91, 32, 44, 78, 17, 85, 90, 61, 27, 36, 8, 51, 54, 45, 15, 56, 63, 50, 13, 72, 9, 19, 14, 59, 69, 53, 64, 37, 24, 58, 25, 82, 70, 84, 12, 7, 28, 5, 52, 31, 20, 34, 86, 4, 80, 21, 94, 11, 39, 29, 1, 42, 83, 38, 67, 6, 89, 3, 68, 18, 26, 22, 43, 46, 62, 87, 81, 48, 2, 30, 41, 23, 79, 66, 92, 76, 35, 73, 47, 40, 74, 88, 57, 16, 65, 75, 49, 93, 60, 33, 55, 71, 10]","[319, 275, 151, 154, 299, 344, 323, 296, 221, 358, 274, 200, 219, 262, 374, 382, 248, 155, 363, 228, 347, 321, 395, 180, 171, 222, 239, 257, 286, 117, 357, 244, 194, 301, 293, 282, 308, 123, 124, 224, 251, 225, 385, 341, 119, 254, 245, 240, 138, 113, 329, 187, 350, 361, 267, 339, 149, 143, 215, 284, 315, 290, 371, 114, 153, 327, 231, 199, 295, 177, 402, 376, 99, 328, 168, 279, 359, 392, 234, 335, 232, 386, 197, 373, 306, 384, 195, 139, 101, 368, 223, 134, 288, 298, 397, 204, 331, 97, 166, 235, 292, 230, 105, 214, 258, 110, 253, 365, 212, 362, 318, 265, 336, 338, 378, 121, 375, 216, 266, 283, 227, 157, 102, 172, 129, 104, 377, 316, 269, 238, 256, 271, 132, 131, 169, 150, 109, 159, 213, 310, 297, 103, 388, 367, 164, 148, 273, 161, 252, 394, 95, 342, 193, 208, 108, 340, 140, 189, 130, 270, 243, 404, 372, 353, 332, 192, 202, 255, 144, 233, 272, 398, 167, 317, 122, 135, 158, 207, 183, 322, 294, 217, 98, 220, 170, 160, 247, 145, 242, 309, 277, 360, 370, 191, 181, 174, 96, 176, 184, 106, 307, 127, 313, 383, 263, 201, 312, 118, 405, 115, 403, 188, 390, 111, 261, 393, 348, 381, 304, 147, 190, 333, 324, 260, 343, 305, 179, 326, 152, 136, 185, 209, 351, 287, 142, 391, 380, 303, 325, 241, 300, 126, 276, 311, 345, 146, 401, 285, 278, 337, 163, 125, 205, 246, 320, 346, 141, 291, 107, 112, 156, 268, 133, 355, 236, 211, 198, 196, 349, 162, 186, 280, 379, 387, 396, 281, 116, 218, 173, 206, 330, 334, 356, 250, 175, 366, 100, 264, 226, 352, 210, 259, 400, 128, 203, 137, 302, 389, 178, 249, 369, 229, 364, 314, 354, 399, 289, 120, 237, 182, 165]"
diversity_off_nsga2,39,-33.2528441475,25.637155852499998,9.9471558525,"[3, 24, 13, 46, 27, 36, 8, 15, 38, 10, 26, 75, 56, 63, 44, 40, 91, 85, 73, 6, 32, 82, 22, 72, 9, 19, 31, 69, 53, 64, 37, 58, 25, 21, 50, 70, 65, 12, 54, 68, 52, 62, 59, 74, 43, 30, 16, 34, 83, 86, 79, 80, 57, 94, 11, 76, 23, 4, 39, 2, 93, 42, 48, 14, 87, 81, 71, 66, 92, 35, 84, 18, 88, 49, 60, 33, 55, 41, 1, 61, 20, 77, 51, 45, 5, 78, 28, 90, 47, 89, 17, 7, 29, 67]","[317, 132, 182, 192, 335, 105, 243, 167, 285, 349, 131, 161, 183, 189, 203, 139, 95, 223, 232, 164, 342, 256, 368, 322, 98, 404, 170, 384, 389, 353, 395, 366, 302, 265, 262, 374, 382, 299, 155, 363, 228, 347, 321, 212, 180, 171, 222, 239, 257, 286, 117, 357, 244, 194, 162, 293, 282, 308, 123, 124, 224, 156, 198, 251, 225, 385, 246, 341, 119, 126, 301, 245, 240, 138, 116, 291, 113, 329, 187, 310, 361, 267, 339, 149, 143, 107, 215, 284, 314, 290, 371, 114, 153, 166, 231, 199, 295, 177, 402, 376, 99, 118, 115, 188, 390, 312, 305, 179, 328, 287, 142, 380, 168, 279, 211, 392, 234, 263, 216, 333, 202, 221, 255, 274, 313, 298, 181, 197, 271, 377, 352, 159, 108, 178, 151, 370, 208, 157, 369, 191, 129, 362, 144, 165, 388, 96, 120, 375, 394, 238, 269, 172, 213, 174, 405, 403, 111, 288, 393, 348, 381, 304, 147, 190, 324, 260, 343, 396, 136, 351, 391, 303, 325, 241, 300, 254, 276, 311, 345, 248, 401, 278, 337, 163, 125, 266, 236, 320, 346, 141, 112, 268, 133, 355, 359, 196, 306, 186, 280, 379, 387, 309, 281, 218, 173, 206, 330, 334, 356, 250, 214, 204, 103, 207, 201, 360, 160, 193, 127, 261, 233, 283, 150, 100, 386, 122, 338, 277, 148, 275, 237, 134, 326, 323, 258, 327, 184, 121, 367, 383, 217, 235, 292, 247, 400, 340, 154, 307, 176, 316, 272, 205, 169, 273, 195, 253, 137, 227, 229, 364, 373, 319, 185, 350, 318, 209, 358, 297, 226, 378, 200, 252, 106, 102, 219, 365, 175, 336, 249, 331, 230, 270, 259, 109, 97, 397, 289, 372, 332, 152, 398, 344, 146, 294, 130, 354, 315, 101, 110, 135, 210, 242, 104, 128, 158, 145, 220, 264, 399, 296, 140]"
diversity_off_nsga2,40,-108.33595507930805,29.724044920691952,75.96404492069196,"[77, 91, 22, 88, 32, 44, 92, 78, 17, 85, 18, 68, 61, 27, 36, 62, 65, 54, 73, 10, 26, 76, 56, 63, 50, 29, 13, 72, 9, 19, 14, 59, 69, 53, 64, 37, 24, 58, 25, 55, 82, 70, 84, 12, 7, 28, 5, 52, 71, 31, 74, 20, 4, 30, 16, 34, 48, 75, 79, 43, 80, 21, 94, 11, 15, 23, 66, 51, 39, 2, 33, 86, 35, 57, 1, 93, 42, 83, 60, 49, 41, 47, 87, 3, 90, 46, 38, 67, 6, 89, 8, 81, 40, 45]","[151, 154, 248, 344, 323, 221, 358, 274, 201, 219, 262, 374, 382, 299, 155, 363, 228, 347, 321, 395, 180, 171, 222, 239, 257, 286, 117, 357, 244, 194, 301, 240, 282, 123, 124, 224, 251, 225, 385, 341, 119, 254, 245, 293, 138, 113, 329, 187, 350, 361, 267, 339, 149, 143, 308, 226, 296, 215, 284, 315, 290, 371, 114, 153, 166, 227, 199, 295, 177, 402, 376, 99, 328, 168, 279, 211, 392, 234, 335, 232, 386, 197, 373, 306, 384, 195, 139, 101, 223, 134, 288, 298, 397, 204, 331, 97, 327, 235, 292, 209, 230, 105, 214, 258, 110, 253, 365, 212, 362, 318, 265, 336, 338, 378, 121, 375, 216, 266, 283, 231, 157, 102, 172, 129, 104, 377, 316, 269, 238, 256, 271, 132, 131, 169, 150, 109, 159, 213, 310, 297, 103, 388, 367, 164, 148, 273, 161, 252, 185, 394, 95, 191, 193, 208, 108, 340, 140, 189, 130, 270, 243, 404, 372, 353, 332, 192, 202, 255, 144, 233, 272, 398, 167, 317, 122, 135, 158, 207, 183, 322, 294, 217, 98, 278, 170, 160, 247, 145, 242, 309, 277, 360, 370, 342, 181, 174, 162, 176, 184, 106, 307, 127, 313, 383, 263, 200, 312, 118, 405, 115, 368, 285, 403, 188, 390, 111, 261, 393, 348, 381, 304, 147, 190, 333, 324, 260, 343, 305, 179, 326, 396, 136, 351, 287, 142, 391, 380, 303, 325, 241, 300, 126, 276, 311, 345, 146, 401, 220, 337, 163, 125, 205, 246, 320, 346, 141, 291, 107, 112, 156, 268, 133, 355, 236, 359, 198, 196, 349, 96, 186, 280, 379, 387, 152, 281, 116, 218, 173, 206, 330, 334, 356, 250, 175, 366, 100, 264, 352, 210, 259, 400, 128, 203, 137, 302, 389, 178, 249, 369, 229, 364, 314, 354, 399, 289, 120, 237, 182, 165, 319, 275]"
diversity_off_nsga2,41,-26.225412193846154,6.674587806153847,20.274587806153846,"[83, 76, 60, 79, 40, 75, 33, 55, 14, 71, 85, 65, 12, 13, 42, 36, 80, 27, 52, 9, 54, 91, 66, 94, 1, 82, 8, 61, 39, 44, 20, 59, 31, 4, 77, 15, 51, 21, 45, 5, 72, 34, 56, 78, 37, 84, 69, 28, 90, 6, 73, 63, 89, 17, 7, 38, 25, 29, 19, 67, 11, 53, 10, 3, 24, 68, 18, 26, 22, 43, 70, 46, 62, 87, 35, 81, 48, 2, 30, 93, 49, 50, 58, 16, 86, 23, 47, 41, 88, 57, 74, 64, 32, 92]","[346, 243, 339, 241, 366, 233, 292, 312, 257, 255, 230, 196, 218, 340, 108, 102, 165, 181, 103, 403, 122, 266, 190, 391, 204, 348, 269, 146, 351, 260, 317, 252, 333, 159, 259, 125, 173, 394, 324, 208, 193, 237, 297, 136, 263, 247, 387, 148, 401, 350, 280, 172, 367, 143, 261, 368, 303, 254, 219, 115, 211, 352, 214, 250, 270, 149, 380, 323, 162, 313, 209, 164, 405, 293, 249, 141, 97, 331, 184, 365, 234, 206, 397, 289, 229, 372, 296, 120, 167, 154, 191, 98, 129, 271, 153, 278, 134, 213, 253, 359, 192, 356, 207, 304, 246, 217, 377, 205, 268, 358, 300, 332, 152, 188, 238, 398, 176, 334, 160, 305, 212, 344, 179, 155, 335, 294, 328, 126, 96, 357, 116, 227, 302, 106, 121, 178, 256, 142, 100, 240, 195, 298, 310, 383, 311, 99, 224, 157, 222, 248, 371, 281, 245, 318, 369, 144, 113, 338, 314, 375, 363, 101, 382, 117, 174, 198, 319, 349, 132, 379, 156, 197, 110, 135, 353, 361, 151, 185, 355, 262, 138, 321, 150, 231, 175, 283, 210, 288, 392, 242, 163, 279, 277, 133, 127, 396, 390, 315, 226, 111, 180, 216, 385, 200, 306, 286, 236, 354, 378, 258, 400, 384, 276, 393, 187, 336, 322, 104, 147, 320, 389, 370, 118, 228, 337, 362, 284, 291, 166, 404, 341, 186, 131, 128, 360, 235, 282, 130, 285, 329, 274, 345, 177, 244, 386, 381, 119, 290, 239, 342, 307, 316, 272, 169, 251, 273, 137, 327, 364, 287, 145, 107, 201, 309, 325, 347, 194, 301, 308, 123, 124, 330, 161, 158, 183, 264, 182, 220, 140, 105, 189, 203, 139, 95, 223, 373, 225, 232, 170, 112, 395, 265, 374, 299, 202, 221, 171, 402, 267, 295, 199, 399, 215, 168, 109, 388, 376, 343, 275, 114, 326]"
diversity_off_nsga2,42,-0.5401518332087134,6.679848166791286,7.459848166791287,"[49, 11, 65, 91, 61, 12, 70, 75, 52, 80, 27, 44, 73, 16, 83, 86, 7, 20, 90, 26, 29, 93, 40, 77, 88, 78, 82, 37, 58, 4, 32, 67, 57, 45, 53, 71, 21, 39, 64, 19, 60, 42, 47, 14, 17, 51, 9, 59, 54, 10, 72, 23, 1, 74, 15, 76, 85, 34, 6, 89, 25, 18, 50, 84, 35, 28, 56, 81, 38, 79, 55, 48, 3, 22, 43, 31, 46, 30, 62, 87, 94, 68, 36, 33, 13, 24, 69, 63, 2, 41, 8, 66, 5, 92]","[286, 304, 126, 205, 346, 112, 201, 225, 222, 385, 113, 188, 104, 195, 228, 257, 160, 281, 218, 173, 334, 275, 378, 232, 328, 316, 155, 356, 305, 157, 174, 268, 369, 199, 241, 238, 354, 300, 207, 284, 99, 337, 343, 237, 273, 144, 168, 140, 375, 288, 224, 193, 307, 380, 244, 216, 389, 200, 149, 366, 280, 324, 320, 394, 245, 102, 172, 393, 230, 279, 103, 159, 272, 254, 323, 270, 291, 282, 336, 274, 186, 376, 214, 347, 399, 115, 306, 388, 340, 196, 269, 404, 259, 138, 109, 341, 405, 293, 249, 141, 97, 331, 184, 365, 234, 206, 397, 289, 229, 372, 177, 296, 133, 120, 167, 154, 191, 98, 129, 271, 277, 384, 153, 278, 134, 213, 253, 359, 357, 116, 302, 136, 121, 312, 169, 368, 202, 303, 210, 219, 379, 352, 123, 170, 318, 250, 363, 203, 246, 374, 162, 209, 101, 297, 127, 262, 264, 361, 180, 171, 107, 315, 373, 351, 163, 360, 187, 355, 156, 295, 146, 382, 317, 348, 333, 100, 309, 148, 381, 233, 142, 276, 301, 190, 298, 292, 319, 321, 166, 135, 313, 403, 221, 119, 204, 325, 345, 118, 147, 322, 371, 283, 260, 255, 197, 362, 164, 387, 330, 189, 179, 106, 122, 310, 311, 198, 178, 256, 285, 400, 370, 349, 231, 392, 151, 236, 391, 181, 287, 396, 239, 194, 240, 223, 185, 227, 383, 338, 137, 131, 226, 161, 175, 110, 350, 105, 130, 353, 395, 192, 265, 299, 152, 242, 294, 261, 183, 220, 235, 215, 339, 158, 263, 211, 145, 208, 108, 111, 182, 329, 358, 125, 251, 390, 401, 342, 150, 367, 217, 247, 266, 327, 252, 386, 176, 258, 398, 143, 364, 344, 326, 165, 248, 139, 95, 332, 128, 132, 243, 377, 335, 212, 117, 308, 124, 267, 314, 290, 96, 114, 402]"
diversity_off_nsga2,43,-61.79988852329892,16.24011147670107,31.600111476701073,"[30, 80, 55, 94, 11, 66, 29, 22, 58, 33, 51, 54, 10, 26, 15, 56, 63, 50, 13, 72, 9, 19, 14, 59, 69, 53, 64, 37, 25, 82, 70, 12, 7, 5, 52, 8, 31, 74, 43, 48, 75, 21, 23, 1, 85, 73, 16, 34, 83, 86, 79, 76, 24, 39, 4, 2, 84, 35, 57, 93, 42, 60, 49, 41, 47, 87, 3, 18, 46, 38, 67, 6, 68, 71, 81, 40, 77, 20, 28, 88, 92, 78, 45, 91, 32, 44, 17, 90, 89, 61, 27, 36, 62, 65]","[151, 154, 248, 344, 323, 296, 221, 358, 274, 219, 262, 374, 382, 299, 155, 363, 228, 347, 321, 180, 171, 222, 239, 257, 117, 357, 244, 194, 301, 293, 282, 308, 123, 124, 224, 251, 225, 385, 341, 119, 254, 245, 240, 138, 113, 329, 187, 350, 361, 267, 149, 284, 315, 290, 371, 114, 153, 166, 199, 295, 177, 402, 376, 99, 328, 168, 279, 392, 234, 335, 232, 386, 197, 373, 306, 384, 195, 139, 101, 368, 223, 134, 298, 397, 204, 331, 97, 327, 292, 209, 230, 105, 214, 258, 110, 253, 365, 212, 362, 318, 265, 336, 338, 378, 121, 375, 216, 266, 283, 227, 157, 102, 172, 129, 269, 271, 132, 131, 169, 150, 109, 213, 310, 297, 103, 161, 185, 208, 108, 243, 372, 286, 192, 255, 398, 167, 317, 231, 170, 309, 277, 370, 96, 176, 184, 313, 312, 390, 261, 201, 160, 127, 288, 233, 324, 260, 351, 287, 142, 391, 241, 300, 337, 163, 125, 205, 381, 395, 246, 320, 346, 291, 107, 112, 156, 268, 133, 355, 359, 198, 196, 349, 162, 186, 280, 379, 387, 152, 281, 360, 218, 206, 330, 334, 356, 250, 366, 100, 259, 203, 137, 178, 249, 229, 364, 289, 182, 226, 405, 302, 236, 399, 207, 116, 342, 141, 111, 210, 272, 179, 377, 144, 278, 307, 202, 122, 148, 237, 367, 164, 383, 217, 247, 400, 340, 316, 273, 165, 388, 252, 106, 325, 175, 104, 135, 264, 256, 140, 189, 130, 270, 95, 126, 98, 404, 242, 353, 332, 143, 394, 275, 128, 389, 294, 354, 181, 174, 352, 159, 369, 191, 314, 183, 326, 220, 173, 235, 215, 339, 158, 263, 211, 193, 145, 200, 120, 238, 118, 115, 403, 188, 393, 348, 304, 147, 190, 333, 343, 305, 396, 136, 380, 303, 322, 276, 311, 345, 146, 401, 285, 319]"
diversity_off_nsga2,44,-15.456418124999999,11.063581875,12.643581874999999,"[18, 33, 55, 14, 71, 85, 32, 2, 41, 21, 80, 29, 39, 58, 49, 40, 93, 11, 4, 44, 9, 19, 86, 77, 45, 20, 83, 82, 16, 88, 37, 91, 78, 70, 17, 90, 51, 75, 64, 61, 12, 27, 73, 65, 59, 54, 10, 72, 23, 8, 46, 66, 43, 5, 56, 57, 60, 67, 94, 26, 3, 52, 92, 30, 79, 42, 53, 7, 84, 31, 87, 36, 62, 74, 38, 81, 15, 22, 48, 28, 35, 76, 47, 34, 6, 89, 25, 68, 1, 13, 24, 50, 69, 63]","[275, 326, 173, 316, 252, 386, 222, 165, 218, 243, 95, 228, 241, 258, 286, 367, 113, 284, 99, 337, 343, 237, 273, 144, 168, 140, 375, 288, 224, 193, 307, 380, 244, 216, 389, 200, 149, 366, 280, 324, 320, 394, 245, 102, 172, 393, 230, 297, 103, 159, 272, 323, 270, 291, 282, 336, 404, 147, 247, 327, 254, 143, 267, 145, 240, 350, 220, 137, 133, 325, 395, 377, 264, 355, 120, 235, 399, 402, 169, 274, 186, 376, 214, 347, 115, 306, 388, 340, 196, 269, 259, 138, 109, 341, 405, 293, 249, 141, 97, 331, 184, 365, 234, 206, 397, 289, 229, 372, 177, 296, 167, 154, 191, 98, 129, 271, 277, 384, 153, 278, 134, 213, 253, 359, 192, 356, 207, 304, 266, 217, 205, 268, 358, 300, 332, 152, 188, 238, 398, 176, 334, 160, 305, 212, 344, 248, 155, 335, 294, 328, 126, 96, 130, 354, 357, 116, 227, 302, 106, 121, 312, 261, 368, 202, 303, 210, 219, 379, 211, 352, 123, 170, 318, 250, 363, 203, 246, 374, 162, 209, 101, 279, 127, 185, 262, 390, 361, 226, 111, 180, 338, 175, 242, 171, 107, 158, 315, 373, 351, 163, 360, 263, 110, 187, 156, 295, 146, 382, 317, 348, 125, 333, 100, 383, 309, 148, 299, 381, 265, 233, 142, 276, 301, 190, 161, 298, 292, 319, 321, 329, 166, 135, 313, 403, 221, 119, 223, 204, 345, 118, 322, 371, 283, 260, 208, 255, 197, 251, 362, 164, 387, 330, 189, 179, 108, 136, 122, 310, 311, 198, 132, 256, 285, 400, 370, 183, 349, 231, 392, 151, 105, 236, 391, 181, 215, 287, 131, 195, 396, 239, 194, 353, 401, 157, 117, 346, 182, 150, 342, 114, 225, 364, 128, 112, 339, 385, 178, 281, 232, 201, 174, 124, 290, 139, 369, 378, 104, 257, 314, 199, 308]"
diversity_off_nsga2,45,-53.0,14.009999999999998,20.8,"[32, 78, 17, 90, 61, 27, 36, 65, 10, 7, 38, 60, 63, 82, 13, 58, 59, 69, 14, 64, 45, 72, 40, 5, 52, 62, 31, 16, 34, 55, 94, 76, 23, 4, 9, 84, 37, 42, 41, 87, 46, 48, 6, 68, 25, 66, 30, 71, 47, 50, 24, 22, 67, 11, 53, 92, 3, 28, 79, 80, 21, 43, 26, 83, 56, 44, 54, 86, 39, 2, 33, 29, 8, 35, 57, 1, 93, 19, 73, 91, 85, 77, 74, 18, 49, 89, 81, 12, 15, 51, 70, 20, 75, 88]","[261, 275, 154, 248, 344, 323, 296, 221, 358, 274, 201, 219, 262, 374, 382, 299, 155, 363, 228, 347, 239, 212, 180, 171, 222, 321, 257, 286, 117, 357, 244, 194, 301, 293, 282, 308, 123, 124, 224, 251, 225, 385, 341, 119, 254, 245, 240, 138, 113, 187, 310, 361, 267, 339, 149, 143, 215, 284, 314, 290, 371, 114, 153, 166, 231, 199, 295, 177, 402, 376, 99, 328, 168, 279, 211, 392, 234, 335, 118, 232, 386, 197, 373, 306, 384, 195, 139, 134, 101, 368, 223, 288, 298, 397, 204, 331, 97, 327, 235, 292, 209, 230, 105, 214, 258, 110, 253, 365, 395, 362, 318, 265, 336, 338, 378, 121, 375, 216, 266, 283, 227, 157, 102, 172, 129, 104, 377, 316, 269, 238, 256, 271, 132, 131, 169, 150, 109, 159, 213, 350, 297, 103, 388, 367, 164, 148, 273, 161, 252, 185, 259, 95, 342, 193, 208, 108, 340, 140, 189, 130, 270, 243, 404, 372, 353, 332, 192, 202, 255, 144, 233, 272, 398, 167, 317, 122, 135, 158, 207, 183, 322, 294, 217, 98, 220, 170, 160, 247, 145, 242, 309, 277, 360, 370, 191, 181, 174, 96, 156, 184, 106, 307, 127, 313, 383, 263, 200, 312, 329, 405, 115, 403, 188, 390, 111, 319, 393, 348, 381, 304, 147, 190, 333, 324, 260, 343, 305, 179, 326, 396, 136, 351, 287, 142, 391, 380, 303, 325, 241, 300, 126, 276, 311, 218, 146, 401, 285, 278, 337, 163, 125, 205, 246, 320, 346, 141, 291, 107, 112, 176, 268, 133, 355, 236, 359, 198, 196, 349, 162, 186, 280, 379, 387, 152, 281, 116, 345, 173, 206, 330, 334, 356, 250, 175, 366, 100, 264, 226, 352, 210, 394, 400, 128, 203, 137, 302, 389, 178, 249, 369, 229, 364, 315, 354, 399, 289, 120, 237, 182, 165, 151]"
diversity_off_nsga2,46,-19.7,13.58,8.299999999999999,"[33, 55, 71, 85, 65, 12, 13, 36, 80, 27, 9, 54, 91, 1, 82, 61, 39, 44, 20, 59, 31, 4, 77, 15, 51, 21, 45, 34, 78, 73, 84, 69, 28, 90, 6, 37, 63, 89, 17, 38, 25, 29, 19, 11, 10, 24, 68, 18, 22, 70, 72, 23, 8, 46, 66, 43, 5, 56, 57, 60, 67, 94, 26, 3, 52, 92, 30, 79, 14, 42, 53, 7, 62, 87, 35, 81, 48, 2, 93, 49, 50, 58, 16, 86, 47, 41, 88, 74, 64, 32, 83, 76, 40, 75]","[403, 122, 190, 391, 204, 348, 146, 351, 260, 317, 252, 333, 159, 125, 173, 394, 324, 208, 193, 237, 297, 136, 263, 247, 387, 148, 401, 350, 280, 172, 367, 143, 254, 115, 214, 270, 304, 380, 323, 162, 313, 209, 164, 179, 178, 256, 142, 100, 195, 298, 310, 383, 311, 99, 224, 157, 222, 371, 281, 245, 369, 144, 113, 338, 314, 375, 101, 382, 117, 174, 198, 319, 349, 132, 156, 303, 110, 135, 353, 361, 151, 185, 355, 262, 321, 150, 231, 175, 340, 196, 269, 404, 259, 138, 109, 341, 405, 293, 249, 141, 97, 331, 184, 365, 234, 206, 397, 289, 229, 372, 177, 296, 133, 120, 167, 154, 191, 98, 129, 271, 277, 384, 153, 278, 134, 213, 253, 359, 192, 356, 207, 149, 266, 217, 377, 205, 268, 358, 300, 332, 152, 188, 238, 398, 176, 334, 160, 305, 212, 344, 248, 155, 335, 294, 328, 126, 96, 130, 354, 357, 116, 227, 302, 106, 121, 312, 261, 169, 368, 202, 197, 210, 219, 379, 211, 352, 123, 240, 170, 318, 250, 363, 203, 246, 374, 283, 288, 392, 242, 163, 279, 127, 396, 390, 315, 226, 111, 180, 216, 385, 200, 306, 286, 236, 378, 258, 400, 276, 393, 187, 336, 322, 104, 147, 320, 389, 370, 118, 228, 337, 362, 284, 291, 166, 186, 131, 128, 360, 235, 282, 285, 329, 274, 345, 244, 386, 381, 119, 290, 239, 342, 307, 316, 272, 251, 273, 137, 327, 364, 287, 145, 107, 201, 309, 325, 347, 194, 301, 308, 124, 330, 161, 158, 183, 264, 182, 220, 140, 105, 189, 139, 95, 223, 373, 225, 232, 112, 395, 265, 299, 221, 171, 402, 267, 295, 199, 399, 215, 168, 388, 376, 343, 275, 114, 326, 346, 243, 339, 241, 366, 233, 292, 257, 255, 230, 218, 108, 102, 165, 181, 103]"
diversity_off_nsga2,47,-41.31134132500001,12.808658675,18.788658675,"[10, 26, 15, 56, 63, 82, 31, 14, 91, 72, 69, 19, 36, 9, 53, 64, 24, 58, 25, 50, 75, 12, 7, 54, 87, 68, 52, 62, 74, 43, 30, 16, 34, 89, 45, 70, 28, 38, 37, 92, 78, 51, 79, 80, 21, 94, 86, 57, 83, 2, 46, 84, 55, 11, 76, 23, 66, 4, 39, 3, 33, 29, 88, 35, 5, 93, 42, 48, 60, 49, 41, 47, 1, 18, 67, 6, 71, 81, 40, 22, 32, 44, 85, 73, 13, 77, 8, 20, 59, 17, 90, 61, 27, 65]","[311, 154, 248, 344, 201, 296, 221, 358, 274, 323, 219, 262, 374, 382, 299, 155, 363, 96, 347, 321, 212, 180, 171, 222, 239, 257, 286, 117, 357, 244, 194, 301, 293, 282, 308, 123, 124, 224, 251, 225, 385, 341, 119, 254, 245, 240, 138, 113, 329, 187, 310, 361, 267, 339, 149, 143, 215, 284, 314, 290, 371, 114, 153, 166, 231, 199, 295, 177, 402, 376, 99, 328, 168, 279, 211, 392, 234, 335, 232, 386, 197, 373, 306, 384, 195, 139, 101, 368, 223, 134, 288, 298, 397, 204, 97, 327, 235, 292, 209, 230, 105, 214, 258, 110, 253, 395, 362, 318, 265, 338, 291, 120, 188, 229, 247, 268, 275, 326, 103, 294, 271, 173, 316, 259, 165, 303, 218, 243, 356, 95, 228, 241, 399, 367, 337, 162, 343, 127, 297, 237, 133, 273, 144, 121, 140, 379, 375, 193, 307, 380, 289, 216, 349, 179, 125, 205, 391, 176, 260, 100, 315, 313, 261, 249, 142, 269, 287, 132, 131, 169, 320, 255, 300, 325, 151, 283, 309, 172, 185, 398, 324, 372, 277, 370, 108, 405, 302, 220, 236, 207, 116, 141, 272, 213, 331, 278, 202, 158, 227, 200, 191, 226, 164, 348, 118, 252, 190, 135, 206, 354, 396, 146, 319, 336, 106, 263, 145, 340, 365, 393, 189, 130, 270, 322, 98, 389, 192, 333, 352, 148, 276, 330, 198, 345, 136, 280, 107, 126, 115, 403, 305, 186, 217, 175, 383, 317, 400, 285, 256, 163, 350, 394, 233, 160, 122, 238, 137, 159, 161, 183, 242, 147, 196, 381, 129, 366, 355, 208, 156, 351, 181, 246, 360, 387, 304, 404, 353, 401, 157, 377, 346, 182, 184, 150, 210, 390, 342, 167, 203, 388, 364, 128, 112, 178, 281, 266, 312, 170, 264, 174, 332, 359, 334, 152, 369, 378, 104, 111, 250, 102, 109]"
diversity_off_nsga2,48,-51.157170625,13.712829375,27.442829375000006,"[36, 8, 65, 38, 10, 26, 15, 56, 63, 13, 72, 28, 19, 14, 89, 91, 68, 59, 69, 53, 37, 24, 58, 25, 21, 50, 70, 12, 7, 75, 64, 61, 17, 54, 5, 4, 55, 82, 51, 52, 62, 31, 74, 20, 43, 30, 16, 34, 48, 79, 80, 94, 11, 76, 23, 66, 86, 39, 2, 33, 29, 84, 35, 57, 1, 93, 42, 83, 60, 49, 41, 47, 87, 3, 18, 46, 73, 67, 6, 71, 81, 40, 22, 77, 45, 9, 88, 32, 44, 92, 78, 85, 90, 27]","[275, 151, 154, 248, 344, 323, 296, 221, 358, 274, 375, 201, 219, 262, 374, 382, 299, 155, 363, 228, 347, 321, 212, 180, 171, 222, 239, 257, 286, 117, 357, 244, 194, 301, 293, 282, 308, 123, 124, 224, 251, 225, 385, 341, 119, 254, 245, 240, 138, 113, 329, 187, 310, 361, 267, 339, 149, 143, 215, 284, 314, 290, 371, 114, 153, 166, 231, 199, 295, 177, 402, 376, 99, 328, 168, 279, 211, 392, 234, 335, 232, 386, 197, 373, 306, 384, 195, 147, 266, 273, 253, 319, 185, 209, 131, 226, 378, 106, 161, 365, 175, 336, 331, 104, 135, 398, 366, 242, 294, 145, 167, 210, 354, 263, 216, 109, 327, 271, 174, 377, 399, 352, 159, 108, 255, 313, 178, 298, 370, 208, 157, 404, 191, 136, 362, 144, 165, 388, 96, 120, 97, 394, 238, 269, 172, 213, 312, 118, 405, 115, 403, 188, 390, 111, 261, 393, 348, 381, 304, 176, 190, 333, 324, 260, 343, 305, 179, 396, 129, 351, 287, 142, 391, 380, 303, 325, 241, 300, 126, 276, 311, 345, 146, 401, 285, 278, 337, 163, 125, 205, 246, 320, 346, 141, 291, 107, 112, 156, 268, 133, 355, 236, 359, 198, 196, 349, 162, 186, 280, 379, 387, 184, 281, 116, 218, 173, 206, 189, 139, 101, 203, 130, 95, 223, 368, 98, 170, 230, 389, 353, 265, 152, 202, 302, 369, 181, 289, 256, 338, 102, 183, 122, 332, 252, 249, 110, 237, 372, 150, 207, 356, 334, 397, 164, 200, 318, 229, 259, 264, 235, 169, 140, 103, 340, 297, 317, 330, 132, 367, 193, 182, 247, 270, 160, 243, 158, 350, 220, 137, 192, 395, 316, 315, 105, 128, 204, 364, 322, 100, 307, 272, 214, 277, 148, 400, 250, 233, 360, 127, 288, 342, 283, 134, 326, 258, 227, 309, 121, 383, 217, 292]"
diversity_off_nsga2,49,-12.71728225,6.51271775,14.182717749999998,"[85, 32, 33, 1, 7, 45, 29, 13, 35, 57, 26, 15, 56, 63, 82, 84, 9, 19, 69, 53, 64, 37, 58, 25, 21, 50, 70, 75, 12, 27, 36, 8, 65, 59, 38, 54, 10, 72, 68, 52, 62, 31, 74, 43, 30, 16, 34, 83, 86, 79, 80, 55, 94, 11, 76, 23, 17, 39, 2, 93, 42, 48, 90, 60, 87, 3, 46, 6, 71, 81, 40, 77, 20, 28, 88, 78, 4, 51, 49, 24, 89, 91, 67, 61, 41, 92, 44, 47, 5, 66, 18, 22, 73, 14]","[191, 314, 129, 362, 144, 187, 287, 142, 380, 303, 325, 241, 126, 276, 311, 349, 309, 168, 292, 319, 283, 210, 277, 400, 356, 345, 196, 218, 133, 207, 382, 340, 165, 181, 160, 213, 238, 195, 103, 403, 405, 100, 102, 219, 365, 211, 175, 336, 249, 331, 104, 344, 158, 183, 110, 335, 135, 264, 182, 256, 97, 220, 398, 248, 140, 105, 189, 203, 101, 296, 289, 139, 130, 270, 399, 109, 95, 397, 243, 223, 368, 322, 232, 98, 404, 170, 384, 230, 372, 389, 353, 294, 395, 366, 332, 302, 192, 265, 262, 374, 338, 299, 333, 155, 202, 363, 221, 108, 255, 228, 347, 274, 313, 321, 212, 178, 298, 180, 171, 222, 151, 239, 257, 286, 117, 357, 244, 194, 301, 293, 282, 370, 308, 123, 124, 224, 156, 330, 198, 251, 247, 388, 290, 96, 120, 371, 114, 153, 166, 231, 199, 295, 177, 402, 376, 118, 115, 390, 393, 348, 381, 304, 147, 190, 324, 260, 305, 179, 328, 396, 391, 300, 146, 401, 285, 278, 337, 163, 125, 205, 246, 346, 141, 291, 107, 112, 99, 342, 216, 343, 297, 320, 225, 161, 312, 172, 169, 235, 394, 149, 375, 215, 385, 279, 113, 188, 134, 351, 208, 269, 261, 227, 268, 355, 236, 359, 162, 186, 280, 379, 387, 184, 281, 116, 173, 206, 334, 250, 361, 214, 204, 233, 360, 193, 127, 288, 201, 150, 341, 307, 378, 122, 148, 275, 237, 323, 240, 121, 367, 164, 383, 217, 339, 154, 316, 266, 273, 253, 327, 350, 318, 358, 226, 252, 106, 159, 200, 259, 386, 176, 315, 229, 284, 131, 258, 137, 185, 143, 364, 234, 209, 326, 272, 111, 136, 128, 152, 132, 317, 306, 242, 145, 373, 167, 329, 354, 138, 392, 119, 263, 197, 271, 174, 310, 254, 377, 352, 267, 245, 157, 369]"
diversity_off_nsga2,50,-55.98230073346155,20.67769926653846,24.017699266538457,"[32, 38, 23, 11, 85, 8, 20, 92, 14, 6, 37, 90, 33, 29, 84, 35, 57, 73, 40, 67, 47, 72, 49, 66, 41, 93, 1, 22, 69, 46, 24, 55, 77, 4, 70, 60, 39, 48, 27, 15, 58, 26, 7, 54, 82, 68, 52, 62, 31, 74, 91, 43, 30, 53, 34, 83, 86, 78, 16, 79, 87, 75, 64, 89, 61, 13, 19, 80, 59, 17, 3, 44, 45, 25, 88, 50, 51, 63, 10, 28, 56, 81, 94, 21, 5, 18, 9, 71, 12, 36, 65, 76, 2, 42]","[398, 161, 354, 342, 97, 315, 258, 285, 248, 140, 189, 203, 101, 296, 289, 139, 130, 399, 109, 95, 243, 223, 368, 322, 98, 404, 170, 384, 389, 353, 395, 366, 302, 265, 262, 374, 382, 299, 155, 363, 228, 347, 321, 212, 180, 171, 222, 239, 257, 286, 117, 357, 346, 194, 301, 293, 282, 308, 123, 124, 224, 156, 198, 251, 233, 385, 236, 341, 119, 254, 162, 245, 240, 138, 116, 291, 113, 329, 187, 310, 361, 267, 339, 149, 143, 107, 215, 284, 314, 290, 371, 114, 153, 166, 231, 199, 295, 177, 402, 376, 99, 118, 115, 188, 390, 312, 305, 179, 328, 287, 142, 380, 303, 325, 241, 126, 276, 311, 230, 349, 309, 144, 168, 292, 319, 283, 210, 277, 400, 356, 151, 255, 345, 278, 196, 218, 133, 207, 338, 340, 108, 134, 165, 181, 183, 160, 213, 238, 195, 103, 403, 221, 405, 100, 192, 122, 128, 375, 135, 232, 205, 391, 204, 269, 332, 377, 146, 351, 373, 178, 317, 150, 252, 249, 370, 105, 110, 159, 220, 259, 327, 125, 173, 394, 272, 298, 208, 193, 237, 297, 372, 136, 263, 247, 217, 387, 148, 401, 350, 266, 242, 355, 369, 280, 106, 172, 336, 163, 200, 152, 294, 244, 261, 320, 326, 264, 360, 209, 186, 229, 127, 185, 227, 383, 307, 137, 226, 365, 175, 331, 235, 158, 211, 145, 111, 182, 393, 358, 201, 386, 102, 381, 324, 316, 273, 121, 184, 268, 397, 335, 147, 337, 253, 334, 169, 190, 333, 288, 323, 304, 330, 225, 306, 141, 313, 318, 279, 270, 359, 364, 256, 275, 348, 176, 260, 206, 250, 131, 343, 378, 396, 300, 112, 379, 392, 234, 216, 197, 271, 174, 352, 157, 191, 129, 362, 388, 96, 120, 154, 202, 132, 214, 246, 104, 167, 367, 219, 164, 281, 274, 344]"
diversity_off_nsga2,51,-57.75448949999999,16.8555105,28.245510499999998,"[50, 13, 9, 19, 69, 24, 58, 55, 82, 70, 17, 28, 31, 20, 43, 30, 48, 79, 4, 80, 21, 94, 11, 16, 32, 37, 91, 78, 75, 64, 61, 12, 27, 73, 65, 59, 54, 72, 23, 8, 66, 5, 57, 60, 67, 26, 52, 92, 14, 42, 53, 7, 36, 74, 15, 76, 47, 34, 6, 89, 25, 84, 44, 90, 29, 39, 2, 33, 86, 35, 1, 93, 83, 49, 41, 87, 3, 18, 46, 38, 71, 81, 40, 45, 77, 22, 88, 85, 68, 62, 51, 10, 56, 63]","[151, 154, 248, 344, 323, 296, 221, 358, 277, 201, 219, 262, 374, 382, 299, 155, 363, 228, 347, 321, 395, 180, 171, 222, 239, 257, 286, 117, 357, 244, 194, 301, 293, 282, 308, 123, 124, 224, 251, 225, 385, 341, 119, 254, 245, 240, 138, 113, 329, 187, 350, 361, 267, 339, 149, 143, 215, 284, 315, 290, 371, 114, 153, 166, 231, 199, 295, 177, 402, 376, 99, 328, 168, 152, 211, 392, 335, 232, 386, 197, 97, 184, 234, 373, 306, 384, 195, 139, 101, 368, 223, 134, 288, 298, 397, 204, 331, 327, 235, 292, 209, 230, 105, 214, 258, 110, 253, 365, 212, 362, 318, 265, 336, 338, 378, 121, 375, 216, 266, 283, 227, 157, 102, 172, 129, 104, 377, 316, 269, 238, 256, 271, 132, 131, 169, 150, 109, 159, 213, 310, 297, 103, 388, 367, 164, 148, 273, 161, 252, 185, 394, 95, 342, 193, 208, 108, 340, 140, 189, 130, 270, 243, 404, 372, 353, 332, 192, 202, 255, 144, 233, 272, 398, 167, 317, 122, 135, 158, 276, 183, 322, 294, 217, 98, 220, 170, 160, 247, 145, 242, 309, 274, 360, 370, 191, 181, 174, 96, 176, 106, 307, 127, 313, 383, 263, 200, 312, 118, 405, 115, 403, 188, 390, 111, 261, 393, 348, 381, 304, 147, 190, 333, 324, 260, 343, 305, 179, 326, 396, 136, 351, 287, 142, 391, 380, 303, 325, 241, 300, 126, 207, 311, 345, 146, 401, 285, 278, 337, 163, 125, 173, 246, 320, 346, 141, 291, 107, 112, 156, 268, 133, 355, 236, 359, 198, 196, 349, 162, 186, 280, 379, 387, 279, 281, 116, 218, 205, 206, 330, 334, 356, 250, 175, 366, 100, 264, 226, 352, 210, 259, 400, 128, 203, 137, 302, 389, 178, 249, 369, 229, 364, 314, 354, 399, 289, 120, 237, 182, 165, 319, 275]"
diversity_off_nsga2,52,-77.72239049653523,21.98760950346478,39.67760950346478,"[9, 19, 25, 36, 91, 59, 15, 8, 7, 10, 13, 44, 62, 92, 85, 17, 70, 54, 5, 50, 52, 69, 78, 64, 37, 24, 65, 55, 32, 84, 22, 58, 61, 26, 68, 12, 73, 21, 88, 53, 27, 56, 82, 31, 74, 20, 43, 30, 16, 34, 48, 75, 4, 63, 29, 51, 49, 18, 79, 80, 28, 94, 11, 76, 23, 66, 39, 2, 33, 86, 35, 77, 1, 93, 42, 83, 90, 14, 41, 47, 87, 3, 60, 46, 38, 67, 6, 89, 71, 81, 40, 45, 57, 72]","[319, 275, 151, 154, 248, 344, 323, 296, 221, 358, 274, 201, 219, 262, 374, 382, 299, 155, 363, 228, 347, 321, 180, 171, 222, 239, 257, 286, 117, 357, 244, 194, 301, 293, 282, 308, 305, 124, 224, 251, 225, 385, 341, 119, 254, 245, 240, 138, 113, 329, 187, 182, 361, 267, 339, 149, 143, 215, 284, 315, 132, 371, 114, 153, 166, 212, 231, 199, 295, 177, 402, 376, 258, 328, 168, 279, 211, 392, 234, 335, 232, 386, 197, 373, 306, 384, 195, 139, 101, 368, 223, 134, 288, 298, 397, 204, 331, 97, 327, 235, 292, 209, 105, 214, 99, 110, 253, 365, 395, 362, 318, 265, 336, 338, 378, 121, 375, 216, 266, 283, 227, 157, 102, 172, 129, 163, 246, 291, 107, 268, 133, 233, 381, 312, 287, 208, 170, 156, 372, 243, 390, 167, 360, 112, 213, 193, 125, 241, 205, 391, 103, 207, 260, 127, 313, 261, 160, 142, 269, 184, 271, 290, 131, 169, 150, 109, 320, 96, 255, 300, 325, 297, 346, 309, 185, 398, 324, 351, 277, 370, 108, 310, 405, 326, 220, 176, 342, 141, 111, 272, 179, 377, 144, 278, 307, 202, 122, 148, 367, 164, 383, 217, 247, 340, 316, 273, 226, 388, 252, 106, 161, 104, 158, 183, 135, 256, 140, 189, 130, 270, 95, 322, 98, 404, 242, 353, 332, 192, 394, 317, 294, 145, 263, 181, 174, 159, 191, 200, 238, 118, 115, 403, 188, 393, 348, 304, 147, 190, 333, 343, 123, 396, 136, 380, 303, 126, 276, 311, 355, 236, 359, 198, 196, 349, 162, 186, 280, 379, 387, 152, 281, 120, 218, 173, 206, 330, 334, 356, 250, 175, 366, 100, 264, 230, 352, 210, 259, 400, 128, 203, 137, 302, 389, 178, 249, 369, 229, 364, 314, 354, 399, 289, 116, 237, 350, 165, 345, 146, 401, 285, 337]"
diversity_off_nsga2,53,-72.68013924232426,33.06986075767575,35.31986075767574,"[82, 72, 9, 19, 53, 24, 25, 65, 69, 89, 31, 36, 91, 35, 67, 21, 59, 15, 61, 7, 10, 41, 86, 13, 12, 34, 62, 73, 70, 85, 44, 75, 38, 54, 5, 68, 52, 4, 43, 30, 16, 83, 79, 80, 55, 29, 11, 76, 23, 66, 74, 39, 32, 94, 84, 57, 93, 18, 22, 14, 50, 42, 58, 33, 1, 47, 20, 8, 26, 64, 48, 60, 49, 87, 3, 46, 92, 6, 71, 81, 40, 77, 45, 28, 88, 2, 37, 78, 17, 51, 27, 90, 56, 63]","[164, 383, 217, 292, 339, 385, 247, 400, 340, 154, 316, 266, 251, 273, 253, 204, 327, 319, 350, 318, 358, 226, 388, 252, 106, 161, 102, 219, 365, 175, 336, 104, 158, 183, 135, 264, 256, 97, 140, 105, 189, 139, 130, 270, 297, 397, 322, 98, 404, 124, 230, 242, 353, 332, 192, 262, 394, 221, 317, 128, 306, 389, 294, 145, 373, 329, 168, 354, 138, 392, 263, 216, 181, 174, 254, 352, 159, 347, 274, 298, 357, 244, 194, 123, 267, 157, 369, 191, 362, 314, 200, 290, 120, 153, 363, 199, 295, 371, 238, 402, 376, 118, 115, 403, 188, 393, 348, 304, 147, 190, 333, 343, 305, 328, 396, 136, 380, 303, 126, 148, 311, 345, 146, 401, 285, 337, 163, 246, 291, 107, 268, 133, 103, 198, 186, 280, 224, 281, 218, 173, 206, 330, 356, 361, 214, 233, 160, 231, 196, 381, 129, 119, 259, 312, 366, 384, 182, 239, 355, 287, 201, 110, 208, 170, 156, 372, 243, 390, 223, 288, 225, 386, 375, 167, 360, 387, 171, 335, 212, 112, 349, 213, 395, 379, 293, 193, 125, 241, 205, 296, 166, 152, 321, 391, 374, 359, 176, 260, 101, 235, 100, 257, 232, 248, 127, 215, 315, 313, 180, 261, 249, 299, 142, 165, 195, 229, 203, 269, 184, 177, 222, 282, 211, 271, 209, 284, 131, 169, 301, 150, 109, 250, 320, 96, 255, 300, 117, 178, 325, 151, 95, 283, 258, 346, 134, 309, 137, 334, 172, 228, 185, 289, 149, 245, 398, 143, 265, 324, 351, 155, 162, 187, 279, 364, 277, 370, 108, 344, 310, 405, 302, 113, 234, 132, 326, 220, 99, 236, 399, 207, 308, 116, 342, 141, 111, 210, 338, 382, 272, 179, 331, 341, 377, 144, 286, 278, 368, 307, 202, 197, 114, 378, 122, 276, 275, 237, 323, 240, 227, 121, 367]"
diversity_off_nsga2,54,-40.137274749999996,9.48272525,26.162725249999998,"[33, 55, 14, 71, 85, 32, 12, 13, 36, 80, 27, 52, 54, 82, 8, 61, 88, 20, 59, 31, 4, 77, 15, 51, 70, 45, 5, 72, 56, 78, 69, 28, 90, 37, 17, 7, 25, 19, 53, 10, 24, 64, 63, 86, 49, 34, 21, 94, 11, 39, 29, 1, 42, 83, 38, 67, 6, 89, 22, 68, 18, 26, 3, 43, 46, 62, 87, 58, 48, 2, 30, 41, 23, 79, 66, 92, 76, 35, 73, 47, 40, 74, 44, 57, 16, 65, 75, 84, 93, 60, 81, 9, 91, 50]","[305, 344, 248, 294, 96, 402, 354, 302, 106, 315, 142, 195, 298, 310, 311, 371, 281, 245, 369, 144, 101, 117, 174, 156, 135, 353, 361, 321, 150, 175, 210, 392, 380, 403, 250, 389, 104, 364, 237, 290, 275, 128, 277, 404, 147, 247, 327, 254, 143, 158, 267, 145, 240, 350, 220, 137, 133, 325, 197, 395, 377, 264, 355, 120, 235, 399, 130, 169, 199, 296, 236, 177, 218, 329, 357, 239, 140, 103, 340, 297, 317, 330, 162, 295, 132, 367, 193, 333, 182, 113, 271, 405, 386, 225, 204, 387, 192, 262, 382, 155, 202, 363, 228, 274, 258, 110, 253, 365, 212, 362, 318, 265, 336, 391, 378, 121, 375, 216, 266, 283, 227, 157, 102, 172, 129, 313, 178, 180, 171, 222, 151, 335, 286, 194, 308, 312, 124, 401, 351, 316, 105, 243, 284, 280, 191, 341, 215, 381, 322, 190, 396, 138, 112, 100, 187, 307, 272, 328, 397, 394, 125, 148, 111, 167, 166, 231, 376, 99, 118, 115, 261, 393, 343, 179, 242, 126, 276, 345, 285, 278, 337, 163, 246, 320, 346, 291, 268, 198, 196, 349, 186, 400, 379, 184, 116, 233, 201, 360, 127, 288, 314, 134, 207, 309, 224, 383, 292, 339, 385, 154, 251, 273, 149, 319, 185, 209, 358, 131, 226, 161, 219, 279, 352, 200, 338, 165, 252, 211, 136, 255, 301, 123, 183, 189, 203, 139, 95, 223, 373, 232, 170, 374, 299, 221, 257, 241, 366, 119, 173, 208, 108, 263, 303, 181, 107, 287, 122, 368, 348, 114, 146, 260, 324, 390, 168, 164, 342, 256, 244, 370, 230, 159, 323, 270, 282, 347, 306, 388, 269, 259, 109, 293, 249, 141, 97, 331, 234, 206, 214, 289, 229, 372, 98, 384, 153, 213, 359, 356, 326, 304, 217, 205, 300, 332, 152, 188, 238, 398, 176, 334, 160]"
diversity_off_nsga2,55,-9.406477598745925,10.373522401254075,7.493522401254076,"[9, 49, 24, 69, 13, 51, 41, 67, 59, 15, 61, 38, 10, 92, 32, 18, 22, 14, 42, 47, 20, 90, 26, 50, 56, 17, 88, 6, 64, 44, 30, 58, 66, 21, 78, 70, 75, 12, 7, 54, 5, 68, 52, 62, 31, 74, 43, 23, 85, 73, 16, 34, 83, 86, 79, 80, 55, 94, 11, 76, 36, 4, 39, 2, 33, 29, 84, 35, 57, 1, 93, 46, 28, 48, 71, 60, 72, 87, 81, 27, 37, 40, 45, 77, 65, 91, 63, 8, 19, 53, 3, 82, 89, 25]","[174, 254, 159, 347, 274, 194, 267, 157, 369, 191, 362, 314, 388, 290, 120, 153, 227, 184, 288, 336, 293, 299, 183, 281, 282, 331, 372, 384, 167, 345, 196, 240, 261, 386, 152, 118, 371, 172, 110, 338, 245, 220, 173, 265, 260, 387, 224, 143, 349, 149, 284, 326, 218, 367, 341, 239, 237, 111, 370, 258, 283, 308, 178, 271, 198, 277, 199, 177, 402, 286, 405, 115, 390, 393, 324, 179, 396, 391, 380, 311, 401, 285, 337, 125, 346, 141, 291, 112, 99, 201, 168, 216, 343, 297, 320, 225, 222, 161, 278, 134, 213, 253, 195, 356, 207, 304, 266, 217, 377, 205, 268, 300, 332, 188, 238, 398, 176, 334, 160, 305, 212, 344, 248, 155, 335, 328, 126, 96, 244, 357, 116, 302, 106, 121, 312, 169, 368, 202, 303, 210, 219, 379, 352, 123, 170, 318, 250, 363, 203, 246, 374, 162, 209, 101, 279, 127, 262, 264, 361, 180, 171, 107, 315, 373, 351, 163, 360, 187, 355, 156, 295, 146, 382, 317, 348, 333, 100, 309, 148, 381, 233, 142, 276, 301, 190, 298, 292, 319, 321, 166, 135, 313, 403, 221, 119, 359, 259, 214, 232, 129, 255, 137, 257, 185, 234, 151, 109, 280, 330, 325, 241, 310, 103, 186, 399, 197, 144, 350, 208, 215, 289, 342, 395, 235, 236, 366, 150, 296, 376, 307, 354, 124, 193, 114, 132, 122, 131, 108, 378, 364, 117, 182, 165, 211, 228, 136, 231, 275, 223, 147, 249, 323, 133, 113, 243, 272, 229, 164, 383, 339, 385, 247, 400, 340, 154, 316, 251, 273, 204, 327, 287, 358, 226, 200, 252, 102, 365, 175, 269, 104, 158, 375, 256, 97, 140, 105, 189, 139, 130, 270, 95, 397, 322, 98, 404, 230, 389, 353, 192, 394, 128, 306, 242, 294, 145, 329, 206, 138, 392, 263, 181]"
diversity_off_nsga2,56,-27.293023374999997,11.136976625,16.406976625,"[78, 8, 11, 89, 36, 40, 72, 61, 38, 84, 15, 56, 59, 53, 24, 58, 13, 21, 50, 70, 75, 46, 49, 71, 81, 74, 35, 34, 63, 17, 39, 9, 19, 77, 45, 20, 82, 88, 65, 3, 10, 25, 92, 12, 5, 68, 52, 62, 31, 91, 43, 30, 73, 16, 83, 86, 80, 55, 94, 69, 76, 23, 66, 4, 2, 33, 29, 57, 1, 93, 42, 48, 60, 41, 47, 87, 67, 6, 18, 79, 22, 32, 44, 85, 90, 51, 14, 64, 7, 54, 37, 28, 26, 27]","[200, 265, 128, 389, 172, 95, 362, 139, 301, 353, 290, 239, 145, 213, 118, 333, 274, 146, 401, 99, 201, 168, 312, 351, 103, 133, 359, 198, 196, 182, 97, 220, 398, 140, 105, 189, 203, 101, 289, 130, 270, 397, 223, 322, 232, 98, 404, 277, 230, 372, 395, 332, 192, 296, 299, 317, 366, 306, 242, 294, 259, 167, 113, 329, 384, 210, 279, 138, 392, 119, 234, 263, 155, 202, 221, 255, 313, 212, 298, 222, 257, 181, 197, 243, 174, 310, 254, 399, 352, 108, 347, 377, 159, 321, 171, 151, 117, 357, 244, 194, 293, 282, 370, 308, 123, 124, 208, 267, 245, 157, 191, 187, 129, 144, 165, 314, 388, 120, 371, 153, 375, 394, 295, 269, 405, 403, 326, 380, 303, 241, 311, 345, 278, 320, 156, 268, 355, 236, 162, 186, 280, 379, 387, 152, 281, 116, 173, 330, 334, 356, 250, 361, 207, 180, 304, 341, 204, 178, 215, 364, 228, 381, 286, 190, 96, 114, 166, 231, 199, 177, 238, 402, 376, 211, 115, 188, 390, 111, 261, 393, 348, 324, 260, 343, 179, 328, 396, 136, 287, 142, 391, 300, 126, 276, 285, 337, 163, 125, 205, 246, 346, 141, 291, 107, 112, 233, 360, 160, 193, 127, 342, 225, 283, 150, 100, 386, 122, 338, 148, 143, 275, 237, 323, 240, 227, 309, 121, 367, 164, 284, 383, 217, 110, 385, 247, 400, 340, 154, 307, 176, 316, 272, 266, 169, 315, 251, 273, 137, 229, 149, 319, 350, 358, 297, 131, 226, 378, 252, 106, 161, 102, 219, 175, 336, 104, 339, 256, 318, 369, 170, 184, 216, 109, 271, 349, 373, 206, 224, 195, 134, 288, 325, 305, 327, 235, 292, 209, 218, 147, 214, 258, 253, 365, 249, 331, 344, 158, 183, 335, 135, 264, 248, 354, 302, 368, 363, 374, 185, 262, 132, 382]"
diversity_off_nsga2,57,-14.518596846153846,9.671403153846153,12.781403153846155,"[75, 33, 55, 14, 71, 85, 32, 12, 13, 80, 27, 36, 8, 65, 92, 52, 54, 83, 94, 82, 61, 39, 44, 20, 59, 31, 57, 77, 15, 51, 70, 45, 5, 62, 56, 78, 69, 28, 90, 6, 37, 47, 89, 17, 7, 29, 19, 67, 11, 53, 10, 3, 26, 22, 43, 21, 46, 72, 87, 81, 48, 2, 30, 41, 23, 79, 66, 64, 38, 76, 35, 63, 40, 74, 4, 16, 86, 84, 18, 42, 73, 34, 88, 58, 9, 91, 49, 24, 1, 68, 25, 50, 93, 60]","[300, 332, 152, 188, 238, 398, 176, 334, 160, 305, 344, 248, 294, 96, 130, 354, 302, 106, 150, 142, 195, 298, 310, 311, 157, 371, 281, 245, 318, 369, 144, 338, 266, 101, 117, 174, 156, 110, 353, 361, 321, 315, 175, 283, 210, 242, 132, 250, 389, 104, 364, 237, 290, 275, 128, 277, 404, 147, 247, 327, 254, 143, 267, 145, 240, 350, 220, 137, 133, 325, 395, 377, 264, 355, 120, 235, 399, 402, 169, 199, 296, 236, 177, 129, 218, 357, 239, 140, 103, 340, 297, 317, 162, 295, 102, 367, 193, 333, 182, 113, 271, 405, 386, 227, 226, 204, 387, 192, 265, 262, 382, 155, 202, 363, 274, 212, 178, 207, 171, 222, 151, 335, 286, 308, 312, 124, 401, 351, 316, 105, 243, 280, 191, 341, 215, 381, 322, 190, 396, 138, 112, 100, 187, 307, 272, 328, 214, 394, 148, 111, 167, 231, 376, 99, 115, 261, 393, 343, 179, 380, 126, 276, 345, 285, 278, 268, 198, 196, 186, 400, 379, 163, 125, 205, 246, 257, 346, 141, 263, 184, 116, 233, 201, 360, 127, 288, 314, 134, 180, 309, 121, 224, 383, 292, 339, 385, 154, 251, 273, 253, 149, 185, 209, 358, 225, 378, 161, 219, 365, 279, 352, 200, 258, 391, 165, 252, 211, 136, 255, 301, 123, 183, 189, 203, 139, 223, 373, 232, 170, 374, 299, 221, 320, 241, 366, 172, 329, 166, 135, 313, 403, 194, 319, 95, 349, 118, 228, 337, 362, 392, 284, 158, 197, 330, 131, 119, 173, 208, 108, 291, 303, 181, 107, 287, 375, 122, 368, 216, 348, 114, 146, 260, 324, 390, 168, 164, 342, 256, 244, 370, 230, 159, 323, 270, 282, 336, 347, 306, 388, 269, 259, 109, 293, 249, 97, 331, 234, 206, 397, 289, 229, 372, 98, 384, 153, 213, 359, 356, 326, 304, 217]"
diversity_off_nsga2,58,-45.24048225,9.46951775,34.15951775,"[60, 3, 44, 92, 78, 17, 85, 68, 61, 27, 54, 62, 65, 36, 73, 10, 26, 15, 48, 50, 13, 72, 9, 19, 59, 69, 53, 64, 37, 24, 58, 25, 55, 82, 70, 84, 12, 7, 28, 5, 52, 56, 31, 74, 20, 43, 57, 30, 88, 34, 8, 75, 4, 63, 29, 51, 49, 18, 79, 80, 21, 94, 11, 76, 23, 66, 39, 2, 33, 41, 35, 77, 1, 93, 42, 83, 90, 14, 86, 47, 87, 46, 38, 67, 89, 71, 81, 40, 45, 91, 22, 16, 32, 6]","[151, 248, 344, 323, 296, 221, 358, 201, 219, 262, 374, 382, 299, 155, 363, 228, 347, 321, 180, 171, 222, 239, 257, 117, 357, 244, 166, 194, 301, 293, 282, 308, 123, 124, 224, 251, 225, 385, 341, 119, 254, 245, 240, 138, 113, 329, 187, 350, 361, 267, 339, 149, 143, 215, 284, 315, 371, 114, 153, 231, 199, 295, 177, 402, 376, 99, 328, 168, 279, 211, 392, 234, 335, 232, 386, 197, 373, 306, 384, 195, 139, 101, 368, 223, 134, 288, 298, 397, 204, 331, 97, 327, 292, 209, 230, 105, 214, 258, 110, 253, 365, 212, 286, 207, 277, 154, 395, 235, 198, 362, 318, 265, 336, 338, 378, 121, 375, 216, 266, 283, 227, 157, 102, 172, 129, 104, 377, 269, 238, 256, 271, 132, 131, 169, 150, 109, 159, 213, 310, 297, 103, 388, 148, 273, 161, 252, 185, 394, 95, 342, 193, 208, 108, 140, 189, 130, 270, 243, 404, 372, 353, 332, 192, 202, 255, 144, 233, 272, 398, 167, 317, 122, 135, 158, 276, 183, 322, 294, 98, 220, 170, 160, 145, 242, 309, 274, 360, 370, 191, 181, 174, 96, 176, 184, 106, 307, 127, 313, 367, 164, 383, 217, 247, 340, 316, 263, 200, 312, 118, 405, 115, 403, 188, 390, 111, 261, 393, 348, 381, 304, 147, 190, 333, 324, 260, 343, 305, 179, 326, 396, 136, 351, 287, 142, 391, 380, 303, 325, 241, 300, 126, 311, 345, 146, 401, 285, 278, 337, 163, 125, 205, 246, 320, 346, 141, 291, 107, 112, 156, 268, 133, 355, 236, 359, 196, 349, 162, 186, 280, 379, 387, 152, 281, 116, 218, 173, 206, 330, 334, 356, 250, 175, 290, 366, 100, 264, 226, 352, 210, 259, 400, 128, 203, 137, 302, 389, 178, 249, 369, 229, 364, 314, 354, 399, 289, 120, 237, 182, 165, 319, 275]"
diversity_off_nsga2,59,-81.99398411862911,24.48601588137088,40.40601588137088,"[9, 19, 25, 36, 91, 59, 15, 61, 7, 10, 13, 44, 62, 92, 85, 70, 17, 54, 5, 50, 52, 69, 78, 64, 37, 24, 65, 55, 32, 84, 21, 14, 58, 8, 90, 26, 68, 12, 73, 40, 77, 45, 28, 88, 53, 27, 56, 11, 82, 31, 74, 20, 43, 30, 16, 34, 48, 75, 79, 4, 80, 22, 94, 63, 76, 23, 66, 86, 39, 2, 33, 29, 51, 35, 57, 1, 93, 42, 83, 60, 49, 41, 47, 87, 3, 18, 46, 38, 67, 6, 89, 71, 81, 72]","[319, 275, 151, 154, 248, 344, 323, 296, 221, 358, 274, 201, 219, 262, 374, 382, 299, 155, 363, 228, 347, 321, 180, 171, 222, 239, 257, 286, 117, 357, 244, 194, 301, 293, 282, 308, 305, 124, 224, 251, 225, 385, 341, 119, 254, 245, 240, 138, 113, 329, 187, 350, 361, 267, 339, 149, 143, 215, 284, 315, 290, 371, 114, 153, 166, 212, 231, 199, 295, 177, 402, 376, 99, 328, 168, 279, 211, 392, 234, 335, 232, 386, 197, 373, 306, 384, 195, 139, 101, 368, 223, 165, 288, 298, 397, 204, 331, 97, 327, 235, 292, 209, 230, 105, 214, 258, 110, 253, 365, 395, 362, 318, 265, 336, 338, 378, 121, 375, 216, 266, 283, 227, 157, 102, 172, 129, 163, 246, 291, 107, 268, 133, 359, 198, 186, 280, 379, 281, 218, 173, 206, 330, 356, 233, 249, 196, 381, 259, 312, 366, 182, 355, 287, 208, 170, 156, 372, 243, 390, 167, 360, 387, 112, 349, 213, 193, 125, 241, 205, 152, 391, 103, 176, 260, 100, 127, 313, 261, 160, 142, 134, 229, 203, 269, 184, 271, 132, 131, 169, 150, 109, 250, 320, 96, 255, 300, 178, 325, 297, 346, 309, 137, 334, 185, 289, 398, 324, 351, 162, 364, 277, 370, 108, 310, 405, 302, 326, 220, 236, 399, 207, 116, 342, 141, 111, 210, 272, 179, 377, 144, 278, 307, 202, 122, 148, 237, 367, 164, 383, 217, 247, 400, 340, 316, 273, 226, 388, 252, 106, 161, 175, 104, 158, 183, 135, 264, 256, 140, 189, 130, 270, 95, 322, 98, 404, 242, 353, 332, 192, 394, 317, 128, 389, 294, 145, 354, 263, 181, 174, 352, 159, 369, 191, 314, 200, 120, 238, 118, 115, 403, 188, 393, 348, 304, 147, 190, 333, 343, 123, 396, 136, 380, 303, 126, 276, 311, 345, 146, 401, 285, 337]"
diversity_off_nsga2,60,-96.065784775,37.334215225,50.534215225000004,"[78, 17, 85, 68, 61, 27, 54, 62, 65, 36, 73, 10, 26, 48, 72, 12, 7, 28, 5, 15, 56, 63, 57, 13, 9, 19, 14, 59, 69, 53, 37, 58, 25, 55, 64, 70, 24, 82, 84, 52, 8, 31, 74, 20, 43, 50, 30, 16, 34, 75, 4, 29, 51, 49, 18, 79, 80, 21, 94, 38, 76, 23, 66, 39, 2, 33, 41, 35, 77, 1, 93, 42, 83, 90, 86, 47, 87, 3, 60, 46, 11, 67, 6, 89, 71, 81, 40, 45, 91, 22, 88, 32, 44, 92]","[154, 248, 344, 323, 221, 114, 153, 166, 231, 358, 277, 201, 219, 262, 374, 382, 299, 155, 363, 228, 347, 321, 395, 180, 171, 222, 239, 257, 286, 117, 357, 244, 194, 301, 293, 282, 308, 123, 124, 224, 251, 391, 385, 341, 119, 254, 245, 240, 138, 113, 329, 187, 350, 297, 267, 339, 149, 143, 215, 284, 315, 290, 371, 199, 295, 177, 402, 376, 198, 296, 207, 99, 328, 168, 279, 211, 392, 234, 335, 232, 386, 197, 373, 306, 384, 195, 139, 101, 368, 223, 134, 288, 298, 250, 397, 204, 331, 97, 327, 235, 292, 209, 230, 105, 214, 258, 110, 253, 365, 212, 362, 318, 265, 336, 338, 378, 121, 375, 216, 266, 283, 227, 157, 102, 172, 129, 104, 377, 316, 269, 238, 256, 271, 132, 131, 169, 150, 109, 159, 213, 310, 361, 103, 388, 367, 164, 148, 273, 161, 252, 185, 394, 95, 342, 193, 208, 108, 340, 140, 189, 130, 270, 243, 404, 372, 353, 332, 192, 202, 255, 144, 233, 272, 398, 167, 317, 122, 135, 158, 276, 112, 322, 294, 217, 98, 220, 170, 160, 247, 145, 242, 309, 274, 360, 370, 191, 181, 174, 96, 176, 184, 106, 307, 127, 313, 383, 263, 200, 312, 118, 405, 115, 403, 188, 390, 111, 261, 393, 348, 381, 304, 278, 190, 333, 324, 260, 343, 305, 179, 326, 396, 136, 351, 287, 142, 225, 380, 303, 325, 241, 300, 126, 311, 345, 146, 401, 285, 147, 337, 163, 125, 205, 246, 320, 346, 141, 291, 107, 183, 156, 268, 133, 355, 236, 359, 196, 349, 162, 186, 280, 379, 387, 152, 281, 116, 218, 173, 206, 330, 334, 356, 175, 366, 100, 264, 226, 352, 210, 259, 400, 128, 203, 137, 302, 389, 178, 249, 369, 229, 364, 314, 354, 399, 289, 120, 237, 182, 165, 319, 275, 151]"
diversity_off_nsga2,61,-62.93098874261561,30.89901125738438,28.569011257384382,"[9, 19, 53, 65, 82, 89, 25, 67, 59, 15, 61, 38, 10, 41, 13, 92, 32, 18, 22, 5, 42, 47, 20, 90, 26, 50, 49, 56, 17, 88, 6, 69, 64, 44, 86, 58, 36, 21, 78, 70, 75, 28, 7, 34, 14, 68, 52, 62, 31, 74, 91, 43, 30, 85, 73, 16, 54, 83, 23, 79, 80, 55, 51, 11, 76, 24, 66, 4, 39, 2, 33, 29, 84, 35, 57, 1, 93, 46, 12, 48, 71, 60, 72, 87, 81, 27, 37, 40, 45, 94, 3, 77, 63, 8]","[383, 217, 292, 339, 385, 247, 400, 340, 154, 316, 266, 251, 273, 253, 204, 327, 319, 287, 318, 358, 395, 200, 252, 106, 161, 102, 219, 365, 175, 269, 104, 158, 183, 135, 264, 256, 97, 140, 105, 189, 139, 130, 270, 95, 397, 322, 98, 404, 170, 230, 389, 353, 332, 192, 262, 394, 221, 281, 128, 306, 242, 294, 145, 373, 329, 168, 206, 138, 392, 263, 216, 181, 174, 254, 352, 159, 347, 274, 298, 357, 244, 194, 123, 267, 157, 369, 191, 362, 314, 388, 290, 120, 153, 363, 227, 146, 184, 321, 320, 288, 311, 148, 336, 293, 171, 401, 334, 99, 162, 299, 375, 317, 282, 331, 372, 384, 167, 345, 203, 196, 374, 240, 261, 278, 386, 312, 152, 398, 305, 118, 371, 172, 248, 335, 110, 338, 245, 220, 403, 213, 302, 199, 207, 173, 166, 377, 351, 265, 260, 387, 224, 143, 349, 149, 284, 402, 346, 180, 326, 142, 361, 156, 368, 112, 218, 119, 286, 367, 341, 107, 239, 344, 328, 237, 111, 370, 258, 295, 283, 396, 379, 268, 308, 212, 178, 163, 233, 141, 271, 360, 198, 297, 277, 187, 337, 359, 259, 214, 205, 232, 355, 129, 96, 255, 405, 304, 202, 137, 257, 169, 185, 234, 100, 151, 313, 125, 250, 109, 301, 246, 393, 121, 116, 280, 333, 330, 391, 380, 303, 325, 241, 300, 126, 276, 310, 103, 186, 348, 399, 197, 144, 225, 350, 208, 215, 190, 289, 134, 342, 381, 226, 127, 235, 236, 201, 176, 209, 356, 366, 150, 296, 179, 376, 222, 307, 155, 354, 124, 160, 193, 195, 114, 132, 210, 122, 101, 131, 108, 291, 378, 238, 364, 117, 182, 165, 211, 228, 324, 136, 231, 275, 382, 223, 177, 147, 315, 249, 323, 133, 188, 113, 243, 309, 115, 272, 279, 285, 390, 229, 343, 164]"
diversity_off_nsga2,62,-83.73375245370278,18.706247546297224,47.366247546297224,"[92, 78, 17, 85, 90, 68, 61, 27, 36, 8, 65, 73, 10, 26, 15, 56, 63, 50, 13, 2, 9, 19, 14, 59, 69, 53, 64, 24, 21, 25, 55, 82, 70, 51, 29, 37, 52, 4, 3, 30, 16, 83, 79, 12, 7, 54, 62, 31, 74, 20, 43, 34, 48, 75, 80, 58, 94, 11, 76, 23, 66, 86, 93, 72, 33, 5, 84, 35, 57, 1, 39, 42, 60, 49, 41, 47, 87, 18, 46, 38, 67, 6, 89, 71, 81, 40, 45, 77, 91, 22, 28, 88, 32, 44]","[275, 151, 154, 248, 344, 323, 296, 221, 358, 274, 201, 219, 262, 374, 382, 299, 155, 363, 228, 347, 321, 212, 180, 377, 222, 252, 257, 286, 117, 357, 244, 194, 301, 293, 282, 308, 123, 124, 224, 251, 225, 385, 341, 119, 254, 245, 240, 138, 113, 329, 187, 310, 264, 267, 339, 149, 143, 195, 284, 226, 290, 371, 114, 153, 166, 231, 199, 295, 177, 402, 376, 99, 328, 168, 279, 211, 392, 234, 335, 232, 386, 197, 373, 306, 384, 215, 139, 101, 95, 223, 134, 288, 298, 397, 204, 331, 97, 327, 235, 292, 209, 230, 105, 214, 258, 110, 253, 365, 107, 362, 318, 265, 336, 338, 378, 121, 375, 216, 266, 283, 227, 157, 102, 172, 129, 104, 171, 316, 269, 238, 256, 271, 132, 169, 150, 109, 159, 213, 350, 297, 103, 343, 367, 164, 148, 273, 396, 239, 185, 394, 368, 342, 193, 208, 108, 340, 189, 130, 270, 243, 404, 372, 353, 332, 192, 202, 255, 144, 233, 272, 398, 167, 317, 122, 135, 158, 207, 183, 322, 294, 217, 98, 220, 170, 160, 247, 145, 242, 309, 277, 360, 370, 191, 181, 174, 96, 176, 184, 106, 307, 127, 313, 383, 263, 200, 312, 118, 405, 115, 403, 188, 390, 111, 261, 393, 348, 381, 304, 147, 190, 333, 324, 260, 388, 305, 179, 326, 161, 136, 351, 287, 142, 391, 380, 303, 325, 241, 300, 126, 276, 311, 345, 146, 401, 278, 337, 163, 125, 205, 246, 320, 346, 141, 291, 395, 112, 156, 268, 133, 355, 236, 359, 198, 196, 349, 162, 186, 280, 379, 387, 152, 281, 116, 218, 173, 206, 330, 334, 356, 250, 175, 366, 100, 361, 314, 352, 315, 131, 285, 140, 210, 259, 400, 128, 203, 137, 302, 389, 178, 249, 369, 229, 364, 354, 399, 289, 120, 237, 182, 165, 319]"
diversity_off_nsga2,63,-78.21993765,16.700062350000003,41.78006235,"[32, 91, 43, 44, 78, 17, 85, 90, 61, 27, 36, 8, 2, 54, 45, 15, 56, 63, 50, 13, 72, 9, 19, 14, 59, 69, 53, 64, 37, 24, 58, 25, 82, 49, 84, 12, 7, 75, 5, 93, 73, 65, 60, 10, 23, 62, 66, 57, 67, 70, 26, 3, 52, 92, 30, 79, 42, 71, 31, 87, 46, 55, 74, 38, 41, 22, 48, 35, 76, 1, 68, 34, 89, 6, 33, 47, 18, 51, 81, 21, 80, 29, 39, 94, 40, 28, 11, 4, 86, 77, 20, 83, 16, 88]","[319, 275, 151, 154, 248, 344, 323, 296, 221, 358, 274, 201, 219, 262, 374, 382, 299, 155, 363, 228, 347, 321, 395, 180, 171, 222, 239, 257, 286, 117, 357, 244, 194, 301, 293, 282, 308, 123, 124, 224, 251, 225, 385, 341, 119, 254, 245, 240, 138, 113, 329, 187, 350, 361, 267, 339, 149, 143, 215, 284, 315, 290, 371, 114, 153, 166, 231, 199, 295, 177, 402, 376, 99, 328, 168, 279, 211, 392, 234, 335, 232, 386, 197, 373, 306, 384, 195, 139, 101, 368, 223, 134, 288, 298, 397, 204, 331, 97, 327, 235, 292, 230, 105, 214, 258, 110, 253, 365, 320, 362, 318, 265, 336, 338, 378, 121, 375, 216, 266, 283, 227, 157, 102, 172, 129, 104, 377, 359, 192, 356, 207, 304, 217, 205, 300, 332, 152, 188, 238, 146, 176, 334, 160, 294, 126, 96, 130, 354, 116, 302, 106, 312, 261, 169, 202, 303, 210, 379, 352, 170, 250, 203, 246, 162, 209, 127, 185, 390, 264, 137, 226, 111, 132, 200, 311, 163, 112, 242, 400, 220, 333, 322, 128, 147, 150, 212, 389, 164, 324, 387, 380, 305, 135, 313, 403, 95, 349, 118, 337, 158, 330, 131, 142, 360, 343, 161, 285, 281, 179, 241, 345, 353, 381, 182, 189, 316, 287, 145, 107, 314, 309, 325, 307, 383, 174, 268, 198, 156, 273, 326, 346, 243, 310, 175, 366, 233, 140, 218, 108, 165, 181, 183, 100, 122, 190, 391, 144, 398, 351, 260, 178, 317, 252, 393, 125, 173, 394, 355, 193, 237, 136, 263, 148, 401, 208, 369, 280, 367, 348, 364, 255, 396, 247, 276, 342, 236, 256, 370, 297, 103, 159, 272, 270, 291, 186, 399, 115, 388, 340, 278, 269, 404, 259, 109, 405, 249, 141, 184, 206, 289, 229, 372, 133, 120, 167, 191, 98, 271, 277, 196, 213]"
diversity_off_nsga2,64,-42.89495575,21.90504425,16.305044249999998,"[27, 45, 65, 38, 10, 26, 15, 56, 63, 82, 13, 31, 36, 91, 21, 72, 9, 19, 14, 69, 53, 64, 44, 24, 58, 25, 50, 75, 12, 7, 54, 5, 68, 52, 62, 74, 43, 30, 73, 16, 34, 86, 79, 80, 55, 94, 11, 60, 89, 42, 6, 8, 71, 66, 4, 23, 39, 2, 33, 29, 84, 35, 57, 70, 83, 77, 87, 1, 93, 48, 49, 47, 3, 18, 46, 67, 81, 40, 22, 20, 28, 88, 32, 37, 92, 78, 85, 51, 41, 59, 76, 17, 90, 61]","[217, 175, 383, 317, 400, 285, 256, 163, 328, 350, 361, 394, 233, 160, 122, 148, 238, 137, 159, 161, 183, 242, 147, 373, 221, 231, 196, 381, 129, 119, 366, 239, 355, 110, 208, 156, 351, 223, 181, 246, 360, 387, 171, 212, 194, 304, 404, 353, 318, 401, 157, 377, 117, 346, 182, 384, 184, 150, 279, 347, 210, 390, 230, 342, 114, 248, 167, 203, 225, 388, 364, 376, 128, 112, 339, 296, 385, 178, 211, 97, 214, 281, 266, 143, 232, 312, 170, 201, 264, 174, 124, 332, 290, 359, 334, 306, 152, 139, 369, 397, 253, 378, 104, 267, 111, 402, 257, 250, 102, 109, 291, 327, 120, 344, 188, 314, 229, 199, 247, 268, 154, 308, 275, 326, 363, 103, 294, 271, 173, 316, 259, 215, 386, 222, 165, 303, 218, 219, 243, 356, 95, 228, 241, 323, 258, 399, 286, 367, 113, 284, 99, 337, 162, 343, 127, 297, 237, 133, 273, 134, 282, 138, 144, 168, 293, 335, 121, 153, 140, 379, 375, 288, 224, 193, 307, 380, 244, 289, 216, 349, 179, 395, 125, 205, 166, 321, 391, 374, 176, 260, 101, 235, 100, 315, 313, 180, 261, 249, 299, 142, 195, 269, 287, 371, 132, 131, 169, 301, 187, 320, 96, 255, 300, 325, 151, 283, 309, 204, 172, 185, 149, 245, 398, 265, 324, 372, 155, 277, 370, 108, 310, 405, 302, 234, 209, 220, 236, 207, 116, 141, 338, 382, 272, 213, 331, 341, 278, 368, 202, 197, 158, 240, 227, 200, 177, 295, 362, 191, 226, 164, 348, 118, 252, 190, 135, 206, 354, 358, 396, 146, 319, 336, 106, 263, 145, 340, 365, 393, 105, 189, 130, 270, 322, 98, 389, 192, 262, 333, 352, 274, 298, 357, 123, 276, 330, 198, 251, 345, 254, 136, 329, 280, 107, 292, 126, 392, 115, 403, 305, 186, 311]"
diversity_off_nsga2,65,-43.89994433811004,20.31005566188997,17.90005566188997,"[17, 90, 51, 61, 27, 36, 45, 65, 10, 26, 15, 56, 63, 82, 19, 72, 9, 14, 59, 69, 53, 64, 58, 25, 50, 70, 12, 7, 54, 5, 68, 52, 62, 91, 30, 31, 74, 43, 24, 16, 34, 75, 79, 80, 21, 94, 86, 57, 83, 3, 46, 38, 55, 11, 76, 23, 66, 4, 39, 2, 33, 29, 84, 35, 1, 93, 42, 48, 60, 49, 41, 47, 87, 18, 67, 6, 71, 81, 40, 22, 32, 44, 85, 73, 13, 77, 8, 20, 28, 88, 89, 37, 92, 78]","[311, 154, 248, 344, 201, 296, 221, 358, 274, 323, 219, 262, 374, 382, 299, 155, 363, 96, 347, 321, 212, 180, 171, 222, 239, 257, 286, 117, 357, 244, 194, 301, 293, 282, 308, 123, 124, 224, 251, 225, 385, 341, 119, 254, 245, 240, 138, 113, 329, 187, 310, 361, 267, 339, 149, 143, 215, 284, 314, 290, 371, 114, 153, 166, 231, 199, 295, 177, 402, 376, 99, 328, 168, 279, 211, 392, 234, 335, 232, 386, 197, 373, 306, 384, 195, 139, 101, 368, 223, 134, 288, 298, 397, 204, 97, 327, 235, 292, 209, 230, 105, 214, 258, 110, 253, 395, 362, 318, 265, 338, 378, 121, 375, 216, 266, 283, 227, 157, 102, 172, 129, 104, 377, 316, 269, 238, 256, 271, 132, 131, 169, 150, 109, 159, 213, 350, 297, 103, 388, 367, 164, 148, 273, 161, 252, 185, 394, 95, 342, 193, 208, 108, 340, 140, 189, 130, 270, 243, 404, 372, 353, 332, 192, 202, 255, 144, 233, 272, 398, 167, 317, 122, 135, 158, 207, 183, 322, 294, 217, 98, 220, 170, 160, 247, 145, 242, 309, 277, 360, 370, 191, 181, 174, 228, 176, 184, 106, 307, 127, 313, 383, 263, 200, 312, 118, 405, 115, 403, 188, 390, 111, 319, 393, 348, 381, 304, 147, 190, 333, 324, 260, 343, 305, 179, 326, 396, 136, 351, 287, 142, 391, 380, 303, 325, 241, 345, 146, 401, 285, 278, 337, 163, 125, 205, 246, 320, 346, 141, 291, 107, 112, 156, 268, 133, 355, 236, 359, 198, 349, 162, 186, 280, 379, 387, 281, 116, 218, 173, 206, 330, 334, 356, 250, 100, 275, 237, 196, 400, 315, 137, 229, 364, 226, 365, 175, 336, 249, 331, 264, 182, 178, 203, 289, 389, 302, 152, 128, 366, 259, 210, 354, 399, 352, 151, 369, 165, 120, 261, 300, 126, 276]"
diversity_off_nsga2,66,-60.69335349615385,11.656646503846153,57.50664650384615,"[20, 9, 88, 32, 44, 92, 78, 85, 90, 51, 27, 36, 8, 65, 38, 10, 26, 15, 63, 82, 13, 72, 28, 19, 14, 49, 69, 53, 37, 31, 93, 55, 24, 58, 25, 21, 50, 70, 12, 7, 75, 64, 89, 61, 17, 54, 5, 4, 52, 62, 1, 74, 91, 56, 30, 16, 34, 48, 86, 79, 80, 3, 94, 11, 76, 23, 66, 68, 39, 2, 33, 29, 84, 35, 57, 43, 42, 83, 60, 59, 41, 47, 87, 18, 46, 73, 67, 6, 71, 81, 40, 22, 77, 45]","[249, 110, 237, 372, 150, 207, 299, 356, 334, 397, 248, 164, 200, 318, 229, 259, 264, 235, 169, 296, 140, 103, 340, 297, 317, 330, 132, 367, 193, 182, 247, 270, 160, 143, 158, 155, 240, 350, 220, 137, 192, 395, 316, 315, 105, 284, 128, 262, 375, 341, 204, 364, 322, 363, 100, 386, 307, 272, 214, 277, 148, 400, 250, 361, 233, 201, 360, 127, 288, 342, 225, 283, 384, 134, 326, 323, 258, 227, 309, 121, 224, 383, 217, 292, 339, 385, 154, 147, 266, 251, 273, 253, 149, 319, 185, 209, 358, 131, 226, 378, 106, 161, 219, 365, 175, 336, 331, 104, 344, 335, 135, 398, 138, 327, 366, 306, 242, 294, 145, 373, 167, 113, 329, 275, 210, 168, 279, 211, 354, 198, 392, 119, 234, 263, 216, 109, 197, 243, 271, 174, 310, 254, 377, 286, 399, 352, 159, 108, 255, 228, 347, 274, 313, 321, 212, 178, 298, 180, 171, 222, 151, 239, 257, 117, 357, 244, 194, 301, 293, 282, 370, 308, 123, 124, 208, 267, 245, 157, 404, 191, 187, 129, 362, 144, 165, 215, 314, 388, 290, 96, 120, 371, 114, 153, 166, 231, 97, 394, 199, 295, 177, 238, 402, 269, 376, 99, 172, 213, 312, 118, 405, 115, 403, 188, 390, 111, 261, 393, 348, 381, 304, 176, 190, 333, 324, 260, 343, 305, 179, 328, 396, 136, 351, 287, 142, 391, 380, 303, 325, 241, 300, 126, 276, 311, 345, 146, 401, 285, 278, 337, 163, 125, 205, 246, 320, 346, 141, 291, 107, 112, 156, 268, 133, 355, 236, 359, 196, 349, 162, 186, 280, 379, 387, 184, 281, 116, 218, 173, 206, 189, 139, 101, 203, 130, 95, 223, 368, 98, 170, 230, 389, 353, 265, 382, 152, 202, 302, 369, 181, 374, 289, 256, 338, 102, 183, 195, 221, 122, 232, 332, 252]"
diversity_off_nsga2,67,-74.74656090173076,14.733439098269232,56.55343909826924,"[82, 65, 3, 10, 92, 73, 16, 14, 47, 20, 90, 26, 50, 49, 45, 88, 6, 69, 64, 78, 23, 25, 21, 44, 70, 75, 12, 7, 54, 68, 52, 62, 31, 79, 91, 43, 30, 85, 34, 87, 4, 56, 53, 58, 42, 51, 89, 86, 33, 11, 5, 46, 83, 61, 74, 80, 55, 94, 76, 66, 2, 29, 57, 1, 93, 48, 60, 41, 67, 18, 22, 32, 37, 28, 27, 8, 36, 40, 72, 38, 84, 15, 59, 24, 13, 71, 81, 35, 63, 17, 39, 9, 19, 77]","[257, 197, 243, 310, 254, 399, 108, 159, 151, 117, 357, 194, 370, 308, 124, 208, 187, 129, 144, 165, 158, 135, 264, 256, 97, 105, 139, 397, 322, 98, 147, 230, 389, 317, 128, 306, 242, 294, 145, 329, 168, 206, 138, 392, 263, 216, 181, 174, 352, 347, 337, 298, 244, 123, 267, 157, 369, 191, 362, 314, 290, 120, 202, 363, 227, 184, 321, 130, 288, 311, 336, 293, 171, 334, 99, 162, 282, 331, 385, 167, 345, 203, 240, 261, 365, 152, 398, 305, 220, 371, 172, 248, 382, 338, 245, 118, 403, 302, 199, 207, 173, 166, 377, 351, 265, 260, 387, 224, 143, 349, 149, 402, 346, 180, 326, 388, 153, 375, 394, 295, 269, 405, 380, 303, 241, 278, 320, 156, 268, 355, 236, 186, 280, 379, 281, 116, 330, 356, 250, 361, 304, 341, 204, 178, 215, 364, 228, 381, 286, 190, 96, 114, 231, 177, 238, 376, 211, 115, 188, 390, 111, 393, 348, 324, 343, 179, 328, 396, 136, 287, 142, 391, 300, 126, 276, 285, 163, 125, 205, 246, 141, 291, 107, 112, 233, 360, 160, 193, 127, 342, 225, 283, 150, 100, 122, 148, 275, 237, 323, 309, 121, 367, 164, 284, 383, 217, 110, 247, 400, 340, 154, 307, 176, 316, 272, 266, 169, 315, 251, 273, 137, 229, 319, 350, 358, 297, 131, 226, 378, 252, 106, 161, 102, 219, 175, 104, 339, 318, 109, 271, 373, 195, 134, 325, 327, 235, 292, 209, 218, 170, 214, 258, 253, 386, 249, 344, 183, 354, 368, 374, 185, 262, 132, 335, 200, 95, 301, 353, 239, 213, 333, 274, 146, 401, 201, 312, 103, 133, 359, 198, 196, 182, 140, 189, 101, 289, 270, 223, 232, 404, 277, 372, 395, 332, 192, 296, 299, 366, 259, 113, 384, 210, 279, 119, 234, 155, 221, 255, 313, 212, 222]"
diversity_off_nsga2,68,1.8290621569077112,7.979062156907712,5.829062156907711,"[50, 49, 56, 88, 6, 72, 59, 15, 61, 10, 48, 13, 92, 17, 53, 65, 32, 77, 63, 27, 8, 19, 38, 3, 82, 89, 25, 18, 26, 14, 69, 64, 1, 23, 58, 60, 78, 70, 47, 12, 7, 54, 5, 68, 52, 62, 2, 74, 91, 43, 30, 85, 73, 75, 34, 83, 86, 79, 22, 76, 24, 66, 31, 33, 11, 35, 57, 9, 93, 46, 41, 71, 36, 67, 87, 44, 37, 51, 81, 21, 80, 29, 39, 94, 40, 28, 84, 4, 45, 42, 16, 20, 90, 55]","[131, 187, 350, 361, 339, 149, 143, 215, 284, 220, 132, 371, 114, 166, 212, 199, 295, 138, 392, 216, 181, 174, 397, 352, 347, 274, 298, 357, 244, 194, 123, 267, 157, 191, 362, 314, 200, 290, 120, 153, 363, 177, 238, 376, 188, 147, 190, 126, 311, 171, 222, 375, 356, 231, 381, 366, 182, 287, 201, 170, 243, 390, 223, 279, 225, 395, 296, 321, 176, 101, 402, 258, 328, 168, 211, 234, 335, 232, 386, 197, 373, 306, 384, 195, 139, 368, 134, 288, 254, 204, 331, 97, 327, 235, 292, 382, 105, 214, 99, 110, 253, 365, 318, 265, 336, 338, 378, 121, 266, 283, 227, 102, 172, 129, 163, 246, 291, 107, 268, 133, 233, 312, 208, 156, 372, 167, 360, 388, 213, 193, 125, 241, 205, 391, 103, 260, 127, 313, 261, 160, 142, 269, 184, 271, 329, 169, 150, 109, 320, 96, 255, 300, 325, 297, 346, 309, 185, 398, 324, 351, 277, 370, 108, 310, 405, 326, 315, 207, 342, 141, 111, 272, 179, 377, 144, 278, 307, 202, 122, 148, 367, 164, 383, 217, 247, 340, 316, 273, 226, 112, 252, 106, 161, 104, 158, 183, 135, 256, 140, 189, 130, 270, 95, 322, 98, 404, 242, 353, 332, 192, 394, 317, 294, 145, 263, 159, 118, 115, 403, 393, 348, 304, 333, 343, 396, 136, 380, 303, 276, 355, 236, 359, 198, 196, 349, 341, 186, 280, 379, 387, 152, 281, 116, 218, 173, 206, 330, 334, 250, 175, 100, 264, 230, 210, 259, 400, 128, 203, 137, 302, 389, 178, 249, 369, 229, 364, 354, 399, 289, 237, 165, 345, 146, 401, 337, 319, 275, 151, 154, 248, 344, 323, 221, 358, 219, 262, 374, 209, 299, 155, 228, 180, 285, 239, 257, 286, 117, 301, 293, 282, 308, 305, 124, 224, 251, 385, 162, 119, 245, 240, 113]"
diversity_off_nsga2,69,-33.2528441475,25.637155852499998,9.9471558525,"[3, 24, 13, 46, 27, 36, 8, 15, 38, 10, 26, 75, 56, 63, 44, 40, 91, 85, 73, 6, 32, 82, 22, 72, 11, 19, 31, 69, 53, 64, 37, 58, 25, 21, 50, 70, 65, 12, 54, 68, 52, 62, 59, 74, 43, 30, 16, 34, 83, 86, 79, 80, 57, 94, 9, 76, 23, 4, 39, 2, 93, 42, 48, 14, 87, 81, 71, 66, 92, 35, 84, 18, 88, 49, 60, 33, 55, 41, 1, 61, 20, 77, 51, 45, 5, 78, 28, 90, 47, 89, 17, 7, 29, 67]","[317, 132, 182, 192, 335, 105, 243, 167, 285, 349, 131, 161, 183, 189, 203, 139, 95, 223, 232, 164, 342, 256, 368, 322, 98, 404, 170, 384, 389, 353, 395, 366, 302, 265, 262, 250, 382, 299, 155, 363, 228, 347, 321, 212, 180, 171, 222, 239, 257, 286, 117, 357, 244, 194, 162, 293, 282, 308, 123, 124, 224, 156, 198, 251, 225, 385, 246, 341, 119, 126, 301, 245, 240, 138, 116, 291, 113, 329, 187, 310, 361, 267, 339, 149, 143, 107, 215, 284, 314, 290, 371, 114, 153, 166, 231, 199, 295, 177, 402, 376, 99, 118, 115, 188, 390, 312, 305, 179, 328, 287, 142, 380, 168, 279, 211, 392, 234, 263, 216, 333, 202, 221, 255, 273, 313, 298, 181, 197, 271, 377, 352, 159, 108, 178, 151, 370, 208, 157, 369, 191, 129, 362, 144, 165, 388, 96, 120, 375, 394, 238, 269, 172, 213, 174, 405, 403, 111, 288, 393, 348, 381, 304, 147, 190, 324, 260, 343, 396, 136, 351, 391, 303, 325, 241, 300, 254, 276, 311, 345, 248, 401, 278, 337, 163, 125, 266, 236, 320, 346, 141, 112, 268, 133, 355, 359, 196, 306, 186, 280, 379, 387, 309, 281, 218, 173, 206, 330, 334, 356, 374, 214, 204, 103, 207, 201, 360, 160, 193, 127, 261, 233, 283, 150, 100, 386, 122, 338, 277, 148, 275, 237, 134, 326, 323, 258, 327, 184, 121, 367, 383, 217, 235, 292, 247, 400, 340, 154, 307, 176, 316, 272, 205, 169, 274, 195, 253, 137, 227, 229, 364, 373, 319, 185, 350, 318, 209, 358, 297, 226, 378, 200, 252, 106, 102, 219, 365, 175, 336, 249, 331, 230, 270, 259, 109, 97, 397, 289, 372, 332, 152, 398, 344, 146, 294, 130, 354, 315, 101, 110, 135, 210, 242, 104, 128, 158, 145, 220, 264, 399, 296, 140]"
diversity_off_nsga2,70,-66.19659112499998,23.103408875,31.503408875,"[9, 22, 25, 36, 91, 59, 15, 8, 7, 10, 13, 44, 92, 85, 17, 70, 50, 69, 78, 64, 37, 65, 55, 32, 84, 19, 58, 61, 26, 68, 12, 88, 53, 27, 56, 82, 75, 4, 63, 29, 51, 49, 18, 28, 2, 54, 5, 52, 62, 31, 74, 20, 43, 30, 16, 34, 48, 73, 79, 80, 21, 94, 11, 76, 23, 66, 39, 24, 33, 86, 35, 77, 1, 93, 42, 83, 60, 14, 41, 47, 87, 3, 90, 46, 38, 67, 6, 89, 71, 81, 40, 45, 57, 72]","[151, 154, 248, 344, 401, 296, 221, 358, 274, 201, 219, 262, 374, 382, 299, 155, 363, 228, 347, 321, 180, 171, 222, 239, 257, 286, 117, 357, 244, 194, 301, 293, 282, 308, 305, 124, 224, 251, 225, 385, 341, 119, 254, 245, 240, 138, 113, 329, 187, 182, 361, 267, 404, 149, 143, 215, 284, 315, 132, 371, 114, 212, 368, 395, 153, 166, 231, 199, 295, 177, 402, 376, 99, 328, 168, 279, 211, 392, 234, 335, 232, 386, 197, 373, 306, 384, 195, 139, 101, 223, 134, 288, 298, 397, 204, 331, 97, 327, 235, 292, 209, 226, 105, 214, 258, 110, 253, 365, 362, 318, 265, 336, 338, 378, 121, 375, 216, 266, 283, 227, 157, 102, 172, 129, 163, 246, 291, 107, 268, 133, 233, 381, 312, 287, 208, 170, 156, 372, 243, 390, 167, 360, 112, 213, 193, 125, 241, 205, 391, 103, 207, 260, 127, 313, 261, 160, 142, 269, 184, 162, 290, 131, 169, 150, 109, 320, 96, 255, 300, 325, 297, 346, 309, 185, 398, 324, 351, 277, 370, 108, 310, 405, 326, 220, 176, 342, 141, 111, 272, 179, 377, 144, 278, 307, 202, 122, 148, 367, 164, 383, 217, 247, 340, 316, 273, 388, 252, 106, 161, 104, 158, 183, 135, 256, 140, 189, 130, 270, 95, 322, 98, 339, 242, 353, 332, 192, 394, 317, 294, 145, 263, 181, 174, 159, 191, 200, 238, 118, 115, 403, 188, 393, 348, 304, 147, 190, 333, 343, 123, 396, 136, 380, 303, 126, 276, 311, 355, 236, 359, 198, 196, 349, 271, 186, 280, 379, 387, 152, 281, 120, 218, 173, 206, 330, 334, 356, 250, 175, 366, 100, 264, 230, 352, 210, 259, 400, 128, 203, 137, 302, 389, 178, 249, 369, 229, 364, 314, 354, 399, 289, 116, 237, 350, 165, 345, 146, 323, 285, 337, 319, 275]"
diversity_off_nsga2,71,-76.81017850800632,14.769821491993685,45.489821491993695,"[32, 44, 92, 78, 90, 61, 27, 36, 8, 91, 10, 26, 15, 56, 63, 50, 13, 34, 1, 19, 14, 69, 53, 64, 37, 31, 58, 25, 82, 62, 12, 7, 28, 20, 75, 87, 51, 49, 38, 89, 17, 54, 5, 4, 52, 70, 24, 74, 65, 22, 30, 23, 9, 85, 73, 16, 72, 48, 86, 79, 80, 3, 60, 81, 55, 41, 29, 6, 40, 67, 47, 93, 57, 46, 18, 42, 35, 21, 68, 59, 83, 33, 71, 94, 11, 76, 66, 39, 2, 43, 84, 45, 77, 88]","[275, 151, 154, 248, 344, 323, 296, 221, 358, 132, 201, 219, 262, 374, 382, 299, 155, 363, 228, 347, 321, 212, 180, 171, 222, 239, 257, 286, 117, 357, 244, 194, 301, 293, 282, 308, 123, 124, 224, 251, 225, 385, 341, 119, 254, 245, 240, 138, 113, 329, 187, 310, 361, 267, 339, 149, 143, 215, 284, 314, 290, 371, 269, 153, 166, 231, 199, 190, 177, 402, 376, 99, 168, 279, 211, 392, 234, 335, 232, 386, 197, 373, 306, 384, 195, 139, 264, 368, 223, 134, 288, 298, 397, 204, 331, 97, 327, 292, 209, 230, 105, 214, 193, 110, 253, 365, 350, 362, 318, 265, 336, 338, 378, 121, 375, 216, 266, 283, 227, 162, 102, 172, 129, 104, 377, 316, 114, 238, 256, 271, 274, 131, 169, 150, 109, 159, 213, 297, 103, 388, 367, 164, 148, 273, 161, 252, 185, 394, 95, 342, 258, 208, 108, 340, 140, 189, 130, 270, 243, 404, 372, 353, 332, 192, 202, 255, 144, 233, 272, 398, 167, 317, 122, 135, 158, 207, 183, 322, 294, 217, 98, 220, 170, 160, 247, 145, 242, 309, 277, 360, 370, 191, 181, 174, 96, 184, 106, 307, 313, 383, 263, 200, 312, 118, 405, 115, 403, 188, 390, 111, 319, 147, 326, 261, 343, 348, 304, 176, 295, 333, 324, 260, 393, 305, 179, 328, 396, 136, 351, 287, 142, 391, 380, 303, 325, 241, 300, 126, 276, 311, 345, 146, 401, 285, 278, 337, 163, 125, 205, 381, 395, 127, 235, 246, 320, 346, 141, 291, 107, 112, 156, 268, 133, 355, 236, 359, 198, 196, 349, 157, 186, 280, 379, 387, 152, 281, 116, 218, 173, 206, 330, 334, 356, 250, 175, 366, 100, 101, 226, 352, 210, 259, 400, 128, 203, 137, 302, 389, 178, 249, 369, 229, 364, 315, 354, 399, 289, 120, 237, 182, 165]"
diversity_off_nsga2,72,-97.80906008500001,19.880939915,69.19093991499999,"[77, 45, 9, 88, 32, 44, 92, 78, 85, 90, 27, 36, 8, 65, 38, 10, 26, 15, 56, 63, 13, 72, 28, 19, 14, 50, 89, 61, 17, 91, 68, 59, 69, 53, 64, 37, 24, 58, 25, 55, 82, 70, 51, 12, 7, 54, 5, 52, 62, 31, 74, 20, 43, 30, 16, 34, 48, 75, 79, 4, 80, 21, 94, 11, 76, 23, 66, 86, 39, 2, 33, 29, 84, 35, 57, 1, 93, 42, 83, 60, 49, 41, 47, 87, 3, 18, 46, 73, 67, 6, 71, 81, 40, 22]","[292, 275, 151, 154, 248, 344, 323, 296, 221, 358, 274, 201, 219, 262, 374, 382, 299, 155, 363, 228, 347, 321, 212, 180, 171, 222, 239, 257, 286, 117, 357, 244, 194, 301, 293, 282, 308, 123, 124, 224, 251, 375, 385, 341, 119, 254, 245, 240, 138, 113, 329, 187, 310, 361, 267, 339, 149, 143, 215, 284, 314, 290, 371, 114, 153, 166, 231, 199, 295, 177, 402, 376, 99, 328, 168, 279, 211, 392, 234, 335, 232, 386, 197, 373, 306, 384, 195, 147, 266, 273, 253, 319, 185, 209, 131, 226, 378, 106, 161, 365, 175, 336, 331, 104, 135, 398, 366, 242, 294, 145, 167, 210, 354, 263, 216, 109, 327, 271, 174, 377, 399, 352, 159, 108, 255, 313, 178, 298, 370, 208, 157, 404, 191, 129, 362, 144, 165, 388, 96, 120, 97, 394, 238, 269, 172, 213, 312, 118, 405, 115, 403, 188, 390, 111, 261, 393, 348, 381, 304, 176, 190, 333, 324, 260, 343, 305, 179, 396, 136, 351, 287, 142, 391, 380, 303, 325, 241, 300, 126, 276, 311, 345, 146, 401, 285, 278, 337, 163, 125, 205, 246, 320, 346, 141, 291, 107, 112, 156, 268, 133, 355, 236, 359, 198, 196, 349, 162, 186, 280, 379, 387, 184, 281, 116, 218, 173, 206, 189, 139, 101, 203, 130, 95, 223, 368, 98, 170, 230, 389, 353, 265, 152, 202, 302, 369, 270, 289, 256, 338, 102, 183, 122, 332, 252, 249, 110, 237, 372, 150, 207, 356, 334, 397, 164, 200, 318, 229, 259, 264, 235, 169, 140, 103, 340, 297, 317, 330, 132, 367, 193, 182, 247, 181, 160, 243, 158, 350, 220, 137, 192, 395, 316, 315, 105, 128, 225, 204, 364, 322, 100, 307, 272, 214, 277, 148, 400, 250, 233, 360, 127, 288, 342, 283, 134, 326, 258, 227, 309, 121, 383, 217]"
diversity_off_nsga2,73,-42.07421977,7.795780229999999,45.22578023,"[32, 44, 92, 78, 90, 51, 27, 36, 8, 65, 38, 10, 26, 15, 63, 82, 13, 72, 28, 14, 69, 53, 37, 24, 58, 25, 50, 70, 12, 7, 64, 61, 17, 5, 4, 52, 62, 31, 43, 30, 16, 34, 48, 86, 79, 80, 55, 94, 11, 23, 66, 68, 39, 2, 33, 29, 84, 35, 57, 1, 93, 42, 60, 59, 41, 47, 87, 3, 46, 73, 67, 6, 71, 83, 56, 21, 54, 75, 40, 19, 76, 49, 85, 77, 74, 18, 91, 89, 81, 22, 45, 20, 9, 88]","[249, 110, 237, 372, 150, 207, 299, 356, 334, 397, 248, 164, 200, 318, 229, 259, 264, 235, 169, 296, 328, 103, 340, 297, 317, 330, 132, 367, 193, 182, 247, 270, 160, 243, 143, 158, 155, 240, 350, 220, 137, 192, 395, 382, 315, 105, 284, 128, 262, 375, 341, 204, 364, 322, 363, 100, 386, 307, 272, 214, 277, 148, 400, 250, 361, 233, 201, 360, 127, 288, 342, 225, 283, 275, 134, 326, 323, 258, 227, 309, 121, 224, 383, 217, 292, 339, 385, 147, 266, 251, 273, 253, 149, 319, 185, 209, 358, 131, 226, 378, 106, 161, 219, 365, 175, 336, 331, 104, 335, 135, 398, 366, 306, 242, 294, 145, 373, 167, 113, 329, 384, 210, 168, 279, 211, 354, 138, 392, 119, 234, 263, 109, 197, 327, 271, 174, 310, 254, 377, 276, 399, 352, 159, 108, 255, 228, 347, 274, 313, 344, 114, 216, 154, 321, 212, 178, 298, 180, 171, 222, 151, 239, 257, 117, 357, 244, 194, 301, 293, 282, 370, 308, 123, 124, 208, 267, 245, 157, 404, 191, 187, 129, 362, 144, 165, 215, 314, 388, 290, 96, 120, 371, 153, 166, 231, 97, 394, 199, 295, 177, 238, 402, 269, 376, 99, 172, 213, 312, 118, 405, 115, 403, 188, 390, 111, 261, 393, 348, 381, 304, 176, 190, 333, 324, 260, 343, 305, 179, 140, 396, 136, 351, 287, 142, 391, 380, 303, 325, 241, 300, 126, 286, 311, 345, 146, 401, 285, 278, 337, 163, 125, 205, 246, 320, 346, 141, 291, 107, 112, 156, 268, 133, 355, 236, 359, 198, 196, 349, 162, 186, 280, 379, 387, 184, 281, 116, 218, 173, 206, 189, 139, 101, 203, 130, 95, 223, 368, 98, 170, 230, 389, 353, 265, 316, 152, 202, 302, 369, 181, 374, 289, 256, 338, 102, 183, 195, 221, 122, 232, 332, 252]"
diversity_off_nsga2,74,-65.6,15.099999999999998,39.800000000000004,"[38, 67, 6, 88, 32, 44, 92, 78, 17, 85, 90, 68, 61, 27, 36, 62, 60, 51, 54, 73, 10, 26, 15, 56, 63, 50, 13, 72, 9, 19, 14, 59, 53, 64, 37, 24, 58, 69, 25, 55, 82, 70, 84, 12, 7, 28, 5, 52, 8, 31, 74, 20, 43, 30, 16, 34, 48, 75, 79, 4, 80, 21, 94, 11, 76, 23, 66, 29, 39, 2, 33, 86, 35, 57, 1, 93, 42, 83, 65, 49, 41, 47, 87, 3, 18, 46, 89, 71, 81, 40, 45, 77, 91, 22]","[275, 151, 154, 248, 344, 323, 296, 221, 358, 274, 201, 219, 374, 299, 155, 363, 228, 347, 321, 395, 180, 171, 222, 239, 257, 286, 117, 357, 244, 194, 301, 293, 282, 308, 123, 124, 224, 251, 225, 382, 399, 262, 385, 341, 119, 254, 245, 240, 138, 113, 329, 187, 350, 361, 267, 339, 149, 143, 215, 284, 315, 290, 371, 114, 153, 166, 231, 199, 295, 177, 402, 376, 99, 328, 168, 279, 211, 392, 234, 335, 232, 386, 197, 373, 306, 384, 195, 139, 101, 368, 223, 134, 288, 298, 397, 204, 331, 97, 327, 235, 292, 209, 230, 105, 214, 258, 110, 253, 365, 212, 362, 318, 265, 336, 338, 378, 121, 375, 216, 266, 283, 227, 157, 102, 172, 129, 104, 377, 316, 269, 238, 256, 271, 132, 131, 169, 150, 109, 159, 213, 310, 297, 103, 388, 367, 164, 148, 273, 161, 252, 185, 394, 95, 342, 193, 208, 108, 340, 140, 189, 130, 270, 243, 404, 372, 353, 332, 192, 202, 255, 144, 233, 272, 398, 167, 317, 122, 135, 158, 207, 183, 322, 294, 217, 98, 220, 170, 160, 247, 145, 242, 309, 277, 360, 370, 191, 181, 174, 96, 176, 184, 106, 307, 127, 313, 383, 263, 200, 312, 118, 405, 115, 403, 188, 390, 111, 261, 393, 348, 381, 304, 147, 190, 333, 107, 260, 343, 305, 179, 326, 396, 136, 351, 287, 142, 391, 380, 303, 325, 241, 300, 126, 276, 311, 345, 146, 401, 285, 278, 337, 163, 125, 205, 246, 320, 346, 141, 291, 324, 112, 156, 268, 133, 355, 236, 359, 198, 196, 349, 162, 186, 280, 379, 387, 152, 281, 116, 218, 173, 206, 330, 334, 356, 250, 175, 366, 100, 264, 226, 352, 210, 259, 400, 128, 203, 137, 302, 389, 178, 249, 369, 229, 364, 314, 354, 289, 120, 237, 182, 165, 319]"
diversity_off_nsga2,75,-0.42425509640758374,6.925744903592417,7.275744903592416,"[39, 49, 40, 93, 9, 19, 86, 77, 83, 32, 91, 76, 23, 12, 45, 6, 68, 66, 47, 50, 53, 22, 56, 44, 54, 33, 51, 35, 1, 73, 85, 64, 37, 24, 58, 25, 55, 82, 70, 84, 87, 7, 28, 5, 52, 31, 74, 20, 43, 30, 16, 34, 48, 75, 79, 4, 80, 21, 94, 18, 89, 81, 15, 8, 88, 92, 78, 17, 90, 61, 27, 36, 38, 10, 13, 59, 60, 67, 26, 57, 29, 42, 11, 46, 63, 3, 62, 69, 72, 2, 41, 65, 14, 71]","[308, 224, 341, 254, 245, 138, 113, 149, 284, 314, 199, 177, 376, 99, 328, 168, 279, 234, 335, 386, 306, 288, 397, 97, 327, 230, 214, 258, 336, 375, 216, 266, 172, 129, 377, 316, 269, 238, 271, 109, 159, 103, 388, 367, 273, 252, 394, 95, 193, 340, 140, 270, 243, 404, 372, 332, 405, 115, 188, 393, 324, 343, 305, 326, 380, 241, 300, 126, 136, 205, 320, 141, 291, 268, 196, 186, 280, 173, 206, 334, 366, 259, 389, 249, 229, 399, 384, 153, 278, 134, 213, 253, 359, 357, 116, 302, 106, 121, 312, 169, 368, 303, 210, 219, 379, 352, 123, 318, 250, 363, 203, 246, 374, 162, 209, 101, 127, 262, 264, 361, 180, 171, 107, 315, 373, 351, 163, 187, 355, 156, 295, 146, 382, 348, 333, 100, 148, 381, 142, 276, 301, 190, 298, 292, 319, 321, 166, 403, 221, 119, 204, 325, 118, 147, 371, 283, 260, 197, 362, 164, 299, 330, 189, 198, 337, 192, 202, 255, 144, 233, 272, 398, 311, 317, 122, 135, 158, 207, 183, 322, 294, 217, 98, 220, 170, 160, 247, 145, 242, 309, 277, 360, 370, 191, 181, 174, 96, 176, 184, 345, 307, 313, 310, 167, 178, 256, 285, 400, 349, 231, 392, 151, 236, 391, 287, 396, 239, 194, 353, 395, 265, 387, 152, 261, 240, 223, 185, 227, 383, 338, 137, 218, 133, 297, 131, 226, 161, 102, 365, 175, 331, 110, 350, 105, 130, 200, 235, 215, 339, 179, 263, 211, 208, 108, 111, 182, 329, 358, 125, 251, 390, 401, 157, 117, 346, 150, 342, 114, 225, 364, 128, 112, 385, 132, 281, 143, 232, 201, 124, 290, 139, 369, 378, 104, 267, 402, 257, 354, 195, 356, 304, 289, 120, 237, 165, 275, 154, 248, 344, 323, 296, 274, 155, 228, 347, 212, 222, 286, 244, 293, 282]"
diversity_off_nsga2,76,-73.40963852300631,14.680361476993685,41.29036147699369,"[32, 44, 17, 90, 68, 61, 27, 36, 62, 65, 51, 54, 10, 26, 15, 56, 63, 50, 13, 72, 9, 19, 14, 59, 69, 53, 64, 37, 58, 25, 82, 70, 12, 7, 5, 52, 8, 31, 74, 43, 30, 48, 75, 21, 23, 1, 85, 73, 16, 34, 83, 86, 79, 80, 55, 94, 11, 76, 24, 66, 4, 39, 2, 33, 29, 84, 35, 57, 93, 42, 60, 49, 41, 47, 87, 3, 18, 46, 38, 67, 6, 89, 71, 81, 40, 22, 77, 20, 28, 88, 92, 78, 45, 91]","[275, 151, 154, 248, 344, 323, 296, 221, 358, 274, 219, 262, 374, 382, 299, 155, 363, 228, 347, 321, 180, 171, 222, 239, 257, 353, 117, 357, 244, 194, 301, 293, 282, 308, 123, 124, 224, 251, 225, 385, 341, 119, 254, 245, 240, 138, 113, 329, 187, 350, 361, 267, 339, 149, 143, 215, 284, 315, 290, 371, 114, 153, 166, 158, 199, 295, 177, 402, 376, 99, 328, 168, 279, 211, 392, 234, 335, 232, 386, 197, 373, 306, 384, 195, 139, 101, 368, 223, 134, 298, 397, 204, 331, 97, 327, 292, 209, 230, 105, 214, 258, 110, 253, 365, 212, 362, 318, 265, 336, 338, 378, 121, 375, 216, 266, 283, 227, 157, 102, 172, 129, 104, 377, 316, 269, 238, 256, 271, 132, 131, 169, 150, 109, 159, 213, 310, 297, 103, 388, 367, 164, 148, 273, 161, 252, 185, 394, 95, 342, 208, 108, 340, 140, 189, 130, 270, 243, 404, 372, 286, 332, 192, 202, 255, 144, 272, 398, 167, 317, 122, 135, 231, 183, 322, 294, 217, 98, 220, 170, 247, 145, 242, 309, 277, 370, 191, 181, 174, 96, 176, 184, 106, 307, 313, 383, 263, 200, 312, 118, 405, 115, 403, 188, 390, 111, 261, 393, 348, 304, 147, 190, 333, 207, 201, 116, 160, 193, 127, 288, 233, 324, 260, 343, 305, 179, 326, 396, 136, 351, 287, 142, 391, 380, 303, 325, 241, 300, 369, 276, 311, 345, 146, 401, 285, 278, 337, 163, 125, 205, 381, 395, 235, 246, 320, 346, 141, 291, 107, 112, 156, 268, 133, 355, 236, 359, 198, 196, 349, 162, 186, 280, 379, 387, 152, 281, 360, 218, 173, 206, 330, 334, 356, 250, 175, 366, 100, 264, 226, 352, 210, 259, 400, 128, 203, 137, 302, 389, 178, 249, 126, 229, 364, 314, 354, 399, 289, 120, 237, 182, 165, 319]"
diversity_off_nsga2,77,-82.64091468040259,25.139085319597406,44.55908531959741,"[68, 61, 27, 36, 62, 65, 51, 54, 10, 26, 15, 56, 63, 50, 13, 72, 14, 59, 11, 4, 44, 9, 19, 86, 77, 45, 20, 83, 82, 69, 53, 64, 37, 58, 25, 70, 12, 7, 28, 5, 52, 8, 31, 74, 43, 30, 48, 75, 21, 73, 1, 85, 39, 16, 34, 79, 80, 55, 94, 76, 24, 66, 23, 2, 33, 29, 84, 35, 57, 93, 42, 60, 49, 41, 47, 87, 3, 18, 46, 38, 67, 6, 89, 71, 81, 40, 91, 22, 88, 32, 92, 78, 17, 90]","[275, 154, 248, 344, 323, 296, 358, 274, 201, 219, 262, 374, 382, 299, 155, 363, 228, 347, 321, 180, 171, 222, 257, 357, 244, 301, 293, 282, 308, 123, 124, 224, 225, 385, 341, 254, 245, 240, 138, 113, 329, 187, 350, 361, 267, 339, 149, 143, 284, 315, 290, 153, 166, 199, 295, 177, 402, 376, 99, 328, 168, 279, 211, 234, 335, 232, 386, 373, 306, 384, 139, 101, 368, 134, 288, 298, 397, 331, 97, 327, 292, 209, 230, 214, 258, 110, 253, 365, 212, 318, 265, 336, 338, 378, 121, 375, 216, 266, 227, 102, 172, 129, 104, 377, 316, 269, 238, 271, 169, 109, 159, 213, 297, 103, 388, 367, 148, 273, 161, 252, 185, 394, 95, 193, 340, 140, 130, 270, 243, 404, 372, 286, 332, 192, 202, 144, 233, 272, 398, 167, 317, 158, 207, 294, 217, 98, 220, 170, 160, 247, 145, 242, 309, 277, 360, 191, 174, 96, 176, 184, 106, 307, 383, 263, 200, 312, 405, 115, 188, 390, 111, 261, 393, 348, 304, 190, 333, 324, 343, 305, 326, 351, 142, 380, 303, 241, 300, 126, 276, 146, 278, 337, 163, 125, 205, 381, 395, 127, 246, 320, 141, 291, 107, 112, 156, 268, 133, 355, 359, 196, 162, 186, 280, 379, 152, 281, 116, 218, 173, 206, 334, 356, 250, 175, 366, 100, 264, 226, 352, 210, 259, 128, 203, 137, 302, 389, 178, 249, 369, 229, 364, 314, 354, 399, 289, 135, 313, 403, 221, 119, 223, 204, 325, 345, 118, 147, 322, 371, 283, 260, 208, 255, 197, 251, 362, 164, 387, 330, 189, 179, 108, 136, 122, 310, 311, 198, 132, 256, 285, 400, 370, 183, 349, 231, 392, 151, 235, 105, 236, 391, 181, 215, 287, 131, 195, 396, 239, 194, 353, 401, 157, 117, 346, 182, 150, 342, 114, 120, 237, 165, 319]"
diversity_off_nsga2,78,-17.210352237500004,11.6496477625,11.989647762499999,"[89, 74, 33, 35, 1, 81, 15, 2, 41, 21, 80, 29, 71, 39, 58, 49, 40, 93, 11, 4, 44, 9, 19, 86, 77, 45, 20, 83, 82, 16, 94, 32, 37, 91, 78, 70, 17, 85, 90, 51, 75, 64, 61, 12, 27, 73, 65, 59, 54, 10, 72, 23, 8, 46, 66, 43, 5, 56, 57, 60, 67, 88, 26, 3, 52, 92, 30, 79, 14, 42, 53, 7, 84, 31, 87, 36, 62, 28, 38, 63, 13, 69, 34, 55, 76, 48, 6, 68, 25, 47, 50, 24, 22, 18]","[275, 326, 173, 316, 252, 386, 222, 165, 218, 243, 95, 228, 241, 258, 286, 367, 113, 284, 99, 337, 343, 260, 179, 396, 136, 287, 391, 311, 345, 401, 285, 346, 112, 198, 349, 387, 330, 400, 114, 178, 364, 182, 151, 237, 273, 144, 168, 140, 375, 288, 224, 193, 307, 380, 244, 216, 389, 200, 149, 366, 280, 324, 320, 394, 245, 102, 172, 393, 230, 297, 103, 159, 272, 254, 323, 270, 291, 282, 336, 274, 186, 376, 214, 347, 399, 115, 306, 388, 340, 196, 269, 404, 259, 138, 109, 341, 405, 293, 249, 141, 97, 331, 184, 365, 234, 206, 397, 289, 229, 372, 177, 296, 133, 120, 167, 154, 191, 98, 129, 271, 277, 384, 153, 278, 134, 213, 253, 359, 192, 356, 207, 304, 266, 217, 377, 205, 268, 358, 300, 332, 152, 188, 238, 398, 176, 334, 160, 305, 212, 344, 248, 155, 335, 294, 328, 126, 96, 130, 354, 357, 116, 227, 302, 106, 121, 312, 261, 169, 368, 202, 303, 210, 219, 379, 211, 352, 123, 240, 170, 318, 250, 363, 203, 246, 374, 162, 209, 101, 279, 127, 185, 262, 390, 264, 137, 395, 361, 226, 111, 180, 338, 175, 242, 171, 107, 158, 315, 373, 145, 351, 163, 360, 263, 110, 187, 355, 156, 295, 146, 382, 317, 348, 125, 350, 333, 100, 383, 309, 148, 220, 299, 381, 265, 233, 142, 276, 301, 190, 161, 298, 292, 319, 321, 329, 166, 135, 313, 403, 221, 119, 223, 204, 325, 239, 117, 194, 251, 225, 385, 118, 310, 339, 215, 371, 231, 392, 197, 195, 235, 105, 362, 283, 157, 256, 132, 131, 150, 164, 342, 208, 108, 189, 353, 255, 122, 183, 322, 370, 181, 147, 128, 236, 281, 143, 232, 201, 174, 124, 290, 139, 369, 378, 104, 267, 402, 257, 327, 314, 199, 247, 308]"
diversity_off_nsga2,79,-18.279361650000002,20.490638349999998,7.02063835,"[50, 24, 22, 53, 54, 86, 18, 2, 41, 40, 80, 29, 71, 39, 58, 49, 21, 93, 11, 4, 44, 9, 19, 31, 77, 45, 20, 83, 82, 16, 88, 32, 37, 91, 89, 70, 17, 85, 90, 51, 75, 64, 61, 12, 27, 73, 65, 59, 74, 10, 72, 23, 8, 46, 66, 43, 5, 56, 57, 60, 67, 94, 26, 3, 52, 92, 30, 79, 14, 42, 33, 35, 1, 7, 78, 81, 15, 28, 36, 38, 63, 13, 69, 62, 34, 55, 76, 84, 87, 48, 6, 68, 25, 47]","[147, 128, 236, 281, 143, 232, 201, 174, 124, 290, 139, 369, 378, 104, 267, 402, 257, 327, 314, 199, 247, 308, 275, 326, 173, 316, 252, 386, 222, 165, 218, 243, 95, 228, 241, 258, 286, 367, 113, 284, 99, 337, 343, 237, 273, 144, 168, 140, 375, 288, 224, 193, 307, 380, 244, 216, 389, 200, 149, 366, 280, 324, 320, 394, 245, 102, 172, 393, 230, 297, 103, 159, 272, 254, 323, 270, 291, 282, 336, 274, 186, 376, 214, 347, 399, 115, 306, 388, 340, 196, 269, 404, 259, 138, 109, 341, 405, 293, 249, 141, 97, 331, 184, 365, 234, 206, 397, 289, 229, 372, 177, 296, 133, 120, 167, 154, 191, 98, 129, 271, 277, 384, 153, 278, 134, 213, 253, 359, 192, 356, 207, 304, 266, 217, 377, 205, 268, 358, 300, 332, 152, 188, 238, 398, 176, 334, 160, 305, 212, 344, 248, 155, 335, 294, 328, 126, 96, 130, 354, 357, 116, 227, 302, 106, 121, 312, 261, 169, 368, 202, 303, 210, 219, 379, 211, 352, 123, 240, 170, 318, 250, 363, 203, 246, 374, 162, 209, 101, 279, 127, 185, 262, 390, 264, 137, 395, 361, 226, 111, 180, 338, 175, 242, 171, 107, 158, 315, 373, 145, 351, 163, 360, 263, 110, 187, 355, 156, 295, 146, 382, 317, 190, 333, 260, 179, 396, 136, 287, 142, 391, 325, 276, 311, 345, 401, 285, 125, 346, 112, 198, 349, 387, 330, 100, 400, 114, 178, 364, 182, 151, 221, 299, 321, 239, 117, 194, 301, 251, 225, 385, 119, 118, 310, 339, 215, 371, 166, 231, 392, 197, 195, 223, 298, 204, 235, 292, 105, 362, 265, 283, 157, 256, 132, 131, 150, 350, 164, 148, 161, 342, 208, 108, 189, 353, 255, 233, 122, 135, 183, 322, 220, 309, 370, 181, 313, 383, 329, 403, 319, 348, 381]"
diversity_off_nsga2,80,-27.262687897500005,24.117312102499998,9.3373121025,"[3, 24, 13, 46, 27, 36, 8, 15, 38, 10, 26, 75, 56, 63, 44, 40, 91, 85, 73, 6, 32, 82, 22, 72, 9, 19, 31, 69, 53, 64, 37, 58, 25, 21, 50, 70, 65, 12, 54, 68, 52, 62, 59, 74, 43, 30, 16, 34, 83, 86, 79, 80, 57, 94, 11, 76, 23, 4, 39, 2, 93, 42, 48, 14, 87, 81, 71, 66, 92, 35, 84, 18, 88, 49, 60, 33, 55, 41, 1, 61, 20, 77, 51, 45, 5, 7, 28, 90, 47, 89, 17, 78, 29, 67]","[317, 132, 182, 192, 335, 105, 243, 167, 285, 349, 131, 256, 183, 189, 203, 139, 95, 223, 232, 164, 342, 161, 368, 322, 98, 404, 170, 384, 389, 353, 395, 366, 302, 265, 262, 374, 382, 299, 155, 363, 228, 347, 321, 212, 180, 171, 222, 239, 257, 286, 117, 357, 244, 194, 162, 293, 282, 308, 123, 124, 224, 156, 198, 251, 225, 385, 246, 341, 119, 126, 301, 245, 240, 138, 116, 291, 113, 329, 187, 310, 361, 267, 339, 149, 143, 107, 215, 284, 314, 290, 371, 114, 153, 166, 231, 199, 295, 177, 402, 376, 99, 118, 115, 188, 390, 312, 305, 179, 328, 287, 142, 380, 168, 279, 211, 392, 234, 263, 216, 333, 202, 221, 255, 274, 313, 298, 181, 197, 271, 377, 352, 159, 108, 178, 151, 370, 208, 157, 369, 191, 129, 362, 144, 165, 388, 96, 120, 375, 394, 238, 269, 172, 213, 174, 405, 403, 111, 288, 393, 348, 381, 304, 147, 190, 324, 260, 343, 396, 136, 351, 391, 303, 325, 241, 300, 254, 276, 311, 345, 248, 401, 278, 337, 163, 125, 266, 236, 320, 346, 141, 112, 268, 133, 355, 359, 196, 306, 186, 280, 379, 387, 309, 281, 218, 173, 206, 330, 334, 356, 250, 214, 204, 103, 207, 201, 360, 160, 193, 127, 261, 233, 283, 150, 100, 386, 122, 338, 277, 148, 289, 237, 134, 326, 323, 258, 327, 184, 121, 367, 383, 217, 235, 292, 247, 400, 340, 154, 307, 176, 316, 272, 205, 169, 273, 195, 253, 137, 227, 229, 364, 373, 319, 185, 350, 318, 209, 358, 297, 226, 378, 200, 252, 106, 102, 219, 365, 175, 336, 249, 331, 230, 270, 259, 109, 97, 397, 275, 372, 332, 152, 398, 344, 146, 294, 130, 354, 315, 101, 110, 135, 210, 242, 104, 128, 158, 145, 220, 264, 399, 296, 140]"
diversity_off_nsga2,81,-44.87471725,11.41528275,24.92528275,"[60, 67, 26, 52, 57, 14, 42, 53, 7, 21, 80, 29, 12, 39, 58, 49, 40, 93, 11, 4, 69, 64, 45, 72, 3, 5, 62, 31, 16, 34, 55, 94, 76, 23, 9, 84, 37, 41, 87, 46, 48, 6, 68, 25, 66, 79, 30, 71, 47, 50, 24, 22, 43, 83, 56, 44, 54, 86, 2, 33, 51, 35, 1, 75, 19, 73, 85, 77, 74, 18, 91, 89, 81, 15, 8, 70, 20, 28, 88, 32, 92, 78, 17, 90, 61, 27, 36, 65, 38, 10, 63, 82, 13, 59]","[154, 248, 344, 323, 296, 274, 155, 228, 347, 212, 222, 286, 244, 293, 282, 308, 224, 341, 254, 245, 138, 113, 149, 284, 314, 199, 177, 376, 99, 328, 168, 279, 234, 335, 386, 306, 288, 397, 331, 97, 327, 230, 214, 258, 365, 336, 375, 216, 266, 102, 172, 129, 377, 316, 269, 238, 271, 109, 159, 103, 388, 367, 273, 252, 394, 95, 193, 340, 140, 270, 243, 404, 372, 332, 144, 272, 398, 167, 217, 98, 160, 247, 277, 191, 96, 176, 184, 307, 200, 405, 115, 188, 393, 324, 343, 305, 326, 380, 241, 300, 126, 337, 205, 320, 141, 291, 268, 133, 196, 186, 280, 218, 173, 206, 334, 366, 259, 389, 249, 229, 399, 384, 153, 278, 134, 213, 253, 359, 357, 116, 302, 106, 121, 312, 169, 368, 202, 303, 210, 219, 379, 352, 123, 170, 318, 250, 363, 203, 246, 374, 162, 209, 101, 297, 127, 262, 264, 361, 180, 171, 107, 315, 373, 351, 163, 360, 187, 355, 156, 295, 146, 382, 317, 348, 333, 100, 309, 148, 381, 233, 142, 276, 301, 190, 298, 292, 319, 321, 166, 135, 313, 403, 221, 119, 204, 325, 345, 118, 147, 322, 371, 283, 260, 255, 197, 362, 164, 387, 330, 189, 179, 136, 122, 310, 311, 198, 178, 256, 285, 400, 370, 349, 231, 392, 151, 236, 391, 181, 287, 396, 239, 194, 240, 223, 185, 227, 383, 338, 137, 131, 226, 161, 175, 110, 350, 105, 130, 353, 395, 192, 265, 299, 152, 242, 294, 261, 183, 220, 235, 215, 339, 158, 263, 211, 145, 208, 108, 111, 182, 329, 358, 125, 251, 390, 401, 157, 117, 346, 150, 342, 114, 225, 364, 128, 112, 385, 132, 281, 143, 232, 201, 174, 124, 290, 139, 369, 378, 104, 267, 402, 257, 354, 195, 356, 207, 304, 289, 120, 237, 165, 275]"
diversity_off_nsga2,82,-56.132768799999994,24.7072312,24.6672312,"[9, 24, 69, 41, 67, 59, 61, 38, 10, 92, 32, 18, 22, 14, 47, 90, 26, 50, 56, 17, 88, 6, 64, 44, 58, 78, 70, 12, 7, 54, 5, 68, 52, 62, 85, 73, 55, 76, 36, 29, 84, 46, 28, 60, 72, 87, 81, 27, 71, 31, 74, 20, 4, 30, 16, 34, 48, 75, 79, 43, 80, 21, 94, 11, 15, 23, 66, 51, 39, 2, 33, 86, 35, 57, 1, 93, 42, 83, 13, 49, 37, 40, 45, 77, 65, 91, 63, 8, 19, 53, 3, 82, 89, 25]","[177, 154, 248, 344, 323, 221, 358, 274, 201, 219, 262, 374, 382, 299, 155, 363, 228, 347, 321, 395, 180, 171, 222, 239, 257, 286, 117, 357, 244, 194, 301, 240, 282, 123, 124, 224, 251, 178, 385, 341, 119, 254, 245, 293, 138, 113, 329, 187, 350, 361, 267, 339, 149, 143, 308, 226, 296, 215, 284, 315, 290, 371, 114, 153, 166, 231, 199, 295, 402, 405, 115, 390, 393, 324, 179, 396, 391, 380, 311, 401, 285, 337, 125, 346, 141, 291, 112, 99, 168, 216, 343, 297, 320, 161, 278, 134, 213, 253, 195, 356, 207, 304, 266, 217, 377, 205, 268, 300, 332, 188, 238, 398, 176, 334, 160, 305, 212, 335, 328, 126, 96, 116, 302, 106, 121, 312, 169, 368, 202, 303, 210, 379, 352, 170, 318, 250, 203, 246, 162, 209, 101, 279, 127, 264, 107, 373, 351, 163, 360, 355, 156, 146, 317, 348, 333, 100, 309, 148, 381, 233, 142, 276, 190, 298, 292, 319, 135, 313, 403, 359, 259, 214, 232, 129, 255, 137, 185, 234, 151, 109, 280, 330, 325, 241, 310, 103, 186, 399, 197, 144, 208, 289, 342, 235, 236, 366, 150, 376, 307, 354, 193, 132, 122, 131, 108, 378, 364, 182, 165, 211, 136, 275, 223, 147, 249, 133, 243, 272, 229, 164, 383, 247, 400, 340, 316, 273, 204, 327, 287, 200, 252, 102, 365, 175, 269, 104, 158, 183, 256, 97, 140, 105, 189, 139, 130, 270, 95, 397, 322, 98, 404, 230, 389, 353, 192, 394, 128, 306, 242, 294, 145, 206, 392, 263, 181, 174, 159, 157, 369, 191, 362, 314, 388, 120, 227, 184, 288, 336, 375, 281, 331, 372, 384, 167, 345, 196, 261, 386, 152, 118, 172, 110, 338, 220, 173, 265, 260, 387, 349, 326, 218, 367, 237, 111, 370, 258, 283, 225, 271, 198, 277]"
diversity_off_nsga2,83,-39.300000000000004,8.33,36.5,"[91, 32, 44, 92, 17, 85, 90, 68, 89, 27, 62, 65, 54, 73, 10, 26, 15, 56, 63, 50, 13, 72, 9, 19, 14, 59, 69, 53, 64, 37, 25, 82, 70, 12, 7, 5, 52, 8, 31, 74, 20, 43, 75, 21, 51, 46, 38, 61, 45, 58, 30, 16, 34, 86, 23, 1, 93, 83, 78, 79, 80, 55, 94, 11, 67, 24, 66, 4, 39, 2, 33, 29, 84, 35, 57, 42, 48, 60, 49, 41, 47, 87, 3, 18, 36, 76, 6, 71, 81, 40, 22, 77, 28, 88]","[329, 350, 168, 279, 392, 373, 306, 317, 139, 298, 397, 97, 327, 230, 105, 378, 121, 216, 266, 102, 269, 238, 256, 131, 150, 159, 103, 252, 394, 95, 140, 189, 130, 270, 404, 353, 332, 192, 144, 122, 135, 158, 183, 322, 294, 217, 98, 170, 160, 247, 145, 242, 181, 174, 127, 313, 263, 115, 348, 190, 260, 179, 391, 380, 303, 276, 285, 125, 246, 274, 291, 133, 186, 280, 250, 175, 100, 264, 352, 400, 128, 389, 123, 267, 157, 369, 191, 362, 314, 388, 290, 120, 153, 363, 227, 146, 184, 321, 320, 288, 311, 148, 336, 293, 171, 401, 334, 99, 162, 299, 375, 281, 282, 331, 372, 384, 167, 345, 203, 196, 374, 240, 261, 278, 386, 312, 152, 398, 305, 118, 371, 172, 248, 335, 337, 338, 245, 220, 403, 213, 302, 199, 207, 173, 166, 377, 351, 265, 206, 387, 224, 143, 349, 149, 284, 402, 346, 180, 326, 142, 361, 156, 368, 112, 218, 119, 286, 367, 341, 107, 239, 344, 328, 237, 111, 370, 258, 295, 132, 163, 379, 268, 308, 212, 178, 396, 233, 141, 271, 360, 198, 297, 277, 187, 110, 359, 259, 214, 205, 232, 355, 129, 96, 255, 405, 304, 202, 137, 257, 358, 226, 106, 161, 219, 104, 342, 208, 395, 249, 134, 185, 289, 209, 210, 272, 231, 393, 324, 188, 356, 211, 136, 164, 200, 390, 318, 229, 300, 235, 169, 296, 236, 330, 283, 193, 333, 147, 382, 155, 228, 301, 177, 315, 381, 182, 316, 365, 287, 201, 309, 325, 234, 354, 225, 307, 116, 383, 364, 399, 215, 253, 117, 251, 109, 126, 376, 273, 222, 343, 275, 114, 176, 113, 243, 339, 310, 241, 366, 197, 195, 101, 223, 204, 292, 151, 340, 108, 165, 319, 154, 323, 221, 262, 347, 357, 244, 194, 124, 385, 254, 138]"
diversity_off_nsga2,84,-42.144836500000004,11.145163499999999,29.9551635,"[84, 15, 56, 59, 53, 58, 13, 21, 50, 75, 46, 71, 81, 35, 34, 63, 39, 19, 77, 45, 20, 82, 88, 3, 10, 25, 92, 12, 68, 62, 31, 91, 43, 16, 83, 87, 51, 49, 38, 89, 17, 54, 5, 4, 52, 70, 24, 74, 65, 22, 30, 23, 9, 85, 73, 86, 80, 55, 94, 69, 76, 66, 2, 33, 29, 57, 1, 93, 42, 48, 60, 41, 47, 67, 6, 18, 79, 32, 44, 90, 14, 64, 7, 37, 28, 26, 27, 78, 8, 11, 36, 40, 72, 61]","[275, 151, 384, 248, 344, 323, 296, 221, 358, 132, 201, 219, 262, 374, 382, 299, 155, 363, 228, 347, 321, 212, 180, 171, 222, 239, 257, 286, 117, 357, 244, 194, 301, 293, 282, 308, 123, 124, 224, 251, 225, 385, 341, 119, 254, 245, 240, 138, 113, 329, 187, 310, 361, 267, 339, 149, 143, 215, 284, 314, 290, 371, 269, 153, 166, 231, 199, 190, 177, 402, 376, 99, 168, 279, 211, 392, 234, 335, 232, 386, 197, 373, 306, 154, 195, 139, 264, 368, 223, 134, 288, 298, 397, 204, 331, 97, 327, 292, 209, 230, 105, 214, 193, 110, 253, 365, 350, 362, 318, 265, 336, 338, 378, 121, 165, 388, 120, 375, 394, 295, 405, 403, 326, 380, 303, 241, 311, 345, 278, 320, 156, 268, 355, 236, 157, 186, 280, 379, 387, 152, 281, 116, 173, 330, 334, 356, 250, 207, 304, 178, 364, 381, 96, 114, 238, 115, 188, 390, 111, 261, 393, 348, 324, 220, 343, 179, 328, 396, 136, 287, 142, 391, 300, 126, 276, 285, 337, 163, 125, 205, 246, 346, 141, 291, 107, 112, 233, 360, 160, 127, 342, 283, 150, 100, 122, 148, 237, 227, 309, 367, 164, 383, 217, 247, 400, 340, 307, 176, 316, 272, 266, 169, 315, 273, 137, 229, 319, 297, 131, 226, 252, 106, 161, 102, 175, 104, 256, 369, 170, 184, 216, 109, 271, 349, 206, 325, 305, 235, 218, 147, 258, 249, 158, 183, 135, 354, 302, 185, 200, 128, 389, 172, 95, 353, 145, 213, 118, 333, 274, 146, 401, 312, 351, 103, 133, 359, 198, 196, 182, 260, 398, 140, 189, 203, 101, 289, 130, 270, 322, 98, 404, 277, 372, 395, 332, 192, 317, 366, 242, 294, 259, 167, 210, 263, 202, 255, 313, 181, 243, 174, 399, 352, 108, 377, 159, 370, 208, 162, 191, 129, 144]"
diversity_off_nsga2,85,-9.406477598745925,10.373522401254075,7.493522401254076,"[9, 49, 24, 69, 13, 51, 41, 67, 59, 15, 61, 38, 10, 92, 32, 18, 22, 14, 42, 47, 20, 90, 26, 50, 56, 17, 88, 6, 64, 44, 23, 58, 66, 21, 78, 70, 75, 12, 7, 54, 5, 68, 52, 62, 31, 74, 43, 30, 85, 73, 16, 34, 83, 86, 79, 80, 55, 94, 11, 76, 36, 4, 39, 2, 33, 29, 84, 35, 57, 1, 93, 46, 28, 48, 71, 60, 72, 87, 81, 27, 37, 40, 45, 77, 65, 91, 63, 8, 19, 53, 3, 82, 89, 25]","[174, 254, 159, 347, 274, 194, 267, 157, 369, 191, 362, 314, 388, 290, 120, 153, 227, 184, 288, 336, 293, 299, 375, 281, 282, 331, 372, 384, 167, 345, 196, 240, 261, 386, 152, 118, 371, 172, 110, 338, 245, 220, 173, 265, 260, 387, 224, 143, 349, 149, 284, 326, 218, 367, 341, 239, 237, 111, 370, 258, 283, 308, 178, 271, 198, 277, 199, 177, 402, 286, 405, 115, 390, 393, 324, 179, 396, 391, 380, 311, 401, 285, 337, 125, 346, 141, 291, 112, 99, 201, 168, 216, 343, 297, 320, 225, 222, 161, 278, 134, 213, 253, 195, 356, 207, 304, 266, 217, 377, 205, 268, 300, 332, 188, 238, 398, 176, 334, 160, 305, 212, 344, 248, 155, 335, 328, 126, 96, 244, 357, 116, 302, 106, 121, 312, 169, 368, 202, 303, 210, 219, 379, 352, 123, 170, 318, 250, 363, 203, 246, 374, 162, 209, 101, 279, 127, 262, 264, 361, 180, 171, 107, 315, 373, 351, 163, 360, 187, 355, 156, 295, 146, 382, 317, 348, 333, 100, 309, 148, 381, 233, 142, 276, 301, 190, 298, 292, 319, 321, 166, 135, 313, 403, 221, 119, 359, 259, 214, 232, 129, 255, 137, 257, 185, 234, 151, 109, 280, 330, 325, 241, 310, 103, 186, 399, 197, 144, 350, 208, 215, 289, 342, 395, 235, 236, 366, 150, 296, 376, 307, 354, 124, 193, 114, 132, 122, 131, 108, 378, 364, 117, 182, 165, 211, 228, 136, 231, 275, 223, 147, 249, 323, 133, 113, 243, 272, 229, 164, 383, 339, 385, 247, 400, 340, 154, 316, 251, 273, 204, 327, 287, 358, 226, 200, 252, 102, 365, 175, 269, 104, 158, 183, 256, 97, 140, 105, 189, 139, 130, 270, 95, 397, 322, 98, 404, 230, 389, 353, 192, 394, 128, 306, 242, 294, 145, 329, 206, 138, 392, 263, 181]"
diversity_off_nsga2,86,-52.712092603589745,8.357907396410257,36.887907396410256,"[32, 20, 8, 44, 85, 52, 37, 92, 91, 17, 90, 51, 61, 27, 36, 45, 65, 38, 10, 26, 15, 63, 73, 82, 13, 72, 9, 19, 14, 59, 69, 53, 64, 24, 43, 25, 21, 50, 70, 75, 12, 7, 54, 5, 68, 62, 31, 74, 78, 58, 30, 16, 34, 83, 86, 79, 80, 55, 94, 56, 89, 11, 76, 48, 33, 4, 39, 2, 66, 29, 84, 35, 57, 1, 93, 42, 23, 60, 49, 41, 47, 87, 3, 18, 46, 67, 6, 71, 81, 40, 22, 77, 28, 88]","[243, 237, 395, 152, 321, 374, 176, 101, 232, 248, 315, 249, 195, 203, 282, 301, 117, 258, 134, 185, 289, 149, 398, 364, 108, 344, 302, 234, 209, 326, 210, 338, 272, 331, 245, 157, 369, 191, 362, 144, 388, 371, 114, 166, 231, 375, 394, 376, 198, 172, 213, 118, 111, 261, 393, 348, 381, 304, 190, 324, 343, 396, 351, 293, 299, 188, 403, 356, 290, 334, 211, 397, 153, 269, 281, 136, 164, 200, 390, 311, 318, 370, 229, 300, 259, 165, 260, 238, 255, 377, 264, 355, 287, 120, 235, 399, 402, 169, 199, 296, 236, 177, 129, 218, 329, 357, 142, 239, 140, 103, 340, 297, 317, 330, 162, 295, 132, 367, 193, 333, 182, 113, 147, 271, 405, 386, 227, 225, 204, 305, 387, 192, 265, 262, 382, 155, 202, 363, 228, 274, 313, 212, 178, 180, 171, 222, 151, 335, 286, 194, 308, 312, 124, 224, 156, 99, 303, 233, 391, 119, 345, 96, 220, 240, 116, 181, 310, 361, 205, 267, 121, 339, 280, 143, 179, 107, 215, 100, 284, 314, 122, 328, 325, 349, 309, 197, 268, 276, 109, 359, 223, 175, 389, 173, 201, 346, 257, 401, 115, 123, 400, 380, 196, 154, 163, 279, 277, 133, 354, 131, 130, 270, 112, 373, 384, 187, 347, 141, 252, 137, 323, 250, 183, 322, 241, 126, 146, 285, 278, 337, 125, 246, 320, 273, 291, 186, 379, 184, 206, 214, 207, 360, 160, 127, 288, 342, 283, 150, 341, 368, 307, 378, 148, 275, 167, 383, 217, 292, 385, 247, 316, 266, 251, 253, 327, 319, 350, 358, 226, 106, 161, 102, 219, 365, 336, 145, 306, 158, 110, 97, 105, 189, 139, 95, 98, 404, 170, 230, 372, 353, 294, 366, 332, 221, 298, 138, 392, 168, 263, 242, 128, 216, 174, 254, 352, 159, 135, 244, 208, 256, 104]"
diversity_off_nsga2,87,-84.55582440875,15.68417559125,52.04417559125,"[32, 44, 92, 78, 17, 85, 90, 68, 61, 27, 58, 8, 65, 73, 10, 26, 15, 56, 63, 50, 13, 72, 9, 19, 14, 59, 69, 53, 64, 37, 24, 36, 25, 55, 82, 70, 12, 7, 54, 5, 52, 62, 31, 74, 20, 43, 30, 16, 34, 84, 67, 6, 89, 71, 81, 40, 48, 75, 79, 4, 80, 21, 94, 11, 76, 23, 66, 86, 39, 2, 33, 29, 51, 35, 57, 1, 93, 42, 83, 60, 49, 41, 47, 87, 3, 18, 46, 38, 22, 77, 45, 28, 91, 88]","[107, 275, 151, 154, 248, 344, 323, 296, 221, 358, 274, 201, 219, 262, 374, 382, 299, 155, 363, 228, 347, 321, 212, 180, 171, 222, 239, 257, 286, 117, 357, 244, 194, 301, 293, 282, 308, 123, 124, 224, 251, 225, 385, 341, 119, 254, 245, 240, 138, 113, 329, 187, 310, 361, 267, 339, 149, 143, 215, 284, 314, 290, 371, 114, 153, 166, 231, 199, 295, 177, 402, 376, 99, 328, 168, 279, 211, 392, 234, 335, 232, 386, 197, 373, 306, 384, 195, 139, 101, 368, 223, 134, 288, 298, 397, 204, 331, 97, 327, 235, 292, 209, 230, 105, 214, 258, 110, 253, 365, 395, 362, 318, 265, 336, 338, 378, 121, 375, 216, 266, 283, 227, 157, 102, 172, 129, 104, 377, 316, 269, 238, 256, 271, 132, 131, 169, 150, 109, 159, 213, 350, 297, 103, 388, 367, 164, 148, 273, 161, 252, 185, 394, 95, 342, 193, 208, 108, 340, 140, 189, 130, 270, 243, 404, 372, 353, 332, 192, 202, 255, 144, 233, 272, 398, 167, 317, 122, 135, 158, 207, 183, 322, 294, 217, 98, 220, 170, 160, 247, 145, 156, 309, 277, 360, 370, 191, 181, 174, 96, 176, 184, 106, 307, 127, 313, 383, 263, 200, 312, 118, 405, 115, 403, 112, 242, 268, 133, 355, 349, 198, 196, 162, 186, 280, 379, 387, 152, 281, 116, 173, 330, 334, 356, 250, 100, 237, 400, 315, 137, 229, 364, 319, 226, 175, 369, 236, 396, 206, 136, 190, 325, 305, 260, 346, 218, 147, 276, 249, 264, 182, 203, 359, 289, 389, 302, 128, 366, 259, 210, 354, 333, 399, 352, 178, 165, 120, 188, 390, 111, 261, 393, 348, 381, 304, 324, 343, 179, 326, 351, 287, 142, 391, 380, 303, 241, 300, 126, 311, 345, 146, 401, 285, 278, 337, 163, 125, 205, 246, 320, 141, 291]"
diversity_off_nsga2,88,-56.89968275491031,14.890317245089689,29.10031724508969,"[88, 32, 10, 78, 17, 90, 61, 27, 36, 65, 38, 60, 63, 82, 13, 58, 59, 69, 14, 64, 45, 72, 40, 5, 52, 62, 31, 16, 34, 55, 94, 76, 23, 4, 9, 84, 37, 42, 41, 87, 46, 48, 6, 68, 25, 66, 30, 71, 47, 50, 24, 22, 67, 11, 53, 92, 3, 75, 79, 80, 21, 43, 26, 83, 56, 44, 54, 86, 39, 2, 33, 29, 51, 35, 57, 1, 93, 7, 19, 73, 49, 85, 77, 74, 18, 91, 89, 81, 12, 15, 8, 70, 20, 28]","[261, 275, 154, 248, 344, 323, 296, 221, 358, 274, 201, 219, 262, 374, 382, 299, 155, 363, 228, 347, 321, 212, 180, 171, 222, 239, 257, 286, 117, 357, 244, 194, 301, 293, 282, 308, 123, 124, 224, 251, 225, 385, 341, 119, 254, 245, 240, 138, 113, 118, 187, 310, 361, 267, 339, 149, 143, 215, 284, 314, 290, 371, 128, 153, 166, 231, 199, 295, 177, 402, 376, 99, 328, 168, 279, 211, 392, 234, 335, 232, 386, 197, 373, 306, 384, 195, 139, 134, 101, 368, 223, 288, 298, 397, 204, 331, 97, 327, 235, 292, 209, 230, 105, 214, 258, 110, 253, 365, 395, 362, 318, 265, 336, 338, 378, 121, 375, 216, 266, 283, 227, 157, 102, 172, 129, 104, 377, 316, 269, 238, 256, 320, 132, 131, 169, 150, 109, 159, 213, 350, 297, 103, 388, 367, 164, 148, 273, 161, 252, 185, 394, 95, 342, 193, 208, 108, 340, 140, 189, 130, 270, 243, 404, 372, 353, 332, 192, 202, 255, 144, 233, 272, 398, 167, 317, 122, 135, 158, 207, 183, 322, 294, 217, 98, 220, 170, 160, 247, 145, 242, 309, 277, 360, 370, 191, 181, 174, 96, 176, 184, 106, 307, 127, 313, 383, 263, 200, 312, 329, 405, 115, 403, 188, 390, 111, 319, 393, 348, 381, 304, 147, 190, 333, 324, 260, 343, 305, 179, 326, 396, 136, 351, 287, 142, 391, 380, 303, 325, 241, 300, 126, 276, 311, 345, 146, 401, 285, 278, 337, 163, 125, 205, 246, 271, 346, 141, 291, 107, 112, 156, 268, 133, 355, 236, 359, 198, 196, 349, 162, 186, 280, 379, 387, 152, 281, 116, 218, 173, 206, 330, 334, 356, 250, 175, 366, 100, 264, 226, 352, 210, 259, 400, 114, 203, 137, 302, 389, 178, 249, 369, 229, 364, 315, 354, 399, 289, 120, 237, 182, 165, 151]"
diversity_off_nsga2,89,-106.66750758838312,21.102492411616897,60.732492411616896,"[91, 9, 88, 32, 44, 92, 78, 85, 90, 27, 36, 8, 65, 38, 10, 26, 15, 56, 63, 13, 72, 28, 19, 14, 50, 89, 61, 62, 45, 59, 69, 53, 64, 37, 24, 58, 5, 55, 82, 70, 51, 12, 7, 54, 84, 68, 52, 17, 31, 74, 20, 43, 30, 16, 34, 48, 75, 79, 4, 80, 21, 94, 11, 76, 23, 66, 86, 39, 2, 33, 29, 25, 35, 57, 1, 93, 42, 83, 60, 49, 41, 47, 87, 3, 18, 46, 73, 67, 6, 71, 81, 40, 22, 77]","[275, 151, 154, 248, 344, 323, 296, 221, 358, 274, 201, 219, 262, 374, 382, 299, 155, 363, 228, 347, 321, 212, 180, 171, 239, 257, 286, 117, 357, 244, 194, 301, 293, 282, 308, 123, 124, 224, 251, 375, 385, 341, 119, 254, 245, 240, 138, 113, 329, 187, 310, 361, 267, 339, 149, 143, 215, 284, 314, 290, 371, 114, 153, 166, 231, 199, 295, 177, 402, 376, 99, 328, 168, 279, 211, 392, 234, 335, 232, 386, 197, 373, 306, 384, 195, 266, 273, 253, 185, 209, 131, 378, 106, 161, 365, 336, 331, 104, 135, 398, 294, 145, 167, 263, 216, 109, 327, 271, 174, 377, 159, 108, 255, 313, 298, 370, 208, 157, 404, 191, 129, 362, 144, 388, 96, 120, 97, 394, 238, 269, 172, 213, 312, 176, 300, 337, 163, 125, 205, 246, 320, 141, 291, 107, 156, 184, 189, 139, 101, 130, 95, 223, 368, 98, 170, 230, 353, 265, 202, 181, 256, 338, 102, 183, 122, 332, 252, 110, 372, 150, 207, 397, 164, 200, 318, 235, 169, 140, 103, 340, 297, 317, 132, 367, 193, 247, 270, 160, 243, 158, 350, 220, 192, 395, 316, 105, 225, 204, 322, 307, 272, 214, 277, 148, 233, 360, 127, 288, 118, 405, 115, 403, 112, 242, 268, 133, 355, 349, 198, 196, 162, 186, 280, 379, 387, 152, 281, 116, 173, 330, 334, 356, 250, 100, 237, 400, 315, 137, 229, 364, 319, 226, 175, 369, 236, 396, 206, 136, 190, 325, 305, 260, 346, 218, 147, 276, 249, 264, 182, 203, 359, 289, 389, 302, 128, 366, 259, 210, 354, 333, 399, 352, 178, 165, 188, 390, 111, 261, 393, 348, 381, 304, 324, 343, 179, 326, 351, 287, 142, 391, 380, 303, 241, 222, 126, 311, 345, 146, 401, 285, 278, 342, 283, 134, 258, 227, 309, 121, 383, 217, 292]"
diversity_off_nsga2,90,-11.1649458,18.0550542,6.635054199999999,"[89, 33, 46, 83, 61, 56, 57, 1, 93, 10, 13, 44, 62, 92, 85, 70, 17, 54, 5, 50, 52, 69, 78, 64, 37, 24, 65, 55, 32, 84, 22, 14, 58, 8, 90, 26, 68, 12, 73, 40, 77, 45, 28, 88, 53, 27, 2, 11, 66, 31, 74, 20, 43, 30, 16, 34, 48, 75, 79, 4, 80, 21, 94, 63, 76, 23, 82, 86, 39, 71, 60, 72, 81, 3, 29, 18, 35, 67, 9, 19, 36, 59, 15, 38, 41, 47, 49, 6, 25, 7, 91, 87, 42, 51]","[314, 120, 202, 227, 248, 344, 323, 296, 221, 358, 274, 201, 219, 262, 374, 382, 299, 155, 363, 228, 347, 321, 180, 171, 222, 239, 257, 286, 117, 357, 244, 194, 301, 293, 282, 308, 305, 124, 224, 251, 225, 385, 341, 119, 254, 245, 240, 138, 113, 329, 187, 350, 361, 267, 339, 149, 143, 215, 284, 315, 290, 371, 114, 153, 166, 184, 130, 288, 311, 336, 334, 99, 162, 331, 167, 345, 203, 261, 386, 152, 398, 220, 172, 335, 338, 118, 403, 302, 195, 207, 173, 377, 351, 265, 260, 387, 349, 402, 346, 326, 142, 368, 112, 218, 107, 328, 237, 111, 370, 258, 283, 379, 268, 178, 396, 141, 360, 198, 277, 359, 259, 214, 355, 129, 96, 405, 304, 137, 234, 100, 151, 313, 125, 246, 393, 121, 116, 280, 333, 330, 391, 380, 325, 241, 300, 126, 276, 310, 186, 348, 399, 197, 378, 190, 289, 134, 381, 395, 127, 235, 236, 176, 209, 356, 366, 179, 376, 307, 354, 160, 210, 101, 291, 238, 364, 182, 165, 211, 271, 132, 131, 169, 150, 109, 250, 163, 213, 297, 312, 177, 365, 295, 281, 388, 367, 164, 148, 273, 161, 196, 401, 185, 394, 95, 342, 146, 193, 208, 108, 340, 140, 189, 320, 270, 243, 404, 372, 353, 192, 133, 255, 212, 156, 303, 144, 233, 384, 278, 272, 324, 136, 231, 275, 223, 147, 188, 309, 115, 279, 285, 390, 229, 343, 383, 217, 292, 247, 102, 183, 199, 122, 375, 232, 205, 332, 373, 252, 249, 110, 159, 400, 154, 316, 266, 253, 204, 327, 319, 287, 318, 226, 200, 106, 103, 175, 269, 104, 158, 135, 264, 256, 97, 105, 139, 397, 322, 98, 170, 230, 389, 317, 128, 306, 242, 294, 145, 168, 206, 392, 263, 216, 181, 174, 352, 337, 298, 123, 157, 369, 191, 362]"
diversity_off_nsga2,91,-7.02004425,12.05995575,3.9799557500000002,"[33, 13, 24, 69, 63, 2, 41, 80, 29, 71, 39, 58, 49, 40, 12, 4, 9, 19, 86, 77, 20, 83, 82, 16, 32, 37, 91, 78, 75, 64, 61, 93, 27, 73, 65, 59, 54, 72, 23, 8, 66, 5, 57, 60, 67, 26, 52, 92, 14, 42, 53, 7, 36, 74, 15, 76, 47, 34, 6, 89, 25, 17, 44, 90, 45, 18, 88, 50, 84, 51, 70, 35, 10, 28, 56, 81, 38, 11, 85, 79, 55, 48, 3, 22, 43, 31, 46, 30, 62, 87, 94, 21, 68, 1]","[281, 143, 232, 201, 174, 124, 290, 139, 369, 378, 104, 267, 402, 257, 327, 314, 199, 308, 275, 316, 252, 222, 165, 243, 228, 241, 258, 286, 367, 113, 284, 99, 337, 343, 237, 273, 144, 168, 375, 288, 224, 380, 354, 216, 149, 324, 320, 394, 245, 172, 230, 103, 159, 272, 254, 323, 270, 291, 282, 336, 274, 186, 376, 214, 347, 399, 115, 306, 388, 340, 196, 269, 259, 138, 109, 341, 405, 293, 249, 141, 97, 184, 234, 206, 397, 289, 229, 177, 296, 129, 167, 154, 191, 120, 271, 277, 384, 153, 278, 134, 213, 253, 195, 356, 207, 304, 266, 217, 377, 205, 268, 300, 332, 188, 238, 398, 176, 334, 160, 305, 212, 344, 248, 155, 335, 328, 126, 96, 244, 357, 116, 302, 106, 121, 312, 169, 368, 202, 303, 210, 219, 379, 352, 123, 170, 318, 307, 363, 203, 246, 374, 162, 209, 101, 279, 127, 262, 264, 361, 180, 171, 107, 315, 373, 351, 163, 360, 187, 355, 156, 295, 146, 382, 317, 348, 333, 100, 309, 148, 381, 233, 142, 276, 301, 190, 298, 292, 319, 321, 166, 135, 313, 403, 221, 119, 204, 325, 345, 118, 147, 322, 371, 283, 260, 255, 197, 362, 164, 387, 330, 189, 179, 136, 122, 310, 311, 198, 132, 256, 285, 400, 370, 349, 231, 392, 151, 236, 391, 181, 287, 396, 239, 194, 240, 223, 185, 227, 383, 250, 338, 137, 247, 218, 133, 297, 131, 226, 161, 102, 365, 175, 331, 110, 350, 105, 130, 200, 98, 404, 372, 389, 353, 395, 192, 265, 299, 152, 366, 242, 294, 95, 261, 183, 326, 220, 173, 235, 215, 339, 158, 263, 211, 193, 145, 208, 108, 111, 182, 140, 393, 329, 358, 125, 280, 386, 251, 390, 359, 401, 157, 117, 346, 150, 342, 114, 225, 364, 128, 112, 385, 178]"
diversity_off_nsga2,92,-84.55582440875,15.68417559125,52.04417559125,"[32, 44, 92, 78, 17, 85, 90, 68, 61, 27, 8, 58, 65, 73, 10, 26, 15, 56, 63, 50, 13, 72, 9, 19, 14, 59, 69, 53, 64, 37, 24, 36, 25, 55, 82, 70, 12, 81, 54, 5, 52, 62, 31, 74, 20, 43, 30, 16, 34, 84, 67, 6, 89, 71, 7, 40, 48, 75, 79, 4, 80, 21, 94, 11, 76, 22, 66, 86, 39, 2, 33, 29, 51, 35, 57, 1, 93, 42, 83, 60, 49, 41, 47, 87, 3, 18, 46, 38, 23, 77, 45, 28, 91, 88]","[107, 275, 151, 154, 248, 344, 323, 296, 221, 358, 274, 201, 219, 262, 374, 382, 299, 155, 363, 228, 347, 321, 212, 180, 171, 222, 239, 257, 286, 117, 357, 244, 194, 301, 293, 282, 308, 123, 124, 224, 251, 225, 385, 341, 119, 254, 245, 240, 138, 113, 329, 187, 310, 361, 267, 339, 149, 143, 215, 284, 314, 290, 371, 114, 153, 166, 231, 199, 295, 177, 402, 376, 99, 328, 168, 279, 211, 392, 234, 335, 232, 386, 197, 373, 306, 384, 195, 139, 101, 368, 223, 134, 288, 298, 397, 204, 331, 97, 327, 235, 292, 209, 230, 105, 214, 258, 110, 253, 365, 395, 362, 318, 265, 336, 196, 378, 121, 375, 216, 266, 283, 227, 157, 102, 172, 129, 104, 377, 316, 269, 238, 256, 271, 132, 131, 169, 150, 109, 159, 213, 350, 297, 103, 388, 367, 164, 148, 273, 161, 252, 185, 394, 95, 342, 193, 208, 108, 340, 140, 189, 130, 270, 243, 404, 372, 353, 332, 192, 202, 255, 144, 233, 272, 398, 167, 317, 122, 135, 158, 207, 183, 322, 294, 217, 98, 220, 170, 160, 247, 145, 156, 309, 277, 360, 370, 191, 181, 174, 96, 176, 184, 106, 307, 127, 313, 383, 263, 200, 312, 118, 405, 115, 403, 112, 242, 268, 133, 355, 349, 198, 338, 162, 186, 280, 379, 387, 152, 281, 116, 173, 330, 334, 356, 250, 100, 237, 400, 315, 137, 229, 364, 319, 226, 175, 369, 236, 396, 206, 136, 190, 325, 305, 260, 346, 218, 147, 276, 249, 264, 182, 203, 359, 289, 389, 302, 128, 366, 259, 210, 354, 333, 399, 352, 178, 165, 120, 188, 390, 111, 261, 393, 348, 381, 304, 324, 343, 179, 326, 351, 287, 142, 391, 380, 303, 241, 300, 126, 311, 345, 146, 401, 285, 278, 337, 163, 125, 205, 246, 320, 141, 291]"
diversity_off_nsga2,93,-32.423108000000006,11.486891999999997,14.376892,"[50, 7, 24, 45, 28, 84, 32, 94, 78, 57, 22, 77, 46, 17, 85, 90, 51, 19, 61, 27, 36, 8, 65, 59, 10, 72, 92, 63, 39, 26, 53, 64, 37, 58, 25, 55, 82, 70, 86, 12, 93, 54, 5, 52, 62, 20, 43, 30, 16, 31, 74, 34, 48, 75, 79, 4, 80, 21, 15, 56, 13, 33, 47, 60, 87, 3, 6, 81, 40, 2, 83, 49, 69, 89, 35, 67, 44, 38, 11, 76, 14, 18, 42, 73, 88, 9, 91, 68, 23, 41, 29, 71, 1, 66]","[391, 96, 109, 271, 224, 396, 373, 206, 248, 390, 195, 136, 190, 134, 288, 325, 305, 204, 327, 260, 235, 215, 346, 292, 209, 218, 147, 214, 276, 258, 253, 99, 365, 118, 226, 352, 356, 171, 210, 363, 141, 259, 345, 180, 392, 291, 362, 348, 249, 331, 344, 158, 183, 335, 135, 264, 182, 97, 220, 398, 349, 140, 105, 189, 203, 101, 289, 139, 130, 270, 95, 397, 223, 368, 322, 232, 98, 404, 277, 230, 372, 389, 353, 395, 332, 302, 192, 296, 262, 374, 382, 299, 317, 128, 366, 306, 242, 294, 145, 167, 113, 329, 384, 168, 311, 211, 354, 138, 119, 234, 263, 333, 155, 202, 221, 255, 228, 274, 313, 212, 298, 222, 257, 181, 197, 243, 174, 310, 254, 286, 399, 108, 347, 377, 159, 321, 178, 151, 239, 117, 357, 244, 194, 301, 293, 282, 370, 308, 123, 124, 208, 267, 245, 157, 191, 187, 129, 144, 165, 314, 388, 290, 240, 116, 361, 205, 121, 339, 280, 143, 179, 107, 100, 284, 122, 328, 309, 268, 359, 175, 173, 201, 401, 115, 400, 380, 196, 154, 163, 279, 133, 131, 112, 252, 137, 323, 250, 241, 126, 146, 285, 278, 337, 125, 246, 320, 273, 186, 379, 184, 207, 360, 160, 127, 342, 283, 150, 341, 307, 378, 148, 275, 383, 217, 385, 247, 316, 266, 251, 319, 350, 358, 106, 161, 102, 219, 336, 104, 256, 216, 110, 170, 237, 152, 176, 315, 185, 149, 364, 326, 338, 272, 369, 371, 114, 166, 231, 375, 394, 376, 198, 172, 213, 111, 261, 393, 381, 304, 324, 343, 351, 188, 403, 334, 153, 269, 281, 164, 200, 318, 229, 300, 238, 355, 287, 120, 402, 169, 199, 236, 177, 142, 103, 340, 297, 330, 162, 295, 132, 367, 193, 405, 386, 227, 225, 387, 265, 312, 156, 303, 233]"
diversity_off_nsga2,94,-31.650179763333334,8.899820236666667,18.349820236666663,"[32, 61, 8, 59, 10, 26, 56, 13, 69, 14, 88, 41, 82, 92, 38, 21, 31, 46, 85, 78, 76, 64, 44, 24, 58, 25, 50, 75, 12, 7, 54, 5, 68, 52, 62, 74, 43, 30, 89, 16, 34, 86, 36, 80, 55, 94, 11, 60, 73, 42, 6, 45, 71, 66, 4, 23, 39, 2, 33, 29, 84, 35, 57, 70, 83, 77, 87, 1, 93, 48, 49, 47, 3, 18, 91, 67, 81, 40, 28, 72, 27, 37, 65, 51, 63, 17, 53, 9, 20, 19, 79, 90, 15, 22]","[389, 353, 332, 192, 262, 394, 221, 317, 128, 306, 242, 145, 373, 329, 392, 263, 181, 174, 254, 352, 159, 347, 274, 298, 357, 194, 123, 157, 388, 290, 146, 184, 311, 148, 336, 171, 401, 334, 281, 384, 167, 345, 203, 196, 312, 152, 305, 248, 110, 403, 377, 351, 387, 143, 346, 361, 156, 112, 119, 107, 239, 328, 163, 212, 178, 396, 233, 360, 198, 359, 214, 232, 355, 129, 304, 137, 106, 161, 342, 208, 210, 231, 393, 211, 136, 390, 318, 296, 330, 333, 147, 381, 182, 365, 201, 225, 383, 364, 369, 397, 253, 378, 104, 267, 111, 402, 257, 250, 102, 109, 291, 327, 120, 344, 188, 314, 229, 199, 247, 268, 154, 308, 275, 326, 363, 103, 294, 271, 173, 316, 259, 215, 386, 222, 165, 303, 218, 219, 243, 356, 95, 228, 241, 323, 258, 399, 286, 367, 113, 284, 99, 337, 162, 343, 127, 297, 237, 133, 273, 134, 282, 138, 144, 168, 293, 335, 121, 153, 140, 379, 375, 288, 224, 193, 307, 380, 244, 289, 216, 349, 179, 395, 125, 205, 166, 321, 391, 374, 176, 260, 101, 235, 100, 315, 313, 180, 261, 249, 299, 142, 195, 269, 287, 371, 132, 131, 169, 301, 187, 320, 96, 255, 300, 325, 151, 283, 309, 204, 172, 185, 149, 245, 398, 265, 324, 372, 155, 277, 370, 108, 310, 405, 302, 234, 209, 220, 236, 207, 116, 141, 338, 382, 272, 213, 331, 341, 278, 368, 202, 197, 158, 240, 227, 200, 177, 295, 362, 191, 226, 164, 348, 118, 252, 190, 135, 206, 354, 358, 117, 251, 126, 376, 114, 339, 366, 223, 292, 340, 160, 238, 122, 124, 280, 276, 175, 115, 400, 279, 285, 246, 186, 150, 217, 385, 266, 319, 350, 183, 264, 256, 97, 105, 189, 139, 130, 270, 322, 98, 404, 170, 230]"
diversity_off_nsga2,95,-70.3999027962351,13.480097203764904,44.30009720376491,"[32, 44, 92, 78, 17, 85, 90, 68, 61, 27, 36, 8, 51, 54, 62, 65, 72, 73, 10, 26, 15, 56, 63, 50, 13, 9, 19, 14, 59, 69, 53, 64, 37, 24, 58, 25, 55, 82, 70, 84, 12, 7, 28, 5, 35, 31, 74, 20, 43, 30, 16, 34, 48, 75, 79, 4, 80, 21, 94, 11, 76, 23, 66, 29, 39, 2, 33, 86, 52, 57, 1, 93, 42, 83, 60, 49, 41, 47, 87, 3, 18, 46, 38, 67, 6, 89, 71, 81, 40, 45, 77, 91, 22, 88]","[275, 151, 154, 344, 323, 296, 221, 358, 274, 201, 299, 209, 219, 262, 374, 382, 248, 155, 363, 228, 388, 321, 395, 180, 171, 222, 239, 257, 286, 117, 357, 244, 194, 301, 293, 282, 308, 123, 124, 213, 251, 225, 385, 341, 119, 254, 245, 240, 138, 113, 329, 187, 350, 361, 267, 339, 149, 143, 337, 284, 315, 290, 371, 114, 153, 327, 231, 199, 295, 177, 402, 376, 99, 328, 168, 279, 211, 392, 234, 335, 232, 386, 197, 373, 306, 384, 195, 139, 101, 368, 223, 134, 288, 298, 397, 204, 331, 97, 166, 235, 292, 230, 105, 214, 258, 110, 253, 365, 212, 362, 318, 265, 336, 338, 378, 121, 309, 216, 266, 283, 227, 157, 102, 172, 129, 104, 377, 316, 269, 238, 256, 271, 132, 131, 169, 150, 109, 159, 224, 310, 297, 103, 347, 367, 164, 148, 273, 161, 252, 185, 394, 95, 342, 193, 208, 108, 340, 140, 189, 130, 270, 243, 404, 372, 353, 332, 192, 202, 255, 144, 233, 272, 398, 167, 317, 122, 135, 158, 207, 183, 322, 294, 217, 98, 220, 170, 160, 247, 145, 242, 375, 277, 360, 370, 191, 181, 174, 96, 176, 184, 106, 307, 127, 313, 383, 263, 200, 312, 118, 405, 115, 403, 188, 390, 111, 261, 393, 348, 381, 304, 147, 190, 333, 107, 260, 343, 305, 179, 326, 396, 136, 351, 287, 142, 391, 380, 303, 325, 241, 300, 126, 276, 311, 345, 146, 401, 285, 278, 215, 163, 125, 205, 246, 320, 346, 141, 291, 324, 112, 156, 268, 133, 355, 236, 359, 198, 196, 349, 162, 186, 280, 379, 387, 152, 281, 116, 218, 173, 206, 330, 334, 356, 250, 175, 366, 100, 264, 226, 352, 210, 259, 400, 128, 203, 137, 302, 389, 178, 249, 369, 229, 364, 314, 354, 399, 289, 120, 237, 182, 165, 319]"
diversity_off_nsga2,96,-82.04599005370277,24.244009946297222,46.45400994629723,"[17, 85, 90, 68, 61, 29, 36, 8, 65, 73, 10, 26, 15, 56, 63, 50, 13, 92, 37, 54, 9, 19, 31, 59, 69, 53, 64, 24, 58, 25, 55, 82, 89, 71, 81, 40, 45, 77, 91, 22, 70, 84, 12, 7, 28, 5, 52, 62, 14, 74, 20, 43, 30, 16, 34, 48, 75, 79, 4, 80, 21, 94, 11, 76, 23, 66, 86, 39, 2, 33, 27, 51, 35, 57, 1, 93, 42, 83, 60, 49, 41, 47, 87, 3, 18, 46, 38, 67, 6, 88, 32, 44, 72, 78]","[275, 151, 154, 248, 344, 323, 296, 221, 358, 274, 201, 219, 262, 374, 382, 299, 155, 363, 228, 347, 321, 212, 180, 377, 222, 239, 257, 286, 117, 357, 244, 194, 301, 293, 282, 308, 123, 124, 224, 251, 225, 385, 341, 119, 254, 245, 240, 138, 113, 291, 187, 310, 361, 267, 339, 149, 143, 215, 284, 314, 290, 371, 114, 153, 166, 231, 199, 295, 177, 402, 376, 99, 328, 168, 279, 211, 392, 234, 335, 232, 386, 197, 373, 306, 384, 346, 139, 101, 368, 223, 134, 288, 298, 397, 204, 331, 97, 327, 235, 292, 209, 230, 105, 214, 258, 110, 253, 365, 107, 362, 318, 265, 336, 338, 378, 121, 375, 216, 266, 283, 227, 157, 102, 172, 129, 104, 171, 316, 269, 238, 256, 271, 132, 169, 150, 109, 159, 213, 350, 297, 103, 343, 367, 164, 148, 273, 396, 252, 185, 394, 95, 342, 193, 208, 108, 340, 189, 130, 270, 243, 404, 372, 353, 332, 192, 202, 255, 144, 233, 272, 398, 167, 317, 122, 135, 158, 207, 183, 322, 294, 217, 98, 220, 170, 160, 247, 145, 242, 309, 277, 360, 370, 191, 181, 174, 96, 176, 184, 106, 307, 127, 313, 383, 263, 200, 312, 118, 405, 115, 403, 188, 390, 111, 261, 393, 348, 381, 304, 147, 190, 333, 324, 260, 388, 305, 179, 326, 161, 136, 351, 287, 142, 391, 380, 303, 325, 241, 300, 126, 276, 311, 345, 146, 401, 278, 337, 163, 125, 205, 246, 320, 195, 141, 329, 395, 112, 156, 268, 133, 355, 236, 359, 198, 196, 349, 162, 186, 280, 379, 387, 152, 281, 116, 218, 173, 206, 330, 334, 356, 250, 175, 100, 264, 226, 352, 210, 259, 400, 128, 203, 137, 302, 389, 178, 249, 369, 229, 364, 354, 399, 289, 120, 237, 182, 165, 366, 315, 131, 140, 319, 285]"
diversity_off_nsga2,97,-108.33595507930805,29.724044920691952,75.96404492069196,"[77, 91, 22, 88, 32, 44, 92, 78, 17, 85, 18, 68, 61, 27, 36, 62, 65, 54, 73, 10, 26, 87, 56, 63, 50, 29, 60, 72, 9, 70, 14, 59, 69, 53, 64, 37, 24, 58, 25, 55, 82, 19, 84, 12, 7, 28, 5, 52, 71, 31, 74, 20, 4, 30, 16, 34, 48, 75, 79, 43, 80, 21, 94, 11, 15, 23, 66, 51, 39, 2, 33, 86, 35, 57, 1, 93, 42, 83, 13, 49, 41, 47, 76, 3, 90, 46, 38, 67, 6, 89, 8, 81, 40, 45]","[151, 154, 248, 344, 323, 221, 358, 274, 201, 219, 262, 374, 382, 299, 155, 363, 228, 347, 321, 395, 180, 171, 222, 239, 257, 286, 117, 357, 244, 194, 301, 240, 282, 123, 124, 224, 251, 225, 385, 341, 119, 254, 245, 293, 138, 113, 329, 187, 350, 361, 267, 339, 149, 143, 308, 226, 296, 215, 284, 315, 290, 371, 114, 153, 166, 231, 199, 295, 177, 402, 376, 99, 328, 168, 279, 211, 392, 234, 335, 232, 386, 197, 233, 306, 384, 195, 139, 101, 223, 134, 288, 298, 397, 204, 331, 97, 327, 235, 292, 209, 230, 105, 214, 258, 110, 253, 365, 212, 362, 318, 265, 336, 338, 378, 121, 375, 216, 266, 283, 227, 157, 102, 172, 129, 104, 377, 316, 269, 238, 256, 271, 132, 131, 169, 150, 109, 159, 213, 310, 297, 103, 388, 367, 164, 148, 273, 161, 252, 185, 394, 95, 342, 193, 208, 108, 340, 140, 189, 130, 270, 243, 404, 372, 353, 332, 192, 202, 255, 144, 373, 272, 398, 167, 317, 122, 135, 158, 207, 183, 322, 294, 217, 98, 278, 170, 160, 247, 145, 242, 309, 277, 360, 370, 191, 181, 174, 162, 176, 184, 106, 307, 127, 313, 383, 263, 200, 312, 118, 405, 115, 368, 285, 403, 188, 390, 111, 261, 393, 348, 381, 304, 147, 190, 333, 324, 260, 343, 305, 179, 326, 396, 136, 351, 287, 142, 391, 380, 303, 325, 241, 300, 126, 276, 311, 345, 146, 401, 220, 337, 163, 125, 205, 246, 320, 346, 141, 291, 107, 112, 156, 268, 133, 355, 236, 359, 198, 196, 349, 96, 186, 280, 379, 387, 152, 281, 116, 218, 173, 206, 330, 334, 356, 250, 175, 366, 100, 264, 352, 210, 259, 400, 128, 203, 137, 302, 389, 178, 249, 369, 229, 364, 314, 354, 399, 289, 120, 237, 182, 165, 319, 275]"
diversity_off_nsga2,98,-48.9,11.880000000000003,22.7,"[33, 55, 14, 71, 85, 12, 13, 36, 80, 27, 52, 54, 82, 8, 61, 20, 59, 31, 4, 77, 15, 51, 70, 45, 5, 72, 56, 78, 69, 28, 90, 37, 17, 7, 25, 19, 53, 10, 24, 64, 63, 86, 34, 21, 94, 11, 39, 29, 89, 22, 68, 26, 43, 62, 58, 48, 2, 30, 23, 79, 66, 92, 76, 73, 40, 74, 16, 65, 75, 84, 81, 9, 35, 57, 1, 93, 42, 83, 60, 49, 41, 47, 87, 3, 18, 46, 38, 67, 6, 88, 32, 44, 91, 50]","[275, 151, 154, 248, 344, 323, 296, 221, 358, 274, 201, 219, 262, 374, 382, 299, 155, 363, 228, 347, 321, 212, 180, 377, 222, 239, 257, 286, 117, 357, 244, 194, 301, 293, 282, 308, 123, 124, 224, 251, 225, 385, 341, 119, 254, 245, 240, 138, 113, 291, 187, 310, 361, 267, 339, 149, 143, 215, 284, 314, 290, 371, 114, 153, 166, 231, 199, 295, 177, 402, 376, 99, 328, 168, 279, 211, 392, 234, 335, 232, 386, 197, 373, 306, 384, 346, 139, 101, 368, 223, 134, 288, 298, 397, 204, 331, 97, 327, 235, 292, 209, 230, 105, 214, 258, 110, 253, 365, 107, 362, 318, 265, 336, 338, 378, 121, 375, 216, 266, 283, 227, 157, 102, 172, 129, 104, 171, 316, 269, 238, 256, 271, 132, 169, 150, 109, 159, 213, 350, 297, 103, 343, 367, 164, 148, 273, 396, 252, 185, 394, 95, 342, 193, 208, 108, 340, 189, 130, 270, 243, 404, 372, 353, 332, 192, 202, 255, 144, 233, 272, 398, 167, 317, 122, 135, 158, 207, 183, 285, 278, 337, 163, 246, 320, 268, 198, 196, 349, 186, 400, 379, 184, 116, 360, 127, 309, 383, 319, 131, 226, 161, 352, 200, 165, 136, 203, 170, 241, 366, 173, 263, 303, 181, 287, 348, 146, 260, 324, 390, 370, 388, 259, 249, 141, 206, 289, 229, 98, 359, 356, 326, 304, 217, 205, 300, 152, 188, 176, 334, 160, 305, 294, 96, 354, 302, 106, 315, 142, 195, 311, 281, 369, 174, 156, 175, 210, 380, 403, 250, 389, 364, 237, 128, 277, 147, 247, 145, 220, 137, 133, 325, 395, 264, 355, 120, 399, 236, 218, 329, 140, 330, 162, 333, 182, 405, 387, 391, 313, 178, 312, 401, 351, 280, 191, 381, 322, 190, 112, 100, 307, 125, 111, 118, 115, 261, 393, 179, 242, 126, 276, 345]"
diversity_off_nsga2,99,-48.9,11.880000000000003,22.7,"[33, 55, 14, 71, 85, 12, 13, 36, 80, 27, 52, 54, 82, 8, 61, 20, 59, 31, 4, 77, 15, 51, 70, 45, 5, 72, 56, 78, 69, 28, 90, 37, 17, 7, 25, 19, 53, 10, 24, 64, 63, 86, 34, 21, 94, 11, 39, 29, 89, 79, 68, 26, 43, 62, 58, 48, 2, 30, 23, 22, 66, 92, 76, 73, 40, 74, 16, 65, 75, 84, 81, 9, 35, 57, 1, 93, 42, 83, 60, 49, 41, 47, 87, 3, 18, 46, 38, 67, 6, 88, 32, 44, 91, 50]","[275, 151, 154, 248, 344, 323, 296, 221, 358, 274, 201, 219, 262, 374, 382, 299, 155, 363, 228, 113, 321, 212, 180, 377, 222, 239, 257, 286, 117, 357, 244, 194, 301, 293, 282, 308, 123, 124, 224, 251, 225, 385, 341, 119, 254, 245, 240, 138, 110, 291, 187, 310, 361, 267, 339, 149, 143, 215, 284, 314, 290, 371, 114, 153, 166, 231, 199, 295, 177, 402, 376, 99, 328, 168, 279, 211, 392, 234, 335, 232, 386, 197, 373, 306, 384, 346, 139, 101, 368, 223, 134, 288, 298, 397, 204, 331, 97, 327, 235, 292, 209, 230, 105, 214, 258, 347, 253, 365, 107, 362, 318, 265, 336, 338, 256, 121, 375, 216, 266, 283, 227, 157, 102, 172, 129, 104, 171, 316, 269, 238, 378, 271, 132, 169, 150, 109, 159, 213, 350, 297, 103, 343, 367, 164, 148, 273, 396, 252, 185, 394, 95, 342, 193, 208, 108, 340, 189, 130, 270, 243, 404, 372, 353, 332, 192, 202, 255, 144, 233, 272, 398, 167, 317, 122, 135, 158, 207, 183, 285, 278, 337, 163, 246, 320, 268, 198, 196, 349, 186, 400, 379, 184, 116, 360, 127, 309, 383, 319, 131, 226, 161, 352, 200, 165, 136, 203, 170, 241, 366, 173, 263, 303, 181, 287, 348, 146, 260, 324, 390, 370, 388, 259, 249, 141, 206, 289, 229, 98, 359, 356, 326, 304, 217, 205, 300, 152, 188, 176, 334, 160, 305, 294, 96, 354, 302, 106, 315, 142, 195, 311, 281, 369, 174, 156, 175, 210, 380, 403, 250, 389, 364, 237, 128, 277, 147, 247, 145, 220, 137, 133, 325, 395, 264, 355, 120, 399, 236, 218, 329, 140, 330, 162, 333, 182, 405, 387, 391, 313, 178, 312, 401, 351, 280, 191, 381, 322, 190, 112, 100, 307, 125, 111, 118, 115, 261, 393, 179, 242, 126, 276, 345]"
