experiment,solution_id,obj_1,obj_2,obj_3,breakfast_ids,lunch_ids
diversity_on_nsga2,0,-23.756328,5.743672000000001,29.143672,"[43, 60, 7, 83, 71, 8, 48, 30, 50, 66, 75, 16, 29, 12, 32, 53, 11, 15, 19, 36, 38, 82, 3, 65, 90, 26, 45, 89, 42, 25, 6, 92, 58, 14, 10, 41, 1, 24, 18, 52, 85, 79, 44, 20, 78, 4, 2, 94, 46, 39, 40, 54, 34, 59, 56, 23, 73, 64, 55, 51, 80, 70, 37, 81, 62, 28, 88, 67, 47, 35, 5, 84, 31, 9, 91, 68, 77, 22, 17, 72, 93, 13, 21, 87, 76, 74, 27, 69, 49, 86, 33, 57, 63, 61]","[310, 402, 304, 380, 155, 98, 312, 351, 274, 289, 151, 282, 152, 130, 359, 368, 275, 108, 277, 343, 377, 188, 291, 221, 179, 112, 211, 175, 354, 338, 245, 297, 346, 278, 335, 238, 140, 349, 185, 167, 271, 394, 323, 113, 357, 156, 95, 198, 285, 241, 266, 234, 316, 283, 363, 320, 172, 257, 127, 193, 125, 371, 350, 119, 249, 356, 315, 199, 166, 217, 200, 360, 183, 403, 336, 239, 296, 225, 147, 290, 103, 184, 181, 114, 210, 381, 141, 333, 366, 171, 390, 284, 261, 100, 102, 205, 376, 276, 301, 237, 201, 243, 389, 154, 208, 110, 164, 303, 302, 287, 148, 196, 388, 177, 327, 268, 157, 227, 117, 258, 121, 259, 224, 374, 405, 191, 203, 153, 142, 264, 251, 197, 244, 314, 345, 180, 325, 216, 116, 396, 317, 293, 255, 306, 96, 263, 328, 106, 286, 321, 373, 212, 300, 375, 250, 324, 313, 213, 169, 299, 223, 267, 298, 367, 260, 233, 329, 265, 364, 229, 178, 134, 246, 165, 272, 158, 340, 395, 358, 308, 124, 189, 133, 101, 128, 311, 176, 347, 248, 123, 222, 131, 162, 202, 139, 118, 120, 342, 195, 170, 144, 137, 280, 365, 341, 146, 230, 361, 326, 207, 292, 353, 348, 232, 160, 194, 305, 393, 330, 192, 401, 235, 399, 392, 219, 220, 209, 145, 226, 136, 252, 352, 231, 215, 307, 126, 270, 104, 111, 362, 294, 372, 382, 247, 159, 391, 214, 173, 135, 369, 150, 138, 281, 253, 109, 228, 295, 254, 122, 273, 322, 370, 355, 149, 186, 105, 332, 163, 97, 386, 318, 236, 309, 99, 331, 334, 404, 218, 397, 339, 182, 190, 256, 385, 168, 206, 262, 400, 384, 279, 242, 269, 344, 337, 378, 319, 187, 379, 240, 174, 398, 115, 288, 129, 161, 383, 387, 107, 143, 204, 132]"
diversity_on_nsga2,1,-11.696933999999999,9.493066,4.303065999999999,"[33, 9, 65, 79, 52, 18, 49, 31, 25, 36, 66, 87, 93, 84, 68, 50, 13, 11, 74, 4, 26, 94, 10, 69, 32, 7, 43, 21, 80, 39, 61, 2, 56, 76, 40, 54, 82, 58, 24, 41, 29, 51, 5, 92, 19, 37, 62, 53, 88, 67, 35, 63, 8, 34, 47, 75, 89, 57, 85, 60, 45, 73, 55, 30, 44, 70, 71, 27, 64, 22, 59, 23, 42, 20, 48, 81, 14, 90, 83, 15, 12, 16, 3, 46, 28, 38, 72, 17, 1, 77, 86, 91, 6, 78]","[243, 173, 183, 185, 117, 388, 149, 193, 286, 165, 287, 156, 178, 383, 348, 265, 204, 300, 154, 350, 132, 224, 258, 310, 181, 380, 285, 283, 177, 106, 103, 153, 184, 261, 114, 164, 182, 180, 100, 148, 313, 363, 212, 256, 101, 166, 248, 200, 123, 390, 162, 241, 396, 365, 375, 147, 267, 237, 155, 340, 293, 294, 281, 233, 214, 199, 196, 394, 298, 379, 187, 385, 168, 226, 126, 170, 288, 108, 137, 295, 319, 259, 358, 344, 232, 327, 227, 405, 311, 138, 203, 341, 392, 161, 362, 268, 136, 299, 176, 395, 347, 222, 131, 202, 158, 118, 120, 342, 195, 272, 280, 361, 326, 207, 387, 305, 330, 192, 401, 235, 399, 145, 252, 352, 231, 307, 104, 279, 382, 159, 391, 228, 254, 122, 186, 163, 318, 99, 397, 190, 269, 262, 384, 242, 98, 351, 328, 289, 151, 152, 364, 112, 175, 278, 308, 335, 297, 188, 398, 304, 402, 354, 143, 367, 275, 346, 282, 245, 133, 229, 129, 338, 240, 291, 146, 329, 332, 337, 324, 211, 312, 142, 219, 264, 377, 251, 194, 244, 314, 221, 381, 320, 345, 393, 325, 130, 301, 276, 296, 389, 189, 284, 111, 317, 107, 95, 209, 255, 359, 306, 96, 246, 160, 115, 274, 119, 113, 236, 373, 331, 323, 339, 378, 343, 206, 220, 368, 140, 357, 134, 234, 316, 249, 217, 403, 171, 302, 157, 374, 197, 216, 116, 124, 205, 223, 334, 139, 273, 141, 238, 322, 355, 260, 105, 144, 128, 333, 125, 253, 369, 239, 247, 315, 353, 400, 97, 356, 218, 366, 271, 292, 270, 174, 215, 277, 198, 266, 201, 349, 210, 110, 336, 290, 127, 102, 371, 263, 376, 191, 208, 250, 257, 303, 121, 225, 213, 167, 135, 309, 321, 372, 370, 179, 172, 150, 404, 169, 230, 360, 109, 386]"
diversity_on_nsga2,2,-112.76396156498951,36.8360384350105,89.13603843501052,"[9, 91, 92, 68, 77, 22, 10, 1, 17, 71, 75, 93, 79, 72, 13, 83, 16, 21, 3, 43, 7, 87, 24, 41, 29, 76, 15, 74, 12, 66, 27, 69, 49, 25, 52, 86, 33, 57, 63, 32, 60, 53, 61, 8, 42, 4, 50, 2, 94, 14, 11, 19, 46, 39, 38, 48, 40, 54, 89, 85, 82, 58, 34, 78, 59, 45, 56, 23, 73, 64, 55, 51, 80, 30, 70, 37, 81, 62, 28, 88, 67, 47, 35, 5, 6, 65, 84, 90, 31, 44, 36, 20, 18, 26]","[129, 161, 233, 383, 348, 107, 143, 367, 204, 132, 310, 133, 402, 304, 380, 155, 98, 312, 351, 274, 289, 151, 282, 259, 152, 130, 359, 212, 275, 108, 277, 343, 377, 188, 291, 221, 179, 364, 112, 189, 211, 229, 175, 354, 338, 245, 297, 346, 278, 308, 335, 238, 140, 349, 185, 167, 271, 394, 323, 113, 357, 156, 95, 198, 285, 241, 266, 134, 234, 316, 283, 363, 320, 172, 257, 127, 193, 125, 371, 350, 119, 249, 356, 315, 199, 166, 217, 200, 360, 183, 403, 336, 239, 296, 225, 147, 290, 103, 184, 181, 114, 210, 381, 141, 333, 366, 101, 171, 390, 284, 261, 100, 102, 205, 376, 276, 301, 237, 201, 243, 389, 154, 208, 110, 164, 303, 302, 287, 148, 196, 388, 265, 177, 327, 268, 157, 227, 117, 258, 121, 165, 224, 374, 405, 191, 203, 153, 142, 264, 251, 197, 244, 314, 345, 180, 325, 178, 216, 116, 396, 317, 293, 255, 306, 96, 263, 328, 106, 124, 286, 329, 321, 373, 368, 300, 375, 250, 324, 313, 213, 169, 299, 223, 128, 267, 298, 176, 395, 347, 248, 123, 222, 131, 162, 202, 158, 139, 118, 120, 342, 195, 170, 272, 144, 137, 280, 365, 341, 146, 230, 361, 326, 207, 292, 353, 387, 232, 160, 194, 305, 393, 330, 192, 401, 235, 399, 392, 219, 220, 209, 145, 226, 136, 252, 352, 231, 215, 358, 307, 126, 270, 340, 104, 111, 362, 294, 246, 372, 382, 247, 159, 391, 214, 173, 135, 369, 150, 138, 281, 253, 109, 228, 295, 254, 122, 273, 322, 370, 355, 149, 260, 186, 105, 332, 163, 97, 386, 318, 236, 309, 99, 331, 334, 404, 218, 397, 339, 182, 190, 256, 385, 168, 311, 206, 262, 400, 384, 279, 242, 269, 344, 337, 378, 319, 187, 379, 240, 174, 398, 115, 288]"
diversity_on_nsga2,3,-112.76396156498951,36.8360384350105,89.13603843501052,"[9, 91, 92, 68, 77, 22, 10, 1, 17, 71, 75, 93, 34, 72, 78, 83, 16, 21, 3, 43, 7, 87, 24, 41, 70, 76, 19, 74, 12, 66, 27, 69, 49, 25, 52, 86, 33, 57, 63, 50, 60, 53, 61, 8, 42, 4, 36, 2, 94, 14, 11, 15, 46, 39, 38, 48, 40, 54, 89, 85, 82, 58, 35, 13, 59, 45, 56, 23, 73, 64, 55, 51, 80, 30, 29, 37, 81, 62, 28, 88, 67, 47, 79, 5, 6, 65, 84, 90, 31, 44, 32, 20, 18, 26]","[129, 161, 233, 383, 348, 107, 143, 367, 204, 132, 310, 133, 402, 304, 380, 155, 98, 312, 351, 274, 289, 140, 282, 259, 152, 130, 359, 212, 275, 108, 277, 343, 377, 188, 291, 221, 179, 364, 112, 189, 211, 229, 175, 354, 338, 245, 297, 346, 278, 308, 335, 238, 151, 349, 185, 167, 271, 394, 323, 113, 357, 156, 95, 198, 285, 241, 266, 134, 234, 316, 283, 363, 320, 172, 257, 127, 193, 125, 371, 350, 119, 249, 356, 315, 199, 166, 217, 200, 360, 183, 403, 336, 239, 296, 225, 147, 290, 103, 184, 181, 114, 210, 381, 141, 333, 366, 101, 171, 390, 284, 261, 100, 102, 205, 376, 276, 301, 237, 201, 243, 389, 154, 208, 110, 164, 303, 194, 287, 148, 196, 388, 265, 177, 327, 268, 157, 227, 117, 258, 121, 165, 224, 374, 405, 191, 203, 153, 142, 264, 251, 197, 244, 314, 345, 180, 325, 178, 216, 116, 396, 317, 293, 255, 306, 96, 263, 328, 106, 124, 286, 329, 321, 373, 368, 300, 375, 250, 324, 313, 213, 169, 299, 223, 128, 267, 298, 176, 395, 347, 248, 123, 222, 131, 162, 202, 158, 391, 118, 120, 342, 195, 170, 272, 144, 137, 280, 365, 341, 146, 230, 361, 326, 207, 292, 353, 387, 232, 160, 302, 305, 393, 330, 192, 401, 235, 399, 392, 219, 220, 209, 145, 226, 136, 252, 352, 231, 215, 358, 307, 126, 270, 340, 104, 111, 362, 294, 246, 372, 382, 247, 159, 139, 214, 173, 135, 369, 150, 138, 281, 253, 109, 228, 295, 254, 122, 273, 322, 370, 355, 149, 260, 186, 105, 332, 163, 97, 386, 318, 236, 309, 99, 331, 334, 404, 218, 397, 339, 182, 190, 256, 385, 168, 311, 206, 262, 400, 384, 279, 242, 269, 344, 337, 378, 319, 187, 379, 240, 174, 398, 115, 288]"
diversity_on_nsga2,4,2.5278569784626237,9.337856978462623,8.727856978462624,"[49, 74, 53, 6, 37, 66, 75, 72, 88, 7, 16, 87, 83, 93, 82, 67, 62, 21, 3, 43, 27, 84, 12, 78, 19, 56, 68, 69, 32, 5, 11, 61, 63, 8, 89, 60, 42, 1, 55, 70, 24, 59, 65, 41, 51, 58, 28, 52, 76, 71, 14, 33, 39, 18, 9, 48, 40, 77, 23, 10, 79, 50, 80, 2, 17, 86, 44, 47, 57, 30, 22, 64, 45, 73, 29, 92, 26, 4, 46, 35, 90, 31, 25, 81, 15, 36, 94, 54, 91, 13, 34, 38, 85, 20]","[126, 348, 288, 298, 228, 129, 269, 125, 145, 299, 294, 341, 307, 349, 231, 115, 365, 397, 226, 316, 357, 318, 143, 148, 196, 193, 140, 293, 199, 375, 100, 185, 119, 147, 394, 327, 367, 99, 141, 358, 227, 190, 323, 405, 214, 156, 203, 166, 163, 320, 180, 186, 116, 235, 317, 107, 212, 168, 315, 313, 363, 383, 310, 223, 267, 136, 254, 113, 176, 395, 347, 200, 233, 123, 222, 131, 241, 158, 120, 396, 342, 195, 361, 326, 379, 385, 198, 266, 127, 165, 161, 285, 159, 101, 155, 362, 401, 368, 300, 252, 95, 337, 234, 303, 271, 167, 164, 224, 240, 344, 162, 371, 399, 311, 138, 281, 391, 170, 330, 340, 350, 262, 384, 213, 98, 351, 328, 289, 151, 152, 335, 297, 188, 304, 282, 133, 338, 291, 146, 329, 332, 324, 211, 312, 142, 219, 264, 377, 251, 194, 244, 314, 381, 345, 321, 325, 130, 301, 276, 296, 389, 189, 284, 111, 209, 255, 359, 306, 246, 160, 274, 236, 373, 331, 339, 378, 343, 206, 220, 134, 249, 217, 171, 302, 157, 374, 197, 216, 124, 205, 334, 139, 273, 268, 322, 355, 260, 105, 144, 128, 333, 253, 369, 239, 247, 172, 353, 400, 356, 218, 366, 292, 270, 174, 215, 277, 290, 102, 263, 376, 191, 208, 250, 121, 225, 242, 135, 309, 393, 372, 370, 179, 150, 404, 169, 230, 360, 109, 386, 243, 173, 183, 117, 388, 149, 286, 287, 265, 204, 154, 132, 258, 221, 181, 380, 177, 106, 103, 153, 184, 261, 114, 259, 275, 108, 104, 364, 112, 280, 229, 175, 354, 245, 201, 278, 308, 403, 207, 346, 387, 237, 232, 305, 192, 210, 110, 336, 248, 392, 272, 137, 295, 319, 390, 279, 402, 122, 283, 382, 182, 178, 238, 398, 257, 96, 187, 352, 202, 97, 256, 118]"
diversity_on_nsga2,5,-107.9191164392746,34.9908835607254,76.08088356072543,"[9, 91, 92, 68, 77, 22, 10, 1, 17, 75, 93, 79, 72, 13, 16, 21, 3, 43, 7, 87, 24, 41, 29, 76, 15, 74, 12, 66, 27, 69, 49, 25, 36, 86, 33, 57, 63, 60, 53, 61, 8, 40, 42, 4, 50, 64, 32, 2, 94, 14, 11, 19, 46, 39, 38, 48, 83, 54, 89, 85, 82, 58, 34, 78, 59, 45, 56, 23, 73, 71, 55, 51, 80, 30, 70, 37, 81, 62, 28, 88, 67, 47, 35, 5, 6, 65, 84, 90, 31, 44, 52, 20, 18, 26]","[161, 383, 348, 107, 143, 367, 204, 132, 310, 133, 402, 304, 380, 155, 98, 312, 351, 274, 289, 151, 282, 259, 130, 359, 275, 147, 277, 343, 377, 188, 291, 221, 179, 364, 112, 189, 211, 229, 175, 354, 338, 245, 297, 346, 278, 335, 238, 140, 349, 185, 305, 271, 394, 323, 113, 369, 156, 95, 198, 285, 241, 266, 134, 234, 316, 283, 363, 325, 320, 172, 257, 127, 193, 125, 371, 350, 119, 249, 356, 315, 199, 166, 217, 200, 360, 183, 403, 239, 296, 225, 108, 290, 103, 184, 181, 114, 210, 381, 141, 333, 366, 101, 171, 390, 284, 261, 100, 102, 205, 376, 276, 301, 237, 201, 243, 389, 154, 208, 110, 164, 303, 302, 287, 148, 196, 388, 265, 177, 327, 268, 157, 227, 117, 258, 121, 165, 224, 374, 405, 191, 203, 153, 142, 264, 251, 197, 244, 314, 345, 180, 178, 368, 250, 213, 362, 138, 216, 116, 152, 396, 317, 255, 293, 306, 96, 263, 328, 106, 124, 286, 329, 321, 373, 212, 300, 375, 308, 324, 313, 336, 169, 299, 223, 128, 267, 298, 176, 395, 347, 248, 123, 222, 131, 162, 202, 158, 139, 118, 120, 342, 195, 170, 272, 144, 137, 280, 365, 341, 146, 230, 361, 326, 207, 292, 353, 387, 232, 160, 194, 167, 393, 330, 192, 401, 235, 399, 392, 219, 220, 209, 145, 226, 136, 252, 352, 231, 215, 358, 307, 126, 270, 340, 104, 111, 233, 294, 246, 372, 382, 247, 159, 391, 214, 173, 135, 357, 150, 281, 253, 109, 228, 295, 254, 122, 273, 322, 370, 355, 149, 260, 186, 105, 332, 163, 97, 386, 318, 236, 309, 99, 331, 334, 404, 218, 397, 339, 182, 190, 256, 385, 168, 311, 206, 262, 400, 384, 279, 242, 269, 344, 337, 378, 319, 187, 379, 240, 174, 398, 115, 288, 129]"
diversity_on_nsga2,6,-85.70686187712398,22.263138122876022,64.89313812287602,"[86, 6, 78, 33, 76, 9, 79, 55, 41, 52, 18, 49, 87, 29, 14, 46, 65, 37, 15, 36, 70, 75, 1, 72, 88, 91, 28, 40, 42, 31, 58, 57, 82, 7, 67, 62, 21, 3, 43, 24, 81, 56, 12, 53, 68, 19, 69, 13, 5, 11, 61, 63, 8, 34, 47, 71, 74, 59, 22, 60, 45, 4, 26, 30, 44, 27, 38, 66, 64, 85, 93, 23, 16, 20, 48, 84, 90, 39, 73, 54, 25, 2, 94, 35, 10, 89, 80, 17, 51, 50, 32, 92, 83, 77]","[362, 217, 242, 269, 344, 319, 379, 240, 158, 288, 129, 161, 394, 202, 350, 304, 341, 285, 283, 371, 351, 274, 289, 272, 266, 259, 353, 275, 108, 104, 113, 316, 364, 112, 280, 229, 175, 354, 245, 201, 278, 308, 403, 207, 349, 346, 387, 237, 232, 305, 192, 210, 110, 336, 187, 392, 347, 226, 103, 170, 136, 352, 231, 358, 298, 307, 326, 119, 151, 137, 291, 228, 290, 382, 390, 101, 159, 127, 102, 391, 401, 250, 396, 398, 143, 181, 252, 183, 193, 98, 263, 140, 177, 327, 367, 268, 157, 234, 227, 117, 190, 311, 323, 165, 224, 154, 133, 282, 374, 405, 152, 191, 156, 335, 339, 166, 334, 163, 208, 265, 258, 399, 222, 184, 279, 180, 186, 300, 257, 216, 303, 297, 235, 361, 168, 254, 318, 330, 287, 295, 176, 122, 121, 337, 145, 402, 225, 188, 118, 213, 139, 195, 331, 342, 120, 388, 302, 131, 148, 197, 395, 155, 153, 340, 99, 293, 294, 281, 123, 233, 299, 214, 199, 196, 146, 329, 332, 116, 324, 211, 312, 142, 219, 264, 377, 251, 194, 244, 314, 221, 381, 320, 345, 393, 325, 130, 301, 384, 296, 389, 189, 284, 111, 317, 107, 95, 209, 255, 359, 306, 96, 246, 160, 115, 328, 380, 167, 238, 135, 106, 124, 309, 100, 286, 243, 185, 321, 383, 220, 357, 373, 372, 147, 212, 370, 134, 179, 375, 172, 313, 150, 363, 404, 262, 310, 169, 230, 360, 109, 386, 178, 273, 241, 322, 355, 149, 260, 223, 105, 171, 144, 128, 200, 261, 138, 333, 249, 164, 125, 253, 173, 132, 369, 239, 247, 343, 206, 315, 378, 368, 400, 205, 97, 203, 356, 338, 162, 376, 182, 256, 218, 248, 204, 366, 271, 365, 292, 141, 270, 236, 267, 174, 215, 348, 277, 114, 126, 397, 385, 198, 276]"
diversity_on_nsga2,7,-89.82465501352405,25.985344986475955,69.67534498647595,"[9, 82, 30, 68, 77, 22, 10, 1, 17, 64, 75, 93, 79, 72, 13, 40, 16, 21, 88, 43, 7, 87, 24, 41, 29, 76, 15, 74, 12, 66, 27, 69, 49, 25, 52, 86, 33, 28, 63, 36, 60, 53, 61, 8, 42, 4, 50, 2, 94, 14, 11, 19, 46, 39, 38, 48, 83, 54, 89, 85, 91, 58, 34, 78, 59, 45, 56, 23, 73, 71, 55, 51, 80, 92, 70, 37, 81, 62, 57, 3, 67, 47, 35, 5, 6, 65, 84, 90, 31, 44, 32, 20, 18, 26]","[129, 161, 362, 383, 320, 107, 143, 327, 204, 132, 310, 133, 402, 304, 380, 155, 98, 312, 351, 374, 289, 151, 282, 259, 130, 359, 368, 275, 319, 277, 343, 377, 188, 291, 221, 179, 364, 112, 189, 211, 229, 175, 354, 338, 245, 297, 346, 278, 308, 335, 238, 140, 349, 185, 167, 271, 394, 323, 113, 357, 156, 95, 198, 285, 241, 266, 134, 234, 316, 283, 363, 325, 172, 257, 127, 193, 125, 371, 350, 119, 249, 356, 315, 199, 166, 217, 200, 360, 183, 403, 336, 239, 296, 225, 147, 290, 103, 184, 181, 114, 210, 381, 141, 333, 366, 101, 171, 390, 284, 261, 100, 102, 205, 376, 276, 301, 237, 138, 243, 389, 154, 208, 110, 164, 303, 302, 287, 148, 196, 388, 265, 177, 367, 268, 157, 227, 117, 258, 121, 165, 224, 274, 405, 191, 203, 153, 142, 264, 251, 197, 244, 314, 345, 180, 348, 178, 216, 116, 152, 396, 317, 255, 293, 306, 96, 263, 328, 106, 124, 286, 329, 321, 373, 212, 300, 375, 250, 324, 313, 213, 169, 299, 223, 128, 267, 298, 176, 395, 347, 248, 123, 222, 131, 162, 202, 158, 139, 118, 120, 342, 195, 170, 272, 144, 137, 280, 365, 341, 146, 230, 361, 326, 207, 292, 353, 387, 232, 160, 194, 305, 393, 330, 192, 401, 235, 399, 392, 219, 220, 209, 145, 226, 136, 252, 352, 231, 215, 358, 307, 126, 270, 340, 104, 111, 233, 294, 246, 372, 382, 247, 159, 391, 214, 186, 135, 369, 150, 201, 281, 253, 109, 228, 295, 254, 122, 273, 322, 370, 168, 149, 260, 173, 105, 332, 163, 97, 386, 318, 236, 309, 99, 331, 334, 404, 218, 397, 339, 182, 190, 256, 385, 355, 311, 206, 262, 400, 384, 279, 242, 269, 344, 337, 378, 108, 187, 379, 240, 174, 398, 115, 288]"
diversity_on_nsga2,8,-59.7,11.41,42.49999999999999,"[86, 6, 78, 33, 76, 26, 65, 55, 41, 52, 18, 49, 87, 29, 14, 46, 79, 37, 15, 31, 70, 75, 1, 72, 88, 91, 28, 40, 16, 36, 80, 93, 82, 7, 67, 62, 21, 3, 43, 24, 81, 56, 12, 53, 68, 30, 69, 13, 5, 11, 61, 63, 8, 34, 47, 71, 74, 59, 22, 60, 45, 4, 9, 19, 44, 66, 38, 27, 64, 85, 57, 23, 42, 20, 48, 84, 90, 39, 73, 54, 25, 2, 94, 35, 10, 89, 58, 17, 51, 50, 32, 92, 83, 77]","[362, 217, 242, 269, 344, 319, 379, 240, 158, 288, 129, 161, 394, 202, 350, 304, 341, 285, 283, 98, 351, 274, 289, 272, 266, 259, 368, 275, 108, 104, 113, 316, 364, 112, 280, 229, 175, 354, 245, 201, 278, 308, 403, 207, 349, 346, 387, 237, 232, 305, 192, 210, 110, 336, 187, 392, 347, 226, 357, 170, 136, 352, 231, 358, 298, 307, 326, 119, 151, 137, 291, 228, 290, 382, 390, 101, 159, 127, 102, 391, 401, 250, 396, 398, 143, 181, 252, 183, 193, 371, 263, 140, 177, 327, 367, 268, 157, 234, 227, 117, 190, 311, 323, 165, 224, 154, 133, 282, 374, 405, 152, 191, 156, 335, 376, 166, 138, 163, 208, 265, 258, 399, 222, 184, 279, 180, 186, 300, 257, 216, 303, 297, 235, 361, 168, 254, 318, 330, 287, 380, 176, 122, 121, 116, 145, 402, 225, 188, 118, 213, 262, 195, 331, 342, 120, 388, 302, 131, 148, 197, 395, 155, 153, 340, 99, 293, 294, 281, 338, 233, 299, 214, 199, 196, 146, 329, 332, 337, 324, 211, 312, 142, 219, 264, 377, 251, 194, 244, 314, 221, 381, 320, 345, 393, 325, 130, 301, 384, 296, 389, 189, 284, 111, 317, 107, 95, 209, 255, 359, 306, 96, 246, 160, 115, 328, 295, 167, 238, 135, 106, 124, 309, 100, 286, 243, 185, 321, 383, 220, 103, 373, 372, 147, 212, 370, 134, 179, 375, 172, 313, 150, 363, 404, 139, 310, 169, 230, 360, 109, 386, 178, 273, 241, 322, 223, 149, 260, 355, 105, 171, 144, 128, 200, 261, 334, 333, 249, 164, 125, 253, 173, 132, 369, 239, 247, 343, 206, 315, 378, 353, 400, 205, 97, 203, 356, 123, 162, 339, 182, 256, 218, 248, 204, 366, 271, 365, 292, 141, 270, 236, 267, 174, 215, 348, 277, 114, 126, 397, 385, 198, 276]"
diversity_on_nsga2,9,-80.13076487744237,27.109235122557624,50.869235122557626,"[6, 78, 33, 76, 9, 65, 79, 27, 4, 41, 52, 18, 49, 31, 29, 40, 26, 87, 69, 37, 15, 36, 66, 91, 28, 25, 16, 75, 93, 82, 1, 72, 88, 7, 67, 62, 21, 10, 43, 24, 84, 58, 56, 12, 53, 68, 19, 32, 5, 11, 61, 63, 8, 34, 47, 38, 89, 59, 22, 60, 45, 73, 55, 30, 44, 70, 71, 2, 64, 85, 57, 23, 42, 20, 48, 3, 90, 39, 81, 54, 13, 46, 77, 94, 35, 74, 80, 17, 51, 50, 14, 92, 83, 86]","[311, 224, 154, 133, 374, 152, 191, 138, 399, 250, 279, 300, 257, 216, 303, 297, 330, 295, 122, 145, 402, 228, 99, 262, 331, 302, 197, 155, 340, 337, 324, 312, 142, 219, 244, 381, 345, 301, 384, 95, 359, 246, 283, 207, 349, 346, 387, 237, 232, 305, 192, 210, 110, 336, 319, 392, 347, 226, 357, 170, 136, 352, 231, 358, 298, 307, 126, 119, 366, 137, 291, 225, 290, 382, 390, 101, 159, 127, 102, 391, 364, 222, 396, 123, 398, 143, 181, 252, 183, 193, 371, 184, 140, 177, 327, 367, 268, 157, 234, 227, 318, 287, 148, 265, 243, 190, 258, 121, 323, 165, 282, 405, 156, 335, 203, 166, 163, 211, 153, 264, 333, 377, 251, 194, 314, 221, 320, 393, 180, 325, 130, 276, 296, 186, 389, 189, 116, 284, 235, 111, 317, 107, 209, 255, 208, 306, 96, 160, 115, 328, 380, 188, 293, 294, 281, 338, 233, 299, 214, 199, 196, 146, 329, 167, 238, 135, 106, 309, 100, 348, 117, 185, 383, 220, 103, 373, 353, 147, 212, 168, 134, 179, 388, 172, 313, 213, 363, 139, 310, 169, 223, 267, 254, 176, 369, 395, 129, 205, 200, 286, 332, 131, 202, 260, 241, 158, 277, 400, 355, 118, 120, 342, 195, 341, 150, 144, 361, 326, 379, 215, 124, 321, 372, 370, 375, 289, 404, 230, 360, 109, 151, 178, 273, 322, 149, 105, 132, 128, 261, 334, 249, 164, 125, 253, 173, 171, 239, 247, 343, 206, 315, 378, 97, 376, 356, 162, 339, 182, 256, 218, 248, 204, 386, 271, 365, 292, 141, 270, 236, 174, 114, 397, 385, 198, 362, 217, 242, 269, 344, 187, 240, 288, 161, 394, 350, 304, 285, 98, 351, 274, 272, 266, 259, 368, 275, 108, 104, 113, 316, 401, 112, 280, 229, 175, 354, 245, 201, 278, 308, 403, 263]"
diversity_on_nsga2,10,-81.5733444866219,28.486655513378093,48.726655513378105,"[9, 91, 30, 90, 22, 10, 1, 13, 71, 75, 93, 79, 72, 17, 36, 16, 21, 3, 43, 7, 24, 41, 29, 76, 15, 74, 12, 66, 27, 69, 46, 49, 25, 47, 86, 4, 33, 57, 63, 32, 60, 23, 61, 8, 42, 87, 50, 2, 94, 14, 11, 19, 68, 39, 38, 48, 40, 54, 89, 85, 82, 64, 34, 78, 59, 45, 56, 53, 73, 58, 55, 51, 80, 92, 70, 37, 81, 62, 28, 88, 67, 52, 35, 5, 6, 65, 84, 77, 31, 44, 83, 20, 18, 26]","[129, 161, 233, 383, 348, 107, 143, 367, 204, 132, 310, 133, 402, 304, 380, 155, 98, 312, 351, 274, 289, 151, 282, 259, 152, 130, 359, 368, 275, 108, 277, 343, 377, 188, 291, 221, 193, 364, 112, 189, 211, 229, 175, 354, 338, 245, 297, 346, 278, 308, 335, 238, 140, 349, 185, 167, 271, 394, 323, 113, 357, 156, 95, 198, 285, 241, 266, 134, 234, 316, 283, 363, 320, 172, 257, 117, 179, 125, 371, 350, 119, 249, 356, 315, 199, 166, 217, 200, 360, 183, 403, 336, 239, 296, 225, 147, 290, 103, 184, 181, 114, 210, 381, 141, 333, 366, 101, 171, 390, 284, 261, 100, 102, 205, 376, 276, 301, 400, 201, 243, 389, 154, 208, 110, 164, 303, 287, 148, 196, 388, 265, 177, 327, 268, 157, 227, 127, 258, 121, 165, 224, 374, 405, 191, 203, 153, 142, 264, 251, 197, 244, 314, 345, 180, 137, 178, 216, 116, 396, 369, 293, 255, 306, 96, 263, 328, 106, 124, 286, 329, 321, 373, 212, 300, 375, 250, 324, 313, 213, 169, 299, 223, 128, 267, 298, 176, 395, 347, 248, 123, 222, 131, 162, 202, 158, 139, 118, 120, 358, 342, 195, 170, 272, 144, 325, 280, 365, 341, 146, 230, 361, 326, 207, 292, 353, 387, 232, 160, 194, 305, 393, 330, 192, 401, 235, 399, 392, 219, 220, 209, 145, 226, 136, 252, 352, 231, 215, 302, 307, 126, 270, 340, 104, 111, 362, 294, 246, 372, 382, 247, 159, 391, 214, 173, 135, 317, 150, 138, 281, 253, 109, 228, 295, 254, 122, 273, 322, 370, 355, 149, 260, 186, 105, 332, 163, 97, 386, 318, 236, 309, 99, 331, 334, 404, 218, 397, 339, 182, 190, 256, 385, 168, 311, 206, 262, 237, 384, 279, 242, 269, 344, 337, 378, 319, 187, 379, 240, 174, 398, 115, 288]"
diversity_on_nsga2,11,-77.78653953407839,24.76346046592161,44.21346046592161,"[6, 78, 33, 61, 86, 22, 5, 41, 52, 38, 31, 25, 15, 36, 66, 91, 16, 84, 64, 59, 21, 60, 53, 67, 48, 3, 88, 2, 54, 58, 35, 46, 74, 72, 71, 28, 45, 30, 24, 77, 65, 42, 20, 50, 4, 39, 11, 12, 17, 32, 9, 82, 94, 43, 93, 26, 19, 89, 69, 1, 34, 79, 18, 83, 13, 55, 44, 70, 37, 27, 87, 85, 57, 23, 73, 63, 51, 7, 80, 47, 68, 29, 56, 14, 90, 8, 81, 62, 10, 40, 76, 49, 75, 92]","[128, 275, 263, 374, 344, 388, 346, 248, 249, 132, 257, 162, 371, 370, 399, 321, 317, 191, 311, 138, 312, 142, 219, 151, 228, 281, 314, 247, 261, 192, 305, 119, 343, 126, 217, 290, 391, 170, 322, 98, 330, 308, 288, 207, 356, 230, 340, 102, 350, 225, 108, 376, 349, 272, 137, 295, 319, 351, 146, 239, 352, 279, 140, 115, 274, 402, 122, 283, 382, 182, 236, 273, 387, 256, 109, 246, 381, 244, 171, 178, 133, 384, 365, 231, 345, 266, 175, 372, 397, 302, 124, 377, 150, 364, 188, 253, 226, 145, 232, 359, 316, 378, 125, 357, 242, 360, 110, 318, 398, 143, 287, 148, 181, 196, 368, 193, 184, 265, 392, 327, 367, 99, 268, 177, 234, 227, 117, 190, 258, 121, 323, 165, 282, 405, 214, 156, 335, 203, 166, 163, 211, 153, 264, 333, 251, 194, 198, 221, 320, 393, 180, 325, 130, 276, 296, 186, 389, 189, 116, 284, 235, 111, 297, 107, 293, 209, 255, 208, 306, 199, 96, 160, 375, 328, 380, 167, 238, 135, 106, 309, 100, 286, 243, 329, 185, 139, 220, 103, 373, 353, 147, 212, 168, 134, 179, 250, 172, 313, 213, 363, 383, 310, 169, 270, 299, 223, 267, 298, 136, 254, 113, 176, 127, 369, 395, 347, 229, 129, 205, 200, 233, 348, 123, 222, 332, 131, 202, 260, 241, 158, 277, 400, 355, 118, 120, 396, 342, 195, 338, 341, 289, 144, 361, 326, 336, 379, 307, 237, 215, 187, 278, 385, 114, 161, 304, 141, 334, 285, 159, 149, 101, 155, 269, 174, 201, 331, 206, 358, 245, 403, 339, 112, 401, 183, 300, 197, 390, 252, 292, 291, 404, 95, 301, 337, 362, 303, 271, 259, 210, 164, 386, 224, 152, 216, 240, 154, 157, 324, 315, 280, 173, 105, 97, 204, 218, 366, 354, 394, 262, 294, 104]"
diversity_on_nsga2,12,-84.184690785,23.305309215,58.015309215,"[9, 91, 92, 68, 77, 22, 10, 1, 17, 75, 5, 79, 72, 13, 16, 21, 3, 43, 7, 87, 24, 41, 29, 76, 15, 74, 12, 66, 27, 69, 49, 25, 36, 86, 33, 57, 63, 32, 60, 53, 61, 8, 40, 64, 42, 4, 50, 2, 94, 14, 11, 19, 46, 39, 38, 48, 83, 54, 89, 85, 82, 58, 34, 78, 59, 45, 56, 23, 73, 71, 55, 51, 80, 30, 70, 37, 81, 67, 35, 6, 52, 18, 31, 26, 84, 28, 62, 65, 88, 93, 47, 44, 20, 90]","[359, 378, 242, 318, 398, 143, 140, 367, 190, 282, 335, 163, 211, 377, 221, 130, 186, 189, 107, 115, 380, 99, 338, 233, 167, 238, 309, 185, 383, 147, 266, 168, 179, 310, 229, 129, 348, 332, 260, 277, 400, 289, 379, 187, 278, 385, 161, 304, 334, 155, 269, 174, 331, 206, 245, 339, 112, 323, 113, 357, 156, 95, 198, 285, 241, 212, 134, 234, 316, 283, 363, 325, 320, 172, 257, 127, 193, 125, 371, 350, 119, 249, 356, 315, 199, 166, 217, 200, 360, 183, 403, 336, 239, 296, 225, 108, 290, 103, 184, 181, 114, 210, 381, 141, 333, 366, 101, 171, 390, 284, 261, 100, 102, 205, 376, 276, 301, 237, 201, 243, 389, 154, 208, 110, 164, 303, 302, 287, 148, 196, 388, 265, 177, 327, 268, 157, 227, 117, 258, 121, 165, 224, 374, 405, 191, 203, 153, 142, 264, 251, 197, 244, 314, 345, 180, 178, 216, 116, 396, 317, 293, 255, 306, 96, 263, 328, 106, 124, 286, 329, 321, 373, 368, 300, 375, 250, 324, 313, 213, 169, 299, 223, 128, 267, 298, 176, 395, 347, 248, 123, 222, 131, 162, 202, 158, 139, 118, 120, 342, 195, 170, 272, 144, 137, 280, 365, 341, 146, 230, 361, 326, 207, 292, 353, 387, 232, 160, 194, 305, 393, 330, 192, 401, 235, 399, 392, 219, 220, 209, 145, 226, 136, 252, 352, 231, 215, 358, 307, 126, 270, 340, 104, 111, 362, 294, 246, 372, 382, 247, 159, 391, 214, 173, 135, 369, 150, 138, 281, 253, 109, 228, 295, 254, 122, 273, 322, 370, 355, 149, 291, 404, 337, 271, 259, 386, 152, 240, 105, 97, 204, 218, 354, 394, 262, 275, 344, 346, 132, 297, 311, 312, 151, 343, 98, 308, 288, 349, 319, 351, 279, 274, 402, 182, 236, 256, 133, 384, 175, 397, 364, 188]"
diversity_on_nsga2,13,-22.039801053846155,21.610198946153847,7.460198946153846,"[18, 46, 65, 50, 83, 55, 76, 87, 29, 14, 49, 77, 86, 6, 78, 33, 79, 37, 15, 36, 70, 75, 1, 72, 88, 91, 28, 40, 16, 31, 58, 93, 82, 7, 67, 62, 21, 3, 43, 24, 81, 56, 12, 53, 68, 19, 69, 13, 5, 11, 61, 63, 8, 34, 39, 71, 74, 59, 22, 60, 45, 4, 26, 30, 44, 66, 38, 27, 64, 85, 57, 23, 42, 20, 48, 84, 90, 47, 73, 54, 25, 2, 94, 35, 10, 89, 80, 17, 51, 92, 41, 52, 9, 32]","[178, 133, 160, 354, 139, 192, 273, 238, 398, 257, 333, 96, 386, 328, 292, 187, 366, 112, 179, 352, 202, 376, 97, 105, 256, 135, 263, 118, 126, 213, 288, 109, 312, 351, 306, 298, 201, 404, 208, 228, 129, 380, 250, 269, 247, 384, 253, 278, 239, 360, 125, 145, 245, 355, 291, 275, 209, 150, 394, 315, 305, 146, 309, 289, 299, 294, 341, 232, 132, 307, 349, 387, 231, 115, 365, 345, 266, 175, 372, 397, 302, 124, 177, 364, 188, 226, 359, 316, 378, 357, 242, 110, 318, 143, 287, 148, 181, 196, 183, 193, 184, 265, 140, 327, 367, 99, 268, 234, 227, 117, 190, 258, 121, 323, 165, 282, 405, 214, 156, 335, 203, 166, 163, 211, 153, 264, 293, 199, 210, 375, 106, 100, 286, 243, 329, 185, 220, 103, 119, 147, 251, 194, 198, 221, 320, 393, 180, 325, 130, 276, 296, 186, 389, 189, 116, 284, 235, 111, 317, 107, 212, 168, 134, 172, 313, 363, 383, 310, 169, 223, 136, 254, 113, 176, 127, 369, 395, 347, 229, 205, 200, 233, 123, 222, 332, 131, 260, 241, 158, 277, 400, 120, 396, 342, 195, 338, 331, 361, 326, 336, 379, 237, 385, 114, 161, 304, 334, 285, 159, 149, 101, 155, 144, 206, 362, 403, 339, 401, 368, 300, 197, 252, 95, 301, 337, 358, 303, 271, 259, 167, 164, 224, 152, 216, 240, 154, 157, 324, 280, 173, 204, 218, 262, 104, 128, 374, 344, 388, 346, 249, 162, 371, 370, 399, 321, 297, 191, 311, 138, 255, 142, 219, 151, 281, 314, 261, 373, 343, 217, 290, 391, 170, 322, 98, 330, 308, 207, 356, 230, 340, 102, 350, 225, 108, 377, 248, 392, 272, 137, 295, 319, 390, 279, 274, 402, 122, 283, 141, 270, 236, 267, 174, 215, 348, 382, 182, 353, 246, 381, 244, 171]"
diversity_on_nsga2,14,-85.7557876998404,34.39421230015961,47.74421230015961,"[6, 78, 33, 61, 92, 22, 5, 41, 52, 18, 31, 25, 15, 36, 66, 44, 76, 84, 42, 59, 21, 60, 53, 67, 48, 3, 86, 2, 54, 58, 35, 46, 74, 72, 71, 28, 45, 65, 24, 75, 30, 64, 20, 50, 11, 39, 4, 12, 17, 32, 9, 82, 94, 43, 93, 26, 19, 89, 69, 1, 34, 79, 38, 83, 13, 55, 91, 70, 37, 27, 87, 85, 49, 23, 73, 63, 51, 7, 80, 47, 68, 29, 56, 14, 90, 8, 81, 62, 10, 40, 16, 57, 77, 88]","[104, 128, 275, 263, 374, 344, 388, 346, 248, 249, 132, 257, 162, 371, 370, 399, 321, 145, 191, 311, 138, 312, 142, 219, 151, 228, 281, 314, 247, 261, 192, 305, 119, 343, 126, 217, 290, 391, 170, 322, 98, 330, 308, 288, 207, 356, 230, 340, 102, 350, 225, 108, 376, 349, 272, 137, 295, 319, 351, 146, 239, 352, 279, 140, 115, 274, 402, 122, 283, 382, 182, 236, 273, 387, 256, 109, 246, 381, 244, 171, 178, 133, 384, 365, 231, 345, 266, 175, 326, 397, 302, 124, 377, 150, 364, 188, 253, 226, 297, 232, 157, 316, 378, 125, 357, 242, 360, 110, 318, 398, 143, 287, 148, 181, 196, 183, 193, 184, 265, 394, 327, 367, 99, 268, 234, 227, 117, 190, 258, 121, 282, 165, 323, 405, 214, 156, 306, 203, 166, 163, 211, 153, 264, 333, 177, 251, 194, 198, 221, 320, 393, 180, 325, 130, 276, 296, 186, 389, 189, 116, 284, 235, 111, 317, 107, 293, 209, 255, 208, 335, 199, 96, 160, 375, 328, 380, 167, 238, 135, 106, 309, 100, 286, 243, 329, 185, 383, 220, 103, 373, 353, 147, 212, 168, 134, 179, 250, 172, 313, 213, 363, 139, 310, 169, 270, 299, 223, 267, 298, 136, 254, 113, 176, 127, 369, 395, 347, 229, 129, 205, 200, 233, 348, 123, 222, 332, 131, 202, 260, 241, 158, 277, 400, 355, 118, 120, 396, 342, 195, 338, 341, 289, 144, 361, 372, 336, 379, 307, 237, 215, 187, 278, 385, 114, 161, 304, 141, 334, 285, 159, 149, 101, 155, 269, 174, 201, 331, 206, 362, 245, 403, 339, 112, 401, 368, 300, 197, 390, 252, 292, 291, 404, 95, 301, 337, 358, 303, 271, 259, 210, 164, 386, 224, 152, 216, 240, 154, 359, 324, 315, 280, 173, 105, 97, 204, 218, 366, 354, 392, 262, 294]"
diversity_on_nsga2,15,-82.71802130303811,30.97197869696189,53.1819786969619,"[9, 91, 30, 77, 22, 10, 79, 17, 75, 93, 1, 72, 26, 13, 21, 3, 43, 71, 68, 7, 87, 24, 41, 29, 76, 15, 74, 12, 66, 27, 69, 49, 25, 52, 86, 33, 63, 54, 60, 53, 61, 8, 40, 28, 42, 4, 50, 2, 94, 14, 11, 19, 46, 39, 38, 48, 83, 32, 89, 85, 82, 58, 34, 78, 59, 45, 56, 23, 73, 64, 55, 51, 80, 92, 70, 37, 81, 62, 57, 88, 67, 47, 35, 5, 6, 65, 84, 90, 31, 44, 36, 20, 16, 18]","[129, 161, 233, 383, 348, 143, 367, 204, 132, 310, 133, 402, 304, 380, 155, 98, 312, 351, 274, 289, 151, 282, 259, 152, 130, 359, 368, 275, 108, 277, 343, 377, 188, 291, 221, 179, 364, 112, 189, 211, 229, 175, 354, 345, 338, 245, 297, 346, 278, 308, 335, 238, 140, 349, 185, 167, 271, 394, 323, 113, 357, 111, 95, 198, 285, 241, 266, 134, 234, 316, 283, 363, 320, 172, 257, 127, 193, 125, 371, 350, 119, 249, 356, 315, 199, 166, 217, 200, 360, 183, 403, 336, 239, 296, 225, 147, 290, 103, 184, 181, 114, 210, 381, 141, 333, 223, 101, 171, 390, 284, 261, 100, 102, 205, 376, 276, 301, 237, 201, 243, 389, 154, 208, 110, 164, 303, 302, 287, 148, 196, 388, 265, 177, 327, 268, 157, 227, 117, 258, 121, 165, 224, 374, 405, 191, 203, 153, 142, 264, 251, 197, 244, 314, 180, 325, 178, 216, 116, 396, 317, 293, 255, 306, 96, 263, 328, 106, 124, 286, 329, 321, 373, 212, 300, 375, 250, 324, 313, 213, 169, 299, 366, 128, 267, 298, 176, 395, 347, 248, 123, 222, 131, 162, 202, 158, 139, 118, 120, 342, 195, 170, 272, 144, 137, 280, 365, 341, 146, 230, 361, 326, 207, 292, 353, 387, 232, 160, 194, 305, 393, 330, 192, 235, 399, 392, 219, 220, 209, 145, 226, 136, 252, 231, 215, 358, 307, 126, 270, 340, 104, 156, 279, 294, 246, 372, 382, 247, 352, 159, 391, 401, 214, 173, 135, 369, 150, 138, 281, 253, 109, 228, 295, 254, 122, 273, 322, 370, 355, 149, 260, 186, 105, 332, 163, 97, 386, 318, 236, 309, 400, 99, 331, 334, 404, 218, 397, 339, 182, 190, 256, 385, 168, 311, 206, 262, 384, 362, 242, 269, 344, 337, 378, 319, 187, 379, 240, 174, 107, 398, 115, 288]"
diversity_on_nsga2,16,-92.59582551635185,31.824174483648168,59.60417448364817,"[9, 91, 30, 68, 77, 22, 10, 1, 17, 75, 93, 79, 72, 13, 16, 21, 3, 43, 7, 87, 24, 41, 50, 76, 15, 74, 12, 66, 27, 69, 49, 25, 52, 86, 33, 63, 60, 53, 40, 28, 61, 8, 42, 4, 29, 64, 32, 2, 94, 14, 11, 46, 19, 39, 38, 48, 83, 54, 89, 85, 82, 88, 34, 78, 59, 45, 56, 23, 73, 71, 55, 51, 80, 62, 70, 37, 81, 92, 57, 58, 67, 47, 35, 5, 6, 65, 84, 90, 31, 44, 36, 20, 18, 26]","[161, 383, 107, 143, 367, 204, 132, 310, 133, 402, 304, 380, 155, 98, 312, 351, 289, 151, 282, 259, 130, 359, 368, 275, 108, 277, 343, 377, 188, 291, 221, 179, 364, 112, 189, 211, 229, 175, 354, 338, 245, 297, 346, 278, 335, 238, 140, 349, 185, 167, 271, 394, 323, 113, 357, 156, 95, 198, 285, 266, 134, 234, 316, 283, 363, 320, 172, 257, 127, 193, 125, 371, 302, 374, 325, 250, 362, 350, 119, 249, 356, 315, 199, 166, 217, 200, 360, 183, 403, 239, 296, 225, 147, 290, 103, 184, 181, 114, 210, 381, 141, 333, 366, 101, 171, 390, 201, 213, 284, 261, 100, 102, 205, 376, 276, 301, 237, 138, 243, 389, 154, 208, 110, 164, 303, 241, 287, 148, 196, 388, 265, 177, 327, 268, 157, 227, 117, 258, 121, 165, 224, 274, 405, 191, 203, 153, 142, 264, 251, 197, 244, 314, 345, 180, 348, 178, 216, 116, 152, 396, 317, 255, 293, 306, 96, 263, 328, 106, 124, 286, 329, 321, 373, 212, 300, 375, 308, 324, 313, 336, 169, 299, 223, 128, 267, 298, 176, 395, 347, 248, 123, 222, 131, 162, 202, 158, 139, 118, 120, 342, 195, 170, 272, 144, 137, 280, 365, 341, 146, 230, 361, 326, 207, 292, 353, 387, 232, 160, 194, 305, 393, 330, 192, 401, 235, 399, 392, 219, 220, 209, 145, 226, 136, 252, 352, 231, 215, 358, 307, 126, 270, 340, 104, 111, 233, 294, 246, 372, 382, 247, 159, 391, 214, 173, 135, 369, 150, 281, 253, 109, 228, 295, 254, 122, 273, 322, 370, 355, 149, 260, 186, 105, 332, 163, 97, 386, 318, 236, 309, 99, 331, 334, 404, 218, 397, 339, 182, 190, 256, 385, 168, 311, 206, 262, 400, 384, 279, 242, 269, 344, 337, 378, 319, 187, 379, 240, 174, 398, 115, 288, 129]"
diversity_on_nsga2,17,-11.696933999999999,9.493066,4.303065999999999,"[33, 9, 65, 79, 52, 18, 49, 31, 25, 36, 66, 87, 93, 84, 68, 50, 13, 67, 74, 4, 26, 94, 10, 69, 32, 7, 43, 21, 80, 39, 61, 2, 56, 76, 40, 54, 82, 58, 24, 41, 29, 51, 5, 92, 19, 37, 62, 53, 88, 11, 35, 63, 8, 34, 47, 75, 89, 57, 85, 60, 45, 73, 55, 30, 44, 70, 71, 27, 64, 22, 59, 23, 42, 20, 48, 81, 14, 90, 83, 15, 12, 16, 3, 46, 28, 38, 72, 17, 1, 77, 86, 91, 6, 78]","[243, 173, 183, 185, 117, 388, 149, 193, 286, 165, 287, 156, 178, 383, 348, 265, 204, 300, 154, 350, 132, 224, 258, 310, 181, 380, 285, 283, 177, 106, 103, 153, 184, 261, 114, 164, 182, 180, 100, 148, 313, 363, 212, 256, 101, 166, 248, 200, 123, 390, 162, 241, 396, 365, 375, 147, 267, 237, 155, 340, 293, 294, 281, 233, 214, 199, 196, 394, 298, 379, 187, 385, 168, 226, 126, 170, 288, 108, 137, 295, 319, 259, 358, 344, 232, 327, 227, 405, 311, 138, 203, 341, 392, 161, 362, 268, 136, 299, 176, 395, 347, 222, 131, 202, 158, 118, 120, 342, 195, 272, 280, 361, 326, 207, 387, 305, 330, 274, 401, 235, 399, 145, 252, 352, 231, 307, 104, 279, 382, 159, 391, 228, 254, 122, 186, 163, 318, 99, 397, 190, 269, 262, 384, 242, 98, 351, 328, 289, 151, 152, 364, 112, 175, 278, 308, 335, 297, 188, 398, 304, 402, 354, 143, 367, 275, 346, 282, 245, 133, 229, 129, 338, 240, 291, 146, 329, 332, 337, 324, 211, 312, 198, 219, 264, 377, 251, 194, 244, 314, 221, 381, 320, 345, 393, 325, 130, 301, 276, 296, 389, 189, 284, 111, 317, 107, 95, 209, 255, 359, 306, 96, 246, 160, 115, 192, 119, 113, 236, 373, 331, 323, 339, 378, 343, 206, 220, 368, 140, 357, 134, 234, 316, 249, 217, 403, 171, 302, 157, 374, 197, 216, 116, 124, 205, 223, 334, 139, 273, 141, 238, 322, 355, 260, 105, 144, 128, 333, 125, 253, 369, 239, 247, 315, 353, 400, 97, 356, 218, 366, 271, 292, 270, 174, 215, 277, 142, 266, 201, 349, 210, 110, 336, 290, 127, 102, 371, 263, 376, 191, 208, 250, 257, 303, 121, 225, 213, 167, 135, 309, 321, 372, 370, 179, 172, 150, 404, 169, 230, 360, 109, 386]"
diversity_on_nsga2,18,-88.84338193099227,29.316618069007767,60.95661806900777,"[91, 30, 68, 76, 22, 10, 1, 17, 75, 93, 79, 72, 13, 40, 69, 21, 3, 87, 7, 43, 24, 41, 29, 77, 15, 74, 12, 66, 16, 27, 49, 25, 52, 86, 33, 28, 63, 36, 60, 53, 61, 8, 42, 4, 50, 64, 32, 2, 94, 14, 11, 19, 46, 39, 38, 48, 83, 54, 89, 85, 82, 88, 34, 78, 59, 45, 56, 23, 73, 71, 55, 51, 80, 62, 70, 37, 81, 92, 57, 58, 67, 47, 35, 5, 6, 65, 84, 90, 31, 44, 26, 20, 18, 9]","[161, 362, 383, 325, 107, 143, 367, 204, 132, 310, 133, 402, 304, 380, 155, 98, 312, 351, 374, 289, 151, 282, 259, 130, 359, 368, 275, 319, 277, 343, 377, 188, 291, 221, 179, 364, 112, 189, 211, 229, 175, 354, 338, 245, 297, 346, 278, 250, 335, 238, 140, 349, 185, 167, 271, 394, 323, 113, 357, 156, 95, 198, 285, 302, 266, 134, 234, 316, 283, 363, 320, 172, 257, 127, 193, 125, 371, 350, 119, 249, 356, 315, 199, 166, 217, 200, 360, 183, 403, 239, 296, 225, 147, 290, 103, 184, 181, 114, 210, 381, 141, 333, 366, 101, 171, 390, 201, 213, 284, 261, 100, 102, 205, 376, 276, 301, 237, 138, 243, 389, 154, 208, 110, 164, 303, 241, 287, 148, 196, 388, 265, 177, 327, 268, 157, 227, 117, 258, 121, 165, 224, 274, 405, 191, 203, 153, 142, 264, 251, 197, 244, 314, 345, 180, 348, 178, 216, 116, 152, 396, 317, 255, 293, 306, 96, 263, 328, 106, 124, 286, 329, 321, 373, 212, 300, 375, 308, 324, 313, 336, 169, 299, 223, 128, 267, 298, 176, 395, 347, 248, 123, 222, 131, 162, 202, 158, 139, 118, 120, 342, 195, 170, 272, 144, 137, 280, 365, 341, 146, 230, 361, 326, 207, 292, 353, 387, 232, 160, 194, 305, 393, 330, 192, 401, 235, 399, 392, 219, 220, 209, 145, 226, 136, 252, 352, 231, 215, 358, 307, 126, 270, 340, 104, 111, 233, 294, 246, 372, 382, 247, 159, 391, 214, 173, 135, 369, 150, 281, 253, 109, 228, 295, 254, 122, 273, 322, 370, 355, 149, 260, 186, 105, 332, 163, 97, 386, 318, 236, 309, 99, 331, 334, 404, 218, 397, 339, 182, 190, 256, 385, 168, 311, 206, 262, 400, 384, 279, 242, 269, 344, 337, 378, 108, 187, 379, 240, 174, 398, 115, 288, 129]"
diversity_on_nsga2,19,-83.35003920734944,33.24996079265057,54.249960792650576,"[92, 7, 40, 9, 48, 91, 30, 4, 54, 67, 42, 38, 46, 77, 94, 35, 22, 90, 23, 10, 79, 80, 81, 47, 2, 50, 51, 87, 75, 37, 93, 82, 1, 59, 72, 88, 57, 26, 13, 62, 11, 19, 68, 39, 89, 64, 34, 78, 45, 73, 55, 17, 5, 84, 31, 36, 20, 18, 29, 58, 76, 15, 74, 85, 66, 14, 86, 6, 61, 65, 52, 49, 25, 28, 44, 71, 83, 16, 21, 3, 41, 24, 56, 12, 27, 69, 43, 33, 70, 63, 32, 60, 53, 8]","[288, 129, 161, 283, 153, 247, 358, 126, 123, 181, 252, 193, 394, 202, 350, 304, 341, 285, 238, 98, 351, 274, 289, 272, 266, 259, 368, 275, 108, 104, 113, 316, 364, 112, 280, 229, 175, 354, 245, 201, 278, 308, 403, 207, 349, 346, 387, 237, 232, 305, 192, 210, 110, 336, 319, 392, 347, 226, 357, 170, 136, 352, 231, 223, 298, 307, 326, 119, 151, 137, 291, 225, 290, 382, 390, 101, 159, 127, 102, 391, 401, 222, 396, 398, 143, 371, 184, 140, 177, 327, 367, 268, 157, 234, 227, 117, 190, 311, 323, 165, 281, 154, 133, 282, 374, 405, 152, 191, 156, 335, 203, 166, 138, 189, 265, 258, 399, 263, 180, 186, 267, 300, 397, 303, 297, 168, 361, 235, 365, 254, 318, 330, 287, 295, 176, 122, 121, 116, 339, 145, 402, 228, 188, 118, 213, 262, 195, 331, 342, 120, 388, 302, 131, 148, 197, 395, 155, 99, 293, 204, 224, 338, 233, 299, 182, 214, 199, 196, 146, 329, 332, 337, 324, 211, 312, 142, 219, 264, 162, 377, 251, 194, 244, 314, 221, 381, 320, 345, 393, 325, 130, 301, 276, 296, 389, 163, 284, 317, 107, 95, 209, 359, 306, 96, 160, 115, 380, 167, 135, 106, 124, 309, 100, 286, 243, 185, 321, 383, 220, 103, 373, 372, 215, 147, 212, 370, 134, 179, 375, 313, 150, 363, 404, 139, 310, 169, 230, 360, 109, 366, 178, 273, 241, 322, 355, 149, 260, 105, 205, 206, 144, 128, 97, 376, 356, 200, 261, 334, 333, 256, 218, 248, 386, 271, 292, 249, 164, 125, 141, 270, 253, 173, 132, 236, 385, 171, 400, 384, 279, 378, 174, 348, 277, 343, 198, 172, 257, 315, 183, 239, 114, 208, 216, 255, 328, 250, 353, 340, 111, 362, 294, 246, 369, 217, 242, 269, 344, 187, 379, 240, 158]"
diversity_on_nsga2,20,-100.97310990456299,31.396890095437023,72.72689009543703,"[9, 91, 30, 68, 77, 22, 10, 1, 17, 71, 75, 93, 79, 72, 13, 83, 16, 21, 3, 43, 7, 87, 24, 41, 29, 76, 15, 74, 12, 66, 27, 69, 49, 25, 52, 86, 33, 57, 63, 32, 60, 53, 61, 8, 42, 4, 50, 2, 94, 14, 11, 19, 46, 39, 38, 48, 40, 54, 89, 85, 82, 58, 34, 78, 59, 45, 56, 23, 73, 64, 55, 51, 80, 92, 70, 37, 81, 62, 28, 88, 67, 47, 35, 5, 6, 65, 84, 90, 31, 44, 36, 20, 18, 26]","[129, 161, 233, 383, 348, 107, 143, 367, 204, 132, 310, 133, 402, 304, 380, 155, 98, 312, 351, 274, 289, 151, 282, 259, 152, 130, 359, 368, 275, 108, 277, 343, 377, 188, 291, 221, 179, 364, 112, 189, 211, 229, 175, 354, 338, 245, 297, 346, 278, 308, 335, 238, 140, 349, 185, 167, 271, 394, 323, 113, 357, 156, 95, 198, 285, 241, 266, 134, 234, 316, 283, 363, 320, 172, 257, 127, 193, 125, 371, 350, 119, 249, 356, 315, 199, 166, 217, 200, 360, 183, 403, 336, 239, 296, 225, 147, 290, 103, 182, 181, 114, 210, 381, 141, 333, 366, 101, 171, 390, 284, 261, 100, 102, 205, 376, 276, 301, 237, 201, 243, 389, 154, 208, 110, 164, 303, 302, 287, 148, 196, 388, 265, 177, 327, 268, 157, 227, 117, 258, 121, 165, 224, 374, 405, 191, 203, 153, 142, 264, 251, 197, 244, 314, 345, 180, 325, 178, 216, 116, 396, 317, 293, 255, 295, 96, 263, 328, 106, 124, 286, 329, 321, 373, 212, 300, 375, 250, 324, 313, 213, 169, 299, 223, 128, 267, 298, 176, 395, 347, 248, 123, 222, 131, 162, 202, 158, 139, 118, 120, 342, 195, 170, 272, 144, 137, 280, 365, 341, 146, 230, 361, 326, 207, 292, 353, 387, 232, 160, 194, 305, 393, 330, 192, 401, 235, 399, 392, 219, 220, 209, 145, 226, 369, 252, 352, 231, 215, 358, 307, 126, 270, 340, 104, 111, 362, 294, 246, 372, 382, 247, 159, 391, 214, 173, 135, 136, 150, 138, 281, 253, 109, 228, 306, 254, 122, 273, 322, 370, 355, 149, 260, 186, 105, 332, 163, 97, 386, 318, 236, 309, 99, 331, 334, 404, 218, 397, 339, 184, 190, 256, 385, 168, 311, 206, 262, 400, 384, 279, 242, 269, 344, 337, 378, 319, 187, 379, 240, 174, 398, 115, 288]"
diversity_on_nsga2,21,-9.108521451299781,8.971478548700219,10.09147854870022,"[9, 65, 55, 41, 18, 49, 87, 29, 14, 46, 79, 37, 27, 36, 70, 1, 56, 88, 48, 40, 31, 58, 93, 82, 7, 67, 62, 52, 22, 47, 78, 66, 10, 75, 16, 3, 21, 72, 24, 81, 43, 12, 53, 68, 19, 69, 13, 5, 11, 61, 63, 42, 34, 71, 44, 45, 60, 59, 4, 26, 30, 74, 38, 15, 64, 85, 57, 23, 8, 20, 28, 84, 90, 39, 73, 54, 25, 2, 94, 35, 91, 89, 80, 17, 51, 50, 32, 92, 83, 77, 86, 6, 33, 76]","[289, 272, 266, 259, 368, 275, 108, 104, 113, 316, 112, 280, 175, 354, 245, 201, 278, 187, 308, 403, 207, 346, 393, 237, 357, 210, 110, 336, 392, 226, 232, 170, 136, 358, 298, 307, 326, 119, 151, 137, 291, 228, 290, 382, 390, 101, 159, 102, 391, 401, 250, 396, 143, 181, 252, 183, 193, 371, 263, 140, 177, 367, 268, 157, 117, 190, 311, 323, 165, 224, 154, 133, 282, 374, 405, 152, 191, 156, 335, 376, 166, 334, 163, 208, 265, 258, 399, 222, 279, 180, 186, 300, 257, 216, 303, 235, 361, 168, 254, 330, 287, 295, 122, 121, 116, 145, 402, 225, 188, 118, 213, 158, 195, 331, 342, 120, 388, 302, 131, 197, 155, 153, 340, 293, 281, 123, 233, 299, 214, 199, 196, 146, 329, 332, 337, 324, 211, 312, 142, 219, 264, 377, 194, 244, 314, 221, 381, 320, 345, 387, 325, 130, 301, 384, 296, 389, 189, 111, 317, 107, 95, 209, 255, 359, 306, 246, 160, 115, 328, 380, 167, 135, 106, 124, 309, 212, 370, 284, 313, 139, 327, 132, 184, 297, 251, 364, 203, 99, 162, 227, 318, 176, 248, 148, 242, 234, 192, 238, 398, 96, 352, 198, 109, 351, 270, 247, 150, 394, 305, 294, 276, 349, 231, 127, 369, 395, 347, 229, 129, 205, 200, 319, 100, 149, 243, 185, 321, 383, 220, 103, 373, 372, 147, 134, 179, 375, 172, 363, 404, 310, 169, 230, 360, 386, 178, 273, 241, 322, 355, 286, 260, 223, 105, 171, 144, 128, 261, 138, 333, 249, 164, 125, 253, 173, 239, 343, 206, 315, 378, 353, 400, 97, 356, 338, 339, 182, 256, 218, 204, 366, 271, 365, 292, 141, 236, 267, 174, 215, 348, 277, 114, 126, 397, 385, 362, 217, 269, 344, 379, 240, 262, 288, 161, 202, 350, 304, 341, 285, 283, 98, 274]"
diversity_on_nsga2,22,-68.9,14.4,39.599999999999994,"[76, 64, 14, 41, 63, 20, 28, 69, 66, 13, 12, 45, 34, 40, 94, 9, 43, 77, 54, 1, 51, 86, 7, 61, 90, 18, 26, 37, 44, 29, 24, 11, 50, 23, 79, 72, 42, 93, 74, 59, 67, 68, 70, 47, 52, 60, 83, 62, 38, 6, 33, 87, 4, 31, 8, 89, 2, 36, 57, 15, 22, 19, 85, 39, 84, 30, 55, 46, 53, 32, 5, 16, 3, 49, 88, 91, 81, 78, 82, 80, 25, 48, 65, 35, 17, 75, 73, 27, 10, 56, 92, 71, 58, 21]","[305, 398, 96, 344, 400, 383, 245, 142, 393, 231, 382, 244, 150, 184, 247, 369, 169, 351, 192, 149, 270, 260, 292, 335, 206, 252, 109, 220, 111, 368, 211, 246, 352, 159, 238, 140, 349, 185, 271, 394, 323, 113, 357, 95, 285, 365, 276, 134, 234, 316, 283, 363, 320, 172, 257, 127, 125, 371, 350, 119, 249, 356, 315, 401, 166, 217, 200, 360, 183, 403, 336, 239, 296, 225, 147, 290, 103, 181, 114, 210, 141, 264, 101, 171, 390, 396, 100, 341, 205, 266, 301, 237, 201, 243, 389, 154, 265, 258, 282, 399, 263, 278, 279, 157, 180, 186, 267, 387, 306, 204, 253, 226, 380, 224, 388, 397, 321, 256, 319, 145, 378, 345, 302, 202, 228, 124, 189, 158, 187, 218, 236, 385, 170, 405, 343, 386, 241, 126, 133, 391, 322, 98, 330, 308, 274, 288, 326, 182, 384, 207, 164, 230, 151, 340, 392, 287, 275, 377, 110, 108, 376, 122, 129, 272, 137, 295, 188, 254, 156, 146, 268, 259, 175, 346, 358, 165, 314, 221, 381, 196, 325, 214, 235, 130, 152, 178, 216, 121, 303, 116, 143, 333, 291, 317, 107, 293, 374, 209, 255, 208, 359, 232, 199, 160, 115, 328, 167, 135, 106, 309, 153, 286, 193, 329, 310, 233, 123, 131, 174, 273, 337, 223, 372, 289, 168, 324, 373, 173, 402, 179, 194, 353, 213, 298, 191, 404, 250, 312, 299, 102, 128, 190, 375, 212, 280, 370, 144, 284, 300, 313, 139, 342, 327, 132, 240, 163, 395, 338, 297, 215, 251, 364, 307, 203, 155, 361, 277, 99, 162, 227, 318, 339, 176, 331, 229, 248, 148, 222, 242, 161, 332, 136, 269, 112, 355, 138, 362, 311, 105, 304, 118, 195, 348, 120, 367, 97, 347, 379, 334, 197, 117, 366, 354, 262, 294, 177, 104, 219, 281, 198, 261]"
diversity_on_nsga2,23,-107.9191164392746,34.9908835607254,76.08088356072543,"[9, 91, 92, 68, 77, 22, 10, 1, 17, 75, 93, 79, 72, 13, 16, 21, 3, 43, 7, 87, 24, 41, 29, 76, 15, 74, 12, 66, 27, 69, 49, 25, 36, 86, 33, 57, 63, 60, 53, 61, 8, 40, 42, 4, 50, 64, 32, 2, 94, 14, 11, 19, 46, 39, 38, 48, 83, 54, 89, 85, 82, 58, 34, 78, 59, 45, 56, 23, 73, 71, 55, 51, 80, 30, 70, 37, 81, 62, 28, 88, 67, 47, 35, 5, 6, 65, 84, 90, 31, 44, 52, 20, 18, 26]","[161, 383, 348, 107, 143, 367, 204, 132, 310, 133, 402, 304, 380, 155, 98, 312, 351, 274, 289, 151, 282, 259, 130, 359, 275, 147, 277, 343, 377, 188, 291, 221, 179, 364, 112, 189, 211, 229, 175, 354, 338, 245, 297, 346, 278, 335, 238, 140, 349, 185, 167, 271, 394, 323, 113, 357, 156, 95, 198, 285, 241, 266, 134, 234, 316, 283, 363, 325, 320, 172, 257, 127, 193, 125, 371, 350, 119, 249, 356, 315, 199, 166, 217, 200, 360, 183, 403, 239, 296, 225, 108, 290, 103, 184, 181, 114, 210, 381, 141, 333, 366, 101, 171, 390, 284, 261, 100, 102, 205, 376, 276, 301, 237, 201, 243, 389, 154, 208, 110, 164, 303, 302, 287, 148, 196, 388, 265, 177, 327, 268, 157, 227, 117, 258, 121, 165, 224, 374, 405, 191, 203, 153, 142, 264, 251, 197, 244, 314, 345, 180, 178, 368, 250, 213, 362, 138, 216, 116, 152, 396, 317, 255, 293, 306, 96, 263, 328, 106, 124, 286, 329, 321, 373, 212, 300, 375, 308, 324, 313, 336, 169, 299, 223, 128, 267, 298, 176, 395, 347, 248, 123, 222, 131, 162, 202, 158, 139, 118, 120, 342, 195, 170, 272, 144, 137, 280, 365, 341, 146, 230, 361, 326, 207, 292, 353, 387, 232, 160, 194, 305, 393, 330, 192, 401, 235, 399, 392, 219, 220, 209, 145, 226, 136, 252, 352, 231, 215, 358, 307, 126, 270, 340, 104, 111, 233, 294, 246, 372, 382, 247, 159, 391, 214, 173, 135, 369, 150, 281, 253, 109, 228, 295, 254, 122, 273, 322, 370, 355, 149, 260, 186, 105, 332, 163, 97, 386, 318, 236, 309, 99, 331, 334, 404, 218, 397, 339, 182, 190, 256, 385, 168, 311, 206, 262, 400, 384, 279, 242, 269, 344, 337, 378, 319, 187, 379, 240, 174, 398, 115, 288, 129]"
diversity_on_nsga2,24,-46.636142875,12.023857125,22.463857125,"[50, 17, 9, 83, 14, 76, 78, 65, 79, 41, 52, 18, 49, 31, 29, 25, 26, 37, 15, 36, 66, 75, 1, 72, 88, 91, 28, 40, 16, 87, 58, 93, 82, 7, 67, 62, 21, 3, 43, 24, 84, 56, 12, 53, 68, 19, 69, 32, 5, 11, 61, 63, 8, 34, 47, 38, 89, 59, 22, 60, 45, 73, 55, 30, 44, 70, 71, 27, 64, 85, 57, 23, 42, 20, 48, 4, 90, 39, 81, 54, 13, 46, 51, 94, 35, 10, 74, 80, 77, 86, 6, 33, 92, 2]","[374, 344, 250, 346, 248, 249, 132, 257, 162, 371, 370, 399, 321, 297, 191, 311, 138, 312, 142, 219, 151, 228, 198, 247, 261, 192, 305, 119, 343, 126, 217, 290, 391, 170, 322, 98, 330, 308, 288, 207, 356, 230, 340, 392, 102, 350, 225, 108, 376, 349, 272, 137, 295, 319, 351, 239, 352, 279, 274, 402, 122, 283, 382, 182, 236, 273, 387, 256, 109, 246, 381, 244, 171, 178, 133, 384, 365, 270, 345, 266, 175, 372, 397, 302, 124, 177, 150, 364, 188, 253, 226, 145, 232, 359, 316, 378, 125, 357, 242, 360, 110, 318, 398, 143, 287, 148, 181, 183, 193, 184, 265, 140, 327, 367, 268, 234, 227, 117, 190, 258, 121, 323, 165, 282, 405, 156, 335, 203, 166, 163, 211, 153, 264, 333, 377, 251, 194, 314, 221, 320, 393, 180, 325, 130, 276, 296, 186, 389, 189, 116, 284, 235, 111, 317, 107, 209, 255, 208, 306, 96, 160, 115, 328, 380, 99, 293, 294, 281, 338, 233, 299, 214, 199, 196, 146, 329, 167, 238, 135, 106, 309, 100, 286, 243, 185, 383, 220, 103, 373, 353, 147, 212, 168, 134, 179, 388, 172, 313, 213, 363, 139, 310, 169, 231, 223, 267, 298, 136, 254, 113, 176, 127, 369, 395, 347, 229, 129, 205, 200, 348, 123, 222, 332, 131, 202, 260, 241, 158, 277, 400, 355, 118, 120, 396, 342, 195, 341, 289, 144, 361, 326, 336, 379, 307, 237, 215, 187, 278, 385, 114, 161, 304, 141, 334, 285, 159, 149, 101, 155, 269, 174, 201, 331, 206, 362, 245, 403, 339, 112, 401, 368, 300, 197, 390, 252, 292, 291, 404, 95, 301, 337, 358, 303, 271, 259, 210, 164, 386, 375, 224, 152, 216, 240, 154, 157, 324, 315, 280, 173, 105, 97, 204, 218, 366, 354, 394, 262, 104, 128, 275, 263]"
diversity_on_nsga2,25,-17.967056923076925,13.672943076923078,9.832943076923078,"[45, 84, 54, 51, 86, 7, 61, 90, 24, 31, 44, 29, 18, 50, 72, 42, 74, 5, 71, 8, 41, 64, 2, 56, 48, 76, 30, 52, 22, 47, 78, 66, 10, 75, 16, 3, 28, 25, 53, 15, 77, 36, 63, 92, 4, 39, 11, 12, 17, 32, 9, 82, 94, 43, 93, 26, 19, 89, 69, 1, 34, 79, 38, 83, 13, 55, 91, 70, 37, 27, 87, 85, 57, 23, 73, 65, 35, 62, 46, 40, 6, 88, 81, 58, 67, 68, 33, 80, 14, 49, 59, 20, 60, 21]","[281, 344, 246, 335, 185, 117, 261, 367, 393, 104, 382, 219, 383, 142, 211, 311, 163, 350, 244, 140, 136, 138, 134, 220, 357, 177, 316, 197, 283, 363, 320, 172, 257, 125, 371, 323, 119, 249, 356, 166, 217, 360, 183, 239, 296, 225, 147, 290, 103, 181, 264, 171, 100, 266, 243, 389, 265, 258, 282, 399, 263, 279, 180, 186, 267, 387, 306, 253, 226, 380, 397, 321, 256, 233, 145, 378, 345, 302, 228, 124, 189, 236, 170, 405, 343, 365, 126, 133, 391, 322, 98, 330, 308, 274, 288, 182, 384, 207, 230, 151, 340, 287, 275, 377, 110, 108, 376, 122, 272, 137, 295, 188, 254, 156, 146, 268, 175, 346, 165, 314, 221, 381, 196, 325, 214, 130, 178, 121, 116, 143, 333, 235, 317, 107, 293, 374, 209, 255, 208, 359, 232, 199, 160, 115, 328, 167, 135, 106, 309, 153, 286, 193, 329, 310, 273, 223, 372, 388, 168, 373, 169, 402, 179, 194, 353, 213, 298, 191, 250, 312, 299, 102, 128, 190, 375, 212, 370, 284, 313, 139, 327, 132, 184, 297, 251, 364, 203, 99, 162, 227, 318, 176, 248, 148, 242, 234, 192, 238, 398, 96, 352, 198, 109, 351, 270, 247, 150, 394, 305, 294, 276, 349, 231, 127, 369, 395, 347, 229, 129, 205, 200, 319, 348, 123, 222, 332, 131, 202, 260, 241, 158, 277, 400, 355, 118, 120, 396, 342, 195, 338, 341, 289, 144, 361, 326, 336, 379, 307, 237, 215, 187, 278, 385, 114, 161, 304, 141, 334, 285, 159, 149, 101, 155, 269, 174, 201, 331, 206, 362, 245, 403, 339, 112, 401, 368, 300, 113, 390, 252, 292, 291, 404, 95, 301, 337, 358, 303, 271, 259, 210, 164, 386, 224, 152, 216, 240, 154, 157, 324, 315, 280, 173, 105, 97, 204, 218, 366, 354, 392, 262, 111]"
diversity_on_nsga2,26,-70.8582455,19.5817545,26.041754500000007,"[9, 91, 30, 80, 55, 10, 1, 17, 71, 75, 93, 87, 72, 13, 83, 16, 21, 3, 43, 32, 79, 24, 41, 29, 76, 15, 74, 12, 66, 27, 69, 25, 14, 33, 57, 63, 89, 60, 53, 61, 8, 42, 4, 50, 2, 94, 52, 11, 19, 46, 39, 38, 48, 40, 54, 7, 85, 82, 58, 34, 44, 59, 45, 56, 23, 73, 64, 22, 51, 68, 92, 70, 37, 81, 62, 28, 88, 67, 47, 35, 5, 6, 65, 84, 90, 31, 78, 36, 20, 49, 77, 86, 18, 26]","[275, 374, 344, 248, 371, 191, 311, 151, 192, 305, 119, 343, 290, 391, 170, 98, 308, 207, 392, 102, 350, 225, 108, 349, 272, 137, 319, 363, 236, 274, 283, 382, 182, 387, 178, 133, 231, 266, 175, 177, 364, 226, 232, 316, 357, 110, 398, 143, 181, 183, 193, 184, 140, 327, 367, 346, 268, 234, 227, 117, 190, 323, 165, 282, 405, 156, 335, 203, 166, 139, 298, 136, 113, 127, 347, 229, 200, 348, 222, 202, 158, 400, 396, 341, 289, 326, 336, 307, 237, 278, 114, 304, 285, 159, 101, 201, 362, 245, 403, 112, 401, 368, 390, 252, 291, 358, 259, 210, 224, 152, 154, 157, 280, 366, 354, 394, 138, 163, 208, 265, 258, 399, 250, 263, 279, 180, 186, 300, 257, 216, 303, 297, 235, 361, 168, 254, 318, 330, 287, 295, 176, 322, 121, 116, 239, 402, 228, 188, 118, 213, 262, 195, 331, 342, 120, 388, 302, 131, 148, 197, 395, 155, 153, 340, 99, 293, 294, 281, 338, 233, 299, 214, 199, 196, 146, 329, 332, 337, 324, 211, 312, 142, 219, 264, 377, 251, 194, 244, 314, 221, 381, 320, 345, 393, 325, 130, 301, 276, 296, 389, 189, 284, 111, 317, 107, 95, 209, 255, 359, 306, 96, 246, 160, 115, 328, 380, 167, 238, 135, 106, 124, 309, 100, 286, 243, 185, 321, 383, 220, 103, 372, 373, 147, 212, 370, 134, 179, 375, 172, 313, 132, 365, 123, 292, 404, 379, 215, 187, 385, 334, 149, 269, 174, 253, 105, 97, 218, 271, 386, 240, 315, 333, 247, 355, 206, 128, 198, 126, 171, 150, 169, 261, 288, 339, 230, 144, 376, 260, 356, 353, 267, 360, 270, 217, 397, 173, 369, 352, 256, 161, 273, 125, 378, 310, 205, 204, 129, 109, 145, 242, 241, 223, 122, 141, 277, 384, 351, 162, 164, 249, 104]"
diversity_on_nsga2,27,-104.41538439530605,34.00461560469396,71.38461560469396,"[9, 91, 30, 68, 77, 22, 10, 1, 17, 64, 75, 93, 79, 72, 13, 40, 16, 21, 43, 7, 87, 24, 41, 29, 76, 15, 74, 12, 66, 27, 69, 49, 25, 86, 56, 63, 36, 60, 53, 61, 8, 42, 4, 50, 2, 94, 14, 11, 19, 46, 39, 38, 48, 83, 54, 89, 85, 82, 58, 34, 78, 59, 45, 33, 23, 73, 71, 55, 51, 80, 92, 57, 3, 47, 70, 37, 81, 62, 28, 88, 67, 52, 35, 5, 6, 65, 84, 90, 31, 44, 32, 20, 18, 26]","[161, 362, 383, 320, 107, 143, 327, 204, 132, 310, 133, 402, 304, 380, 155, 98, 312, 351, 374, 289, 151, 282, 259, 130, 359, 368, 275, 319, 277, 343, 377, 188, 291, 221, 179, 364, 112, 189, 211, 229, 175, 354, 338, 245, 297, 346, 278, 308, 335, 238, 140, 349, 185, 167, 271, 394, 323, 113, 357, 156, 95, 198, 285, 241, 266, 134, 234, 316, 283, 363, 325, 172, 257, 127, 193, 125, 371, 350, 119, 249, 356, 315, 199, 166, 217, 200, 360, 183, 403, 336, 239, 296, 225, 147, 290, 103, 184, 181, 114, 210, 381, 141, 333, 366, 101, 171, 390, 284, 261, 100, 102, 205, 376, 276, 301, 237, 138, 243, 389, 154, 208, 110, 164, 303, 302, 287, 148, 196, 388, 265, 177, 367, 268, 157, 227, 117, 258, 121, 165, 224, 274, 405, 191, 203, 153, 142, 264, 251, 197, 244, 220, 345, 180, 348, 178, 216, 116, 152, 396, 317, 255, 293, 306, 96, 263, 328, 106, 124, 286, 329, 321, 373, 212, 300, 375, 250, 324, 313, 213, 169, 299, 223, 128, 267, 298, 176, 404, 347, 248, 123, 222, 131, 162, 202, 158, 139, 118, 120, 358, 342, 195, 170, 272, 144, 137, 280, 365, 341, 146, 230, 361, 326, 207, 292, 353, 387, 232, 160, 194, 305, 393, 330, 192, 401, 235, 399, 392, 219, 314, 209, 145, 226, 136, 252, 352, 231, 215, 307, 126, 270, 340, 104, 111, 233, 294, 246, 372, 382, 247, 159, 391, 214, 173, 135, 369, 150, 201, 281, 253, 109, 228, 295, 254, 122, 273, 322, 370, 168, 149, 260, 186, 105, 332, 163, 97, 386, 318, 236, 309, 99, 331, 334, 395, 218, 397, 339, 182, 190, 256, 385, 355, 311, 206, 262, 400, 384, 279, 242, 269, 344, 337, 378, 108, 187, 379, 240, 174, 398, 115, 288, 129]"
diversity_on_nsga2,28,-62.334352128461546,12.165647871538459,39.86564787153846,"[86, 6, 78, 33, 76, 9, 65, 55, 41, 52, 18, 49, 87, 29, 14, 8, 79, 37, 15, 36, 70, 75, 1, 43, 46, 91, 48, 40, 16, 31, 58, 93, 82, 7, 67, 62, 21, 3, 72, 24, 81, 56, 12, 53, 68, 19, 69, 13, 5, 11, 61, 63, 88, 34, 47, 71, 74, 45, 22, 60, 59, 4, 23, 30, 44, 66, 38, 27, 64, 85, 57, 26, 42, 20, 28, 84, 90, 39, 73, 54, 25, 2, 94, 35, 10, 89, 80, 17, 51, 50, 32, 92, 83, 77]","[362, 217, 242, 114, 344, 379, 240, 262, 288, 129, 161, 394, 202, 350, 304, 341, 285, 283, 98, 351, 274, 289, 272, 266, 259, 368, 275, 108, 145, 113, 316, 364, 112, 280, 229, 175, 354, 245, 201, 253, 187, 308, 403, 207, 349, 346, 387, 237, 232, 305, 192, 210, 110, 336, 319, 392, 347, 226, 357, 170, 136, 352, 231, 358, 298, 307, 326, 119, 151, 137, 291, 228, 290, 382, 390, 101, 159, 127, 102, 391, 401, 365, 396, 398, 143, 181, 252, 183, 193, 371, 263, 140, 177, 327, 367, 268, 157, 234, 227, 117, 239, 311, 323, 165, 224, 154, 133, 282, 374, 405, 152, 191, 156, 335, 376, 166, 334, 163, 208, 265, 258, 399, 222, 184, 279, 180, 186, 300, 257, 216, 303, 297, 235, 361, 168, 254, 318, 330, 287, 295, 176, 122, 121, 116, 104, 402, 225, 188, 118, 213, 158, 195, 331, 342, 120, 388, 302, 131, 148, 197, 395, 155, 153, 340, 99, 293, 294, 281, 123, 233, 299, 214, 199, 196, 146, 329, 332, 337, 324, 211, 312, 142, 219, 264, 377, 251, 194, 244, 314, 221, 381, 320, 345, 393, 325, 130, 301, 384, 296, 389, 189, 284, 111, 317, 107, 95, 209, 255, 359, 306, 96, 246, 160, 115, 328, 380, 167, 238, 135, 106, 124, 309, 100, 149, 243, 185, 321, 383, 220, 103, 373, 372, 147, 212, 370, 134, 179, 375, 172, 313, 150, 363, 404, 139, 310, 169, 230, 360, 109, 386, 178, 273, 241, 322, 355, 286, 260, 223, 105, 171, 144, 128, 200, 261, 138, 333, 249, 164, 125, 278, 173, 132, 369, 190, 247, 343, 206, 315, 378, 353, 400, 205, 97, 203, 356, 338, 162, 339, 182, 256, 218, 248, 204, 366, 271, 250, 292, 141, 270, 236, 267, 174, 215, 348, 277, 269, 126, 397, 385, 198, 276]"
diversity_on_nsga2,29,-73.1,19.61,45.7,"[91, 86, 6, 78, 33, 76, 9, 65, 79, 85, 52, 18, 49, 31, 29, 25, 38, 37, 15, 36, 66, 75, 1, 72, 88, 2, 28, 40, 16, 87, 58, 93, 82, 7, 67, 62, 21, 43, 24, 84, 56, 12, 53, 68, 19, 69, 32, 5, 11, 4, 63, 8, 34, 47, 26, 89, 59, 22, 60, 45, 73, 55, 30, 44, 70, 71, 27, 64, 41, 57, 23, 42, 20, 81, 48, 3, 90, 39, 61, 54, 13, 46, 77, 94, 35, 10, 74, 80, 17, 51, 50, 14, 92, 83]","[300, 257, 216, 303, 297, 361, 254, 330, 295, 176, 122, 145, 402, 228, 118, 213, 262, 195, 342, 120, 131, 395, 99, 332, 331, 302, 197, 155, 340, 337, 324, 312, 142, 219, 244, 381, 345, 301, 384, 95, 359, 246, 283, 207, 349, 346, 387, 237, 232, 305, 192, 210, 110, 336, 319, 392, 347, 226, 357, 170, 136, 352, 231, 358, 298, 307, 126, 119, 366, 137, 291, 225, 290, 382, 390, 101, 159, 127, 102, 391, 364, 222, 396, 123, 398, 143, 181, 252, 183, 193, 371, 184, 140, 177, 327, 367, 268, 157, 234, 227, 318, 287, 148, 265, 243, 190, 258, 121, 323, 165, 282, 405, 156, 335, 203, 166, 163, 211, 153, 264, 333, 377, 251, 194, 314, 221, 199, 393, 180, 325, 130, 276, 296, 186, 389, 189, 116, 284, 235, 111, 317, 107, 209, 255, 208, 306, 96, 160, 115, 328, 380, 188, 293, 294, 281, 338, 233, 299, 214, 320, 196, 146, 329, 167, 238, 135, 106, 309, 100, 348, 117, 185, 383, 220, 103, 373, 353, 147, 212, 168, 134, 179, 388, 172, 313, 124, 286, 321, 372, 370, 375, 150, 363, 404, 139, 310, 169, 230, 360, 109, 178, 273, 241, 322, 355, 149, 260, 223, 105, 171, 144, 128, 200, 261, 334, 249, 164, 125, 253, 173, 132, 369, 239, 247, 343, 206, 315, 378, 400, 205, 97, 376, 356, 162, 339, 182, 256, 218, 248, 204, 386, 271, 365, 292, 141, 270, 236, 267, 174, 215, 277, 114, 397, 385, 198, 362, 217, 242, 269, 344, 187, 379, 240, 158, 288, 129, 161, 394, 202, 350, 304, 341, 285, 98, 351, 274, 289, 272, 266, 259, 368, 275, 108, 104, 113, 316, 112, 280, 229, 175, 354, 245, 201, 278, 308, 403, 326, 151, 401, 263, 311, 224, 154, 133, 374, 152, 191, 138, 399, 250, 279]"
diversity_on_nsga2,30,-84.58646221403846,16.75353778596154,61.41353778596154,"[83, 77, 86, 6, 78, 33, 76, 9, 65, 29, 41, 87, 52, 18, 49, 31, 79, 25, 26, 37, 15, 36, 66, 91, 28, 40, 16, 75, 73, 82, 1, 72, 88, 7, 67, 62, 21, 3, 43, 24, 84, 58, 56, 12, 53, 68, 19, 69, 32, 5, 11, 61, 63, 8, 34, 47, 38, 89, 59, 22, 60, 45, 93, 55, 30, 44, 70, 71, 27, 64, 85, 57, 23, 42, 20, 48, 81, 90, 39, 4, 54, 13, 46, 51, 94, 35, 10, 74, 80, 17, 2, 50, 14, 92]","[362, 217, 242, 269, 344, 187, 379, 240, 158, 288, 129, 161, 394, 202, 350, 304, 341, 285, 283, 98, 351, 274, 289, 272, 266, 259, 368, 275, 108, 372, 113, 316, 364, 112, 280, 229, 175, 354, 245, 315, 278, 308, 403, 207, 349, 346, 387, 237, 232, 305, 192, 210, 110, 336, 319, 392, 347, 226, 357, 170, 136, 352, 231, 358, 298, 307, 126, 119, 151, 137, 291, 225, 290, 382, 390, 101, 159, 127, 102, 391, 401, 222, 396, 123, 398, 143, 181, 252, 183, 193, 371, 184, 140, 177, 327, 367, 268, 157, 234, 227, 117, 190, 311, 323, 165, 224, 154, 133, 282, 374, 405, 152, 191, 156, 335, 203, 166, 138, 189, 208, 265, 258, 399, 250, 263, 279, 180, 186, 267, 300, 397, 216, 303, 297, 235, 361, 168, 365, 254, 318, 330, 287, 295, 176, 122, 121, 116, 339, 145, 402, 228, 188, 118, 213, 262, 195, 331, 342, 120, 388, 302, 131, 148, 197, 395, 155, 153, 340, 99, 293, 294, 204, 281, 338, 233, 299, 182, 214, 199, 196, 146, 329, 332, 337, 324, 211, 312, 142, 219, 264, 162, 377, 251, 194, 244, 314, 221, 381, 320, 345, 393, 325, 130, 301, 276, 296, 389, 163, 284, 111, 317, 107, 95, 209, 255, 359, 306, 96, 246, 160, 115, 328, 380, 167, 238, 135, 106, 124, 309, 100, 286, 243, 185, 321, 383, 220, 103, 373, 104, 215, 147, 212, 370, 134, 179, 375, 172, 313, 150, 363, 404, 139, 310, 169, 230, 360, 109, 366, 178, 273, 241, 322, 355, 149, 260, 223, 105, 205, 171, 144, 128, 97, 376, 356, 200, 261, 334, 333, 256, 218, 248, 386, 271, 292, 249, 164, 125, 141, 270, 253, 173, 132, 236, 369, 239, 174, 247, 343, 206, 201, 378, 353, 400, 348, 277, 114, 326, 257, 385, 198, 384]"
diversity_on_nsga2,31,-98.08894264909311,26.961057350906902,67.41105735090692,"[9, 91, 30, 68, 77, 22, 10, 1, 17, 71, 75, 93, 79, 72, 13, 40, 16, 21, 3, 43, 7, 87, 24, 41, 29, 76, 15, 74, 12, 66, 27, 69, 49, 25, 52, 86, 33, 28, 63, 36, 60, 53, 61, 8, 42, 4, 50, 2, 94, 14, 11, 19, 46, 39, 38, 48, 83, 54, 89, 85, 82, 58, 34, 78, 59, 45, 56, 23, 73, 64, 55, 51, 80, 92, 70, 37, 81, 62, 57, 88, 67, 47, 35, 5, 6, 65, 84, 90, 31, 44, 32, 20, 18, 26]","[129, 161, 362, 383, 325, 107, 143, 367, 204, 132, 310, 133, 402, 304, 380, 155, 98, 312, 351, 374, 289, 151, 282, 259, 130, 359, 368, 275, 319, 277, 343, 377, 188, 291, 221, 179, 364, 112, 189, 211, 229, 175, 354, 338, 245, 297, 346, 278, 308, 335, 238, 140, 349, 185, 167, 271, 394, 323, 113, 357, 156, 95, 198, 285, 241, 266, 134, 234, 316, 283, 363, 320, 172, 257, 127, 193, 125, 371, 350, 119, 249, 356, 315, 199, 166, 217, 200, 360, 183, 403, 336, 239, 296, 225, 147, 290, 103, 184, 181, 114, 210, 381, 141, 333, 366, 101, 171, 390, 284, 261, 100, 102, 205, 376, 276, 301, 237, 201, 243, 389, 154, 208, 110, 164, 303, 302, 287, 148, 196, 388, 265, 177, 327, 268, 157, 227, 117, 258, 121, 165, 224, 274, 405, 191, 203, 153, 142, 264, 251, 197, 244, 314, 345, 180, 348, 178, 216, 116, 152, 396, 317, 255, 293, 306, 96, 263, 328, 106, 124, 286, 329, 321, 373, 212, 300, 375, 250, 324, 313, 213, 169, 299, 223, 128, 267, 298, 176, 395, 347, 248, 123, 222, 131, 162, 202, 158, 139, 118, 120, 342, 195, 170, 272, 144, 137, 280, 365, 341, 146, 230, 361, 326, 207, 292, 353, 387, 232, 160, 194, 305, 393, 330, 192, 401, 235, 399, 392, 219, 220, 209, 145, 226, 136, 252, 352, 231, 215, 358, 307, 126, 270, 340, 104, 111, 233, 294, 246, 372, 382, 247, 159, 391, 214, 173, 135, 369, 150, 138, 281, 253, 109, 228, 295, 254, 122, 273, 322, 370, 355, 149, 260, 186, 105, 332, 163, 97, 386, 318, 236, 309, 99, 331, 334, 404, 218, 397, 339, 182, 190, 256, 385, 168, 311, 206, 262, 400, 384, 279, 242, 269, 344, 337, 378, 108, 187, 379, 240, 174, 398, 115, 288]"
diversity_on_nsga2,32,-5.412476930423408,8.74752306957659,15.28752306957659,"[74, 49, 33, 78, 51, 52, 69, 66, 28, 16, 75, 93, 82, 1, 72, 88, 67, 62, 21, 43, 24, 84, 58, 12, 53, 19, 32, 5, 11, 61, 8, 38, 89, 59, 60, 71, 85, 20, 42, 55, 70, 37, 27, 87, 63, 7, 39, 68, 56, 14, 6, 65, 83, 18, 9, 48, 40, 77, 23, 10, 79, 50, 80, 2, 17, 86, 44, 47, 57, 30, 22, 64, 45, 73, 29, 92, 26, 4, 46, 35, 90, 31, 25, 81, 15, 36, 94, 54, 91, 13, 34, 3, 41, 76]","[167, 271, 394, 323, 113, 156, 95, 198, 189, 234, 363, 320, 172, 257, 117, 179, 371, 119, 356, 315, 199, 166, 183, 403, 336, 296, 147, 290, 103, 184, 181, 114, 210, 141, 130, 366, 101, 390, 284, 261, 100, 102, 376, 350, 225, 108, 349, 256, 137, 295, 319, 221, 146, 239, 352, 279, 274, 402, 122, 283, 382, 182, 387, 272, 109, 246, 381, 244, 178, 384, 231, 345, 266, 175, 372, 397, 177, 150, 364, 188, 253, 226, 145, 232, 359, 316, 378, 125, 357, 242, 360, 276, 301, 201, 243, 389, 154, 208, 110, 164, 303, 287, 148, 196, 388, 265, 327, 227, 127, 258, 121, 165, 224, 405, 191, 203, 153, 142, 264, 251, 314, 180, 116, 396, 293, 169, 306, 96, 263, 328, 106, 286, 329, 321, 373, 212, 300, 375, 250, 324, 313, 213, 255, 299, 223, 128, 267, 298, 347, 248, 123, 222, 162, 358, 170, 325, 280, 365, 230, 207, 292, 353, 160, 194, 254, 176, 369, 395, 129, 200, 348, 332, 131, 202, 241, 158, 277, 400, 118, 134, 249, 217, 171, 302, 157, 374, 197, 216, 124, 205, 334, 139, 273, 268, 322, 355, 260, 105, 144, 120, 342, 195, 341, 289, 361, 326, 379, 305, 393, 330, 192, 401, 235, 399, 392, 219, 220, 209, 136, 252, 215, 307, 126, 270, 340, 104, 111, 362, 294, 247, 159, 391, 214, 173, 135, 317, 138, 281, 228, 370, 149, 186, 163, 97, 386, 318, 236, 309, 99, 331, 404, 218, 339, 190, 385, 168, 311, 206, 262, 237, 269, 344, 337, 187, 240, 174, 398, 115, 288, 161, 233, 383, 107, 143, 367, 204, 132, 310, 133, 304, 380, 155, 98, 312, 351, 151, 282, 259, 152, 333, 368, 275, 343, 377, 291, 193, 112, 285, 211, 229, 354, 338, 245, 297, 346, 278, 308, 335, 238, 140, 185]"
diversity_on_nsga2,33,-53.176730668749386,13.073269331250625,32.32326933125062,"[17, 36, 66, 91, 16, 84, 42, 33, 21, 32, 53, 67, 48, 3, 54, 58, 65, 35, 46, 72, 71, 28, 45, 22, 24, 75, 57, 50, 4, 11, 12, 60, 82, 43, 26, 19, 89, 1, 38, 83, 85, 79, 44, 20, 78, 61, 93, 15, 88, 74, 34, 94, 69, 76, 64, 62, 39, 86, 2, 5, 51, 13, 55, 70, 37, 27, 87, 30, 23, 73, 63, 7, 80, 47, 68, 29, 56, 14, 90, 8, 81, 9, 10, 40, 49, 77, 6, 59, 92, 41, 52, 18, 31, 25]","[275, 263, 374, 344, 388, 346, 248, 249, 132, 257, 162, 371, 370, 399, 321, 297, 365, 311, 138, 216, 142, 219, 151, 228, 281, 314, 115, 377, 247, 261, 192, 305, 119, 343, 126, 217, 290, 391, 170, 322, 98, 330, 308, 288, 207, 356, 110, 340, 392, 102, 350, 225, 108, 349, 272, 137, 295, 319, 221, 146, 239, 352, 279, 274, 402, 122, 283, 382, 182, 273, 387, 256, 109, 246, 381, 244, 171, 178, 355, 384, 231, 345, 266, 175, 372, 397, 302, 124, 177, 150, 364, 188, 253, 226, 145, 232, 359, 316, 378, 125, 357, 242, 360, 230, 318, 398, 143, 287, 148, 181, 196, 183, 193, 184, 265, 140, 327, 367, 99, 268, 234, 227, 117, 190, 258, 121, 323, 165, 282, 405, 214, 156, 335, 203, 166, 163, 211, 153, 264, 333, 251, 194, 198, 351, 320, 393, 180, 325, 130, 276, 296, 186, 389, 189, 116, 284, 235, 111, 317, 107, 293, 209, 255, 208, 306, 199, 96, 160, 375, 328, 380, 167, 238, 135, 106, 309, 100, 286, 243, 329, 185, 139, 220, 103, 373, 353, 147, 212, 168, 134, 179, 250, 172, 313, 213, 363, 383, 218, 169, 299, 223, 298, 136, 254, 113, 176, 127, 369, 395, 347, 229, 129, 205, 200, 233, 348, 123, 222, 332, 131, 202, 260, 241, 158, 277, 400, 133, 118, 120, 396, 342, 195, 338, 341, 289, 144, 361, 326, 336, 379, 307, 237, 215, 187, 278, 385, 114, 161, 304, 334, 285, 159, 149, 101, 155, 269, 174, 201, 331, 206, 376, 191, 292, 141, 270, 236, 267, 362, 245, 403, 339, 112, 401, 368, 300, 197, 390, 252, 291, 404, 95, 301, 337, 358, 303, 271, 259, 210, 164, 386, 224, 152, 312, 240, 154, 157, 324, 315, 280, 173, 105, 97, 204, 310, 366, 354, 394, 262, 294, 104, 128]"
diversity_on_nsga2,34,-95.90957471750909,23.830425282490925,69.79042528249093,"[9, 91, 30, 68, 77, 22, 10, 1, 17, 71, 75, 93, 79, 72, 13, 81, 16, 21, 3, 43, 7, 87, 24, 41, 29, 76, 15, 74, 12, 66, 27, 69, 49, 25, 52, 86, 33, 57, 63, 32, 60, 53, 61, 8, 42, 4, 50, 2, 94, 14, 11, 19, 46, 39, 38, 48, 40, 54, 89, 85, 82, 58, 34, 78, 59, 45, 56, 23, 73, 64, 55, 51, 80, 92, 70, 37, 83, 62, 28, 88, 67, 47, 35, 5, 6, 65, 84, 90, 31, 44, 36, 20, 18, 26]","[108, 309, 362, 383, 325, 107, 143, 367, 204, 132, 310, 133, 402, 304, 380, 155, 98, 312, 351, 374, 289, 151, 282, 259, 130, 359, 368, 275, 319, 277, 343, 377, 188, 291, 221, 179, 364, 112, 189, 211, 229, 175, 354, 338, 245, 297, 346, 278, 308, 335, 238, 140, 349, 185, 167, 271, 394, 323, 113, 357, 156, 95, 198, 285, 241, 266, 134, 234, 316, 283, 363, 320, 172, 257, 127, 193, 125, 371, 350, 119, 249, 356, 315, 199, 166, 217, 200, 360, 183, 403, 336, 239, 296, 225, 147, 290, 103, 184, 181, 114, 210, 381, 141, 333, 366, 101, 171, 390, 284, 261, 100, 102, 205, 376, 276, 301, 237, 201, 243, 389, 154, 208, 110, 164, 303, 302, 287, 148, 196, 388, 265, 177, 327, 268, 157, 227, 117, 258, 121, 165, 224, 405, 191, 203, 153, 142, 264, 251, 197, 244, 314, 345, 180, 178, 216, 116, 396, 317, 293, 255, 306, 96, 263, 328, 106, 124, 286, 329, 321, 373, 212, 300, 375, 250, 324, 313, 213, 169, 299, 223, 128, 267, 298, 176, 395, 347, 248, 123, 222, 131, 162, 202, 158, 139, 118, 120, 342, 195, 170, 272, 144, 137, 280, 365, 341, 146, 230, 361, 326, 207, 292, 353, 387, 232, 160, 194, 305, 393, 330, 192, 401, 235, 399, 392, 219, 220, 209, 145, 226, 136, 252, 352, 231, 372, 358, 307, 126, 270, 340, 104, 111, 294, 246, 215, 382, 247, 159, 391, 214, 173, 135, 369, 150, 138, 281, 253, 109, 228, 295, 254, 122, 273, 322, 370, 355, 149, 260, 186, 105, 332, 163, 97, 386, 318, 236, 99, 331, 334, 404, 218, 397, 339, 182, 190, 256, 385, 168, 311, 206, 262, 400, 384, 279, 242, 269, 344, 337, 378, 187, 379, 240, 174, 398, 115, 288, 129, 161, 233, 348, 274, 152]"
diversity_on_nsga2,35,-49.001426099999996,12.5585739,24.298573899999997,"[43, 60, 7, 83, 71, 8, 48, 30, 50, 66, 82, 16, 29, 12, 32, 53, 11, 15, 19, 36, 38, 52, 3, 65, 90, 26, 45, 89, 42, 25, 6, 92, 58, 14, 10, 41, 1, 24, 18, 79, 85, 75, 44, 20, 78, 61, 93, 17, 88, 74, 34, 94, 69, 76, 64, 62, 39, 86, 2, 5, 51, 13, 55, 70, 37, 27, 87, 23, 73, 63, 22, 21, 80, 47, 68, 54, 84, 49, 9, 4, 77, 46, 56, 59, 72, 28, 40, 31, 67, 35, 33, 81, 91, 57]","[344, 217, 350, 161, 285, 402, 304, 155, 283, 351, 266, 113, 112, 201, 207, 349, 387, 237, 192, 210, 392, 226, 357, 136, 352, 118, 298, 126, 151, 225, 382, 390, 195, 131, 102, 401, 200, 398, 143, 287, 196, 183, 371, 184, 140, 177, 119, 117, 258, 282, 405, 214, 191, 156, 335, 166, 138, 163, 211, 153, 333, 377, 194, 314, 221, 320, 345, 180, 325, 276, 296, 186, 284, 235, 317, 293, 255, 208, 359, 306, 300, 263, 160, 115, 328, 380, 238, 135, 100, 243, 383, 220, 103, 372, 353, 337, 356, 168, 179, 96, 375, 172, 250, 269, 343, 247, 384, 253, 197, 278, 239, 360, 125, 379, 145, 245, 355, 291, 275, 209, 150, 241, 181, 305, 146, 251, 120, 391, 121, 312, 309, 289, 299, 327, 107, 341, 232, 264, 124, 362, 332, 212, 281, 231, 338, 99, 142, 159, 310, 326, 137, 144, 373, 108, 234, 185, 188, 249, 199, 361, 175, 334, 279, 367, 260, 233, 329, 265, 364, 229, 178, 134, 246, 165, 272, 158, 340, 395, 358, 308, 147, 189, 133, 101, 128, 311, 313, 381, 295, 316, 219, 106, 389, 132, 403, 98, 116, 95, 268, 169, 330, 301, 393, 396, 252, 203, 130, 319, 257, 388, 297, 114, 176, 399, 302, 148, 307, 111, 190, 400, 346, 273, 222, 170, 274, 206, 397, 321, 261, 347, 331, 110, 193, 368, 223, 385, 171, 244, 378, 374, 127, 318, 323, 227, 369, 286, 290, 336, 213, 174, 404, 139, 230, 109, 228, 254, 122, 322, 149, 205, 376, 365, 292, 141, 270, 236, 267, 342, 187, 202, 198, 348, 288, 215, 129, 277, 242, 303, 271, 259, 167, 164, 386, 224, 370, 123, 162, 339, 182, 256, 218, 248, 204, 152, 216, 240, 154, 157, 324, 315, 280, 173, 105, 97, 366, 354, 394, 262, 294, 104, 363]"
diversity_on_nsga2,36,-44.558128925,10.731871075,28.441871074999998,"[6, 78, 33, 76, 9, 65, 41, 29, 64, 52, 18, 49, 69, 84, 31, 74, 25, 26, 91, 36, 66, 15, 10, 93, 22, 24, 30, 43, 60, 21, 32, 39, 71, 3, 14, 83, 68, 90, 48, 40, 54, 89, 61, 8, 42, 4, 50, 2, 94, 45, 58, 7, 59, 82, 56, 37, 63, 51, 80, 92, 34, 16, 38, 11, 13, 55, 44, 70, 73, 27, 87, 85, 57, 35, 19, 81, 62, 53, 88, 67, 47, 23, 5, 12, 17, 46, 20, 28, 75, 72, 79, 1, 77, 86]","[382, 179, 236, 273, 387, 256, 109, 246, 133, 384, 365, 231, 266, 175, 187, 397, 150, 364, 188, 253, 226, 145, 232, 359, 316, 378, 125, 357, 242, 318, 398, 143, 193, 140, 367, 99, 234, 156, 323, 282, 214, 350, 400, 195, 170, 272, 144, 137, 280, 341, 146, 230, 361, 326, 337, 215, 334, 386, 274, 358, 289, 221, 294, 338, 305, 278, 105, 354, 307, 372, 132, 98, 277, 331, 207, 182, 228, 392, 126, 97, 240, 254, 308, 322, 130, 186, 217, 200, 360, 183, 403, 336, 239, 296, 225, 147, 290, 103, 184, 181, 114, 210, 381, 141, 333, 366, 101, 171, 390, 284, 261, 100, 102, 205, 376, 276, 301, 237, 201, 243, 389, 154, 208, 110, 164, 303, 302, 287, 148, 196, 388, 265, 177, 327, 268, 157, 227, 117, 258, 121, 165, 224, 374, 405, 191, 203, 153, 142, 264, 251, 197, 244, 314, 345, 180, 325, 178, 216, 116, 396, 317, 293, 255, 306, 96, 263, 328, 106, 124, 286, 329, 321, 373, 368, 300, 375, 250, 324, 313, 213, 169, 299, 223, 128, 267, 298, 176, 395, 347, 248, 123, 222, 131, 162, 202, 158, 139, 118, 120, 342, 189, 111, 107, 95, 209, 199, 160, 115, 380, 167, 135, 309, 185, 332, 383, 220, 235, 346, 340, 281, 259, 297, 330, 339, 161, 108, 218, 362, 262, 204, 353, 370, 168, 229, 104, 174, 312, 136, 245, 288, 311, 379, 295, 129, 355, 219, 343, 138, 393, 399, 310, 344, 112, 275, 319, 385, 304, 377, 152, 155, 404, 151, 233, 163, 247, 369, 291, 173, 351, 192, 149, 270, 260, 292, 335, 206, 252, 194, 211, 391, 113, 159, 238, 349, 271, 394, 348, 190, 198, 285, 241, 134, 363, 320, 172, 257, 127, 371, 119, 249, 356, 315, 401, 166, 212, 352, 279, 269, 402, 122, 283]"
diversity_on_nsga2,37,-51.4827265276923,12.357273472307693,31.517273472307693,"[15, 36, 43, 91, 48, 16, 82, 7, 81, 12, 53, 19, 11, 71, 60, 30, 66, 38, 57, 50, 32, 52, 3, 65, 90, 26, 45, 89, 42, 25, 6, 92, 58, 14, 10, 41, 1, 24, 18, 79, 85, 75, 44, 20, 78, 61, 93, 17, 88, 74, 34, 94, 69, 76, 64, 62, 39, 86, 2, 5, 51, 13, 55, 70, 37, 27, 87, 23, 73, 63, 22, 21, 80, 47, 68, 54, 84, 49, 9, 4, 77, 46, 56, 59, 72, 28, 40, 31, 67, 35, 33, 83, 29, 8]","[242, 114, 344, 379, 240, 150, 288, 129, 161, 394, 202, 350, 304, 341, 285, 283, 98, 351, 274, 289, 272, 266, 259, 368, 275, 108, 145, 113, 316, 364, 112, 280, 229, 175, 354, 245, 201, 253, 187, 308, 104, 207, 349, 346, 387, 237, 232, 305, 192, 210, 110, 319, 392, 347, 226, 357, 170, 136, 352, 231, 358, 298, 307, 326, 119, 151, 137, 291, 228, 382, 390, 101, 159, 102, 391, 401, 365, 396, 398, 143, 181, 252, 183, 193, 371, 263, 140, 177, 327, 367, 268, 157, 234, 117, 239, 311, 165, 224, 154, 133, 282, 374, 405, 152, 191, 156, 335, 376, 166, 334, 163, 208, 265, 258, 399, 222, 184, 279, 180, 186, 300, 257, 216, 303, 297, 235, 361, 168, 254, 284, 287, 295, 176, 122, 121, 116, 403, 402, 225, 188, 118, 213, 158, 195, 331, 342, 120, 388, 302, 131, 148, 197, 395, 155, 153, 340, 99, 293, 294, 281, 123, 233, 299, 214, 199, 196, 146, 329, 332, 337, 324, 211, 312, 142, 219, 264, 377, 185, 194, 244, 314, 221, 381, 320, 345, 393, 325, 130, 301, 384, 296, 389, 189, 330, 111, 317, 107, 95, 209, 255, 359, 306, 96, 246, 160, 115, 328, 380, 167, 238, 135, 106, 124, 309, 100, 149, 243, 251, 321, 383, 220, 103, 373, 372, 147, 212, 370, 134, 179, 375, 172, 313, 262, 363, 404, 139, 310, 169, 230, 360, 127, 318, 323, 227, 369, 286, 290, 336, 109, 386, 178, 273, 241, 322, 355, 260, 223, 105, 171, 144, 128, 200, 261, 138, 333, 249, 164, 125, 278, 173, 132, 190, 247, 343, 206, 315, 378, 353, 400, 205, 97, 203, 356, 338, 162, 339, 182, 256, 218, 248, 204, 366, 271, 250, 292, 141, 270, 236, 267, 174, 215, 348, 277, 269, 126, 397, 385, 198, 276, 362, 217]"
diversity_on_nsga2,38,-23.015540624999996,6.604459374999999,22.984459375,"[60, 42, 4, 50, 11, 52, 48, 59, 45, 73, 22, 80, 28, 67, 65, 10, 79, 72, 43, 2, 77, 87, 69, 93, 1, 82, 39, 88, 70, 7, 13, 62, 83, 3, 17, 71, 24, 89, 74, 85, 84, 58, 56, 12, 53, 68, 19, 75, 32, 5, 94, 26, 34, 38, 55, 44, 37, 27, 57, 23, 64, 63, 51, 47, 14, 90, 8, 81, 40, 86, 6, 78, 61, 92, 31, 25, 15, 66, 91, 16, 36, 54, 35, 20, 49, 18, 9, 30, 21, 41, 29, 76, 46, 33]","[191, 311, 151, 192, 305, 119, 343, 290, 391, 98, 308, 207, 392, 102, 350, 225, 108, 349, 272, 319, 363, 352, 274, 283, 382, 182, 387, 178, 133, 266, 175, 177, 364, 232, 316, 357, 110, 399, 143, 181, 183, 193, 184, 140, 327, 367, 346, 268, 209, 227, 117, 190, 323, 165, 282, 405, 156, 335, 203, 166, 139, 113, 127, 347, 229, 200, 348, 222, 202, 158, 400, 396, 341, 289, 326, 336, 237, 278, 114, 304, 285, 332, 101, 201, 362, 245, 403, 112, 401, 368, 390, 252, 291, 259, 210, 224, 152, 154, 157, 280, 366, 354, 394, 138, 163, 208, 265, 258, 398, 250, 263, 279, 186, 300, 257, 216, 303, 297, 235, 361, 168, 254, 318, 330, 287, 295, 176, 322, 116, 402, 228, 188, 262, 195, 331, 342, 120, 388, 302, 131, 148, 197, 395, 155, 153, 99, 293, 294, 281, 338, 233, 299, 219, 220, 234, 145, 226, 170, 136, 213, 118, 180, 231, 121, 358, 298, 307, 244, 340, 137, 104, 214, 199, 196, 146, 329, 159, 337, 324, 211, 312, 142, 264, 377, 251, 194, 314, 221, 381, 320, 345, 393, 325, 130, 301, 276, 296, 389, 189, 284, 111, 317, 107, 95, 255, 359, 306, 96, 246, 160, 115, 328, 380, 167, 238, 135, 106, 124, 309, 100, 286, 243, 185, 321, 383, 103, 372, 373, 147, 212, 370, 134, 179, 375, 172, 313, 132, 365, 123, 292, 404, 379, 215, 187, 385, 334, 149, 269, 174, 253, 105, 97, 218, 271, 386, 240, 315, 333, 247, 355, 206, 128, 198, 126, 171, 150, 169, 261, 288, 339, 230, 144, 376, 260, 356, 353, 267, 360, 270, 217, 397, 173, 369, 236, 256, 161, 273, 125, 378, 310, 205, 204, 129, 109, 239, 242, 241, 223, 122, 141, 277, 384, 351, 162, 164, 249, 275, 374, 344, 248, 371]"
diversity_on_nsga2,39,-57.753891625000016,17.626108375,32.046108374999996,"[31, 53, 74, 29, 49, 6, 17, 25, 81, 37, 15, 36, 60, 75, 72, 88, 94, 28, 87, 83, 93, 82, 54, 67, 62, 21, 3, 43, 27, 84, 12, 78, 19, 56, 68, 69, 73, 42, 91, 1, 55, 57, 70, 51, 24, 71, 41, 13, 32, 5, 11, 61, 63, 8, 34, 47, 38, 89, 59, 22, 66, 45, 58, 7, 64, 52, 85, 76, 65, 14, 33, 39, 44, 20, 18, 92, 26, 9, 48, 30, 4, 40, 46, 77, 16, 35, 90, 23, 10, 79, 50, 80, 2, 86]","[354, 139, 192, 273, 141, 238, 398, 257, 96, 386, 328, 187, 366, 112, 179, 352, 202, 376, 97, 105, 256, 135, 263, 118, 126, 348, 213, 288, 109, 215, 255, 351, 298, 236, 201, 404, 208, 228, 129, 380, 250, 269, 247, 384, 253, 278, 239, 360, 125, 145, 245, 355, 291, 275, 209, 150, 315, 305, 146, 309, 289, 299, 294, 341, 232, 258, 307, 349, 387, 231, 115, 365, 345, 175, 372, 397, 302, 124, 364, 188, 226, 359, 316, 378, 357, 242, 110, 318, 143, 287, 148, 181, 196, 183, 193, 184, 265, 140, 335, 293, 199, 210, 375, 106, 100, 286, 243, 329, 185, 220, 103, 119, 147, 394, 327, 367, 99, 268, 234, 227, 117, 190, 132, 121, 282, 323, 405, 214, 156, 306, 203, 166, 163, 211, 153, 264, 333, 177, 251, 194, 221, 320, 393, 180, 325, 130, 276, 296, 186, 389, 189, 116, 284, 235, 111, 317, 107, 212, 168, 134, 172, 313, 363, 383, 310, 169, 223, 267, 136, 254, 113, 176, 369, 395, 347, 229, 205, 200, 233, 123, 222, 332, 131, 260, 241, 158, 400, 120, 396, 342, 195, 338, 144, 361, 326, 336, 379, 237, 385, 114, 292, 270, 174, 277, 198, 266, 290, 127, 102, 165, 161, 304, 334, 285, 159, 149, 101, 155, 331, 206, 362, 403, 339, 401, 368, 300, 197, 252, 95, 301, 337, 358, 303, 271, 259, 167, 164, 224, 152, 216, 240, 154, 157, 324, 280, 173, 204, 218, 262, 104, 128, 374, 344, 388, 346, 249, 162, 371, 370, 399, 321, 297, 191, 311, 138, 312, 142, 219, 151, 281, 314, 261, 373, 343, 217, 391, 170, 322, 98, 330, 308, 207, 356, 230, 340, 350, 225, 108, 377, 248, 392, 272, 137, 295, 319, 390, 279, 274, 402, 122, 283, 382, 182, 353, 246, 381, 244, 171, 178, 133, 160]"
diversity_on_nsga2,40,-51.09989647778635,10.30010352221365,36.20010352221365,"[32, 48, 54, 65, 35, 46, 72, 71, 81, 45, 22, 75, 57, 50, 4, 60, 31, 89, 1, 38, 83, 85, 79, 44, 20, 78, 15, 88, 74, 34, 58, 93, 82, 7, 67, 62, 21, 3, 43, 24, 28, 56, 12, 53, 68, 19, 69, 13, 5, 11, 61, 94, 76, 64, 39, 86, 2, 51, 55, 70, 37, 27, 87, 30, 23, 73, 63, 80, 47, 29, 14, 90, 8, 9, 10, 40, 49, 77, 6, 59, 92, 41, 52, 18, 26, 25, 17, 36, 66, 91, 16, 84, 42, 33]","[374, 344, 388, 346, 248, 249, 132, 257, 162, 371, 370, 399, 321, 297, 365, 311, 138, 216, 142, 219, 151, 228, 281, 314, 115, 377, 247, 261, 192, 305, 119, 343, 126, 217, 290, 391, 170, 322, 98, 308, 288, 207, 356, 110, 340, 392, 102, 350, 108, 349, 272, 137, 319, 221, 146, 239, 352, 279, 274, 283, 382, 182, 273, 387, 256, 109, 246, 381, 244, 171, 178, 355, 384, 231, 345, 266, 304, 372, 397, 302, 341, 177, 150, 364, 253, 226, 232, 359, 316, 378, 125, 357, 242, 360, 230, 398, 143, 148, 181, 196, 183, 193, 184, 265, 140, 327, 367, 99, 299, 234, 227, 117, 190, 258, 323, 165, 282, 405, 214, 156, 335, 203, 166, 163, 211, 153, 264, 333, 251, 194, 198, 351, 320, 393, 180, 325, 318, 330, 287, 295, 176, 122, 121, 116, 145, 402, 225, 188, 130, 276, 296, 186, 389, 189, 284, 235, 111, 317, 107, 293, 209, 255, 208, 306, 199, 96, 160, 375, 328, 380, 167, 238, 135, 106, 309, 100, 286, 243, 329, 185, 139, 220, 103, 373, 353, 147, 212, 168, 134, 179, 250, 172, 313, 213, 363, 383, 218, 169, 268, 223, 298, 136, 254, 113, 127, 369, 395, 347, 229, 129, 205, 200, 233, 348, 123, 222, 332, 131, 202, 260, 241, 158, 277, 400, 133, 118, 120, 396, 342, 195, 338, 124, 289, 144, 361, 326, 336, 379, 307, 237, 215, 187, 278, 385, 114, 161, 175, 334, 285, 159, 149, 101, 155, 269, 174, 201, 331, 206, 376, 191, 292, 141, 270, 236, 267, 362, 245, 403, 339, 112, 401, 368, 300, 197, 390, 252, 291, 404, 95, 301, 337, 358, 303, 271, 259, 210, 164, 386, 224, 152, 312, 240, 154, 157, 324, 315, 280, 173, 105, 97, 204, 310, 366, 354, 394, 262, 294, 104, 128, 275, 263]"
diversity_on_nsga2,41,-62.488236175000004,18.061763824999996,33.911763825,"[76, 64, 14, 41, 63, 20, 28, 69, 66, 59, 12, 45, 34, 40, 65, 9, 43, 77, 54, 1, 51, 86, 7, 61, 90, 18, 57, 31, 44, 29, 24, 11, 50, 23, 79, 49, 42, 93, 74, 13, 6, 68, 70, 47, 52, 60, 91, 62, 38, 21, 33, 87, 4, 37, 8, 89, 2, 36, 26, 15, 22, 19, 27, 39, 84, 30, 75, 16, 3, 25, 32, 53, 73, 92, 85, 94, 35, 72, 17, 46, 88, 81, 58, 67, 80, 55, 82, 5, 83, 71, 56, 48, 78, 10]","[354, 139, 192, 273, 141, 238, 398, 257, 333, 96, 386, 328, 292, 187, 366, 179, 345, 202, 376, 198, 97, 105, 353, 135, 263, 317, 118, 126, 348, 213, 288, 109, 255, 351, 306, 298, 236, 270, 201, 404, 208, 228, 129, 380, 250, 247, 384, 253, 278, 239, 360, 125, 145, 245, 325, 275, 209, 150, 394, 315, 305, 146, 309, 289, 299, 294, 107, 341, 232, 276, 349, 387, 149, 115, 392, 369, 358, 111, 110, 400, 128, 379, 210, 303, 175, 371, 172, 295, 188, 321, 106, 169, 324, 254, 308, 167, 322, 279, 235, 225, 372, 346, 356, 281, 329, 290, 174, 344, 271, 259, 280, 266, 370, 159, 127, 195, 131, 102, 391, 401, 120, 260, 103, 178, 246, 121, 191, 144, 300, 122, 218, 335, 243, 173, 183, 221, 137, 185, 117, 190, 388, 231, 193, 286, 304, 194, 402, 165, 287, 156, 184, 261, 262, 114, 284, 164, 143, 367, 182, 180, 181, 314, 100, 313, 363, 212, 158, 393, 256, 189, 133, 101, 166, 224, 153, 326, 204, 377, 104, 200, 123, 390, 241, 282, 396, 381, 365, 312, 296, 168, 382, 336, 399, 375, 405, 265, 274, 383, 147, 142, 267, 319, 237, 283, 268, 98, 285, 320, 211, 119, 310, 337, 113, 230, 199, 340, 170, 108, 373, 311, 258, 323, 244, 214, 272, 350, 140, 217, 334, 151, 205, 134, 206, 154, 157, 223, 264, 220, 152, 252, 291, 357, 171, 196, 293, 352, 95, 397, 302, 124, 219, 342, 327, 132, 240, 163, 395, 338, 297, 215, 251, 364, 307, 203, 155, 361, 277, 99, 162, 227, 318, 339, 176, 331, 229, 248, 148, 222, 242, 161, 332, 136, 269, 112, 355, 138, 177, 403, 226, 216, 359, 316, 378, 374, 368, 343, 130, 330, 197, 385, 389, 301, 186, 362, 249, 116, 234, 233, 207, 347, 160]"
diversity_on_nsga2,42,-2.190958973581651,8.559041026418349,10.909041026418349,"[49, 52, 86, 33, 63, 32, 60, 53, 61, 14, 39, 57, 74, 92, 85, 25, 38, 37, 15, 36, 66, 75, 1, 72, 88, 50, 28, 40, 16, 87, 58, 93, 82, 7, 67, 62, 21, 3, 43, 24, 84, 42, 4, 2, 94, 11, 19, 46, 8, 48, 54, 89, 34, 44, 59, 45, 56, 23, 73, 64, 22, 51, 78, 26, 55, 80, 70, 81, 47, 35, 5, 6, 65, 90, 31, 20, 18, 9, 91, 30, 68, 77, 10, 17, 71, 79, 13, 83, 41, 29, 76, 12, 27, 69]","[239, 296, 225, 147, 290, 103, 381, 141, 333, 366, 171, 284, 261, 100, 102, 205, 376, 276, 301, 243, 389, 349, 272, 137, 319, 363, 352, 274, 382, 196, 387, 178, 133, 231, 266, 175, 177, 364, 226, 232, 316, 357, 110, 398, 143, 181, 183, 399, 184, 140, 327, 367, 346, 268, 234, 227, 117, 190, 323, 165, 282, 405, 156, 335, 203, 166, 139, 298, 136, 113, 127, 347, 229, 200, 348, 222, 202, 158, 400, 396, 341, 289, 326, 336, 307, 237, 278, 114, 304, 285, 159, 101, 201, 362, 245, 403, 112, 215, 368, 390, 252, 291, 358, 259, 210, 224, 152, 154, 157, 280, 386, 354, 394, 138, 163, 208, 265, 258, 193, 164, 303, 302, 287, 148, 182, 388, 121, 374, 191, 153, 142, 264, 251, 197, 244, 314, 345, 180, 325, 216, 116, 292, 317, 293, 255, 306, 96, 263, 328, 106, 124, 286, 329, 321, 373, 212, 300, 375, 250, 324, 313, 213, 169, 299, 223, 128, 267, 176, 395, 248, 123, 131, 162, 118, 120, 342, 195, 170, 144, 365, 146, 230, 361, 207, 353, 160, 194, 305, 393, 330, 192, 130, 402, 401, 235, 392, 219, 220, 209, 145, 126, 270, 340, 104, 111, 294, 246, 372, 247, 391, 214, 173, 135, 369, 150, 281, 253, 109, 228, 295, 254, 122, 273, 322, 370, 355, 149, 260, 186, 105, 332, 97, 318, 236, 309, 99, 331, 334, 404, 218, 397, 339, 256, 385, 168, 311, 206, 262, 384, 279, 242, 269, 344, 337, 378, 187, 379, 240, 174, 115, 288, 129, 161, 233, 383, 107, 204, 132, 310, 167, 380, 155, 98, 312, 351, 151, 359, 275, 108, 277, 343, 377, 188, 221, 179, 189, 211, 338, 297, 238, 185, 271, 95, 198, 241, 134, 308, 283, 320, 172, 257, 125, 371, 350, 119, 249, 356, 315, 199, 217, 360]"
diversity_on_nsga2,43,-42.94039871820513,26.01960128179487,14.25960128179487,"[3, 50, 83, 55, 76, 87, 29, 14, 49, 77, 86, 6, 78, 33, 79, 37, 15, 36, 70, 75, 1, 72, 88, 91, 28, 40, 16, 31, 93, 82, 7, 67, 62, 21, 65, 43, 24, 81, 56, 12, 53, 68, 19, 69, 58, 35, 46, 13, 5, 11, 61, 63, 8, 34, 39, 71, 74, 59, 22, 60, 45, 4, 26, 30, 44, 66, 38, 27, 64, 85, 57, 23, 42, 20, 48, 84, 90, 47, 73, 54, 25, 2, 94, 10, 89, 80, 17, 51, 92, 41, 52, 9, 32, 18]","[133, 160, 354, 139, 192, 273, 238, 398, 333, 96, 386, 328, 292, 187, 366, 112, 179, 352, 202, 376, 97, 105, 256, 135, 263, 118, 126, 213, 288, 109, 312, 351, 306, 298, 201, 404, 208, 228, 129, 380, 250, 269, 247, 384, 253, 239, 360, 125, 145, 245, 355, 291, 275, 209, 150, 394, 315, 305, 146, 309, 289, 299, 294, 341, 232, 132, 307, 349, 387, 231, 115, 365, 345, 266, 175, 372, 397, 302, 124, 177, 364, 226, 359, 316, 378, 357, 242, 110, 318, 143, 287, 148, 181, 196, 183, 193, 184, 265, 140, 327, 367, 99, 268, 234, 227, 117, 190, 258, 121, 323, 165, 282, 405, 214, 156, 335, 203, 166, 211, 153, 264, 293, 199, 210, 375, 106, 100, 286, 243, 329, 185, 220, 103, 119, 147, 251, 194, 198, 221, 320, 393, 180, 325, 130, 276, 296, 186, 389, 189, 116, 284, 235, 111, 317, 107, 212, 168, 134, 172, 313, 363, 383, 310, 169, 223, 136, 254, 113, 127, 369, 395, 347, 229, 205, 200, 233, 123, 222, 332, 131, 260, 241, 158, 277, 400, 120, 396, 342, 195, 338, 331, 361, 326, 336, 379, 237, 385, 114, 161, 304, 334, 285, 159, 149, 101, 155, 144, 206, 362, 403, 339, 401, 368, 300, 197, 252, 95, 301, 337, 358, 303, 271, 259, 167, 164, 224, 152, 216, 240, 154, 157, 324, 280, 173, 204, 218, 262, 104, 128, 374, 344, 388, 346, 249, 162, 371, 370, 399, 321, 297, 191, 311, 138, 255, 142, 219, 151, 281, 314, 261, 373, 343, 217, 290, 391, 170, 322, 98, 330, 308, 207, 356, 230, 278, 176, 274, 188, 257, 163, 340, 102, 350, 225, 108, 377, 248, 392, 272, 137, 295, 319, 390, 279, 402, 122, 283, 141, 270, 236, 267, 174, 215, 348, 382, 182, 353, 246, 381, 244, 171, 178]"
diversity_on_nsga2,44,-57.099509250000004,15.14049075,29.600490750000006,"[38, 4, 51, 45, 25, 84, 90, 6, 1, 88, 74, 34, 58, 67, 68, 8, 89, 80, 14, 13, 55, 31, 49, 35, 82, 91, 52, 87, 7, 69, 32, 21, 5, 83, 39, 61, 43, 41, 2, 46, 76, 30, 18, 17, 26, 12, 54, 37, 9, 47, 28, 24, 66, 10, 75, 16, 3, 78, 29, 22, 33, 86, 60, 53, 11, 44, 70, 71, 27, 64, 85, 57, 23, 56, 20, 48, 81, 15, 19, 73, 77, 36, 79, 63, 93, 92, 65, 94, 59, 72, 62, 50, 40, 42]","[403, 347, 154, 354, 139, 192, 273, 238, 331, 96, 328, 105, 366, 112, 179, 352, 202, 135, 229, 317, 118, 126, 213, 288, 109, 215, 255, 351, 306, 298, 201, 404, 208, 228, 129, 380, 250, 370, 278, 360, 113, 245, 291, 275, 209, 150, 394, 305, 218, 309, 289, 299, 294, 107, 341, 232, 276, 307, 349, 387, 231, 115, 392, 358, 111, 110, 379, 210, 303, 175, 371, 172, 295, 188, 321, 240, 227, 106, 152, 169, 324, 254, 311, 405, 322, 279, 235, 225, 372, 346, 281, 329, 290, 128, 259, 134, 155, 266, 332, 318, 269, 159, 127, 195, 131, 102, 391, 401, 120, 222, 103, 178, 246, 121, 191, 251, 300, 122, 335, 243, 183, 221, 137, 185, 117, 190, 388, 193, 286, 130, 194, 402, 165, 287, 156, 184, 99, 262, 284, 342, 143, 367, 182, 395, 180, 181, 314, 100, 148, 313, 363, 212, 282, 393, 189, 133, 101, 166, 224, 153, 204, 377, 104, 263, 123, 390, 162, 241, 158, 396, 381, 338, 365, 312, 296, 168, 382, 336, 203, 399, 375, 167, 219, 265, 274, 383, 147, 142, 267, 161, 319, 237, 283, 268, 98, 285, 320, 242, 211, 297, 119, 310, 337, 145, 230, 199, 340, 170, 108, 373, 308, 258, 171, 163, 323, 244, 369, 272, 350, 140, 136, 138, 217, 151, 280, 339, 160, 157, 264, 220, 176, 252, 325, 357, 316, 293, 345, 95, 397, 302, 124, 177, 361, 226, 216, 359, 196, 374, 368, 304, 330, 197, 389, 327, 301, 186, 364, 362, 116, 234, 233, 207, 355, 149, 260, 223, 187, 205, 398, 144, 344, 97, 376, 356, 200, 261, 334, 333, 256, 146, 248, 386, 271, 292, 249, 164, 125, 141, 270, 253, 173, 132, 236, 214, 239, 174, 247, 343, 206, 315, 378, 353, 400, 348, 277, 114, 326, 257, 385, 198, 384]"
diversity_on_nsga2,45,-36.403324425,16.706675575,19.096675575,"[89, 80, 26, 50, 83, 55, 76, 87, 29, 14, 49, 77, 86, 6, 78, 33, 79, 37, 15, 36, 70, 75, 1, 72, 88, 91, 61, 40, 16, 31, 58, 93, 82, 7, 67, 62, 21, 3, 24, 81, 56, 12, 53, 68, 42, 69, 13, 5, 66, 28, 63, 8, 34, 47, 71, 74, 59, 22, 60, 45, 4, 9, 19, 41, 11, 38, 27, 64, 85, 57, 23, 20, 48, 84, 90, 39, 73, 54, 25, 2, 94, 35, 10, 17, 51, 32, 92, 44, 52, 18, 65, 30, 46, 43]","[160, 167, 321, 354, 139, 192, 273, 238, 398, 257, 333, 96, 386, 328, 292, 187, 366, 112, 179, 352, 202, 376, 97, 105, 256, 135, 263, 118, 126, 213, 288, 109, 312, 351, 306, 298, 201, 404, 208, 228, 100, 380, 250, 269, 247, 384, 253, 278, 239, 360, 125, 145, 245, 355, 291, 275, 209, 150, 394, 315, 305, 146, 309, 289, 299, 294, 341, 232, 132, 307, 349, 387, 231, 115, 365, 345, 266, 175, 372, 397, 302, 124, 177, 364, 188, 226, 359, 316, 378, 357, 242, 110, 318, 143, 287, 148, 181, 196, 183, 193, 184, 265, 140, 327, 367, 99, 268, 234, 227, 117, 190, 258, 121, 323, 165, 282, 405, 214, 156, 335, 203, 166, 163, 211, 153, 264, 293, 199, 210, 375, 106, 129, 286, 243, 329, 185, 220, 103, 119, 147, 251, 194, 198, 221, 320, 393, 180, 325, 130, 276, 296, 186, 389, 189, 116, 284, 235, 111, 317, 107, 212, 168, 134, 172, 313, 363, 383, 310, 169, 223, 136, 254, 113, 176, 127, 369, 395, 347, 229, 205, 200, 233, 123, 222, 332, 131, 260, 241, 158, 277, 400, 120, 396, 342, 195, 338, 331, 361, 326, 336, 379, 237, 385, 114, 161, 304, 334, 285, 159, 149, 101, 155, 144, 206, 362, 403, 339, 401, 368, 300, 197, 252, 95, 301, 373, 370, 230, 178, 322, 171, 128, 261, 249, 164, 314, 173, 297, 343, 353, 356, 191, 182, 218, 248, 204, 271, 141, 270, 236, 267, 174, 215, 348, 217, 344, 319, 240, 350, 283, 98, 274, 272, 259, 108, 104, 280, 308, 207, 346, 392, 170, 358, 151, 137, 290, 382, 390, 102, 391, 371, 157, 311, 224, 154, 133, 374, 152, 162, 138, 399, 279, 216, 303, 330, 295, 122, 402, 225, 262, 388, 340, 281, 337, 324, 142, 219, 377, 244, 381, 255, 246]"
diversity_on_nsga2,46,2.5278569784626237,9.337856978462623,8.727856978462624,"[49, 74, 53, 6, 37, 66, 75, 72, 88, 7, 16, 87, 83, 93, 82, 67, 62, 21, 3, 43, 27, 84, 12, 78, 71, 56, 68, 69, 32, 5, 22, 61, 63, 8, 89, 60, 42, 1, 55, 70, 24, 59, 19, 41, 13, 58, 28, 52, 76, 65, 14, 33, 39, 29, 9, 48, 40, 80, 23, 10, 79, 50, 77, 2, 17, 86, 44, 47, 57, 30, 11, 64, 26, 73, 18, 92, 45, 4, 46, 35, 90, 31, 25, 81, 15, 36, 94, 54, 91, 51, 34, 38, 85, 20]","[126, 348, 288, 298, 228, 129, 269, 125, 145, 299, 294, 341, 307, 349, 231, 115, 365, 397, 226, 316, 357, 318, 143, 148, 196, 193, 140, 293, 199, 375, 100, 185, 119, 147, 394, 327, 367, 99, 268, 358, 227, 190, 323, 405, 214, 156, 203, 166, 163, 320, 180, 186, 116, 235, 317, 107, 212, 168, 172, 313, 363, 383, 310, 223, 267, 136, 254, 113, 176, 395, 347, 200, 233, 123, 222, 131, 241, 158, 120, 396, 342, 195, 361, 326, 379, 385, 198, 266, 127, 165, 161, 285, 159, 101, 155, 362, 401, 368, 300, 252, 95, 337, 234, 303, 271, 167, 164, 224, 240, 344, 162, 371, 399, 311, 138, 281, 391, 170, 330, 340, 350, 262, 384, 213, 98, 351, 328, 289, 151, 152, 335, 297, 188, 304, 282, 133, 338, 291, 146, 329, 332, 324, 211, 312, 142, 219, 264, 377, 251, 194, 244, 314, 381, 345, 393, 325, 130, 301, 276, 296, 389, 189, 284, 111, 209, 255, 359, 306, 246, 160, 274, 236, 373, 331, 272, 378, 343, 206, 220, 134, 249, 217, 171, 302, 157, 374, 197, 216, 124, 205, 334, 139, 273, 141, 322, 355, 260, 105, 144, 128, 333, 253, 369, 239, 247, 315, 353, 400, 356, 218, 366, 292, 270, 174, 215, 277, 290, 102, 263, 376, 191, 208, 250, 121, 225, 242, 135, 309, 321, 372, 370, 179, 150, 404, 169, 230, 360, 109, 386, 243, 173, 183, 117, 388, 149, 286, 287, 265, 204, 154, 132, 258, 221, 181, 380, 177, 106, 103, 153, 184, 261, 114, 259, 275, 108, 104, 364, 112, 280, 229, 175, 354, 245, 201, 278, 308, 403, 207, 346, 387, 237, 232, 305, 192, 210, 110, 336, 248, 392, 339, 137, 295, 319, 390, 279, 402, 122, 283, 382, 182, 178, 238, 398, 257, 96, 187, 352, 202, 97, 256, 118]"
diversity_on_nsga2,47,-21.88966295,7.86033705,18.81033705,"[33, 24, 68, 55, 41, 77, 1, 87, 53, 36, 74, 40, 26, 14, 31, 25, 8, 48, 78, 5, 49, 21, 63, 81, 76, 90, 70, 13, 27, 10, 6, 52, 85, 93, 79, 56, 71, 69, 88, 62, 45, 89, 2, 94, 58, 35, 46, 20, 50, 72, 4, 51, 11, 12, 17, 32, 19, 92, 82, 54, 75, 3, 43, 64, 38, 80, 83, 29, 61, 7, 67, 73, 15, 9, 16, 39, 34, 37, 23, 65, 28, 86, 44, 47, 42, 84, 57, 18, 66, 30, 59, 22, 60, 91]","[314, 382, 259, 219, 398, 244, 246, 199, 101, 185, 241, 119, 209, 154, 155, 217, 269, 210, 389, 229, 218, 248, 139, 204, 166, 386, 317, 186, 271, 365, 268, 194, 292, 359, 249, 298, 397, 320, 238, 125, 141, 270, 253, 173, 306, 132, 236, 369, 177, 239, 372, 267, 381, 393, 345, 174, 247, 189, 329, 343, 313, 197, 206, 133, 325, 371, 338, 315, 378, 215, 321, 400, 348, 335, 277, 256, 297, 323, 245, 129, 300, 152, 373, 275, 208, 128, 318, 316, 223, 355, 243, 352, 181, 390, 179, 205, 360, 383, 262, 134, 305, 276, 136, 328, 224, 280, 391, 120, 357, 353, 191, 198, 295, 117, 294, 304, 170, 143, 115, 324, 405, 354, 402, 156, 282, 336, 263, 228, 370, 367, 164, 123, 226, 404, 160, 287, 171, 138, 104, 162, 142, 322, 108, 107, 326, 334, 303, 127, 184, 118, 240, 230, 379, 385, 167, 102, 183, 222, 227, 251, 153, 112, 159, 301, 261, 172, 281, 103, 135, 283, 178, 384, 165, 374, 211, 150, 363, 346, 356, 375, 113, 308, 201, 193, 330, 388, 137, 285, 161, 213, 358, 212, 192, 195, 109, 220, 260, 187, 273, 116, 95, 265, 232, 140, 214, 105, 144, 333, 307, 99, 339, 286, 332, 392, 351, 401, 169, 293, 361, 106, 200, 180, 288, 149, 130, 403, 290, 258, 252, 158, 311, 279, 387, 233, 366, 182, 131, 203, 122, 302, 147, 266, 202, 175, 364, 337, 114, 309, 231, 124, 96, 145, 157, 349, 310, 146, 342, 254, 312, 296, 340, 121, 341, 362, 190, 97, 242, 148, 221, 344, 289, 284, 151, 278, 176, 274, 188, 257, 163, 327, 319, 225, 111, 235, 237, 396, 216, 291, 234, 399, 376, 100, 264, 98, 110, 126, 255, 250, 207, 377, 272, 347, 368, 350, 299, 331, 196, 168, 394, 380, 395]"
diversity_on_nsga2,48,-85.13279742751355,20.72720257248644,72.46720257248644,"[9, 91, 30, 68, 77, 22, 10, 1, 17, 64, 75, 93, 79, 72, 13, 40, 16, 21, 88, 43, 7, 87, 24, 41, 29, 76, 15, 74, 12, 66, 27, 69, 49, 25, 52, 86, 33, 28, 63, 36, 60, 53, 61, 8, 42, 4, 50, 2, 94, 14, 11, 19, 46, 39, 38, 48, 83, 54, 89, 85, 82, 58, 34, 78, 59, 45, 56, 23, 73, 71, 55, 51, 80, 92, 70, 37, 81, 62, 57, 3, 67, 47, 35, 5, 6, 65, 84, 90, 31, 44, 32, 20, 18, 26]","[348, 152, 233, 383, 325, 107, 143, 367, 204, 132, 310, 133, 402, 304, 380, 155, 98, 312, 351, 374, 289, 151, 282, 259, 130, 359, 368, 275, 319, 277, 343, 377, 188, 291, 221, 179, 364, 112, 189, 211, 229, 175, 354, 338, 245, 297, 346, 278, 308, 335, 238, 140, 349, 185, 167, 271, 394, 323, 113, 357, 156, 95, 198, 285, 241, 266, 134, 234, 316, 283, 363, 320, 172, 257, 127, 193, 125, 371, 350, 119, 249, 356, 315, 199, 166, 217, 200, 360, 183, 403, 336, 239, 296, 225, 147, 290, 103, 184, 181, 114, 210, 381, 141, 333, 366, 101, 171, 390, 284, 261, 100, 102, 205, 376, 276, 301, 237, 201, 243, 389, 154, 208, 110, 164, 303, 302, 287, 148, 196, 388, 265, 177, 327, 268, 157, 227, 117, 258, 121, 165, 224, 405, 191, 203, 153, 142, 264, 251, 197, 244, 314, 345, 180, 178, 216, 116, 396, 317, 293, 255, 306, 96, 263, 328, 106, 124, 286, 329, 321, 373, 212, 300, 375, 250, 324, 313, 213, 169, 299, 223, 128, 267, 298, 176, 395, 347, 248, 123, 222, 131, 162, 202, 158, 139, 118, 120, 342, 195, 170, 272, 144, 401, 280, 365, 341, 146, 230, 361, 326, 207, 292, 353, 387, 232, 160, 194, 305, 393, 330, 192, 137, 235, 399, 392, 219, 220, 209, 145, 226, 136, 252, 352, 231, 372, 358, 307, 126, 270, 340, 104, 111, 294, 246, 215, 382, 247, 159, 391, 214, 173, 135, 369, 150, 281, 253, 109, 228, 295, 254, 122, 273, 322, 370, 168, 149, 260, 186, 105, 332, 163, 97, 386, 318, 236, 309, 99, 331, 334, 404, 218, 397, 339, 182, 190, 256, 385, 355, 311, 206, 262, 400, 384, 279, 242, 269, 344, 337, 378, 108, 187, 379, 240, 174, 398, 115, 288, 129, 161, 362, 138, 274]"
diversity_on_nsga2,49,-12.440503249999999,10.999496749999999,9.05949675,"[73, 55, 34, 39, 31, 81, 16, 36, 20, 18, 92, 7, 40, 9, 48, 91, 30, 4, 64, 67, 42, 38, 46, 77, 94, 35, 22, 90, 23, 10, 79, 80, 17, 47, 2, 50, 51, 87, 75, 37, 93, 82, 1, 59, 72, 88, 70, 26, 13, 62, 83, 44, 21, 3, 43, 78, 71, 24, 66, 89, 29, 58, 76, 56, 15, 74, 85, 12, 53, 68, 19, 41, 11, 69, 49, 25, 52, 86, 33, 57, 54, 32, 60, 28, 6, 5, 65, 27, 84, 8, 61, 63, 14, 45]","[391, 401, 214, 120, 173, 222, 396, 200, 230, 135, 369, 150, 138, 217, 363, 276, 281, 253, 109, 228, 366, 295, 301, 254, 122, 273, 241, 324, 322, 176, 370, 381, 355, 149, 375, 212, 314, 260, 186, 223, 105, 332, 205, 171, 144, 286, 163, 128, 97, 386, 164, 318, 376, 236, 320, 356, 309, 400, 141, 123, 99, 331, 261, 334, 404, 218, 397, 162, 167, 299, 339, 313, 182, 190, 256, 114, 140, 326, 124, 257, 116, 385, 321, 198, 168, 311, 206, 262, 185, 395, 384, 362, 360, 371, 365, 327, 242, 269, 344, 337, 378, 319, 165, 325, 315, 100, 139, 296, 148, 187, 379, 317, 240, 345, 174, 131, 303, 107, 398, 115, 288, 178, 129, 227, 161, 405, 233, 383, 394, 348, 197, 143, 265, 367, 202, 204, 203, 300, 389, 154, 268, 350, 342, 132, 224, 258, 310, 133, 402, 304, 181, 341, 380, 285, 142, 361, 155, 125, 98, 177, 312, 106, 351, 103, 153, 274, 289, 272, 196, 151, 282, 306, 374, 266, 259, 152, 130, 359, 316, 284, 368, 297, 275, 108, 277, 329, 343, 377, 188, 291, 113, 221, 179, 364, 112, 189, 302, 95, 280, 211, 229, 175, 354, 338, 245, 293, 201, 353, 278, 308, 403, 335, 207, 292, 156, 349, 373, 147, 346, 264, 387, 239, 96, 237, 249, 191, 157, 232, 263, 160, 194, 234, 169, 146, 333, 305, 393, 330, 192, 287, 267, 199, 235, 210, 110, 243, 336, 399, 392, 347, 134, 248, 219, 220, 209, 145, 226, 271, 283, 357, 170, 136, 252, 166, 213, 251, 118, 180, 231, 215, 121, 358, 298, 323, 193, 307, 126, 244, 270, 119, 340, 137, 104, 216, 225, 111, 290, 172, 328, 279, 208, 294, 250, 255, 246, 183, 238, 372, 184, 382, 117, 388, 247, 390, 101, 352, 159, 127, 195, 158, 102]"
diversity_on_nsga2,50,-27.0045151,15.8854849,13.4954849,"[69, 78, 33, 61, 92, 22, 5, 41, 52, 86, 31, 25, 15, 36, 66, 44, 16, 84, 42, 59, 21, 60, 53, 67, 48, 3, 18, 2, 54, 58, 35, 46, 74, 72, 71, 28, 45, 65, 24, 75, 30, 64, 20, 50, 4, 39, 11, 12, 38, 56, 76, 43, 26, 89, 1, 34, 79, 83, 13, 55, 70, 37, 27, 87, 85, 57, 73, 63, 51, 7, 80, 47, 68, 29, 14, 90, 8, 81, 88, 10, 40, 49, 77, 6, 23, 91, 9, 17, 32, 62, 82, 94, 93, 19]","[178, 133, 160, 354, 139, 192, 273, 141, 238, 398, 257, 96, 386, 328, 292, 187, 366, 112, 179, 352, 202, 376, 97, 105, 256, 135, 263, 118, 126, 348, 213, 288, 109, 215, 255, 351, 298, 236, 270, 201, 404, 208, 228, 129, 380, 250, 269, 247, 384, 253, 278, 239, 360, 125, 145, 245, 355, 291, 275, 209, 150, 315, 305, 146, 309, 289, 299, 294, 341, 232, 132, 307, 349, 387, 231, 115, 365, 345, 266, 175, 372, 397, 302, 124, 364, 188, 226, 359, 316, 378, 357, 242, 110, 318, 143, 287, 148, 181, 196, 183, 193, 184, 265, 140, 335, 293, 199, 210, 375, 106, 100, 286, 243, 329, 185, 220, 103, 119, 147, 394, 327, 367, 99, 268, 234, 227, 117, 190, 258, 121, 282, 165, 323, 405, 214, 156, 306, 203, 166, 163, 211, 153, 264, 333, 177, 251, 194, 198, 221, 320, 393, 180, 325, 130, 276, 296, 186, 389, 189, 116, 284, 235, 111, 317, 107, 212, 168, 134, 172, 313, 363, 383, 310, 169, 223, 267, 136, 254, 113, 176, 127, 369, 395, 347, 229, 205, 200, 233, 123, 222, 332, 131, 260, 241, 158, 277, 400, 120, 396, 342, 195, 338, 144, 361, 326, 336, 379, 237, 385, 114, 161, 304, 334, 285, 159, 149, 101, 155, 174, 331, 206, 362, 403, 339, 401, 368, 300, 197, 252, 95, 301, 337, 358, 303, 271, 259, 167, 164, 224, 152, 216, 240, 154, 157, 324, 280, 173, 204, 218, 262, 104, 128, 374, 344, 388, 346, 249, 162, 371, 370, 399, 321, 297, 191, 311, 138, 312, 142, 219, 151, 281, 314, 261, 373, 343, 217, 290, 391, 170, 322, 98, 330, 308, 207, 356, 230, 340, 102, 350, 225, 108, 377, 248, 392, 272, 137, 295, 319, 390, 279, 274, 402, 122, 283, 382, 182, 353, 246, 381, 244, 171]"
diversity_on_nsga2,51,-28.5,16.319999999999997,7.700000000000001,"[33, 61, 92, 5, 41, 52, 23, 25, 15, 36, 66, 91, 16, 84, 42, 59, 21, 60, 53, 67, 3, 54, 58, 35, 46, 74, 65, 9, 72, 71, 28, 45, 24, 75, 20, 4, 39, 11, 12, 17, 32, 62, 82, 94, 30, 93, 19, 69, 38, 2, 56, 48, 76, 43, 18, 50, 26, 22, 89, 1, 34, 79, 64, 83, 13, 55, 44, 70, 37, 27, 87, 85, 57, 31, 73, 63, 51, 7, 80, 47, 68, 29, 14, 90, 8, 81, 88, 10, 40, 49, 77, 86, 6, 78]","[178, 133, 160, 354, 139, 192, 273, 141, 238, 398, 257, 333, 96, 386, 328, 292, 187, 366, 112, 179, 352, 202, 376, 198, 97, 105, 256, 135, 263, 317, 118, 126, 348, 213, 288, 109, 215, 255, 351, 306, 298, 236, 270, 201, 404, 208, 228, 129, 380, 250, 269, 247, 384, 253, 278, 239, 360, 125, 145, 245, 355, 291, 275, 209, 150, 394, 315, 305, 146, 309, 289, 299, 294, 107, 341, 232, 276, 132, 307, 349, 387, 231, 115, 365, 345, 266, 175, 372, 397, 302, 124, 177, 364, 188, 226, 359, 316, 378, 357, 242, 110, 318, 143, 287, 148, 181, 196, 183, 193, 184, 265, 140, 327, 367, 99, 268, 234, 227, 117, 190, 258, 121, 323, 165, 282, 405, 214, 156, 335, 203, 166, 163, 211, 153, 264, 251, 194, 221, 320, 393, 180, 325, 130, 296, 186, 389, 189, 116, 284, 235, 111, 293, 199, 210, 375, 106, 100, 286, 243, 329, 185, 220, 103, 119, 147, 212, 168, 134, 172, 313, 363, 383, 310, 169, 223, 267, 136, 254, 113, 176, 127, 369, 395, 347, 229, 205, 200, 233, 123, 222, 332, 131, 260, 241, 158, 277, 400, 120, 396, 342, 195, 338, 144, 361, 326, 336, 379, 237, 385, 114, 161, 304, 334, 285, 159, 149, 101, 155, 174, 331, 206, 362, 403, 339, 401, 368, 300, 197, 252, 95, 301, 337, 358, 303, 271, 259, 167, 164, 224, 152, 216, 240, 154, 157, 324, 280, 173, 204, 218, 262, 104, 128, 374, 344, 388, 346, 249, 162, 371, 370, 399, 321, 297, 191, 311, 138, 312, 142, 219, 151, 281, 314, 261, 373, 343, 217, 290, 391, 170, 322, 98, 330, 308, 207, 356, 230, 340, 102, 350, 225, 108, 377, 248, 392, 272, 137, 295, 319, 390, 279, 274, 402, 122, 283, 382, 182, 353, 246, 381, 244, 171]"
diversity_on_nsga2,52,-40.306157999999996,20.233841999999996,20.393842,"[23, 24, 15, 36, 66, 91, 16, 84, 42, 59, 21, 60, 53, 67, 3, 54, 9, 17, 32, 62, 82, 94, 93, 19, 69, 2, 48, 18, 22, 58, 35, 46, 74, 72, 71, 28, 45, 65, 25, 75, 30, 64, 20, 50, 4, 39, 11, 12, 38, 56, 27, 43, 26, 89, 1, 34, 79, 83, 13, 55, 70, 37, 76, 44, 87, 85, 57, 31, 73, 63, 51, 7, 80, 47, 68, 29, 14, 90, 8, 81, 88, 10, 40, 49, 77, 86, 6, 78, 33, 61, 92, 5, 41, 52]","[178, 133, 160, 354, 139, 192, 273, 141, 238, 398, 257, 333, 96, 386, 328, 292, 187, 366, 112, 179, 352, 202, 376, 97, 105, 256, 135, 263, 118, 126, 348, 213, 288, 109, 215, 255, 351, 306, 298, 236, 270, 201, 404, 208, 228, 129, 380, 250, 269, 247, 384, 253, 278, 239, 360, 125, 145, 245, 355, 291, 275, 209, 150, 394, 315, 305, 146, 309, 289, 299, 294, 341, 232, 132, 307, 349, 387, 231, 115, 365, 345, 266, 175, 372, 397, 302, 124, 177, 364, 188, 226, 359, 316, 378, 357, 242, 110, 318, 143, 287, 148, 181, 196, 183, 193, 184, 265, 140, 327, 367, 99, 268, 234, 227, 117, 190, 258, 121, 323, 165, 282, 405, 214, 156, 335, 203, 166, 163, 211, 153, 264, 293, 199, 210, 375, 106, 100, 286, 243, 329, 185, 220, 103, 119, 147, 251, 194, 198, 221, 320, 393, 180, 325, 130, 276, 296, 186, 389, 189, 116, 284, 235, 111, 317, 107, 212, 168, 134, 172, 313, 363, 383, 310, 169, 223, 267, 136, 254, 113, 176, 127, 369, 395, 347, 229, 205, 200, 233, 123, 222, 332, 131, 260, 241, 158, 277, 400, 120, 396, 342, 195, 338, 331, 361, 326, 336, 379, 237, 385, 114, 161, 304, 334, 285, 159, 149, 101, 155, 174, 144, 206, 362, 403, 339, 401, 368, 300, 197, 252, 95, 301, 337, 358, 303, 271, 259, 167, 164, 224, 152, 216, 240, 154, 157, 324, 280, 173, 204, 218, 262, 104, 128, 374, 344, 388, 346, 249, 162, 371, 370, 399, 321, 297, 191, 311, 138, 312, 142, 219, 151, 281, 314, 261, 373, 343, 217, 290, 391, 170, 322, 98, 330, 308, 207, 356, 230, 340, 102, 350, 225, 108, 377, 248, 392, 272, 137, 295, 319, 390, 279, 274, 402, 122, 283, 382, 182, 353, 246, 381, 244, 171]"
diversity_on_nsga2,53,-34.650494862500004,7.859505137499999,25.249505137499998,"[73, 7, 30, 54, 42, 38, 46, 77, 94, 35, 22, 90, 23, 10, 79, 80, 17, 2, 50, 51, 87, 75, 37, 93, 70, 1, 59, 72, 82, 13, 83, 16, 78, 71, 67, 62, 21, 3, 43, 24, 84, 56, 12, 53, 68, 19, 69, 32, 5, 11, 4, 63, 8, 34, 47, 26, 89, 41, 29, 58, 76, 15, 74, 85, 66, 14, 86, 6, 61, 65, 52, 49, 25, 28, 44, 81, 40, 33, 92, 18, 31, 36, 91, 60, 48, 45, 64, 20, 39, 9, 55, 88, 27, 57]","[362, 217, 242, 269, 344, 187, 379, 240, 158, 288, 129, 161, 394, 202, 350, 304, 341, 285, 238, 98, 351, 274, 289, 272, 266, 259, 368, 275, 108, 104, 113, 316, 364, 112, 280, 229, 175, 354, 245, 201, 278, 308, 403, 207, 349, 346, 387, 237, 232, 305, 192, 210, 110, 336, 319, 392, 347, 226, 357, 170, 136, 352, 231, 223, 298, 307, 326, 119, 151, 137, 291, 225, 290, 382, 390, 101, 159, 127, 102, 391, 401, 222, 396, 398, 143, 181, 208, 183, 193, 371, 263, 140, 177, 327, 367, 268, 157, 234, 227, 117, 190, 311, 323, 165, 224, 154, 133, 282, 374, 405, 152, 191, 156, 335, 203, 166, 138, 163, 252, 265, 258, 399, 250, 184, 279, 180, 186, 300, 257, 216, 303, 297, 235, 361, 168, 254, 318, 330, 287, 295, 176, 122, 121, 116, 145, 402, 228, 188, 118, 213, 262, 195, 331, 342, 120, 388, 302, 131, 148, 197, 395, 155, 153, 340, 99, 293, 294, 281, 338, 233, 299, 214, 199, 196, 146, 329, 332, 337, 324, 211, 312, 142, 219, 264, 377, 251, 194, 244, 314, 221, 381, 320, 345, 393, 325, 130, 301, 384, 296, 389, 189, 284, 111, 317, 107, 95, 209, 255, 359, 306, 96, 246, 162, 115, 328, 380, 167, 283, 135, 106, 124, 309, 100, 286, 243, 185, 321, 383, 220, 103, 373, 372, 147, 212, 370, 134, 179, 375, 172, 313, 150, 363, 404, 139, 310, 169, 230, 360, 109, 366, 178, 273, 241, 322, 355, 149, 260, 358, 105, 171, 144, 128, 200, 261, 334, 333, 249, 164, 125, 339, 292, 271, 386, 315, 173, 97, 204, 218, 248, 132, 160, 247, 343, 126, 356, 376, 239, 182, 236, 256, 365, 397, 253, 378, 198, 276, 353, 270, 267, 369, 205, 348, 123, 215, 277, 400, 385, 114, 141, 174, 206]"
diversity_on_nsga2,54,-64.92999270625,18.60000729375,37.57000729375,"[23, 36, 91, 84, 42, 48, 21, 60, 67, 54, 58, 35, 46, 74, 65, 71, 72, 45, 20, 4, 39, 17, 32, 62, 82, 94, 30, 93, 19, 69, 38, 2, 56, 59, 76, 43, 18, 50, 26, 22, 1, 34, 79, 64, 83, 13, 55, 44, 70, 27, 92, 85, 57, 31, 73, 63, 51, 7, 89, 37, 9, 47, 78, 24, 66, 10, 75, 16, 3, 28, 29, 12, 25, 86, 8, 53, 11, 15, 80, 68, 14, 90, 81, 88, 40, 49, 77, 6, 33, 61, 87, 5, 41, 52]","[280, 374, 249, 354, 139, 192, 273, 141, 238, 398, 257, 333, 96, 386, 328, 292, 187, 366, 363, 179, 352, 202, 376, 198, 97, 105, 353, 135, 229, 317, 118, 126, 348, 213, 288, 109, 215, 255, 351, 306, 298, 236, 270, 201, 404, 208, 228, 129, 380, 250, 370, 247, 384, 253, 278, 239, 360, 125, 145, 245, 355, 291, 275, 209, 150, 394, 315, 305, 146, 309, 289, 299, 294, 107, 341, 232, 276, 132, 307, 349, 387, 231, 115, 392, 369, 358, 111, 110, 400, 128, 379, 210, 277, 303, 175, 371, 172, 295, 188, 321, 240, 242, 106, 152, 169, 324, 254, 308, 167, 322, 279, 235, 225, 372, 346, 356, 281, 329, 290, 174, 344, 271, 259, 134, 155, 266, 332, 318, 269, 159, 127, 195, 131, 102, 391, 401, 120, 222, 260, 103, 178, 246, 121, 191, 144, 251, 300, 122, 218, 335, 243, 173, 183, 221, 137, 185, 117, 190, 388, 149, 193, 286, 304, 194, 402, 165, 287, 156, 184, 261, 99, 262, 114, 284, 342, 164, 143, 367, 182, 395, 180, 181, 314, 100, 148, 313, 112, 212, 282, 393, 256, 189, 133, 101, 166, 224, 153, 326, 204, 377, 104, 263, 248, 200, 123, 390, 162, 241, 158, 396, 381, 338, 365, 312, 296, 168, 382, 336, 203, 399, 375, 405, 219, 265, 274, 383, 147, 142, 267, 161, 319, 237, 283, 268, 98, 285, 320, 227, 211, 297, 119, 310, 337, 113, 230, 199, 340, 170, 108, 373, 311, 258, 331, 163, 323, 244, 214, 272, 350, 140, 136, 138, 151, 343, 217, 330, 207, 171, 160, 345, 397, 302, 124, 177, 364, 226, 359, 316, 378, 357, 196, 327, 234, 264, 325, 130, 186, 389, 116, 293, 220, 223, 176, 347, 205, 233, 361, 385, 334, 206, 362, 403, 339, 368, 197, 252, 95, 301, 216, 154, 157]"
diversity_on_nsga2,55,-95.46419122250002,28.575808777499997,66.8358087775,"[9, 91, 30, 68, 77, 22, 10, 1, 17, 71, 75, 93, 79, 72, 13, 40, 16, 21, 3, 43, 7, 87, 24, 41, 29, 76, 15, 74, 12, 66, 27, 69, 49, 25, 52, 86, 33, 28, 63, 36, 60, 53, 61, 55, 42, 4, 50, 2, 94, 14, 11, 19, 46, 39, 38, 48, 83, 54, 89, 85, 82, 58, 34, 78, 59, 45, 56, 23, 73, 64, 8, 51, 80, 92, 70, 37, 81, 62, 57, 88, 67, 47, 35, 5, 6, 65, 84, 90, 31, 44, 32, 20, 18, 26]","[129, 161, 233, 383, 325, 107, 143, 367, 204, 132, 310, 133, 402, 304, 380, 155, 98, 312, 351, 374, 289, 151, 282, 259, 130, 359, 368, 275, 108, 277, 343, 377, 188, 291, 221, 179, 364, 112, 189, 211, 229, 175, 354, 338, 245, 297, 346, 278, 308, 335, 238, 140, 349, 185, 167, 271, 394, 323, 113, 357, 156, 95, 198, 285, 241, 266, 134, 234, 316, 283, 363, 320, 172, 257, 127, 193, 125, 371, 350, 119, 249, 356, 315, 199, 166, 217, 200, 360, 183, 403, 336, 239, 296, 225, 147, 290, 103, 184, 181, 114, 210, 381, 141, 333, 366, 101, 171, 390, 284, 261, 100, 102, 205, 376, 276, 301, 237, 201, 243, 389, 154, 208, 110, 164, 303, 302, 287, 148, 196, 388, 265, 177, 327, 268, 157, 227, 117, 258, 121, 165, 224, 274, 405, 191, 203, 153, 142, 264, 251, 197, 244, 314, 345, 180, 348, 178, 216, 116, 152, 396, 317, 255, 293, 306, 96, 263, 328, 106, 124, 286, 329, 321, 373, 212, 300, 375, 250, 324, 313, 213, 169, 299, 223, 128, 267, 298, 176, 395, 347, 248, 123, 222, 131, 162, 202, 158, 139, 118, 120, 342, 195, 170, 272, 144, 137, 280, 365, 341, 146, 230, 361, 326, 207, 292, 353, 387, 232, 160, 194, 305, 393, 330, 192, 401, 235, 399, 392, 219, 220, 209, 145, 226, 136, 252, 352, 231, 215, 358, 307, 126, 270, 340, 104, 111, 362, 294, 246, 372, 382, 247, 159, 391, 214, 173, 135, 369, 150, 138, 281, 253, 109, 228, 295, 254, 122, 273, 322, 370, 355, 149, 260, 186, 105, 332, 163, 97, 386, 318, 236, 309, 99, 331, 334, 404, 218, 397, 339, 182, 190, 256, 385, 168, 311, 206, 262, 400, 384, 279, 242, 269, 344, 337, 378, 319, 187, 379, 240, 174, 398, 115, 288]"
diversity_on_nsga2,56,-98.08894264909311,26.961057350906902,67.41105735090692,"[9, 91, 30, 68, 77, 22, 10, 1, 17, 75, 93, 79, 72, 13, 40, 16, 21, 43, 7, 87, 24, 41, 29, 76, 4, 74, 12, 66, 27, 69, 49, 25, 52, 86, 33, 28, 63, 36, 60, 53, 61, 8, 42, 15, 50, 2, 94, 14, 64, 88, 11, 19, 46, 39, 38, 48, 83, 54, 89, 85, 82, 58, 34, 78, 59, 45, 56, 23, 73, 71, 55, 51, 80, 92, 70, 37, 81, 62, 57, 3, 67, 47, 35, 5, 6, 65, 84, 90, 31, 44, 32, 20, 18, 26]","[129, 161, 362, 383, 325, 107, 143, 367, 204, 132, 310, 133, 402, 304, 380, 155, 98, 312, 351, 374, 289, 151, 282, 259, 130, 359, 368, 275, 319, 277, 343, 377, 188, 291, 221, 179, 364, 112, 189, 211, 229, 175, 354, 338, 245, 297, 346, 278, 308, 335, 238, 140, 349, 185, 167, 271, 394, 323, 113, 357, 156, 95, 198, 285, 241, 266, 134, 234, 316, 283, 217, 320, 172, 257, 127, 193, 125, 371, 350, 119, 249, 356, 315, 199, 166, 363, 200, 360, 183, 403, 336, 239, 296, 225, 147, 290, 103, 184, 181, 114, 210, 381, 141, 333, 366, 101, 171, 390, 284, 261, 100, 102, 205, 376, 276, 301, 237, 243, 389, 154, 208, 110, 164, 303, 302, 287, 148, 196, 388, 265, 177, 327, 268, 157, 227, 117, 258, 121, 165, 224, 274, 405, 191, 203, 153, 142, 264, 251, 197, 244, 314, 345, 180, 348, 178, 216, 116, 152, 396, 317, 255, 293, 306, 96, 263, 328, 106, 124, 286, 329, 321, 373, 212, 300, 375, 250, 324, 313, 213, 169, 299, 223, 128, 267, 298, 176, 395, 347, 248, 123, 222, 131, 162, 202, 158, 139, 118, 120, 342, 195, 170, 272, 144, 137, 280, 365, 341, 146, 230, 361, 326, 207, 292, 353, 387, 232, 160, 194, 305, 393, 330, 192, 401, 235, 399, 392, 219, 220, 209, 145, 226, 136, 252, 352, 231, 215, 358, 307, 126, 270, 340, 104, 111, 233, 294, 246, 372, 382, 247, 159, 391, 214, 173, 182, 135, 369, 150, 201, 281, 253, 109, 228, 295, 254, 122, 273, 322, 370, 168, 149, 260, 186, 105, 332, 163, 97, 386, 318, 236, 309, 99, 331, 334, 404, 218, 397, 339, 138, 190, 256, 385, 355, 311, 206, 262, 400, 384, 279, 242, 269, 344, 337, 378, 108, 187, 379, 240, 174, 398, 115, 288]"
diversity_on_nsga2,57,-3.7407975363258377,7.349202463674161,14.859202463674162,"[55, 49, 59, 82, 20, 91, 26, 70, 87, 60, 21, 45, 34, 40, 94, 9, 43, 69, 54, 1, 51, 86, 7, 61, 90, 24, 57, 31, 44, 29, 18, 11, 50, 23, 79, 72, 42, 93, 74, 5, 83, 39, 71, 8, 41, 64, 2, 56, 48, 76, 30, 52, 22, 89, 37, 38, 47, 78, 66, 10, 75, 16, 3, 28, 12, 25, 32, 53, 15, 19, 73, 77, 36, 63, 92, 85, 65, 35, 62, 17, 46, 4, 84, 6, 88, 27, 81, 58, 67, 68, 33, 80, 14, 13]","[111, 400, 379, 281, 344, 332, 159, 195, 120, 260, 246, 335, 185, 117, 149, 304, 261, 262, 367, 393, 104, 241, 382, 219, 383, 142, 161, 285, 211, 113, 311, 163, 323, 244, 140, 136, 138, 334, 134, 206, 220, 357, 177, 316, 112, 368, 197, 252, 292, 95, 283, 363, 320, 172, 257, 127, 125, 371, 350, 119, 249, 356, 315, 401, 166, 217, 200, 360, 183, 403, 336, 239, 296, 225, 147, 290, 103, 181, 114, 210, 141, 264, 101, 171, 390, 396, 100, 341, 205, 266, 301, 237, 201, 243, 389, 154, 265, 258, 282, 399, 263, 278, 279, 157, 180, 186, 267, 387, 306, 204, 253, 226, 380, 224, 289, 397, 321, 256, 319, 145, 378, 345, 302, 202, 228, 124, 189, 158, 187, 218, 236, 385, 170, 405, 343, 386, 365, 126, 133, 391, 322, 98, 330, 308, 274, 288, 326, 182, 384, 207, 164, 230, 151, 340, 392, 287, 275, 377, 110, 108, 376, 122, 129, 272, 137, 295, 188, 254, 156, 146, 268, 259, 175, 346, 358, 165, 314, 221, 381, 196, 325, 214, 291, 130, 152, 178, 216, 121, 303, 116, 143, 333, 235, 317, 107, 293, 374, 209, 255, 208, 359, 232, 199, 160, 115, 328, 167, 135, 106, 309, 153, 286, 193, 329, 310, 233, 123, 131, 174, 273, 337, 223, 372, 388, 168, 324, 373, 169, 402, 179, 194, 353, 213, 298, 191, 404, 250, 312, 299, 102, 128, 190, 375, 212, 280, 370, 144, 284, 300, 313, 139, 342, 327, 132, 240, 184, 395, 338, 297, 215, 251, 364, 307, 203, 155, 361, 277, 99, 162, 227, 318, 339, 176, 331, 229, 248, 148, 222, 242, 271, 173, 105, 362, 234, 347, 354, 192, 238, 398, 96, 366, 352, 198, 97, 118, 348, 109, 351, 270, 269, 247, 245, 355, 150, 394, 305, 294, 276, 349, 231, 369]"
diversity_on_nsga2,58,-102.16367810767076,31.536321892329244,74.93632189232925,"[9, 91, 30, 68, 77, 22, 10, 1, 17, 64, 75, 93, 79, 72, 13, 40, 16, 21, 88, 43, 7, 87, 24, 41, 29, 76, 15, 74, 12, 66, 27, 69, 49, 25, 52, 86, 33, 28, 63, 36, 60, 53, 61, 8, 42, 4, 50, 2, 94, 14, 11, 19, 46, 39, 38, 48, 83, 54, 89, 85, 82, 58, 34, 78, 59, 45, 56, 23, 73, 71, 55, 51, 80, 92, 70, 37, 81, 62, 57, 3, 67, 47, 35, 5, 6, 65, 84, 90, 31, 44, 32, 20, 18, 26]","[129, 161, 362, 383, 320, 107, 143, 327, 204, 132, 310, 133, 402, 304, 380, 155, 98, 312, 351, 374, 289, 151, 282, 259, 130, 359, 368, 275, 319, 277, 343, 377, 188, 291, 221, 179, 364, 112, 189, 211, 229, 175, 354, 338, 245, 297, 346, 278, 308, 335, 238, 140, 349, 185, 167, 271, 394, 323, 113, 357, 156, 95, 198, 285, 241, 266, 134, 234, 316, 283, 363, 325, 172, 257, 127, 193, 125, 371, 350, 119, 249, 356, 315, 199, 166, 217, 200, 360, 183, 403, 336, 239, 296, 225, 147, 290, 103, 184, 181, 114, 210, 381, 141, 333, 366, 101, 171, 390, 284, 261, 100, 102, 205, 376, 276, 301, 237, 138, 243, 389, 154, 208, 110, 164, 303, 302, 287, 148, 196, 388, 265, 177, 367, 268, 157, 227, 117, 258, 121, 165, 224, 274, 405, 191, 203, 153, 142, 264, 251, 197, 244, 314, 345, 180, 348, 178, 216, 116, 152, 396, 317, 255, 293, 306, 96, 263, 328, 106, 124, 286, 329, 321, 373, 212, 300, 375, 250, 324, 313, 213, 169, 299, 223, 128, 267, 298, 176, 395, 347, 248, 123, 222, 131, 162, 202, 158, 139, 118, 120, 342, 195, 170, 272, 144, 137, 280, 365, 341, 146, 230, 361, 326, 207, 292, 353, 387, 232, 160, 194, 305, 393, 330, 192, 401, 235, 399, 392, 219, 220, 209, 145, 226, 136, 252, 352, 231, 215, 358, 307, 126, 270, 340, 104, 111, 233, 294, 246, 372, 382, 247, 159, 391, 214, 173, 135, 369, 150, 201, 281, 253, 109, 228, 295, 254, 122, 273, 322, 370, 168, 149, 260, 186, 105, 332, 163, 97, 386, 318, 236, 309, 99, 331, 334, 404, 218, 397, 339, 182, 190, 256, 385, 355, 311, 206, 262, 400, 384, 279, 242, 269, 344, 337, 378, 108, 187, 379, 240, 174, 398, 115, 288]"
diversity_on_nsga2,59,-62.74538357499999,18.924616424999996,28.054616424999995,"[78, 17, 94, 69, 76, 39, 42, 51, 55, 70, 52, 18, 49, 31, 29, 25, 46, 37, 15, 36, 66, 75, 1, 72, 88, 2, 28, 40, 16, 87, 58, 93, 82, 7, 67, 62, 21, 3, 43, 24, 84, 56, 12, 53, 68, 19, 50, 13, 5, 11, 61, 63, 8, 34, 47, 74, 59, 22, 60, 45, 4, 26, 30, 44, 86, 27, 64, 23, 73, 80, 54, 9, 77, 35, 33, 81, 92, 57, 83, 48, 32, 38, 65, 90, 89, 71, 6, 91, 14, 10, 41, 85, 79, 20]","[344, 217, 350, 161, 285, 402, 304, 155, 283, 351, 266, 113, 112, 201, 207, 349, 387, 237, 192, 210, 392, 226, 357, 136, 352, 118, 298, 126, 151, 225, 382, 390, 195, 131, 102, 401, 200, 398, 143, 287, 196, 183, 371, 184, 140, 177, 119, 117, 258, 282, 405, 214, 191, 156, 335, 166, 138, 163, 211, 153, 333, 194, 314, 221, 320, 345, 180, 325, 276, 296, 186, 284, 235, 317, 293, 255, 208, 359, 306, 300, 263, 160, 115, 328, 380, 238, 135, 100, 243, 383, 220, 103, 372, 353, 337, 356, 168, 179, 96, 375, 172, 250, 269, 343, 247, 384, 253, 197, 278, 239, 360, 125, 379, 145, 245, 355, 291, 275, 209, 150, 241, 181, 305, 146, 251, 120, 391, 121, 312, 309, 289, 299, 327, 107, 341, 232, 124, 362, 332, 212, 281, 231, 338, 99, 142, 159, 310, 326, 137, 144, 373, 108, 234, 185, 188, 249, 199, 361, 175, 334, 279, 367, 260, 233, 329, 265, 364, 229, 178, 134, 246, 165, 272, 158, 340, 395, 358, 308, 147, 189, 133, 101, 128, 264, 377, 311, 313, 381, 295, 316, 219, 106, 389, 132, 403, 98, 116, 95, 268, 169, 330, 301, 393, 396, 252, 203, 130, 319, 257, 388, 297, 114, 176, 399, 302, 148, 307, 111, 190, 400, 346, 273, 222, 170, 274, 206, 397, 321, 261, 347, 331, 110, 193, 368, 223, 385, 171, 244, 378, 374, 127, 318, 323, 227, 369, 286, 290, 336, 213, 174, 404, 139, 230, 109, 228, 254, 122, 322, 149, 205, 376, 365, 292, 141, 270, 236, 267, 342, 187, 202, 198, 348, 288, 215, 129, 277, 242, 303, 271, 259, 167, 164, 386, 224, 370, 123, 162, 339, 182, 256, 218, 248, 204, 152, 216, 240, 154, 157, 324, 315, 280, 173, 105, 97, 366, 354, 394, 262, 294, 104, 363]"
diversity_on_nsga2,60,-1.098944683099297,8.911055316900704,8.901055316900703,"[74, 49, 86, 83, 50, 2, 78, 51, 92, 52, 31, 40, 54, 69, 15, 36, 66, 91, 28, 25, 16, 75, 93, 82, 1, 72, 88, 67, 62, 21, 35, 43, 24, 84, 58, 12, 53, 19, 32, 5, 11, 61, 8, 34, 38, 89, 59, 22, 60, 45, 44, 71, 64, 85, 57, 20, 42, 48, 4, 47, 81, 13, 55, 70, 37, 27, 87, 30, 23, 73, 63, 7, 80, 39, 68, 29, 56, 14, 90, 26, 46, 77, 94, 6, 65, 33, 18, 9, 10, 79, 17, 3, 41, 76]","[335, 238, 140, 185, 167, 271, 394, 323, 113, 156, 95, 198, 189, 134, 234, 363, 320, 172, 257, 117, 179, 371, 119, 249, 356, 315, 199, 166, 217, 183, 403, 336, 296, 147, 290, 103, 184, 181, 114, 210, 141, 130, 366, 101, 390, 284, 261, 100, 102, 376, 350, 225, 108, 349, 256, 137, 295, 319, 221, 146, 239, 352, 279, 274, 402, 122, 283, 382, 182, 273, 387, 272, 109, 246, 381, 244, 171, 178, 355, 384, 231, 345, 266, 175, 372, 397, 302, 124, 177, 150, 364, 188, 253, 226, 145, 232, 359, 316, 378, 125, 357, 242, 360, 276, 301, 201, 243, 389, 154, 208, 110, 164, 303, 287, 148, 196, 388, 265, 327, 268, 157, 227, 127, 258, 121, 165, 224, 374, 405, 191, 203, 153, 142, 264, 251, 197, 314, 180, 216, 116, 396, 293, 169, 306, 96, 263, 328, 106, 286, 329, 321, 373, 212, 300, 375, 250, 324, 313, 213, 255, 299, 223, 128, 267, 298, 347, 248, 123, 222, 162, 139, 358, 170, 325, 280, 365, 230, 207, 292, 353, 160, 194, 254, 176, 369, 395, 129, 205, 200, 348, 332, 131, 202, 260, 241, 158, 277, 400, 118, 120, 342, 195, 341, 289, 144, 361, 326, 379, 305, 393, 330, 192, 401, 235, 399, 392, 219, 220, 209, 136, 252, 215, 307, 126, 270, 340, 104, 111, 362, 294, 247, 159, 391, 214, 173, 135, 317, 138, 281, 228, 322, 370, 149, 186, 105, 163, 97, 386, 318, 236, 309, 99, 331, 334, 404, 218, 339, 190, 385, 168, 311, 206, 262, 237, 269, 344, 337, 187, 240, 174, 398, 115, 288, 161, 233, 383, 107, 143, 367, 204, 132, 310, 133, 304, 380, 155, 98, 312, 351, 151, 282, 259, 152, 333, 368, 275, 343, 377, 291, 193, 112, 285, 211, 229, 354, 338, 245, 297, 346, 278, 308]"
diversity_on_nsga2,61,-74.66311957500001,19.386880424999998,48.036880425000014,"[26, 45, 89, 42, 6, 92, 14, 10, 41, 18, 79, 85, 52, 31, 29, 40, 54, 87, 69, 37, 15, 36, 66, 91, 28, 25, 16, 75, 93, 82, 1, 72, 88, 7, 67, 62, 21, 35, 43, 24, 84, 58, 44, 20, 78, 61, 17, 74, 34, 94, 76, 64, 39, 86, 2, 5, 51, 13, 55, 70, 27, 23, 73, 63, 22, 80, 47, 68, 49, 9, 4, 77, 46, 56, 59, 33, 81, 57, 60, 83, 71, 8, 48, 30, 50, 12, 32, 53, 11, 19, 38, 3, 65, 90]","[344, 217, 350, 161, 285, 402, 304, 155, 283, 351, 266, 113, 112, 201, 207, 349, 387, 237, 192, 210, 226, 357, 136, 352, 118, 298, 126, 151, 225, 382, 390, 195, 131, 102, 401, 200, 398, 143, 287, 196, 183, 371, 184, 140, 177, 119, 117, 258, 282, 405, 214, 191, 156, 335, 166, 138, 163, 211, 153, 333, 377, 194, 314, 221, 320, 345, 180, 325, 276, 296, 186, 284, 235, 317, 293, 255, 208, 359, 306, 300, 263, 160, 115, 328, 380, 238, 135, 100, 243, 383, 103, 372, 353, 337, 356, 168, 179, 96, 375, 172, 250, 384, 343, 247, 269, 253, 197, 278, 239, 360, 125, 379, 145, 245, 355, 291, 275, 209, 150, 241, 181, 305, 146, 251, 120, 391, 121, 312, 309, 289, 299, 327, 107, 341, 232, 264, 124, 362, 332, 212, 281, 231, 338, 99, 142, 159, 310, 326, 137, 144, 373, 108, 234, 185, 188, 249, 199, 361, 175, 334, 279, 367, 260, 233, 329, 265, 364, 229, 178, 134, 246, 165, 272, 158, 340, 395, 358, 308, 147, 189, 133, 101, 128, 311, 313, 381, 295, 316, 106, 389, 132, 403, 98, 116, 95, 268, 169, 330, 301, 393, 396, 252, 203, 130, 319, 257, 388, 297, 114, 176, 399, 302, 148, 307, 111, 190, 400, 346, 273, 222, 170, 274, 206, 397, 321, 261, 392, 219, 220, 347, 331, 110, 193, 368, 223, 385, 171, 244, 378, 374, 127, 318, 323, 227, 369, 286, 290, 336, 213, 174, 404, 139, 230, 109, 228, 254, 122, 322, 149, 205, 376, 365, 292, 141, 270, 236, 267, 342, 187, 202, 198, 348, 288, 215, 129, 277, 242, 303, 271, 259, 167, 164, 386, 224, 370, 123, 162, 339, 182, 256, 218, 248, 204, 152, 216, 240, 154, 157, 324, 315, 280, 173, 105, 97, 366, 354, 394, 262, 294, 104, 363]"
diversity_on_nsga2,62,-14.98727375,7.382726249999999,15.41272625,"[33, 65, 10, 2, 67, 52, 18, 49, 29, 87, 57, 15, 36, 91, 75, 1, 72, 32, 89, 55, 39, 70, 61, 14, 88, 51, 28, 40, 16, 31, 58, 93, 82, 7, 41, 62, 21, 56, 43, 24, 81, 3, 12, 53, 68, 19, 22, 13, 5, 11, 46, 63, 8, 34, 47, 38, 74, 59, 69, 60, 45, 4, 26, 30, 44, 66, 71, 27, 64, 85, 37, 23, 42, 20, 48, 84, 78, 80, 25, 35, 17, 73, 79, 92, 76, 94, 9, 77, 54, 86, 90, 50, 83, 6]","[393, 325, 130, 296, 389, 189, 116, 284, 235, 111, 317, 107, 209, 255, 208, 96, 160, 115, 328, 99, 293, 294, 281, 338, 233, 299, 214, 199, 196, 329, 167, 238, 140, 349, 185, 271, 394, 323, 113, 357, 285, 241, 276, 134, 234, 316, 283, 363, 172, 257, 127, 125, 371, 350, 119, 249, 356, 315, 401, 166, 217, 200, 360, 183, 403, 336, 239, 225, 147, 290, 103, 181, 114, 210, 141, 264, 101, 171, 390, 396, 100, 341, 205, 266, 237, 201, 243, 154, 265, 258, 282, 399, 263, 278, 279, 157, 180, 186, 267, 387, 306, 204, 253, 226, 380, 224, 289, 397, 321, 256, 319, 145, 378, 302, 202, 228, 124, 158, 187, 218, 236, 385, 170, 405, 343, 386, 365, 126, 133, 391, 322, 98, 330, 308, 274, 288, 326, 182, 207, 164, 230, 151, 340, 392, 287, 275, 377, 110, 108, 376, 122, 129, 272, 137, 295, 188, 254, 156, 146, 268, 259, 175, 346, 358, 165, 135, 106, 309, 286, 117, 383, 220, 373, 353, 212, 168, 179, 388, 313, 213, 139, 310, 169, 223, 176, 369, 395, 348, 332, 131, 260, 277, 400, 355, 118, 120, 342, 195, 144, 361, 379, 215, 372, 370, 375, 150, 404, 109, 366, 178, 273, 149, 105, 128, 261, 334, 173, 132, 247, 206, 97, 162, 339, 248, 292, 270, 174, 198, 362, 242, 269, 344, 240, 161, 304, 351, 368, 104, 112, 280, 229, 354, 245, 311, 374, 152, 191, 138, 250, 300, 216, 303, 297, 402, 262, 331, 197, 155, 337, 324, 312, 142, 219, 244, 381, 345, 301, 384, 95, 359, 246, 232, 305, 192, 347, 136, 352, 231, 298, 307, 291, 382, 159, 102, 364, 222, 123, 398, 143, 252, 193, 184, 177, 327, 367, 227, 318, 148, 190, 121, 335, 203, 163, 211, 153, 333, 251, 194, 314, 221, 320]"
diversity_on_nsga2,63,-88.84338193099227,29.316618069007767,60.95661806900777,"[91, 30, 68, 76, 22, 10, 1, 17, 75, 93, 79, 72, 13, 40, 69, 21, 3, 87, 7, 43, 24, 41, 29, 77, 15, 74, 12, 66, 16, 27, 49, 25, 52, 86, 33, 28, 63, 36, 60, 53, 61, 8, 42, 4, 50, 64, 32, 2, 94, 14, 11, 19, 46, 39, 38, 48, 83, 54, 89, 85, 82, 88, 34, 78, 59, 45, 56, 23, 73, 71, 55, 51, 80, 62, 70, 37, 81, 92, 57, 58, 67, 47, 35, 5, 6, 65, 84, 90, 31, 44, 26, 20, 18, 9]","[161, 362, 383, 325, 107, 143, 367, 204, 132, 310, 133, 402, 304, 380, 155, 98, 312, 351, 374, 289, 151, 282, 259, 130, 359, 368, 275, 319, 277, 343, 377, 188, 291, 221, 179, 364, 112, 189, 211, 229, 175, 354, 338, 245, 297, 346, 278, 250, 335, 238, 140, 349, 185, 167, 271, 394, 323, 113, 357, 156, 95, 198, 285, 302, 266, 134, 234, 316, 283, 363, 320, 172, 257, 127, 193, 125, 371, 350, 119, 249, 356, 315, 199, 166, 217, 200, 360, 183, 403, 239, 296, 225, 147, 290, 103, 184, 181, 114, 210, 381, 141, 333, 366, 101, 171, 390, 201, 213, 284, 261, 100, 102, 205, 376, 276, 301, 237, 138, 243, 389, 154, 208, 110, 164, 303, 241, 287, 148, 196, 388, 265, 177, 327, 268, 157, 227, 117, 258, 121, 165, 224, 274, 405, 191, 203, 153, 142, 264, 251, 197, 244, 314, 345, 180, 348, 178, 216, 116, 152, 396, 317, 255, 293, 306, 96, 263, 328, 106, 124, 286, 329, 321, 373, 212, 300, 375, 308, 324, 313, 336, 169, 299, 223, 128, 267, 298, 176, 395, 347, 248, 123, 222, 131, 162, 202, 158, 139, 118, 120, 342, 195, 170, 272, 144, 137, 280, 365, 341, 146, 230, 361, 326, 207, 292, 353, 387, 232, 160, 194, 305, 393, 330, 192, 401, 235, 399, 392, 219, 220, 209, 145, 226, 136, 252, 352, 231, 215, 358, 307, 126, 270, 340, 104, 111, 233, 294, 246, 372, 382, 247, 159, 391, 214, 173, 135, 369, 150, 281, 253, 109, 228, 295, 254, 122, 273, 322, 370, 355, 149, 260, 186, 105, 332, 163, 97, 386, 318, 236, 309, 99, 331, 334, 404, 218, 397, 339, 182, 190, 256, 385, 168, 311, 206, 262, 400, 384, 279, 242, 269, 344, 337, 378, 108, 187, 379, 240, 174, 398, 115, 288, 129]"
diversity_on_nsga2,64,-83.98460179384615,18.40539820615385,56.415398206153846,"[77, 86, 6, 78, 33, 76, 9, 65, 79, 85, 52, 18, 49, 31, 29, 25, 38, 82, 60, 36, 66, 75, 1, 72, 88, 2, 28, 40, 16, 87, 58, 93, 37, 7, 67, 62, 21, 3, 43, 24, 84, 56, 12, 53, 68, 19, 69, 32, 5, 11, 61, 63, 8, 34, 47, 26, 89, 59, 22, 55, 45, 73, 15, 30, 50, 70, 71, 27, 64, 41, 57, 23, 42, 20, 48, 81, 90, 39, 4, 54, 13, 46, 91, 94, 35, 10, 74, 80, 17, 51, 44, 14, 92, 83]","[362, 217, 242, 269, 344, 187, 379, 240, 158, 288, 129, 161, 394, 202, 350, 304, 388, 285, 238, 98, 351, 248, 289, 272, 266, 115, 368, 275, 108, 104, 113, 316, 364, 112, 280, 229, 175, 354, 245, 201, 278, 181, 403, 207, 349, 346, 387, 237, 232, 305, 192, 210, 110, 336, 319, 392, 347, 226, 357, 170, 136, 352, 231, 358, 298, 307, 326, 119, 151, 137, 150, 225, 290, 382, 390, 101, 159, 127, 102, 391, 401, 222, 396, 398, 143, 308, 252, 183, 193, 371, 263, 140, 177, 327, 367, 268, 157, 234, 227, 117, 190, 311, 323, 165, 224, 260, 133, 282, 374, 405, 152, 191, 156, 335, 203, 166, 138, 163, 208, 265, 258, 399, 250, 184, 279, 180, 186, 300, 257, 216, 303, 297, 235, 361, 168, 254, 318, 330, 287, 128, 176, 122, 121, 116, 145, 402, 228, 188, 206, 213, 262, 195, 331, 342, 120, 341, 302, 131, 148, 197, 395, 155, 153, 340, 99, 293, 294, 281, 338, 233, 299, 214, 199, 196, 146, 329, 332, 337, 324, 211, 312, 301, 219, 264, 377, 251, 194, 244, 314, 221, 381, 320, 345, 393, 325, 130, 142, 384, 296, 389, 189, 284, 111, 317, 239, 95, 209, 255, 359, 306, 96, 246, 160, 259, 328, 380, 167, 283, 135, 106, 124, 309, 100, 286, 243, 185, 321, 383, 220, 103, 373, 372, 147, 212, 370, 134, 179, 375, 172, 313, 291, 363, 404, 139, 310, 169, 230, 360, 109, 366, 178, 273, 241, 322, 355, 149, 154, 223, 105, 171, 144, 295, 200, 261, 334, 333, 249, 164, 125, 253, 173, 132, 369, 107, 247, 343, 118, 315, 378, 353, 400, 205, 97, 376, 356, 123, 162, 339, 182, 256, 218, 274, 204, 386, 271, 365, 292, 141, 270, 236, 267, 174, 215, 348, 277, 114, 126, 397, 385, 198, 276]"
diversity_on_nsga2,65,-41.953475375,8.306524625,36.646524625,"[77, 86, 6, 33, 76, 9, 65, 29, 48, 87, 52, 18, 49, 31, 79, 25, 26, 37, 75, 36, 66, 91, 28, 40, 16, 15, 93, 82, 1, 72, 88, 7, 67, 62, 21, 3, 43, 24, 84, 58, 12, 53, 68, 19, 69, 32, 5, 11, 61, 63, 8, 47, 38, 89, 22, 60, 30, 44, 70, 71, 27, 85, 34, 78, 59, 45, 56, 23, 73, 64, 55, 57, 42, 20, 41, 81, 90, 39, 4, 54, 13, 46, 51, 94, 35, 10, 14, 80, 17, 2, 50, 74, 92, 83]","[242, 269, 344, 187, 379, 240, 158, 288, 129, 161, 394, 202, 350, 304, 341, 285, 283, 98, 351, 274, 289, 272, 266, 259, 368, 275, 108, 104, 113, 316, 364, 112, 280, 229, 175, 354, 245, 201, 278, 308, 403, 207, 349, 346, 387, 237, 232, 305, 192, 210, 110, 336, 319, 392, 226, 357, 170, 136, 352, 231, 358, 307, 166, 119, 151, 137, 291, 225, 290, 382, 390, 101, 159, 127, 102, 391, 401, 222, 396, 123, 398, 143, 181, 252, 183, 193, 371, 184, 140, 177, 327, 367, 268, 157, 234, 227, 117, 190, 311, 323, 165, 224, 154, 133, 282, 374, 405, 152, 191, 156, 335, 203, 126, 138, 189, 208, 265, 258, 399, 250, 263, 279, 180, 186, 300, 397, 216, 303, 297, 235, 361, 168, 365, 254, 318, 330, 287, 295, 122, 121, 116, 339, 145, 402, 228, 188, 118, 213, 262, 195, 331, 342, 120, 388, 302, 131, 148, 197, 155, 153, 340, 99, 293, 294, 204, 281, 338, 233, 299, 182, 214, 199, 196, 146, 329, 332, 337, 324, 211, 312, 142, 362, 128, 267, 298, 176, 395, 347, 248, 264, 162, 377, 251, 194, 244, 314, 221, 381, 320, 345, 393, 325, 130, 301, 276, 296, 389, 163, 284, 111, 317, 107, 95, 209, 255, 359, 306, 96, 246, 160, 115, 328, 380, 167, 238, 135, 106, 124, 309, 100, 286, 243, 185, 321, 383, 220, 103, 373, 372, 215, 147, 212, 370, 134, 179, 375, 172, 313, 150, 363, 404, 139, 310, 169, 230, 360, 109, 366, 178, 273, 241, 322, 256, 149, 260, 223, 105, 205, 171, 144, 97, 376, 356, 200, 261, 334, 333, 355, 218, 386, 271, 292, 249, 164, 125, 141, 270, 253, 173, 132, 236, 369, 239, 174, 247, 343, 206, 315, 378, 353, 400, 348, 277, 114, 326, 257, 385, 198, 384, 219, 217]"
diversity_on_nsga2,66,-39.046586,15.573413999999998,19.253414000000003,"[91, 26, 9, 30, 77, 22, 10, 1, 17, 71, 75, 93, 79, 72, 33, 83, 16, 21, 3, 53, 7, 87, 24, 41, 29, 76, 15, 74, 12, 66, 27, 69, 49, 25, 52, 86, 13, 57, 63, 32, 60, 43, 61, 8, 42, 4, 50, 2, 94, 34, 11, 19, 46, 39, 38, 48, 40, 54, 89, 85, 82, 58, 14, 78, 59, 45, 56, 23, 73, 64, 55, 51, 80, 92, 70, 37, 81, 62, 28, 88, 67, 47, 35, 5, 6, 65, 84, 90, 31, 44, 36, 20, 18, 68]","[298, 379, 187, 385, 168, 226, 126, 170, 288, 137, 319, 358, 344, 311, 138, 341, 392, 161, 362, 136, 299, 176, 131, 347, 222, 395, 202, 158, 118, 120, 342, 195, 272, 361, 326, 330, 254, 235, 218, 145, 252, 352, 231, 307, 279, 382, 159, 391, 140, 401, 208, 186, 163, 318, 99, 397, 190, 269, 262, 384, 242, 98, 351, 289, 270, 152, 335, 297, 188, 398, 304, 402, 143, 367, 282, 133, 129, 338, 240, 291, 146, 332, 337, 211, 312, 219, 377, 194, 381, 320, 393, 130, 296, 189, 284, 111, 107, 95, 209, 359, 306, 246, 274, 119, 236, 331, 323, 339, 378, 343, 206, 228, 357, 234, 376, 276, 301, 237, 201, 243, 389, 154, 122, 110, 164, 303, 302, 287, 148, 196, 388, 265, 177, 327, 268, 157, 227, 117, 258, 121, 165, 224, 374, 405, 191, 203, 153, 142, 264, 251, 197, 244, 314, 345, 180, 325, 178, 216, 116, 396, 317, 293, 255, 295, 96, 263, 328, 106, 124, 286, 329, 321, 373, 212, 300, 375, 250, 324, 313, 249, 217, 334, 141, 333, 125, 253, 369, 239, 247, 315, 353, 400, 399, 271, 292, 151, 174, 277, 198, 266, 290, 127, 102, 257, 225, 213, 160, 115, 380, 167, 238, 135, 309, 100, 185, 383, 220, 103, 372, 215, 147, 370, 184, 179, 172, 150, 363, 404, 139, 310, 169, 230, 360, 109, 366, 273, 241, 322, 355, 149, 260, 223, 105, 205, 171, 144, 128, 97, 356, 386, 173, 183, 193, 371, 156, 348, 204, 350, 132, 221, 181, 285, 283, 134, 261, 114, 259, 368, 275, 108, 104, 349, 316, 364, 112, 280, 229, 175, 354, 245, 278, 308, 403, 207, 113, 346, 387, 232, 305, 192, 210, 336, 182, 256, 101, 166, 248, 200, 123, 390, 162, 365, 267, 155, 340, 294, 281, 233, 214, 199, 394]"
diversity_on_nsga2,67,-78.16641652592082,15.033583474079181,50.13358347407918,"[91, 86, 6, 78, 33, 76, 9, 65, 79, 85, 52, 18, 49, 31, 29, 25, 38, 37, 15, 36, 66, 75, 1, 72, 88, 2, 28, 40, 16, 87, 58, 93, 82, 7, 67, 62, 21, 3, 43, 24, 84, 56, 12, 53, 68, 19, 69, 32, 5, 11, 4, 63, 8, 34, 47, 26, 89, 59, 22, 60, 45, 73, 55, 30, 44, 70, 71, 27, 64, 41, 57, 23, 42, 20, 48, 81, 90, 39, 61, 54, 13, 46, 77, 94, 35, 10, 74, 80, 17, 51, 50, 14, 92, 83]","[362, 217, 242, 269, 344, 187, 379, 240, 158, 288, 129, 161, 394, 202, 350, 304, 341, 285, 238, 98, 351, 274, 289, 272, 266, 259, 368, 275, 108, 104, 113, 316, 364, 112, 280, 229, 175, 354, 245, 201, 278, 308, 403, 207, 349, 346, 387, 237, 232, 305, 192, 210, 110, 336, 319, 392, 347, 226, 357, 170, 136, 352, 231, 358, 298, 307, 326, 119, 151, 137, 291, 225, 290, 382, 390, 101, 159, 127, 102, 391, 401, 222, 396, 398, 143, 181, 252, 183, 193, 371, 263, 140, 177, 327, 367, 268, 157, 234, 227, 117, 190, 311, 323, 165, 224, 154, 133, 282, 374, 405, 152, 191, 156, 335, 203, 166, 138, 163, 208, 265, 258, 399, 250, 184, 279, 180, 186, 300, 257, 216, 303, 297, 235, 361, 168, 254, 318, 330, 287, 295, 176, 122, 121, 116, 145, 402, 228, 188, 118, 213, 262, 195, 331, 342, 120, 388, 302, 131, 148, 197, 395, 155, 153, 340, 99, 293, 294, 281, 338, 233, 299, 214, 199, 196, 146, 329, 332, 337, 324, 211, 312, 142, 219, 264, 377, 251, 194, 244, 314, 221, 381, 320, 345, 393, 325, 130, 301, 384, 296, 389, 189, 284, 111, 317, 107, 95, 209, 255, 359, 306, 96, 246, 160, 115, 328, 380, 167, 283, 135, 106, 124, 309, 100, 286, 243, 185, 321, 383, 220, 103, 373, 372, 147, 212, 370, 134, 179, 375, 172, 313, 150, 363, 404, 139, 310, 169, 230, 360, 109, 366, 178, 273, 241, 322, 355, 149, 260, 223, 105, 171, 144, 128, 200, 261, 334, 333, 249, 164, 125, 253, 173, 132, 369, 239, 247, 343, 206, 315, 378, 353, 400, 205, 97, 376, 356, 123, 162, 339, 182, 256, 218, 248, 204, 386, 271, 365, 292, 141, 270, 236, 267, 174, 215, 348, 277, 114, 126, 397, 385, 198, 276]"
diversity_on_nsga2,68,-16.700000000000003,7.82,15.8,"[78, 33, 76, 55, 52, 18, 49, 87, 29, 65, 37, 15, 36, 70, 75, 1, 72, 88, 91, 28, 42, 31, 58, 82, 7, 67, 62, 21, 3, 43, 24, 81, 56, 68, 19, 5, 11, 8, 34, 47, 71, 59, 22, 60, 45, 26, 44, 27, 38, 66, 64, 85, 93, 20, 84, 73, 54, 25, 17, 94, 89, 51, 2, 13, 83, 32, 41, 74, 12, 69, 14, 57, 63, 53, 61, 39, 92, 9, 48, 30, 4, 40, 46, 77, 16, 35, 90, 23, 10, 79, 50, 80, 86, 6]","[190, 311, 323, 165, 224, 154, 133, 282, 374, 405, 152, 191, 156, 339, 166, 163, 399, 222, 279, 180, 186, 300, 257, 216, 303, 348, 213, 288, 109, 215, 255, 351, 298, 236, 201, 404, 208, 228, 129, 380, 250, 269, 247, 384, 253, 278, 239, 360, 125, 145, 245, 355, 291, 275, 209, 150, 315, 305, 146, 309, 289, 299, 294, 341, 232, 258, 307, 349, 387, 231, 115, 365, 345, 175, 372, 397, 302, 124, 364, 188, 226, 359, 316, 378, 357, 242, 110, 318, 143, 287, 148, 181, 196, 183, 193, 184, 265, 140, 335, 293, 199, 210, 375, 106, 100, 286, 243, 329, 297, 235, 361, 168, 254, 330, 295, 176, 122, 121, 123, 328, 238, 386, 138, 368, 116, 402, 118, 262, 195, 331, 342, 120, 388, 131, 197, 395, 155, 153, 340, 99, 281, 391, 379, 401, 187, 385, 174, 240, 198, 126, 217, 161, 338, 233, 214, 332, 337, 324, 211, 312, 142, 219, 264, 377, 251, 194, 244, 314, 221, 381, 320, 393, 325, 130, 301, 296, 389, 189, 284, 111, 317, 107, 95, 306, 96, 246, 160, 225, 167, 283, 135, 185, 321, 383, 220, 103, 373, 147, 212, 370, 134, 179, 172, 313, 363, 139, 310, 169, 230, 366, 178, 273, 241, 322, 149, 260, 223, 105, 171, 144, 128, 200, 261, 334, 333, 249, 164, 173, 132, 369, 343, 206, 353, 400, 205, 97, 203, 356, 162, 376, 182, 256, 218, 248, 204, 271, 292, 141, 270, 267, 277, 114, 276, 362, 344, 319, 158, 394, 202, 350, 304, 285, 371, 274, 272, 266, 259, 108, 104, 113, 112, 280, 229, 354, 308, 403, 207, 346, 237, 192, 336, 392, 347, 170, 136, 352, 358, 326, 119, 151, 137, 290, 382, 390, 101, 159, 127, 102, 396, 398, 252, 98, 263, 177, 327, 367, 268, 157, 234, 227, 117]"
diversity_on_nsga2,69,-27.286072449999995,10.49392755,16.71392755,"[86, 78, 33, 76, 26, 55, 41, 52, 18, 49, 87, 29, 14, 46, 79, 37, 15, 36, 31, 75, 1, 72, 91, 40, 16, 80, 93, 82, 7, 21, 3, 69, 24, 56, 12, 53, 68, 30, 43, 13, 11, 61, 63, 8, 34, 71, 74, 59, 22, 60, 45, 4, 9, 19, 44, 66, 38, 27, 64, 85, 57, 23, 42, 20, 48, 39, 73, 54, 25, 2, 94, 10, 89, 58, 17, 51, 81, 62, 28, 88, 67, 47, 35, 5, 6, 65, 84, 90, 70, 50, 32, 92, 83, 77]","[382, 159, 391, 401, 250, 396, 398, 143, 252, 263, 177, 327, 367, 268, 157, 227, 117, 190, 311, 165, 224, 145, 282, 374, 405, 152, 191, 138, 163, 265, 258, 399, 222, 279, 180, 186, 300, 216, 189, 211, 229, 175, 354, 338, 245, 297, 346, 278, 308, 335, 238, 140, 349, 185, 167, 271, 394, 323, 113, 357, 156, 95, 198, 285, 241, 266, 134, 234, 316, 283, 363, 325, 320, 172, 257, 127, 193, 125, 371, 350, 119, 249, 356, 315, 199, 166, 217, 200, 360, 183, 403, 336, 239, 296, 225, 108, 290, 103, 184, 181, 114, 210, 381, 141, 333, 366, 101, 171, 390, 284, 261, 100, 102, 205, 376, 276, 301, 237, 201, 243, 389, 154, 208, 110, 164, 303, 302, 287, 148, 196, 388, 235, 361, 168, 254, 318, 330, 295, 176, 122, 121, 116, 133, 402, 188, 118, 213, 262, 195, 331, 342, 120, 131, 197, 395, 155, 153, 340, 99, 293, 294, 281, 233, 299, 214, 146, 329, 332, 337, 324, 312, 142, 219, 264, 377, 251, 194, 244, 314, 221, 345, 393, 130, 384, 111, 317, 107, 209, 255, 359, 306, 96, 246, 160, 115, 328, 380, 135, 106, 124, 309, 286, 321, 383, 220, 373, 372, 147, 212, 370, 179, 375, 313, 150, 404, 139, 310, 169, 230, 109, 386, 178, 273, 322, 355, 149, 260, 223, 105, 144, 128, 334, 253, 173, 132, 369, 247, 343, 206, 378, 353, 400, 97, 203, 123, 162, 339, 182, 256, 218, 248, 204, 365, 292, 270, 236, 267, 174, 215, 348, 277, 126, 397, 385, 362, 242, 269, 344, 319, 379, 240, 158, 288, 341, 161, 202, 304, 129, 98, 351, 274, 289, 272, 259, 368, 275, 104, 364, 112, 280, 207, 387, 232, 305, 192, 187, 392, 347, 226, 170, 136, 352, 231, 358, 298, 307, 326, 151, 137, 291, 228]"
diversity_on_nsga2,70,-76.25750507557693,13.432494924423077,50.34249492442307,"[86, 6, 78, 33, 76, 9, 65, 55, 41, 52, 18, 49, 87, 29, 14, 46, 79, 37, 27, 36, 70, 75, 1, 56, 88, 10, 48, 40, 16, 31, 58, 93, 82, 7, 67, 62, 21, 3, 72, 24, 81, 43, 12, 53, 68, 19, 69, 13, 5, 11, 61, 63, 42, 34, 47, 71, 44, 45, 22, 60, 59, 4, 26, 30, 74, 66, 38, 15, 64, 85, 57, 23, 8, 20, 28, 84, 90, 39, 73, 54, 25, 2, 94, 35, 91, 89, 80, 17, 51, 50, 32, 92, 83, 77]","[362, 217, 242, 269, 344, 379, 240, 262, 288, 129, 161, 394, 202, 350, 304, 341, 285, 283, 98, 351, 274, 289, 272, 266, 259, 368, 275, 108, 104, 113, 316, 364, 112, 280, 229, 175, 354, 245, 201, 278, 187, 308, 403, 207, 349, 346, 393, 237, 357, 305, 192, 210, 110, 336, 319, 392, 347, 226, 232, 170, 136, 352, 231, 358, 298, 307, 326, 119, 151, 137, 291, 228, 290, 382, 390, 101, 159, 127, 102, 391, 401, 250, 396, 398, 143, 181, 252, 183, 193, 371, 263, 140, 177, 327, 367, 268, 157, 234, 227, 117, 190, 311, 323, 165, 224, 154, 133, 282, 374, 405, 152, 191, 156, 335, 376, 166, 334, 163, 208, 265, 258, 399, 222, 184, 279, 180, 186, 300, 257, 216, 303, 297, 235, 361, 168, 254, 318, 330, 287, 295, 176, 122, 121, 116, 145, 402, 225, 188, 118, 213, 158, 195, 331, 342, 120, 388, 302, 131, 148, 197, 395, 155, 153, 340, 99, 293, 294, 281, 123, 233, 299, 214, 199, 196, 146, 329, 332, 337, 324, 211, 312, 142, 219, 264, 377, 251, 194, 244, 314, 221, 381, 320, 345, 387, 325, 130, 301, 384, 296, 389, 189, 284, 111, 317, 107, 95, 209, 255, 359, 306, 96, 246, 160, 115, 328, 380, 167, 238, 135, 106, 124, 309, 100, 149, 243, 185, 321, 383, 220, 103, 373, 372, 147, 212, 370, 134, 179, 375, 172, 313, 150, 363, 404, 139, 310, 169, 230, 360, 109, 386, 178, 273, 241, 322, 355, 286, 260, 223, 105, 171, 144, 128, 200, 261, 138, 333, 249, 164, 125, 253, 173, 132, 369, 239, 247, 343, 206, 315, 378, 353, 400, 205, 97, 203, 356, 338, 162, 339, 182, 256, 218, 248, 204, 366, 271, 365, 292, 141, 270, 236, 267, 174, 215, 348, 277, 114, 126, 397, 385, 198, 276]"
diversity_on_nsga2,71,-104.41538439530605,34.00461560469396,71.38461560469396,"[9, 91, 30, 68, 77, 22, 10, 1, 31, 64, 75, 93, 79, 72, 13, 40, 16, 21, 43, 7, 87, 24, 41, 29, 76, 15, 74, 12, 66, 27, 69, 49, 25, 86, 56, 63, 36, 60, 53, 61, 8, 42, 4, 50, 2, 94, 14, 11, 19, 46, 59, 45, 33, 39, 38, 48, 83, 54, 89, 85, 82, 58, 34, 78, 23, 73, 71, 55, 51, 80, 92, 57, 3, 47, 70, 37, 81, 62, 28, 88, 67, 52, 35, 5, 6, 65, 84, 90, 17, 44, 32, 20, 18, 26]","[161, 362, 383, 320, 107, 143, 327, 204, 132, 310, 133, 402, 304, 380, 155, 98, 312, 351, 374, 289, 151, 282, 259, 130, 359, 368, 275, 319, 277, 343, 377, 188, 291, 221, 179, 373, 112, 189, 211, 229, 175, 354, 338, 245, 297, 346, 278, 308, 335, 238, 140, 349, 185, 167, 271, 394, 323, 113, 357, 156, 95, 198, 285, 241, 266, 134, 234, 316, 283, 363, 325, 172, 257, 127, 193, 125, 371, 350, 119, 249, 356, 315, 199, 166, 217, 200, 360, 183, 403, 336, 239, 296, 225, 147, 290, 103, 184, 181, 114, 210, 381, 141, 333, 366, 101, 171, 390, 284, 261, 100, 102, 205, 376, 276, 301, 237, 138, 243, 389, 154, 208, 110, 164, 303, 302, 287, 148, 196, 388, 265, 177, 367, 268, 157, 227, 117, 258, 121, 165, 224, 274, 405, 191, 203, 153, 142, 264, 251, 197, 244, 345, 180, 348, 178, 216, 116, 152, 396, 317, 255, 293, 306, 96, 263, 328, 106, 124, 286, 329, 321, 364, 212, 300, 375, 250, 324, 313, 213, 169, 299, 404, 314, 223, 128, 267, 298, 176, 395, 347, 248, 123, 222, 131, 162, 202, 158, 139, 118, 120, 342, 195, 170, 272, 144, 137, 280, 365, 341, 146, 230, 361, 326, 207, 292, 353, 387, 232, 160, 194, 305, 393, 330, 192, 401, 235, 399, 392, 219, 220, 209, 145, 226, 136, 252, 352, 231, 215, 358, 307, 126, 270, 340, 104, 111, 233, 294, 246, 372, 382, 247, 159, 391, 214, 173, 135, 369, 150, 201, 281, 253, 109, 228, 295, 254, 122, 273, 322, 370, 168, 149, 260, 186, 105, 332, 163, 97, 386, 318, 236, 309, 99, 331, 334, 218, 397, 339, 182, 190, 256, 385, 355, 311, 206, 262, 400, 384, 279, 242, 269, 344, 337, 378, 108, 187, 379, 240, 174, 398, 115, 288, 129]"
diversity_on_nsga2,72,-25.5645267475,11.1954732525,12.0354732525,"[33, 9, 65, 79, 52, 18, 49, 31, 25, 36, 66, 29, 84, 68, 50, 13, 11, 74, 4, 26, 94, 10, 75, 32, 43, 21, 39, 12, 2, 56, 76, 40, 54, 82, 58, 24, 41, 93, 5, 92, 19, 37, 62, 53, 88, 67, 35, 8, 34, 47, 69, 89, 60, 45, 55, 30, 44, 70, 71, 64, 22, 59, 42, 20, 48, 81, 14, 90, 83, 27, 87, 85, 57, 23, 73, 63, 51, 7, 80, 15, 61, 16, 3, 46, 28, 38, 72, 17, 1, 77, 86, 91, 6, 78]","[197, 216, 105, 128, 322, 97, 218, 366, 271, 292, 257, 162, 371, 370, 399, 321, 297, 191, 311, 138, 312, 142, 219, 151, 228, 281, 314, 247, 261, 192, 305, 119, 343, 126, 217, 290, 391, 170, 315, 98, 330, 308, 288, 207, 356, 230, 340, 102, 350, 225, 108, 376, 349, 272, 137, 295, 319, 351, 146, 239, 352, 279, 140, 115, 274, 402, 122, 283, 382, 182, 236, 273, 387, 256, 109, 246, 381, 244, 171, 178, 133, 384, 365, 231, 345, 266, 175, 372, 397, 302, 124, 377, 150, 364, 188, 253, 226, 145, 232, 359, 316, 378, 125, 357, 242, 360, 110, 318, 398, 143, 287, 148, 181, 196, 368, 193, 184, 265, 392, 327, 367, 99, 268, 177, 234, 227, 117, 190, 258, 121, 323, 165, 282, 405, 214, 156, 335, 203, 166, 163, 211, 153, 264, 333, 251, 194, 198, 221, 320, 393, 180, 325, 130, 276, 296, 186, 389, 189, 116, 284, 235, 111, 317, 107, 293, 209, 255, 208, 306, 199, 96, 160, 375, 328, 380, 167, 238, 135, 106, 309, 100, 286, 243, 329, 185, 139, 220, 103, 373, 353, 147, 212, 168, 134, 179, 250, 172, 313, 213, 363, 383, 310, 169, 270, 299, 223, 267, 298, 136, 254, 113, 176, 127, 369, 395, 347, 229, 129, 205, 200, 233, 348, 123, 222, 332, 131, 202, 260, 241, 158, 277, 400, 355, 118, 120, 396, 342, 195, 338, 341, 289, 144, 361, 326, 336, 379, 307, 237, 215, 187, 278, 385, 114, 161, 304, 141, 334, 285, 159, 149, 101, 155, 269, 174, 201, 331, 206, 358, 245, 403, 339, 112, 401, 210, 263, 303, 404, 386, 173, 183, 388, 204, 300, 154, 132, 224, 164, 248, 390, 294, 394, 259, 344, 362, 280, 252, 104, 262, 152, 354, 275, 346, 240, 291, 337, 324, 301, 95, 249, 157, 374]"
diversity_on_nsga2,73,-29.177369813557693,8.232630186442307,18.022630186442306,"[78, 33, 76, 9, 65, 55, 41, 52, 18, 49, 87, 29, 14, 79, 37, 15, 36, 70, 75, 1, 46, 91, 48, 40, 16, 93, 72, 30, 45, 31, 58, 57, 82, 7, 67, 62, 21, 3, 43, 24, 81, 56, 12, 53, 68, 19, 69, 13, 5, 11, 61, 63, 8, 34, 47, 71, 74, 59, 22, 60, 4, 23, 88, 44, 66, 38, 27, 64, 85, 26, 42, 20, 28, 84, 90, 39, 73, 54, 25, 2, 94, 35, 10, 89, 80, 17, 51, 50, 32, 92, 83, 77, 86, 6]","[362, 217, 242, 114, 344, 379, 240, 288, 129, 161, 394, 202, 350, 304, 341, 285, 283, 98, 351, 274, 289, 272, 266, 259, 275, 108, 145, 113, 316, 364, 112, 280, 229, 175, 354, 245, 201, 187, 308, 403, 207, 349, 346, 387, 237, 232, 305, 192, 210, 110, 336, 319, 392, 347, 226, 170, 136, 352, 231, 358, 298, 307, 326, 119, 151, 137, 291, 228, 290, 382, 390, 101, 159, 127, 102, 391, 401, 365, 396, 398, 143, 181, 252, 183, 193, 371, 263, 140, 177, 327, 367, 268, 157, 234, 227, 117, 311, 323, 165, 224, 154, 133, 282, 374, 405, 152, 191, 156, 335, 166, 334, 163, 208, 265, 258, 399, 222, 184, 279, 180, 186, 300, 257, 216, 303, 297, 235, 361, 168, 254, 318, 330, 287, 295, 176, 122, 121, 116, 104, 402, 225, 188, 118, 213, 158, 195, 331, 342, 120, 388, 302, 131, 148, 197, 395, 155, 153, 340, 99, 293, 294, 281, 123, 233, 299, 214, 199, 196, 146, 329, 332, 337, 324, 211, 312, 142, 219, 264, 377, 251, 194, 244, 314, 221, 381, 320, 345, 393, 325, 130, 301, 384, 296, 389, 189, 284, 111, 317, 107, 95, 209, 255, 359, 306, 96, 246, 160, 115, 328, 380, 167, 238, 135, 106, 124, 309, 100, 103, 139, 286, 278, 190, 353, 339, 243, 185, 321, 383, 220, 357, 373, 372, 147, 212, 370, 134, 179, 375, 172, 313, 150, 363, 404, 262, 310, 169, 230, 360, 109, 386, 178, 273, 241, 322, 355, 149, 260, 223, 105, 171, 144, 128, 200, 261, 138, 333, 249, 164, 125, 253, 173, 132, 369, 239, 247, 343, 206, 315, 378, 368, 400, 205, 97, 203, 356, 338, 162, 376, 182, 256, 218, 248, 204, 366, 271, 250, 292, 141, 270, 236, 267, 174, 215, 348, 277, 269, 126, 397, 385, 198, 276]"
diversity_on_nsga2,74,-40.10923585,7.5307641499999995,38.29076415000001,"[43, 60, 83, 71, 8, 30, 50, 66, 75, 16, 29, 12, 32, 53, 15, 36, 3, 65, 90, 26, 89, 42, 25, 6, 92, 14, 10, 41, 1, 24, 18, 79, 20, 78, 4, 56, 23, 73, 64, 55, 51, 80, 70, 37, 2, 94, 52, 11, 19, 46, 39, 38, 48, 40, 54, 7, 85, 82, 58, 34, 44, 59, 45, 81, 62, 28, 88, 67, 47, 35, 5, 84, 31, 9, 91, 68, 77, 22, 17, 72, 93, 13, 21, 87, 76, 74, 27, 69, 49, 86, 33, 57, 63, 61]","[274, 151, 282, 275, 108, 343, 175, 346, 335, 140, 349, 323, 357, 156, 266, 234, 316, 283, 363, 193, 371, 350, 119, 183, 225, 290, 184, 181, 102, 110, 177, 327, 268, 227, 117, 374, 405, 191, 203, 367, 364, 178, 165, 272, 308, 133, 311, 248, 170, 137, 207, 232, 305, 192, 392, 226, 231, 104, 382, 391, 236, 182, 190, 344, 319, 398, 387, 143, 166, 139, 298, 136, 113, 127, 347, 229, 200, 348, 222, 202, 376, 400, 396, 341, 289, 326, 336, 307, 237, 278, 114, 304, 285, 159, 101, 201, 362, 245, 403, 112, 401, 368, 390, 252, 291, 358, 259, 210, 224, 152, 154, 157, 280, 366, 354, 394, 138, 163, 208, 265, 258, 399, 250, 263, 359, 180, 186, 300, 257, 216, 303, 297, 235, 361, 168, 254, 318, 330, 287, 295, 176, 322, 121, 116, 239, 402, 228, 188, 118, 213, 262, 195, 331, 342, 120, 388, 302, 131, 148, 197, 395, 155, 153, 340, 99, 293, 294, 281, 338, 233, 299, 214, 199, 196, 146, 329, 332, 337, 324, 211, 312, 142, 219, 264, 377, 251, 194, 244, 314, 221, 381, 320, 345, 393, 325, 130, 301, 276, 296, 389, 189, 284, 111, 317, 107, 95, 209, 255, 279, 306, 96, 246, 160, 115, 328, 380, 167, 238, 135, 106, 124, 309, 100, 286, 243, 185, 321, 383, 220, 103, 372, 373, 147, 212, 370, 134, 179, 375, 172, 313, 132, 365, 123, 292, 404, 379, 215, 187, 385, 334, 149, 269, 174, 253, 105, 97, 218, 271, 386, 240, 315, 333, 247, 355, 206, 128, 198, 126, 171, 150, 169, 261, 288, 339, 230, 144, 158, 260, 356, 353, 267, 360, 270, 217, 397, 173, 369, 352, 256, 161, 273, 125, 378, 310, 205, 204, 129, 109, 145, 242, 241, 223, 122, 141, 277, 384, 351, 162, 164, 249, 98]"
diversity_on_nsga2,75,-31.862776649999994,12.73722335,16.43722335,"[33, 9, 65, 79, 52, 18, 49, 31, 87, 76, 41, 29, 92, 14, 83, 77, 86, 25, 26, 37, 15, 36, 66, 91, 28, 40, 16, 75, 73, 82, 1, 72, 88, 7, 67, 62, 21, 3, 43, 24, 84, 58, 56, 12, 53, 68, 19, 69, 32, 5, 11, 61, 63, 8, 34, 47, 38, 89, 59, 22, 60, 45, 93, 55, 30, 44, 70, 71, 27, 64, 85, 57, 23, 42, 20, 48, 81, 90, 39, 4, 54, 13, 46, 51, 94, 35, 10, 74, 80, 17, 2, 50, 6, 78]","[265, 204, 300, 154, 350, 132, 224, 258, 310, 181, 380, 285, 283, 177, 106, 103, 153, 184, 261, 114, 164, 182, 180, 100, 148, 313, 363, 212, 256, 101, 166, 248, 200, 123, 390, 162, 241, 396, 365, 375, 147, 267, 237, 155, 340, 293, 294, 281, 233, 214, 192, 210, 110, 329, 319, 392, 347, 226, 357, 170, 136, 352, 231, 358, 298, 199, 196, 394, 379, 187, 385, 168, 126, 288, 108, 137, 295, 259, 344, 232, 327, 227, 405, 311, 138, 203, 341, 161, 362, 268, 299, 176, 395, 222, 131, 202, 158, 118, 120, 342, 195, 272, 280, 361, 326, 207, 387, 305, 330, 401, 235, 399, 145, 252, 307, 104, 279, 382, 159, 391, 228, 254, 122, 186, 163, 318, 99, 397, 190, 269, 262, 384, 242, 98, 351, 328, 229, 151, 152, 364, 112, 175, 278, 308, 335, 297, 188, 398, 304, 402, 354, 143, 367, 275, 346, 282, 245, 133, 289, 129, 338, 240, 291, 146, 336, 332, 337, 324, 211, 312, 142, 219, 264, 377, 251, 194, 244, 314, 221, 381, 320, 345, 393, 325, 130, 301, 276, 296, 389, 189, 284, 111, 317, 107, 95, 209, 255, 359, 306, 96, 246, 160, 115, 274, 119, 113, 236, 373, 331, 323, 339, 378, 343, 206, 220, 368, 140, 134, 234, 316, 249, 217, 403, 171, 302, 157, 374, 197, 216, 116, 124, 205, 223, 334, 139, 273, 141, 238, 322, 355, 260, 105, 144, 128, 333, 125, 253, 369, 239, 247, 315, 353, 400, 97, 356, 218, 366, 271, 292, 270, 174, 215, 277, 198, 266, 201, 349, 290, 127, 102, 371, 263, 376, 191, 208, 250, 257, 303, 121, 225, 213, 167, 135, 309, 321, 372, 370, 179, 172, 150, 404, 169, 230, 360, 109, 386, 243, 173, 183, 185, 117, 388, 149, 193, 286, 165, 287, 156, 178, 383, 348]"
diversity_on_nsga2,76,-79.93999051330194,24.110009486698072,44.86000948669807,"[6, 78, 33, 61, 92, 22, 5, 41, 52, 18, 31, 25, 15, 36, 66, 91, 16, 84, 42, 59, 21, 60, 53, 67, 48, 3, 88, 2, 54, 58, 35, 46, 74, 72, 71, 28, 45, 30, 24, 77, 65, 64, 20, 50, 4, 39, 11, 12, 17, 32, 9, 82, 94, 43, 93, 26, 19, 89, 69, 1, 34, 79, 38, 83, 13, 55, 44, 70, 37, 27, 87, 85, 57, 23, 73, 63, 51, 7, 80, 47, 68, 29, 56, 14, 90, 8, 81, 62, 10, 40, 76, 49, 75, 86]","[128, 275, 263, 374, 344, 388, 346, 248, 249, 132, 257, 162, 371, 370, 399, 321, 297, 191, 311, 138, 312, 142, 219, 151, 228, 281, 314, 247, 261, 192, 305, 119, 343, 126, 217, 290, 391, 170, 322, 98, 330, 308, 288, 207, 356, 230, 340, 102, 350, 225, 108, 376, 349, 272, 137, 295, 319, 351, 146, 239, 352, 279, 140, 115, 274, 402, 122, 283, 382, 182, 236, 273, 387, 256, 109, 246, 381, 244, 171, 178, 133, 384, 365, 231, 345, 266, 175, 372, 397, 302, 124, 377, 150, 364, 188, 253, 226, 145, 232, 359, 316, 378, 125, 357, 242, 360, 110, 318, 398, 143, 287, 148, 181, 196, 368, 193, 184, 265, 392, 327, 367, 99, 268, 177, 234, 227, 117, 190, 258, 121, 323, 165, 282, 405, 214, 156, 335, 203, 166, 163, 211, 153, 264, 333, 251, 194, 198, 221, 320, 393, 180, 325, 130, 276, 296, 186, 389, 189, 116, 284, 235, 111, 317, 107, 293, 209, 255, 208, 306, 199, 96, 160, 375, 328, 380, 167, 238, 135, 106, 309, 100, 286, 243, 329, 185, 139, 220, 103, 373, 353, 147, 212, 168, 134, 179, 250, 172, 313, 213, 363, 383, 310, 169, 270, 299, 223, 267, 298, 136, 254, 113, 176, 127, 369, 395, 347, 229, 129, 205, 200, 233, 348, 123, 222, 332, 131, 202, 260, 241, 158, 277, 400, 355, 118, 120, 396, 342, 195, 338, 341, 289, 144, 361, 326, 336, 379, 307, 237, 215, 187, 278, 385, 114, 161, 304, 141, 334, 285, 159, 149, 101, 155, 269, 174, 201, 331, 206, 358, 245, 403, 339, 112, 401, 183, 300, 197, 390, 252, 292, 291, 404, 95, 301, 337, 362, 303, 271, 259, 210, 164, 386, 224, 152, 216, 240, 154, 157, 324, 315, 280, 173, 105, 97, 204, 218, 366, 354, 394, 262, 294, 104]"
diversity_on_nsga2,77,-92.59582551635185,31.824174483648168,59.60417448364817,"[9, 91, 30, 68, 77, 22, 10, 1, 17, 75, 93, 79, 72, 13, 16, 21, 3, 43, 7, 87, 24, 41, 50, 76, 15, 74, 12, 66, 27, 69, 49, 25, 52, 86, 33, 63, 60, 53, 40, 28, 61, 8, 42, 4, 29, 64, 32, 2, 94, 14, 11, 46, 19, 39, 38, 48, 83, 54, 89, 85, 82, 88, 34, 78, 59, 45, 56, 23, 73, 71, 55, 51, 80, 62, 70, 37, 81, 92, 57, 58, 67, 47, 35, 5, 6, 65, 84, 90, 31, 44, 36, 20, 18, 26]","[161, 383, 107, 143, 367, 204, 132, 310, 133, 402, 304, 380, 155, 98, 312, 351, 289, 151, 110, 259, 130, 359, 368, 275, 108, 277, 343, 377, 188, 291, 221, 179, 364, 112, 189, 211, 229, 175, 354, 338, 245, 297, 346, 278, 335, 238, 140, 349, 185, 167, 271, 394, 323, 113, 357, 156, 95, 198, 285, 266, 134, 234, 316, 283, 363, 320, 172, 257, 127, 193, 125, 371, 302, 374, 325, 250, 362, 350, 119, 249, 356, 315, 199, 166, 217, 200, 360, 183, 403, 239, 296, 225, 370, 372, 103, 184, 181, 114, 210, 381, 141, 333, 366, 101, 171, 390, 201, 213, 284, 261, 100, 102, 205, 376, 276, 301, 237, 138, 243, 389, 154, 208, 282, 164, 303, 241, 287, 148, 196, 388, 265, 177, 327, 268, 157, 227, 117, 258, 121, 165, 224, 274, 405, 191, 203, 153, 142, 264, 251, 197, 244, 314, 345, 180, 348, 178, 216, 116, 152, 396, 317, 255, 293, 306, 96, 263, 328, 106, 124, 286, 329, 321, 373, 212, 300, 375, 308, 324, 313, 336, 169, 299, 223, 128, 267, 298, 176, 395, 347, 248, 123, 222, 131, 162, 202, 158, 139, 118, 120, 342, 195, 170, 272, 144, 137, 280, 365, 341, 146, 230, 361, 326, 207, 292, 353, 387, 232, 160, 194, 305, 393, 330, 192, 401, 235, 399, 392, 219, 220, 209, 145, 226, 136, 252, 352, 231, 215, 358, 307, 126, 270, 340, 104, 111, 233, 294, 246, 290, 382, 247, 159, 391, 214, 173, 135, 369, 150, 281, 253, 109, 228, 295, 254, 122, 273, 322, 147, 355, 149, 260, 186, 105, 332, 163, 97, 386, 318, 236, 309, 99, 331, 334, 404, 218, 397, 339, 182, 190, 256, 385, 168, 311, 206, 262, 400, 384, 279, 242, 269, 344, 337, 378, 319, 187, 379, 240, 174, 398, 115, 288, 129]"
diversity_on_nsga2,78,-30.3,13.37,16.200000000000003,"[33, 79, 41, 90, 18, 29, 65, 15, 36, 1, 91, 58, 82, 7, 3, 43, 24, 12, 53, 19, 26, 66, 16, 25, 75, 78, 93, 88, 69, 76, 62, 86, 37, 87, 21, 68, 84, 49, 9, 6, 56, 72, 28, 40, 31, 67, 92, 83, 32, 5, 11, 61, 63, 8, 34, 47, 38, 89, 59, 22, 60, 45, 73, 55, 30, 44, 70, 71, 27, 64, 85, 57, 23, 42, 20, 48, 81, 52, 39, 4, 54, 13, 46, 51, 94, 35, 10, 74, 80, 17, 2, 50, 14, 77]","[304, 341, 285, 283, 371, 351, 274, 289, 272, 266, 259, 368, 275, 108, 104, 113, 316, 364, 112, 280, 229, 175, 354, 245, 201, 278, 308, 403, 207, 349, 346, 387, 237, 232, 305, 192, 210, 110, 336, 187, 392, 347, 226, 103, 170, 136, 352, 231, 358, 298, 307, 326, 119, 151, 137, 291, 290, 382, 390, 101, 159, 127, 102, 391, 401, 396, 398, 143, 181, 252, 183, 193, 98, 376, 334, 163, 222, 184, 257, 225, 123, 384, 296, 389, 284, 111, 317, 107, 95, 209, 255, 359, 140, 177, 327, 367, 268, 157, 234, 227, 117, 190, 311, 323, 165, 224, 154, 133, 282, 374, 405, 152, 191, 156, 335, 203, 166, 138, 189, 208, 265, 258, 399, 250, 263, 279, 180, 186, 267, 300, 397, 216, 303, 297, 235, 361, 168, 365, 254, 318, 330, 287, 295, 176, 122, 121, 116, 339, 145, 402, 228, 188, 118, 213, 262, 195, 331, 342, 120, 388, 302, 131, 148, 197, 395, 155, 153, 340, 99, 293, 294, 204, 281, 338, 233, 299, 182, 214, 199, 196, 146, 329, 332, 337, 324, 211, 312, 142, 219, 264, 162, 377, 251, 194, 244, 314, 221, 381, 320, 345, 393, 325, 130, 301, 306, 96, 246, 160, 115, 328, 380, 167, 238, 135, 106, 124, 309, 100, 286, 243, 185, 321, 383, 220, 357, 373, 372, 147, 212, 370, 134, 179, 375, 172, 313, 150, 363, 310, 169, 360, 386, 178, 273, 241, 322, 355, 149, 174, 404, 139, 230, 109, 260, 223, 105, 171, 144, 128, 200, 261, 333, 249, 164, 125, 253, 173, 132, 369, 239, 247, 343, 206, 315, 378, 353, 400, 205, 97, 356, 256, 218, 248, 366, 271, 292, 141, 270, 236, 215, 348, 277, 114, 126, 385, 198, 276, 362, 217, 242, 269, 344, 319, 379, 240, 158, 288, 129, 161, 394, 202, 350]"
diversity_on_nsga2,79,-40.5279237125,18.082076287499998,21.372076287499997,"[17, 91, 83, 76, 24, 79, 41, 52, 49, 29, 25, 26, 15, 66, 75, 1, 72, 9, 16, 87, 93, 7, 21, 3, 43, 12, 68, 69, 74, 22, 30, 71, 27, 13, 2, 86, 33, 57, 63, 32, 60, 53, 61, 8, 42, 4, 50, 77, 94, 14, 11, 19, 46, 39, 38, 48, 40, 54, 89, 85, 82, 58, 34, 78, 59, 45, 56, 23, 73, 64, 55, 51, 80, 92, 70, 37, 81, 62, 28, 88, 67, 47, 35, 5, 6, 65, 84, 90, 31, 44, 36, 20, 18, 10]","[274, 402, 122, 283, 382, 182, 236, 273, 387, 256, 109, 246, 133, 384, 365, 270, 266, 175, 372, 397, 150, 364, 188, 253, 226, 145, 232, 359, 316, 378, 357, 242, 318, 398, 143, 140, 367, 234, 190, 323, 282, 156, 335, 163, 211, 287, 194, 221, 320, 393, 130, 186, 189, 235, 111, 107, 209, 160, 115, 380, 99, 294, 281, 338, 233, 214, 146, 167, 238, 135, 309, 185, 383, 220, 353, 168, 193, 125, 371, 350, 119, 249, 356, 315, 199, 166, 217, 200, 360, 183, 403, 336, 239, 296, 225, 147, 290, 103, 184, 181, 114, 210, 381, 141, 333, 366, 101, 171, 390, 284, 261, 100, 102, 205, 376, 276, 301, 237, 201, 243, 389, 154, 208, 110, 164, 303, 302, 377, 148, 196, 388, 265, 177, 327, 268, 157, 227, 117, 258, 121, 165, 224, 374, 405, 191, 203, 153, 142, 264, 251, 197, 244, 314, 345, 180, 325, 178, 216, 116, 396, 317, 293, 255, 306, 96, 263, 328, 106, 124, 286, 329, 321, 373, 212, 300, 375, 250, 324, 313, 213, 169, 299, 223, 128, 267, 298, 176, 395, 347, 248, 123, 222, 131, 134, 179, 172, 363, 139, 310, 231, 136, 254, 113, 127, 369, 229, 129, 348, 332, 202, 260, 241, 158, 277, 400, 355, 118, 120, 342, 195, 341, 289, 144, 361, 326, 379, 307, 215, 187, 278, 385, 161, 304, 334, 285, 159, 149, 155, 269, 174, 331, 206, 362, 245, 339, 112, 401, 368, 252, 292, 291, 404, 95, 337, 358, 271, 259, 386, 152, 240, 280, 173, 105, 97, 204, 218, 354, 394, 262, 104, 275, 344, 346, 132, 257, 162, 370, 399, 297, 311, 138, 312, 219, 151, 228, 198, 247, 192, 305, 343, 126, 391, 170, 322, 98, 330, 308, 288, 207, 230, 340, 392, 108, 349, 272, 137, 295, 319, 351, 352, 279]"
diversity_on_nsga2,80,-78.51921319,22.12078681,55.98078681,"[6, 78, 33, 76, 9, 79, 55, 52, 18, 49, 87, 29, 46, 65, 37, 15, 36, 70, 75, 1, 72, 88, 91, 28, 40, 42, 31, 58, 82, 7, 67, 62, 21, 3, 43, 24, 81, 56, 68, 19, 5, 11, 8, 34, 47, 71, 59, 22, 60, 45, 4, 26, 30, 44, 27, 38, 66, 64, 85, 93, 23, 16, 20, 48, 84, 90, 73, 54, 25, 2, 94, 35, 89, 80, 51, 50, 10, 17, 13, 83, 32, 41, 74, 12, 69, 14, 57, 63, 53, 61, 39, 92, 77, 86]","[304, 341, 285, 371, 351, 274, 289, 272, 266, 259, 275, 108, 104, 113, 316, 364, 112, 280, 229, 175, 354, 245, 201, 278, 308, 403, 207, 349, 346, 387, 237, 232, 305, 192, 210, 110, 336, 392, 347, 226, 170, 136, 352, 231, 358, 298, 307, 326, 119, 151, 137, 291, 290, 382, 390, 101, 159, 127, 102, 250, 396, 398, 143, 181, 252, 183, 193, 98, 263, 140, 177, 327, 367, 268, 157, 234, 227, 117, 190, 311, 323, 165, 224, 154, 133, 282, 374, 405, 152, 191, 156, 335, 339, 166, 163, 208, 265, 258, 399, 222, 184, 279, 180, 186, 300, 257, 216, 303, 297, 235, 361, 168, 254, 318, 330, 287, 295, 176, 122, 121, 123, 328, 238, 357, 386, 138, 368, 116, 145, 402, 228, 188, 118, 213, 262, 195, 331, 342, 120, 388, 302, 131, 148, 197, 395, 155, 153, 340, 99, 293, 294, 281, 391, 379, 401, 187, 385, 269, 174, 240, 198, 126, 288, 217, 397, 161, 129, 242, 338, 233, 299, 214, 199, 196, 146, 329, 332, 337, 324, 211, 312, 142, 219, 264, 377, 251, 194, 244, 314, 221, 381, 320, 345, 393, 325, 130, 301, 384, 296, 389, 189, 284, 111, 317, 107, 95, 209, 255, 359, 306, 96, 246, 160, 115, 225, 380, 167, 283, 135, 106, 124, 309, 100, 286, 243, 185, 321, 383, 220, 103, 373, 372, 147, 212, 370, 134, 179, 375, 172, 313, 150, 363, 404, 139, 310, 169, 230, 360, 109, 366, 178, 273, 241, 322, 355, 149, 260, 223, 105, 171, 144, 128, 200, 261, 334, 333, 249, 164, 125, 253, 173, 132, 369, 239, 247, 343, 206, 315, 378, 353, 400, 205, 97, 203, 356, 162, 376, 182, 256, 218, 248, 204, 271, 365, 292, 141, 270, 236, 267, 215, 348, 277, 114, 276, 362, 344, 319, 158, 394, 202, 350]"
diversity_on_nsga2,81,-22.61912375,7.070876249999999,21.880876249999996,"[33, 52, 18, 65, 25, 15, 36, 66, 76, 84, 42, 21, 67, 48, 3, 2, 54, 58, 46, 72, 28, 31, 24, 75, 50, 92, 4, 9, 82, 94, 43, 93, 19, 1, 38, 37, 87, 85, 23, 7, 29, 56, 90, 62, 40, 16, 51, 80, 11, 81, 35, 6, 8, 34, 47, 26, 89, 59, 22, 60, 45, 73, 55, 30, 44, 70, 71, 27, 64, 5, 79, 20, 77, 86, 91, 68, 10, 17, 13, 83, 32, 41, 74, 12, 69, 14, 57, 63, 61, 39, 53, 49, 88, 78]","[392, 275, 259, 346, 358, 152, 216, 303, 291, 374, 131, 174, 337, 324, 173, 191, 404, 312, 128, 280, 370, 151, 228, 281, 314, 247, 261, 192, 305, 119, 343, 126, 217, 290, 391, 170, 322, 98, 330, 308, 288, 207, 329, 230, 340, 102, 350, 225, 108, 376, 349, 272, 137, 295, 319, 351, 146, 239, 352, 279, 140, 115, 274, 402, 122, 283, 382, 236, 273, 387, 109, 246, 381, 244, 171, 178, 133, 384, 231, 345, 266, 175, 326, 397, 302, 124, 377, 150, 364, 188, 253, 226, 145, 232, 359, 316, 378, 125, 357, 242, 360, 110, 318, 389, 143, 287, 148, 181, 196, 183, 193, 184, 265, 394, 327, 367, 99, 268, 234, 227, 117, 190, 258, 121, 282, 165, 323, 405, 214, 156, 306, 203, 166, 163, 211, 153, 264, 333, 177, 251, 194, 198, 221, 320, 393, 180, 325, 130, 276, 296, 168, 398, 189, 116, 284, 235, 111, 317, 107, 293, 209, 255, 208, 335, 199, 96, 160, 375, 328, 380, 167, 238, 135, 106, 309, 100, 286, 243, 356, 185, 383, 220, 103, 373, 353, 147, 212, 186, 134, 179, 250, 172, 313, 213, 363, 139, 310, 169, 270, 299, 223, 267, 298, 136, 254, 113, 176, 127, 369, 395, 347, 229, 129, 205, 200, 233, 348, 123, 222, 332, 162, 202, 260, 241, 158, 277, 400, 355, 118, 120, 396, 342, 195, 338, 341, 289, 144, 361, 372, 336, 379, 307, 237, 215, 187, 278, 385, 114, 300, 132, 240, 297, 155, 339, 331, 248, 161, 269, 112, 138, 362, 311, 105, 304, 97, 334, 197, 366, 354, 262, 294, 104, 219, 344, 245, 142, 149, 292, 206, 252, 368, 159, 271, 95, 285, 365, 257, 371, 249, 315, 401, 403, 210, 141, 101, 390, 301, 201, 154, 399, 263, 157, 204, 224, 388, 321, 256, 218, 386, 182, 164]"
diversity_on_nsga2,82,-58.942111425,13.927888575000003,36.057888575,"[50, 17, 91, 83, 14, 76, 78, 24, 79, 41, 52, 18, 49, 31, 29, 25, 26, 37, 15, 36, 66, 75, 1, 72, 84, 9, 28, 40, 16, 87, 58, 93, 82, 7, 46, 62, 21, 3, 43, 65, 88, 56, 12, 53, 68, 19, 69, 32, 5, 11, 61, 63, 74, 34, 47, 38, 89, 59, 22, 60, 45, 73, 55, 30, 44, 70, 71, 27, 64, 85, 57, 23, 42, 20, 48, 4, 90, 39, 81, 54, 13, 67, 51, 94, 35, 2, 8, 80, 77, 86, 6, 33, 92, 10]","[374, 344, 250, 346, 248, 249, 132, 257, 162, 371, 370, 399, 321, 297, 191, 311, 138, 312, 142, 219, 151, 228, 198, 247, 261, 192, 305, 119, 343, 126, 217, 290, 391, 170, 322, 98, 330, 308, 288, 207, 131, 230, 340, 392, 102, 350, 225, 108, 376, 349, 272, 137, 295, 319, 351, 239, 352, 279, 274, 402, 122, 283, 382, 182, 236, 273, 387, 256, 109, 246, 381, 244, 171, 178, 133, 384, 365, 270, 345, 266, 175, 372, 397, 302, 124, 177, 150, 364, 188, 253, 226, 145, 232, 359, 316, 378, 125, 357, 242, 360, 110, 318, 398, 143, 287, 148, 181, 183, 193, 184, 265, 140, 327, 367, 268, 234, 227, 117, 190, 258, 121, 323, 165, 282, 405, 156, 335, 203, 166, 163, 211, 153, 264, 333, 377, 251, 194, 314, 221, 320, 393, 180, 325, 130, 276, 296, 186, 389, 189, 116, 284, 235, 111, 317, 107, 209, 255, 208, 306, 96, 160, 115, 328, 380, 99, 293, 294, 281, 338, 233, 299, 214, 199, 196, 146, 329, 167, 238, 135, 106, 309, 100, 286, 243, 185, 383, 220, 103, 373, 353, 147, 212, 168, 134, 179, 388, 172, 313, 213, 363, 139, 310, 169, 231, 223, 267, 298, 136, 254, 113, 176, 127, 369, 395, 347, 229, 129, 205, 200, 348, 123, 222, 332, 356, 202, 260, 241, 158, 277, 400, 355, 118, 120, 396, 342, 195, 341, 289, 144, 361, 326, 336, 379, 307, 237, 215, 187, 278, 385, 114, 161, 304, 141, 334, 285, 159, 149, 101, 155, 269, 174, 201, 331, 206, 362, 245, 403, 339, 112, 401, 368, 300, 197, 390, 252, 292, 291, 404, 95, 301, 337, 358, 303, 271, 259, 210, 164, 386, 375, 224, 152, 216, 240, 154, 157, 324, 315, 280, 173, 105, 97, 204, 218, 366, 354, 394, 262, 104, 128, 275, 263]"
diversity_on_nsga2,83,-72.60000000000001,17.0,39.2,"[9, 91, 30, 68, 55, 10, 1, 17, 71, 75, 93, 79, 72, 13, 83, 16, 21, 3, 43, 7, 87, 24, 41, 29, 76, 33, 74, 12, 48, 69, 25, 53, 42, 4, 50, 2, 94, 52, 11, 19, 46, 39, 38, 66, 40, 89, 85, 82, 58, 22, 44, 59, 37, 56, 23, 73, 64, 34, 51, 80, 92, 70, 45, 81, 62, 88, 67, 47, 35, 90, 31, 78, 36, 20, 49, 77, 18, 86, 15, 57, 54, 32, 60, 28, 6, 5, 65, 27, 84, 8, 61, 63, 14, 26]","[374, 344, 371, 191, 311, 151, 343, 391, 98, 308, 207, 102, 350, 108, 349, 272, 319, 363, 352, 274, 382, 182, 387, 178, 133, 266, 175, 177, 364, 232, 316, 398, 143, 181, 183, 184, 140, 327, 367, 346, 268, 227, 117, 190, 165, 282, 405, 156, 335, 203, 139, 113, 127, 229, 170, 348, 222, 202, 158, 400, 396, 341, 289, 326, 237, 278, 114, 304, 285, 159, 101, 201, 362, 245, 403, 112, 401, 368, 390, 291, 259, 224, 152, 154, 157, 280, 366, 354, 394, 138, 163, 265, 258, 186, 300, 257, 303, 297, 361, 168, 254, 318, 295, 176, 322, 116, 402, 228, 188, 262, 195, 331, 342, 120, 388, 302, 131, 148, 197, 395, 155, 153, 99, 293, 281, 338, 233, 299, 214, 196, 329, 332, 337, 324, 211, 312, 142, 264, 377, 314, 221, 381, 320, 345, 325, 130, 301, 276, 296, 389, 189, 284, 317, 107, 95, 359, 306, 96, 246, 115, 380, 167, 238, 135, 106, 124, 309, 100, 286, 185, 321, 383, 103, 372, 373, 147, 212, 370, 179, 375, 313, 132, 365, 123, 292, 404, 379, 187, 385, 334, 149, 269, 174, 253, 105, 97, 218, 386, 240, 315, 247, 355, 206, 128, 198, 171, 150, 261, 288, 339, 230, 144, 376, 260, 356, 353, 360, 217, 397, 173, 369, 236, 256, 161, 273, 125, 378, 310, 263, 160, 194, 234, 169, 146, 333, 305, 393, 330, 192, 287, 267, 199, 235, 210, 110, 243, 336, 399, 392, 347, 134, 248, 219, 220, 209, 145, 226, 271, 283, 357, 200, 136, 252, 166, 213, 251, 118, 180, 231, 215, 121, 358, 298, 323, 193, 307, 126, 244, 270, 119, 340, 137, 104, 216, 225, 111, 290, 172, 328, 279, 208, 294, 250, 255, 205, 204, 129, 109, 239, 242, 241, 223, 122, 141, 277, 384, 351, 162, 164, 249, 275]"
diversity_on_nsga2,84,-25.85718375,16.03281625,11.842816249999998,"[66, 16, 84, 68, 3, 18, 46, 74, 72, 28, 65, 50, 4, 39, 11, 12, 38, 43, 26, 1, 79, 83, 13, 87, 7, 80, 21, 14, 90, 10, 61, 2, 56, 76, 40, 42, 34, 58, 24, 41, 37, 51, 5, 29, 19, 44, 62, 53, 88, 67, 35, 63, 8, 82, 47, 75, 89, 57, 85, 60, 45, 73, 55, 30, 92, 70, 71, 27, 64, 22, 59, 23, 54, 20, 48, 81, 49, 77, 6, 91, 9, 17, 32, 94, 93, 69, 78, 33, 52, 86, 31, 25, 15, 36]","[133, 160, 354, 139, 192, 273, 141, 238, 398, 257, 96, 386, 328, 292, 187, 366, 112, 179, 352, 202, 376, 97, 105, 256, 135, 263, 118, 126, 348, 213, 288, 109, 215, 255, 351, 298, 236, 270, 201, 404, 208, 228, 380, 250, 269, 247, 384, 253, 278, 239, 360, 125, 145, 245, 355, 291, 275, 209, 150, 315, 305, 146, 309, 289, 299, 294, 341, 232, 132, 307, 349, 387, 231, 115, 365, 345, 266, 175, 372, 397, 302, 124, 181, 188, 226, 359, 316, 378, 357, 242, 110, 318, 143, 287, 148, 364, 196, 183, 193, 184, 265, 140, 335, 293, 199, 210, 375, 106, 100, 286, 243, 329, 185, 220, 103, 119, 147, 394, 327, 367, 99, 268, 234, 227, 117, 190, 258, 121, 282, 165, 323, 405, 214, 156, 306, 203, 166, 163, 211, 153, 264, 333, 177, 251, 194, 198, 221, 320, 393, 180, 325, 130, 276, 296, 186, 389, 189, 116, 284, 235, 111, 317, 107, 212, 168, 134, 172, 313, 363, 229, 129, 383, 310, 169, 223, 267, 136, 254, 113, 176, 127, 369, 395, 347, 205, 200, 233, 123, 222, 332, 131, 260, 241, 158, 277, 400, 120, 396, 342, 195, 338, 144, 361, 326, 336, 379, 237, 385, 114, 161, 304, 334, 285, 159, 149, 101, 155, 174, 331, 206, 362, 403, 339, 401, 368, 300, 197, 252, 95, 301, 337, 358, 303, 271, 259, 167, 164, 224, 152, 216, 240, 154, 157, 324, 280, 173, 204, 218, 262, 104, 128, 374, 344, 388, 346, 249, 162, 371, 370, 399, 321, 297, 191, 311, 319, 312, 142, 219, 151, 281, 314, 261, 373, 343, 217, 290, 391, 170, 322, 98, 330, 308, 207, 356, 230, 340, 102, 350, 225, 108, 377, 248, 392, 272, 137, 295, 138, 390, 279, 274, 402, 122, 283, 382, 182, 353, 246, 381, 244, 171, 178]"
diversity_on_nsga2,85,-32.9675642125,8.182435787500001,18.8324357875,"[33, 79, 41, 52, 18, 29, 14, 65, 15, 36, 1, 91, 42, 58, 57, 82, 7, 3, 43, 24, 81, 12, 53, 19, 11, 8, 70, 60, 45, 26, 30, 66, 38, 16, 48, 90, 25, 10, 89, 50, 85, 75, 44, 20, 78, 61, 93, 17, 88, 74, 34, 94, 69, 76, 64, 62, 39, 86, 2, 5, 51, 13, 55, 71, 37, 27, 87, 23, 73, 63, 22, 21, 80, 47, 68, 54, 84, 49, 9, 4, 6, 46, 56, 59, 72, 28, 40, 31, 67, 35, 32, 92, 83, 77]","[217, 242, 269, 344, 319, 379, 240, 158, 288, 129, 161, 394, 202, 350, 304, 341, 285, 283, 371, 351, 274, 289, 272, 266, 259, 368, 275, 108, 104, 113, 316, 364, 112, 280, 229, 175, 354, 245, 201, 278, 308, 403, 207, 349, 346, 387, 237, 232, 305, 192, 210, 110, 336, 187, 392, 347, 226, 103, 170, 136, 352, 231, 358, 298, 307, 326, 119, 151, 137, 291, 290, 382, 390, 101, 159, 127, 102, 391, 401, 250, 396, 398, 143, 181, 252, 183, 193, 98, 263, 140, 177, 327, 367, 268, 157, 234, 227, 117, 190, 311, 323, 165, 224, 154, 133, 282, 374, 405, 152, 191, 156, 335, 376, 166, 334, 163, 208, 265, 258, 399, 222, 184, 279, 180, 186, 300, 257, 216, 303, 297, 235, 361, 168, 318, 330, 287, 295, 176, 122, 121, 337, 145, 402, 225, 188, 118, 195, 331, 342, 120, 388, 302, 131, 148, 197, 395, 155, 153, 340, 99, 293, 294, 281, 123, 233, 299, 214, 199, 196, 146, 329, 332, 116, 324, 211, 312, 142, 219, 264, 377, 251, 194, 244, 314, 221, 381, 320, 345, 393, 325, 130, 301, 384, 296, 389, 189, 284, 111, 317, 107, 95, 209, 255, 359, 306, 96, 246, 160, 115, 328, 380, 167, 238, 135, 106, 124, 309, 100, 286, 243, 185, 321, 383, 220, 357, 373, 372, 147, 212, 370, 134, 179, 375, 172, 313, 150, 363, 262, 310, 169, 360, 386, 178, 273, 241, 322, 355, 149, 213, 174, 404, 139, 230, 109, 228, 254, 260, 223, 105, 171, 144, 128, 200, 261, 138, 333, 249, 164, 125, 253, 173, 132, 369, 239, 247, 343, 206, 315, 378, 353, 400, 205, 97, 203, 356, 338, 162, 339, 182, 256, 218, 248, 204, 366, 271, 365, 292, 141, 270, 236, 267, 215, 348, 277, 114, 126, 397, 385, 198, 276, 362]"
diversity_on_nsga2,86,-23.756328,5.743672000000001,29.143672,"[43, 60, 7, 83, 71, 8, 48, 30, 50, 66, 75, 16, 29, 12, 32, 53, 11, 15, 19, 36, 38, 82, 3, 65, 90, 26, 45, 89, 42, 25, 6, 92, 58, 14, 10, 41, 1, 24, 18, 52, 85, 79, 44, 20, 78, 4, 2, 94, 46, 39, 40, 54, 34, 59, 56, 23, 73, 64, 55, 51, 80, 70, 37, 81, 62, 28, 88, 67, 47, 35, 5, 84, 31, 9, 91, 68, 77, 22, 17, 72, 93, 13, 21, 87, 76, 74, 27, 69, 49, 86, 33, 57, 63, 61]","[310, 402, 304, 380, 155, 98, 312, 351, 274, 289, 151, 282, 152, 130, 359, 368, 275, 108, 252, 343, 377, 188, 291, 221, 179, 112, 211, 175, 354, 338, 245, 297, 346, 278, 335, 238, 140, 349, 185, 167, 271, 394, 323, 113, 357, 156, 95, 198, 285, 241, 266, 234, 316, 283, 363, 320, 172, 257, 127, 193, 125, 371, 350, 119, 249, 356, 315, 199, 166, 217, 200, 360, 183, 403, 336, 239, 296, 225, 147, 290, 103, 184, 181, 114, 210, 381, 141, 333, 366, 171, 390, 284, 261, 100, 102, 205, 376, 276, 301, 237, 201, 243, 389, 154, 208, 110, 164, 303, 302, 287, 148, 196, 388, 177, 327, 268, 157, 227, 117, 258, 121, 259, 224, 374, 405, 191, 203, 153, 142, 264, 251, 197, 244, 314, 345, 180, 325, 216, 116, 396, 317, 293, 255, 306, 96, 263, 328, 106, 286, 321, 373, 212, 300, 375, 250, 324, 313, 213, 169, 299, 223, 267, 298, 367, 260, 233, 329, 265, 364, 229, 178, 134, 246, 165, 272, 158, 340, 395, 358, 308, 124, 189, 133, 101, 128, 311, 176, 347, 248, 123, 222, 131, 162, 202, 139, 118, 120, 342, 195, 170, 144, 137, 280, 365, 341, 146, 230, 361, 326, 207, 292, 353, 348, 232, 160, 194, 305, 393, 330, 192, 401, 235, 399, 392, 219, 220, 209, 145, 226, 136, 277, 352, 231, 215, 307, 126, 270, 104, 111, 362, 294, 372, 382, 247, 159, 391, 214, 173, 135, 369, 150, 149, 281, 253, 109, 228, 295, 254, 122, 273, 322, 370, 355, 138, 186, 105, 332, 163, 97, 386, 318, 236, 309, 99, 331, 334, 404, 218, 397, 339, 182, 190, 256, 385, 168, 206, 262, 400, 384, 279, 242, 269, 344, 337, 378, 319, 187, 379, 240, 174, 398, 115, 288, 129, 161, 383, 387, 107, 143, 204, 132]"
diversity_on_nsga2,87,-57.231663911538455,13.838336088461539,35.76833608846154,"[45, 7, 30, 54, 42, 38, 46, 77, 94, 35, 22, 90, 23, 10, 79, 80, 17, 2, 50, 51, 87, 75, 37, 93, 70, 1, 59, 72, 82, 13, 83, 16, 78, 71, 67, 49, 21, 3, 43, 24, 84, 56, 12, 53, 68, 19, 69, 32, 5, 11, 4, 63, 8, 34, 47, 26, 89, 41, 29, 58, 76, 15, 74, 85, 66, 14, 86, 6, 61, 65, 52, 62, 25, 28, 44, 81, 40, 33, 92, 18, 31, 36, 91, 60, 48, 73, 64, 20, 39, 9, 55, 88, 27, 57]","[362, 217, 242, 269, 344, 187, 379, 240, 158, 288, 129, 161, 394, 202, 350, 304, 341, 285, 238, 98, 351, 274, 289, 272, 266, 259, 368, 275, 108, 104, 113, 316, 364, 112, 280, 229, 175, 354, 245, 201, 278, 308, 403, 207, 349, 346, 387, 237, 232, 305, 192, 210, 110, 336, 319, 392, 347, 226, 357, 170, 136, 352, 231, 223, 298, 307, 326, 119, 151, 137, 291, 225, 290, 382, 390, 101, 159, 127, 102, 391, 401, 222, 396, 398, 143, 181, 208, 183, 193, 371, 263, 140, 177, 327, 367, 268, 157, 234, 227, 117, 190, 311, 323, 165, 224, 154, 133, 282, 374, 405, 152, 191, 156, 335, 203, 166, 138, 163, 252, 265, 258, 399, 250, 184, 279, 180, 186, 300, 257, 216, 303, 297, 235, 361, 168, 254, 318, 330, 287, 295, 176, 122, 121, 116, 145, 402, 228, 188, 118, 213, 262, 195, 331, 342, 120, 388, 302, 131, 148, 197, 395, 155, 153, 340, 99, 293, 294, 281, 338, 233, 299, 214, 199, 196, 146, 329, 332, 337, 324, 211, 312, 142, 219, 264, 377, 251, 194, 244, 314, 221, 381, 320, 345, 393, 325, 130, 301, 384, 296, 389, 189, 284, 111, 317, 107, 95, 209, 255, 359, 306, 96, 246, 162, 115, 328, 380, 167, 283, 135, 106, 124, 309, 100, 286, 243, 185, 321, 383, 220, 103, 373, 372, 147, 212, 370, 134, 179, 375, 172, 313, 150, 363, 404, 139, 310, 169, 230, 360, 109, 366, 178, 273, 241, 322, 355, 149, 260, 358, 105, 171, 144, 128, 200, 261, 334, 333, 249, 164, 125, 339, 292, 271, 386, 315, 173, 97, 204, 218, 248, 132, 160, 247, 343, 126, 356, 376, 239, 182, 236, 256, 365, 397, 253, 378, 198, 276, 353, 270, 267, 369, 205, 348, 123, 215, 277, 400, 385, 114, 141, 174, 206]"
diversity_on_nsga2,88,-94.27958296348673,33.390417036513284,66.52041703651328,"[9, 91, 30, 77, 22, 10, 1, 13, 71, 75, 93, 79, 72, 17, 83, 16, 21, 3, 43, 7, 87, 24, 41, 29, 76, 15, 74, 12, 66, 27, 69, 46, 49, 25, 52, 55, 33, 34, 63, 65, 60, 53, 61, 36, 42, 4, 50, 2, 94, 14, 11, 19, 68, 39, 38, 48, 40, 54, 89, 85, 58, 57, 78, 59, 45, 56, 23, 73, 64, 86, 82, 51, 80, 92, 70, 37, 81, 62, 28, 88, 67, 47, 35, 5, 6, 32, 84, 90, 31, 44, 8, 20, 18, 26]","[129, 161, 233, 383, 348, 107, 143, 367, 204, 132, 310, 133, 402, 304, 380, 155, 98, 312, 351, 274, 289, 151, 282, 259, 152, 130, 359, 368, 275, 108, 277, 343, 377, 188, 291, 221, 179, 364, 112, 189, 211, 229, 175, 354, 338, 245, 346, 278, 308, 335, 238, 140, 349, 185, 167, 271, 394, 323, 113, 357, 156, 95, 198, 297, 285, 241, 266, 134, 234, 316, 283, 363, 320, 172, 257, 127, 193, 125, 371, 350, 119, 249, 356, 315, 199, 166, 217, 200, 360, 183, 403, 336, 239, 296, 225, 147, 290, 103, 184, 181, 114, 210, 381, 141, 333, 366, 101, 171, 390, 284, 261, 100, 102, 205, 376, 276, 301, 400, 201, 243, 389, 154, 208, 110, 164, 303, 287, 148, 196, 388, 265, 177, 327, 268, 157, 227, 117, 258, 121, 165, 224, 374, 405, 191, 203, 153, 142, 264, 251, 197, 244, 314, 345, 180, 137, 178, 216, 116, 396, 369, 293, 255, 306, 96, 263, 328, 106, 124, 286, 329, 321, 373, 212, 300, 375, 250, 324, 313, 213, 169, 299, 223, 128, 267, 298, 176, 395, 347, 248, 123, 222, 131, 162, 202, 158, 139, 118, 120, 358, 342, 195, 170, 272, 144, 325, 280, 330, 341, 146, 230, 361, 326, 207, 292, 353, 387, 232, 160, 194, 305, 393, 365, 192, 401, 235, 399, 392, 219, 220, 209, 145, 226, 136, 252, 352, 231, 215, 302, 307, 126, 270, 340, 104, 111, 362, 294, 246, 372, 382, 247, 159, 391, 214, 173, 135, 317, 150, 138, 281, 253, 109, 228, 295, 254, 122, 273, 322, 370, 355, 149, 260, 186, 105, 332, 163, 97, 386, 318, 236, 309, 99, 331, 334, 404, 218, 397, 339, 182, 190, 256, 385, 168, 311, 206, 262, 237, 384, 279, 242, 269, 344, 337, 378, 319, 187, 379, 240, 174, 398, 115, 288]"
diversity_on_nsga2,89,-63.31955825,20.710441749999998,21.78044175,"[9, 3, 30, 80, 55, 10, 1, 17, 71, 75, 93, 87, 72, 13, 81, 44, 21, 91, 43, 32, 79, 24, 41, 29, 76, 15, 74, 12, 66, 27, 69, 25, 14, 33, 57, 63, 7, 60, 53, 61, 8, 42, 4, 50, 2, 94, 52, 11, 19, 46, 39, 38, 48, 40, 54, 89, 85, 82, 58, 34, 16, 59, 45, 56, 23, 73, 64, 22, 51, 68, 92, 70, 86, 83, 62, 28, 88, 67, 47, 35, 5, 6, 65, 84, 90, 31, 78, 36, 20, 49, 77, 37, 18, 26]","[275, 374, 344, 248, 371, 191, 399, 151, 192, 305, 119, 343, 290, 391, 170, 98, 308, 207, 392, 102, 350, 225, 108, 349, 272, 137, 319, 277, 352, 274, 283, 382, 182, 387, 178, 133, 231, 266, 175, 177, 364, 226, 232, 316, 357, 110, 398, 143, 181, 183, 149, 184, 140, 327, 367, 346, 268, 234, 227, 117, 190, 323, 165, 282, 405, 156, 335, 203, 166, 139, 298, 136, 113, 127, 347, 229, 200, 348, 222, 202, 158, 400, 396, 341, 289, 326, 336, 307, 237, 278, 114, 304, 285, 159, 101, 201, 362, 245, 403, 112, 401, 368, 390, 252, 291, 358, 259, 210, 224, 152, 154, 157, 280, 366, 354, 394, 138, 163, 208, 265, 258, 311, 250, 263, 279, 180, 186, 300, 257, 216, 303, 297, 235, 361, 168, 254, 318, 330, 287, 295, 176, 322, 121, 116, 239, 402, 228, 188, 118, 213, 262, 195, 331, 342, 120, 388, 302, 131, 148, 197, 395, 155, 153, 340, 99, 293, 294, 281, 338, 233, 299, 214, 199, 196, 146, 329, 332, 337, 324, 211, 312, 142, 219, 264, 377, 251, 194, 244, 314, 221, 381, 320, 345, 393, 212, 130, 301, 276, 296, 389, 189, 284, 111, 317, 107, 95, 209, 255, 359, 306, 96, 246, 160, 115, 328, 380, 167, 238, 135, 106, 124, 309, 100, 286, 243, 185, 321, 383, 220, 103, 372, 373, 147, 325, 370, 134, 179, 375, 172, 313, 132, 365, 123, 292, 404, 379, 215, 187, 385, 334, 193, 269, 174, 253, 105, 97, 218, 271, 386, 240, 315, 333, 247, 355, 206, 128, 198, 126, 171, 150, 169, 261, 288, 339, 230, 144, 376, 260, 356, 353, 267, 360, 270, 217, 397, 173, 369, 236, 256, 161, 273, 125, 378, 310, 205, 204, 129, 109, 145, 242, 241, 223, 122, 141, 363, 384, 351, 162, 164, 249, 104]"
diversity_on_nsga2,90,-49.2751265,19.044873499999998,22.5248735,"[94, 46, 65, 50, 83, 55, 76, 87, 29, 14, 49, 77, 86, 6, 78, 33, 79, 28, 93, 82, 54, 58, 62, 21, 3, 43, 27, 84, 12, 19, 56, 68, 69, 73, 42, 91, 1, 57, 70, 51, 24, 71, 41, 13, 32, 5, 11, 61, 63, 8, 34, 47, 38, 89, 59, 22, 66, 45, 67, 7, 64, 52, 85, 39, 44, 20, 18, 92, 26, 9, 48, 30, 4, 40, 16, 35, 90, 23, 10, 80, 2, 31, 53, 74, 17, 25, 81, 37, 15, 36, 60, 75, 72, 88]","[354, 139, 192, 273, 238, 398, 257, 96, 386, 328, 187, 366, 112, 179, 352, 202, 376, 97, 105, 256, 135, 263, 118, 126, 213, 288, 109, 351, 298, 201, 404, 208, 228, 129, 380, 250, 269, 247, 384, 253, 278, 239, 360, 125, 145, 245, 355, 306, 333, 292, 312, 382, 182, 353, 291, 275, 209, 150, 394, 315, 305, 146, 309, 289, 299, 294, 341, 232, 132, 307, 349, 387, 231, 115, 365, 345, 266, 175, 372, 397, 302, 124, 177, 364, 188, 226, 359, 316, 378, 357, 242, 110, 318, 143, 287, 148, 181, 196, 183, 193, 184, 265, 140, 327, 367, 99, 268, 234, 227, 117, 190, 258, 121, 323, 165, 282, 405, 214, 156, 335, 203, 166, 163, 211, 153, 264, 293, 199, 210, 375, 106, 100, 286, 243, 329, 185, 220, 103, 119, 147, 251, 194, 198, 221, 320, 393, 180, 325, 130, 276, 296, 186, 389, 189, 116, 284, 235, 111, 317, 107, 212, 168, 134, 172, 313, 363, 383, 310, 169, 223, 136, 254, 113, 176, 127, 369, 395, 347, 229, 205, 200, 233, 123, 222, 332, 131, 260, 241, 158, 277, 400, 120, 396, 342, 195, 338, 331, 361, 326, 336, 379, 237, 385, 114, 161, 304, 334, 285, 159, 149, 101, 155, 144, 206, 362, 403, 339, 401, 368, 300, 197, 252, 95, 301, 337, 358, 303, 271, 259, 167, 164, 224, 152, 216, 240, 154, 157, 324, 280, 173, 204, 218, 262, 104, 128, 374, 344, 388, 346, 249, 162, 371, 370, 399, 321, 297, 191, 311, 138, 255, 142, 219, 151, 281, 314, 261, 373, 343, 217, 290, 391, 170, 322, 98, 330, 308, 207, 356, 230, 340, 102, 350, 225, 108, 377, 248, 392, 272, 137, 295, 319, 390, 279, 274, 402, 122, 283, 141, 270, 236, 267, 174, 215, 348, 246, 381, 244, 171, 178, 133, 160]"
diversity_on_nsga2,91,-78.16966291746043,19.26033708253958,55.93033708253957,"[91, 14, 76, 78, 24, 79, 41, 52, 18, 49, 31, 29, 25, 26, 37, 15, 36, 66, 75, 1, 72, 84, 9, 28, 40, 16, 87, 93, 82, 7, 46, 62, 21, 3, 43, 65, 88, 56, 12, 53, 68, 19, 69, 32, 5, 11, 61, 63, 74, 34, 47, 38, 59, 22, 60, 45, 73, 55, 30, 44, 70, 71, 27, 64, 85, 57, 23, 42, 20, 48, 4, 90, 39, 81, 54, 13, 67, 35, 2, 8, 80, 77, 94, 83, 10, 89, 58, 17, 51, 86, 6, 33, 92, 50]","[236, 217, 242, 269, 344, 319, 379, 240, 158, 288, 129, 161, 394, 202, 350, 304, 341, 285, 283, 98, 351, 274, 289, 272, 266, 259, 368, 275, 108, 104, 113, 316, 364, 112, 280, 229, 175, 354, 245, 201, 278, 308, 403, 207, 349, 346, 387, 237, 232, 305, 192, 210, 110, 336, 187, 392, 347, 226, 357, 170, 136, 352, 231, 358, 298, 273, 256, 109, 246, 381, 244, 171, 178, 133, 384, 365, 270, 345, 372, 397, 302, 124, 177, 150, 188, 253, 145, 359, 378, 125, 360, 318, 398, 143, 287, 148, 181, 183, 193, 184, 265, 140, 327, 367, 268, 234, 227, 117, 190, 258, 121, 323, 165, 282, 405, 156, 335, 203, 166, 163, 211, 153, 264, 333, 377, 251, 194, 314, 221, 320, 393, 180, 325, 130, 276, 296, 186, 389, 189, 116, 284, 235, 111, 317, 107, 209, 255, 208, 306, 96, 160, 115, 328, 380, 99, 293, 294, 281, 338, 233, 299, 214, 199, 196, 146, 329, 167, 238, 135, 106, 309, 100, 286, 243, 185, 383, 220, 103, 373, 353, 147, 212, 168, 134, 179, 388, 172, 313, 213, 363, 139, 310, 169, 223, 267, 254, 176, 127, 369, 395, 205, 200, 348, 123, 222, 332, 356, 260, 241, 277, 400, 355, 118, 120, 396, 342, 195, 144, 361, 326, 307, 215, 385, 114, 141, 334, 159, 149, 101, 155, 174, 331, 206, 362, 339, 401, 300, 197, 390, 252, 292, 291, 404, 95, 301, 337, 303, 271, 164, 386, 375, 224, 152, 216, 154, 157, 324, 315, 173, 105, 97, 204, 218, 366, 262, 128, 263, 374, 250, 248, 249, 132, 257, 162, 371, 370, 399, 321, 297, 191, 311, 138, 312, 142, 219, 151, 228, 198, 247, 261, 119, 343, 126, 290, 391, 322, 330, 131, 230, 340, 102, 225, 376, 137, 295, 239, 279, 402, 122, 382, 182]"
diversity_on_nsga2,92,-94.27958296348673,33.390417036513284,66.52041703651328,"[9, 91, 30, 77, 22, 10, 1, 13, 71, 75, 93, 79, 72, 55, 83, 16, 21, 3, 43, 7, 87, 24, 41, 29, 76, 15, 74, 12, 66, 27, 69, 46, 49, 25, 52, 86, 33, 34, 63, 65, 60, 53, 61, 36, 42, 4, 50, 2, 94, 14, 11, 19, 68, 39, 38, 48, 40, 54, 89, 85, 58, 57, 78, 59, 45, 56, 23, 73, 64, 17, 82, 51, 80, 92, 70, 37, 81, 62, 28, 88, 67, 47, 35, 5, 6, 32, 84, 44, 31, 90, 8, 20, 18, 26]","[129, 161, 233, 383, 348, 107, 143, 367, 204, 132, 310, 133, 402, 304, 380, 155, 98, 312, 351, 274, 289, 151, 282, 398, 152, 130, 359, 368, 275, 108, 277, 343, 377, 188, 291, 221, 179, 364, 112, 189, 211, 229, 175, 354, 338, 245, 373, 346, 278, 308, 335, 238, 140, 349, 185, 167, 271, 394, 323, 113, 357, 156, 95, 198, 285, 241, 266, 134, 234, 316, 283, 363, 320, 172, 257, 127, 193, 125, 371, 350, 119, 249, 356, 315, 199, 166, 217, 200, 360, 183, 403, 336, 239, 281, 225, 147, 290, 103, 184, 181, 114, 210, 381, 141, 333, 366, 101, 171, 390, 284, 261, 100, 102, 205, 376, 276, 301, 400, 201, 243, 389, 154, 208, 110, 164, 303, 287, 148, 196, 388, 265, 177, 327, 268, 157, 227, 117, 258, 121, 165, 224, 374, 405, 191, 203, 153, 142, 264, 251, 197, 244, 314, 345, 180, 330, 178, 216, 116, 396, 369, 293, 255, 306, 96, 263, 328, 106, 124, 286, 329, 321, 297, 212, 300, 375, 250, 324, 313, 213, 169, 299, 223, 128, 267, 298, 176, 395, 347, 248, 123, 222, 131, 162, 202, 158, 139, 118, 120, 358, 342, 195, 170, 272, 144, 325, 280, 365, 341, 146, 230, 361, 326, 207, 292, 353, 387, 232, 160, 194, 305, 393, 137, 192, 401, 235, 399, 392, 219, 220, 209, 145, 226, 136, 252, 352, 231, 215, 302, 307, 126, 270, 340, 104, 111, 362, 294, 246, 372, 382, 247, 159, 391, 214, 173, 135, 317, 150, 138, 296, 253, 109, 228, 295, 254, 122, 273, 322, 370, 355, 149, 260, 186, 105, 332, 163, 97, 386, 318, 236, 309, 99, 331, 334, 404, 218, 397, 339, 182, 190, 256, 385, 168, 311, 206, 262, 237, 384, 279, 242, 269, 344, 337, 378, 319, 187, 379, 240, 174, 259, 115, 288]"
diversity_on_nsga2,93,-102.16367810767076,31.536321892329244,74.93632189232925,"[9, 91, 30, 68, 77, 22, 10, 1, 17, 64, 75, 93, 79, 72, 13, 40, 16, 21, 88, 69, 7, 87, 24, 41, 29, 76, 15, 74, 12, 66, 27, 43, 49, 25, 52, 86, 33, 28, 63, 36, 60, 53, 61, 8, 42, 4, 50, 2, 94, 14, 11, 19, 46, 39, 38, 48, 83, 54, 89, 85, 82, 58, 34, 78, 59, 45, 56, 23, 73, 71, 55, 51, 80, 92, 70, 37, 81, 62, 57, 3, 67, 47, 35, 5, 6, 65, 84, 90, 31, 44, 32, 20, 18, 26]","[129, 161, 362, 383, 320, 107, 143, 327, 204, 132, 310, 133, 402, 304, 380, 155, 98, 312, 351, 374, 289, 151, 282, 259, 357, 359, 368, 275, 319, 277, 343, 377, 188, 291, 221, 179, 364, 112, 189, 211, 229, 175, 354, 338, 245, 297, 346, 278, 308, 335, 238, 140, 349, 185, 167, 271, 394, 323, 113, 130, 156, 95, 198, 285, 241, 266, 134, 234, 316, 283, 363, 325, 172, 257, 127, 193, 125, 371, 350, 119, 249, 356, 315, 199, 166, 217, 200, 360, 183, 403, 336, 239, 296, 225, 147, 290, 103, 184, 181, 114, 210, 381, 141, 333, 366, 101, 171, 390, 284, 261, 100, 102, 205, 376, 276, 301, 237, 138, 367, 389, 154, 208, 110, 164, 303, 302, 287, 148, 196, 388, 265, 177, 243, 268, 157, 227, 117, 258, 121, 165, 224, 274, 405, 191, 203, 153, 142, 264, 251, 197, 244, 314, 345, 180, 348, 178, 216, 116, 152, 396, 317, 255, 293, 306, 96, 263, 328, 106, 124, 286, 329, 321, 373, 212, 300, 375, 250, 324, 313, 213, 169, 299, 223, 128, 267, 298, 176, 395, 347, 248, 123, 222, 131, 162, 202, 158, 139, 118, 120, 342, 195, 170, 272, 144, 137, 280, 365, 341, 146, 230, 361, 326, 207, 292, 353, 387, 232, 160, 194, 305, 393, 330, 192, 401, 235, 399, 392, 219, 220, 209, 145, 226, 136, 252, 352, 231, 215, 358, 307, 126, 270, 340, 104, 111, 233, 294, 246, 372, 382, 247, 159, 391, 214, 173, 135, 369, 150, 201, 281, 253, 109, 228, 295, 254, 122, 273, 322, 370, 168, 149, 260, 186, 105, 332, 163, 97, 386, 318, 236, 309, 99, 331, 334, 404, 218, 397, 339, 182, 190, 256, 385, 355, 311, 206, 262, 400, 384, 279, 242, 269, 344, 337, 378, 108, 187, 379, 240, 174, 398, 115, 288]"
diversity_on_nsga2,94,-64.92999270625,18.60000729375,37.57000729375,"[23, 36, 91, 84, 42, 48, 21, 60, 67, 54, 58, 35, 46, 74, 65, 71, 72, 45, 20, 4, 39, 17, 32, 62, 82, 94, 30, 93, 19, 69, 38, 2, 56, 59, 76, 43, 18, 50, 26, 22, 1, 34, 79, 64, 83, 13, 55, 44, 70, 27, 92, 85, 57, 31, 73, 63, 51, 7, 89, 37, 9, 47, 78, 24, 66, 10, 75, 16, 3, 28, 29, 12, 25, 86, 8, 53, 11, 15, 80, 68, 14, 90, 81, 88, 40, 49, 77, 6, 33, 61, 87, 5, 41, 52]","[280, 374, 249, 354, 139, 192, 273, 141, 238, 398, 257, 333, 96, 386, 328, 292, 187, 366, 363, 179, 352, 202, 376, 198, 97, 105, 353, 135, 229, 317, 118, 126, 348, 131, 288, 109, 215, 255, 351, 306, 298, 236, 270, 201, 404, 208, 228, 129, 380, 250, 370, 247, 384, 253, 278, 239, 360, 125, 145, 245, 355, 291, 275, 209, 150, 394, 315, 305, 146, 309, 289, 299, 294, 107, 341, 232, 276, 132, 307, 349, 387, 231, 115, 392, 369, 358, 111, 110, 400, 128, 379, 210, 277, 303, 175, 371, 382, 295, 188, 321, 240, 242, 106, 152, 169, 324, 254, 308, 167, 322, 279, 235, 225, 372, 346, 356, 281, 329, 290, 174, 344, 271, 259, 134, 155, 266, 332, 318, 269, 159, 127, 195, 213, 102, 391, 401, 120, 222, 260, 103, 178, 246, 121, 191, 144, 251, 300, 122, 218, 335, 243, 173, 183, 221, 137, 185, 117, 190, 388, 149, 193, 286, 304, 194, 402, 165, 287, 156, 184, 261, 99, 262, 114, 284, 342, 164, 143, 367, 182, 395, 180, 181, 314, 100, 148, 313, 112, 212, 282, 393, 256, 189, 133, 101, 166, 224, 153, 326, 204, 377, 104, 263, 248, 200, 123, 390, 162, 241, 158, 396, 381, 338, 365, 312, 296, 168, 172, 336, 203, 399, 375, 405, 219, 265, 274, 383, 147, 142, 267, 161, 319, 237, 283, 268, 98, 285, 320, 227, 211, 297, 119, 310, 337, 113, 230, 199, 340, 170, 108, 373, 311, 258, 331, 163, 323, 244, 214, 272, 350, 140, 136, 138, 151, 343, 217, 330, 207, 171, 160, 345, 397, 302, 124, 177, 364, 226, 359, 316, 378, 357, 196, 327, 234, 264, 325, 130, 186, 389, 116, 293, 220, 223, 176, 347, 205, 233, 361, 385, 334, 206, 362, 403, 339, 368, 197, 252, 95, 301, 216, 154, 157]"
diversity_on_nsga2,95,-54.699891048321476,11.220108951678526,43.40010895167853,"[32, 48, 54, 65, 35, 46, 72, 71, 28, 45, 22, 75, 57, 50, 4, 60, 31, 89, 1, 38, 83, 85, 79, 44, 20, 78, 15, 88, 74, 34, 58, 93, 82, 7, 67, 62, 21, 3, 43, 24, 81, 56, 12, 53, 68, 19, 69, 13, 5, 11, 61, 94, 76, 64, 39, 86, 2, 51, 55, 70, 37, 27, 87, 30, 23, 73, 63, 80, 47, 29, 14, 90, 8, 9, 10, 40, 49, 77, 6, 59, 92, 41, 52, 18, 26, 25, 17, 36, 66, 91, 16, 84, 42, 33]","[374, 344, 388, 346, 248, 249, 132, 257, 162, 371, 370, 399, 321, 297, 365, 311, 138, 216, 142, 219, 151, 228, 281, 314, 115, 377, 247, 261, 192, 305, 119, 343, 126, 217, 290, 391, 170, 322, 98, 308, 288, 207, 356, 110, 340, 392, 102, 350, 108, 349, 272, 137, 319, 221, 146, 239, 352, 279, 274, 283, 382, 182, 273, 387, 256, 109, 246, 381, 244, 171, 178, 355, 384, 231, 345, 266, 175, 372, 397, 302, 124, 177, 150, 364, 253, 226, 232, 359, 316, 378, 125, 357, 242, 360, 230, 398, 143, 148, 181, 196, 183, 193, 184, 265, 140, 327, 367, 99, 299, 234, 227, 117, 190, 258, 323, 165, 282, 405, 214, 156, 335, 203, 166, 163, 211, 153, 264, 333, 251, 194, 198, 351, 320, 393, 180, 325, 318, 330, 287, 295, 176, 122, 121, 116, 145, 402, 225, 188, 130, 276, 296, 186, 389, 189, 284, 235, 111, 317, 107, 293, 209, 255, 208, 306, 199, 96, 160, 375, 328, 380, 167, 238, 135, 106, 309, 100, 286, 243, 329, 185, 139, 220, 103, 373, 353, 147, 212, 168, 134, 179, 250, 172, 313, 213, 363, 383, 218, 169, 268, 223, 298, 136, 254, 113, 127, 369, 395, 347, 229, 129, 205, 200, 233, 348, 123, 222, 332, 131, 202, 260, 241, 158, 277, 400, 133, 118, 120, 396, 342, 195, 338, 341, 289, 144, 361, 326, 336, 379, 307, 237, 215, 187, 278, 385, 114, 161, 304, 334, 285, 159, 149, 101, 155, 269, 174, 201, 331, 206, 376, 191, 292, 141, 270, 236, 267, 362, 245, 403, 339, 112, 401, 368, 300, 197, 390, 252, 291, 404, 95, 301, 337, 358, 303, 271, 259, 210, 164, 386, 224, 152, 312, 240, 154, 157, 324, 315, 280, 173, 105, 97, 204, 310, 366, 354, 394, 262, 294, 104, 128, 275, 263]"
diversity_on_nsga2,96,-82.71802130303811,30.97197869696189,53.1819786969619,"[9, 91, 30, 77, 22, 10, 79, 17, 75, 93, 1, 72, 26, 13, 21, 3, 43, 71, 68, 7, 87, 24, 41, 29, 76, 15, 74, 12, 66, 27, 69, 49, 25, 52, 86, 33, 63, 54, 60, 53, 61, 8, 40, 28, 42, 4, 50, 2, 94, 14, 11, 19, 46, 39, 38, 48, 83, 32, 89, 85, 82, 58, 34, 78, 59, 45, 56, 23, 73, 64, 55, 51, 80, 92, 70, 37, 81, 62, 57, 88, 67, 47, 35, 5, 6, 65, 84, 90, 31, 44, 36, 20, 16, 18]","[129, 161, 233, 383, 348, 143, 367, 204, 132, 310, 133, 402, 304, 380, 155, 98, 312, 351, 274, 289, 151, 282, 259, 152, 130, 359, 368, 275, 108, 277, 343, 377, 188, 291, 221, 179, 364, 112, 189, 211, 229, 175, 354, 345, 338, 245, 297, 346, 278, 308, 335, 238, 140, 349, 185, 167, 271, 394, 323, 113, 357, 111, 95, 198, 285, 241, 266, 134, 234, 316, 283, 363, 320, 172, 257, 127, 193, 125, 371, 350, 119, 249, 356, 315, 199, 166, 217, 200, 360, 183, 403, 336, 239, 296, 225, 147, 290, 103, 184, 181, 114, 210, 381, 141, 333, 223, 101, 171, 390, 284, 261, 100, 102, 205, 376, 276, 301, 237, 201, 243, 389, 154, 208, 110, 164, 303, 302, 287, 148, 196, 388, 265, 177, 327, 268, 157, 227, 117, 258, 121, 165, 224, 374, 405, 191, 203, 153, 142, 264, 251, 197, 244, 314, 180, 325, 178, 216, 116, 396, 317, 293, 255, 306, 96, 263, 328, 106, 124, 286, 329, 321, 373, 212, 300, 375, 250, 324, 313, 213, 169, 299, 366, 128, 267, 298, 176, 395, 347, 248, 123, 222, 131, 162, 202, 158, 139, 118, 120, 342, 195, 170, 272, 144, 137, 280, 365, 341, 146, 230, 361, 326, 207, 292, 353, 387, 232, 160, 194, 305, 393, 330, 192, 235, 399, 392, 219, 220, 209, 145, 226, 136, 252, 231, 215, 358, 307, 126, 270, 340, 104, 156, 279, 294, 246, 372, 382, 247, 352, 159, 391, 401, 214, 173, 135, 369, 150, 138, 281, 253, 109, 228, 295, 254, 122, 273, 322, 370, 355, 149, 260, 186, 105, 332, 163, 97, 386, 318, 236, 309, 400, 99, 331, 334, 404, 218, 397, 339, 182, 190, 256, 385, 168, 311, 206, 262, 384, 362, 242, 269, 344, 337, 378, 319, 187, 379, 240, 174, 107, 398, 115, 288]"
diversity_on_nsga2,97,-43.0957205,8.8242795,45.30427950000001,"[32, 48, 54, 65, 35, 46, 72, 18, 28, 45, 22, 75, 55, 50, 4, 60, 31, 89, 1, 38, 83, 85, 79, 44, 20, 78, 15, 88, 74, 34, 58, 93, 82, 7, 67, 8, 21, 3, 43, 24, 81, 56, 12, 53, 68, 19, 69, 13, 5, 11, 61, 94, 76, 64, 39, 86, 2, 51, 57, 70, 37, 27, 87, 30, 23, 73, 63, 80, 47, 29, 14, 90, 62, 9, 10, 40, 49, 77, 6, 59, 33, 16, 66, 36, 26, 42, 25, 92, 41, 71, 52, 84, 91, 17]","[108, 343, 377, 188, 291, 221, 112, 211, 175, 354, 245, 297, 346, 335, 140, 349, 167, 271, 394, 323, 357, 156, 95, 198, 285, 266, 234, 316, 403, 320, 257, 193, 125, 371, 350, 119, 249, 356, 315, 199, 166, 217, 360, 183, 283, 239, 296, 225, 290, 184, 181, 210, 381, 141, 333, 366, 171, 212, 284, 261, 102, 376, 276, 301, 201, 389, 154, 208, 110, 164, 303, 302, 287, 148, 196, 388, 177, 327, 157, 227, 117, 281, 121, 259, 224, 374, 405, 191, 203, 153, 142, 264, 251, 197, 244, 314, 345, 180, 325, 216, 116, 317, 293, 255, 306, 308, 263, 328, 321, 300, 375, 324, 299, 267, 367, 265, 364, 178, 246, 165, 272, 340, 358, 96, 124, 189, 101, 128, 311, 176, 248, 162, 170, 137, 280, 365, 146, 230, 207, 292, 232, 160, 194, 305, 393, 330, 192, 401, 235, 399, 269, 219, 209, 145, 226, 252, 352, 231, 126, 270, 104, 111, 362, 294, 372, 382, 247, 159, 391, 214, 173, 238, 135, 106, 309, 100, 286, 243, 329, 185, 139, 220, 379, 373, 353, 147, 390, 168, 134, 179, 250, 172, 313, 213, 363, 383, 218, 169, 268, 223, 298, 136, 254, 113, 127, 369, 395, 347, 229, 129, 205, 200, 233, 348, 123, 222, 332, 131, 202, 260, 241, 158, 277, 400, 133, 118, 120, 396, 342, 195, 338, 341, 289, 144, 361, 326, 336, 103, 307, 237, 215, 187, 278, 385, 114, 161, 304, 334, 150, 138, 258, 253, 109, 228, 295, 122, 273, 322, 370, 355, 149, 186, 105, 163, 97, 386, 318, 236, 99, 331, 404, 397, 339, 182, 190, 256, 206, 262, 384, 279, 242, 392, 344, 337, 378, 319, 240, 174, 398, 115, 288, 387, 107, 143, 204, 132, 310, 402, 380, 155, 98, 312, 351, 274, 151, 282, 152, 130, 359, 368, 275]"
diversity_on_nsga2,98,-69.19986405900391,20.33013594099609,23.100135940996093,"[9, 91, 30, 80, 55, 10, 1, 31, 71, 75, 93, 87, 72, 13, 83, 16, 21, 3, 43, 32, 79, 28, 41, 29, 76, 15, 74, 12, 66, 27, 73, 25, 14, 33, 57, 63, 7, 60, 53, 61, 8, 42, 4, 50, 2, 59, 52, 11, 19, 46, 39, 38, 48, 40, 54, 89, 85, 82, 58, 34, 44, 94, 45, 56, 23, 69, 64, 22, 51, 68, 92, 70, 37, 81, 62, 24, 88, 67, 47, 35, 5, 6, 65, 84, 90, 17, 78, 36, 20, 49, 77, 86, 18, 26]","[275, 374, 345, 248, 371, 191, 311, 154, 192, 305, 119, 343, 290, 391, 170, 98, 308, 207, 392, 102, 350, 225, 108, 349, 272, 137, 319, 363, 352, 274, 283, 382, 182, 387, 178, 133, 231, 266, 175, 177, 364, 226, 232, 316, 357, 110, 398, 143, 181, 183, 193, 184, 140, 327, 367, 346, 268, 234, 227, 117, 190, 323, 165, 282, 405, 156, 335, 203, 166, 139, 298, 136, 113, 127, 347, 229, 200, 348, 222, 202, 158, 400, 396, 341, 289, 326, 336, 307, 237, 278, 114, 304, 285, 159, 101, 201, 362, 245, 403, 112, 401, 368, 390, 252, 291, 358, 259, 210, 338, 169, 151, 157, 280, 366, 215, 394, 138, 163, 208, 265, 258, 399, 250, 263, 279, 180, 186, 300, 257, 216, 303, 224, 235, 361, 168, 254, 318, 330, 287, 295, 176, 322, 121, 116, 239, 402, 228, 188, 118, 213, 262, 195, 331, 342, 120, 388, 302, 131, 148, 197, 395, 155, 153, 340, 99, 293, 294, 281, 297, 233, 299, 214, 199, 196, 146, 329, 332, 337, 324, 211, 312, 142, 219, 264, 377, 251, 194, 244, 314, 221, 381, 320, 344, 393, 325, 130, 301, 276, 296, 389, 189, 284, 111, 317, 107, 95, 209, 255, 359, 306, 96, 246, 160, 115, 328, 380, 167, 238, 135, 106, 152, 309, 100, 286, 243, 185, 321, 383, 220, 103, 372, 339, 147, 212, 370, 134, 179, 375, 172, 313, 132, 365, 123, 292, 404, 379, 354, 187, 385, 334, 149, 269, 174, 253, 105, 97, 218, 271, 386, 240, 315, 333, 247, 355, 206, 376, 198, 126, 171, 150, 124, 261, 288, 373, 230, 144, 128, 260, 356, 353, 267, 360, 270, 217, 397, 173, 369, 236, 256, 161, 273, 125, 378, 310, 205, 204, 129, 109, 145, 242, 241, 223, 122, 141, 277, 384, 351, 162, 164, 249, 104]"
diversity_on_nsga2,99,-54.699891048321476,11.220108951678526,43.40010895167853,"[32, 48, 54, 65, 35, 46, 72, 71, 28, 45, 22, 75, 57, 50, 4, 60, 31, 89, 1, 38, 83, 85, 79, 44, 20, 78, 15, 88, 74, 34, 58, 93, 82, 7, 67, 62, 21, 3, 43, 24, 81, 56, 12, 53, 68, 19, 69, 13, 5, 11, 61, 94, 76, 64, 39, 86, 2, 51, 55, 70, 10, 27, 87, 30, 23, 73, 63, 80, 47, 29, 14, 90, 8, 9, 37, 40, 49, 77, 6, 59, 92, 41, 52, 18, 26, 25, 17, 36, 66, 91, 16, 84, 42, 33]","[374, 344, 388, 346, 248, 249, 132, 257, 162, 371, 370, 399, 321, 297, 365, 311, 138, 216, 142, 219, 151, 228, 281, 314, 115, 377, 247, 261, 192, 305, 119, 343, 126, 217, 290, 391, 170, 322, 98, 308, 288, 207, 356, 110, 340, 392, 102, 350, 108, 349, 272, 137, 319, 221, 146, 239, 352, 279, 274, 283, 382, 182, 273, 387, 256, 109, 246, 381, 244, 171, 178, 355, 384, 231, 345, 266, 175, 372, 397, 302, 124, 177, 150, 364, 253, 226, 232, 359, 316, 378, 125, 357, 242, 360, 230, 398, 143, 148, 181, 196, 183, 193, 184, 265, 140, 327, 367, 99, 299, 234, 227, 117, 190, 258, 323, 165, 282, 405, 214, 156, 335, 203, 166, 163, 211, 153, 264, 333, 251, 194, 198, 351, 320, 393, 180, 325, 318, 330, 287, 295, 176, 122, 121, 116, 145, 402, 225, 188, 130, 276, 296, 186, 389, 189, 284, 235, 111, 317, 107, 293, 209, 255, 208, 306, 199, 96, 160, 375, 328, 380, 167, 238, 135, 106, 309, 100, 286, 243, 329, 185, 139, 220, 103, 373, 353, 147, 212, 168, 134, 179, 250, 172, 313, 213, 363, 383, 218, 169, 268, 223, 298, 136, 254, 113, 127, 369, 395, 347, 229, 129, 205, 200, 233, 348, 123, 222, 332, 131, 202, 260, 241, 158, 277, 400, 133, 118, 120, 396, 342, 195, 338, 341, 289, 144, 361, 326, 336, 379, 307, 237, 215, 187, 278, 385, 114, 161, 304, 334, 285, 159, 149, 101, 155, 269, 174, 201, 331, 206, 376, 191, 292, 141, 270, 236, 267, 362, 245, 403, 339, 112, 401, 368, 300, 197, 390, 252, 291, 404, 95, 301, 337, 358, 303, 271, 259, 210, 164, 386, 224, 152, 312, 240, 154, 157, 324, 315, 280, 173, 105, 97, 204, 310, 366, 354, 394, 262, 294, 104, 128, 275, 263]"
